sample_name,porosity,nu,g,all_converged,total_iterations,iterations_x,iterations_y,iterations_z,K_star_xx,K_star_xy,K_star_xz,K_star_yx,K_star_yy,K_star_yz,K_star_zx,K_star_zy,K_star_zz,K_xx,K_xy,K_xz,K_yx,K_yy,K_yz,K_zx,K_zy,K_zz,K_star_eig1,K_star_eig2,K_star_eig3,K_eig1,K_eig2,K_eig3,symmetry_error,error_type,error_message
eps_0.02_coeffs_0.248_0.009_0.298_77.851_47.186_-2477.921_m_-0.435_rho_0.32_,0.6795120239257812,0.16666666666666666,1e-05,True,57500,20000,20000,17500,1.9856588783667282,0.05345373089244309,0.1715186170885212,0.05349706940179178,1.7386897564157322,0.08687407893439801,0.1715096534055527,0.08691861032134475,2.205032531366651,1.3492790832651722,0.03632245286510806,0.11654896263877214,0.036351901903309516,1.1814605953610777,0.05903198120340087,0.11654287170841637,0.05906224081627327,1.4983461182111415,1.720568378935207,1.8919113182291893,2.3169014689847147,1.1691469014729627,1.2855764889380097,1.5743624064264192,2.5729906967996e-05,,
