sample_name,porosity,nu,g,all_converged,total_iterations,iterations_x,iterations_y,iterations_z,K_star_xx,K_star_xy,K_star_xz,K_star_yx,K_star_yy,K_star_yz,K_star_zx,K_star_zy,K_star_zz,K_xx,K_xy,K_xz,K_yx,K_yy,K_yz,K_zx,K_zy,K_zz,K_star_eig1,K_star_eig2,K_star_eig3,K_eig1,K_eig2,K_eig3,symmetry_error,error_type,error_message
eps_0.02_coeffs_0.454_-0.516_0.433_-1.742_77.855_-140.895_m_-0.499_rho_0.498_,0.5022687911987305,0.16666666666666666,1e-05,True,37500,10000,15000,12500,2.8122765128477303,0.057957328497730595,-0.0930442216312537,0.05792687455511793,2.0516873945355303,-0.03664122151421583,-0.09303576144218834,-0.036632397206214015,2.212548359113313,1.4125187246246105,0.02911015732566288,-0.04673320872675656,0.029094861260719578,1.0304985475710335,-0.0184037420379901,-0.04672895943782139,-0.018399309863476866,1.1112939898005783,2.0418246798155617,2.203250465937653,2.8314371207433586,1.0255448137706968,1.1066239482345446,1.4221424999909806,1.1242422546444869e-05,,
