sample_name,porosity,nu,g,all_converged,total_iterations,iterations_x,iterations_y,iterations_z,K_star_xx,K_star_xy,K_star_xz,K_star_yx,K_star_yy,K_star_yz,K_star_zx,K_star_zy,K_star_zz,K_xx,K_xy,K_xz,K_yx,K_yy,K_yz,K_zx,K_zy,K_zz,K_star_eig1,K_star_eig2,K_star_eig3,K_eig1,K_eig2,K_eig3,symmetry_error,error_type,error_message
eps_0.02_coeffs_0.439_0.003_0.891_100.718_100.145_-2143.048_m_-0.479_rho_0.506_,0.49359893798828125,0.16666666666666666,1e-05,True,85000,27500,30000,27500,2.6270338892911,-0.8713047620220687,-1.0017659106293257,-0.8715806618405473,2.27576473151216,0.5270742040553401,-1.0023633495255262,0.5276424081522556,3.685712371356724,1.2967011378133109,-0.4300751051982253,-0.49447058959949863,-0.43021128905561745,1.1233150545855881,0.26016326736273454,-0.4947654848041761,0.2604437323015326,1.8192637122319486,1.5275640087140696,2.4150065061717783,4.645940477274136,0.7540039724103869,1.1920446466811792,2.2932312855392825,0.00022543414552912957,,
