sample_name,porosity,nu,g,all_converged,total_iterations,iterations_x,iterations_y,iterations_z,K_star_xx,K_star_xy,K_star_xz,K_star_yx,K_star_yy,K_star_yz,K_star_zx,K_star_zy,K_star_zz,K_xx,K_xy,K_xz,K_yx,K_yy,K_yz,K_zx,K_zy,K_zz,K_star_eig1,K_star_eig2,K_star_eig3,K_eig1,K_eig2,K_eig3,symmetry_error,error_type,error_message
eps_0.02_coeffs_0.334_0.75_0.296_58.238_20.213_-1848.392_m_-0.471_rho_0.363_,0.6367306709289551,0.16666666666666666,1e-05,True,25000,7500,10000,7500,4.445393626464737,-0.18095736272822227,1.1769604669361065,-0.18065029162215013,2.5794555997430906,-0.5782952055607257,1.1761304258755727,-0.5786956456907647,3.1905969091572715,2.830518466322193,-0.11522110297947526,0.7494068277690833,-0.11502558138808304,1.6424184946558682,-0.36821829423167884,0.7488783151677111,-0.3684732667443455,2.0315509106315597,2.095164175540918,2.890219238995225,5.230062720828955,1.33405529119848,1.8402912351772034,3.3301413452339377,0.00021694484961348252,,
