sample_name,porosity,nu,g,all_converged,total_iterations,iterations_x,iterations_y,iterations_z,K_star_xx,K_star_xy,K_star_xz,K_star_yx,K_star_yy,K_star_yz,K_star_zx,K_star_zy,K_star_zz,K_xx,K_xy,K_xz,K_yx,K_yy,K_yz,K_zx,K_zy,K_zz,K_star_eig1,K_star_eig2,K_star_eig3,K_eig1,K_eig2,K_eig3,symmetry_error,error_type,error_message
eps_0.02_coeffs_0.462_0.77_0.527_-12.517_26.577_-1392.247_m_-0.275_rho_0.531_,0.46930456161499023,0.16666666666666666,1e-05,True,42500,12500,15000,15000,1.5824700711188706,0.0041915418394143245,-0.006314905667035689,0.0041927740576784564,1.5946061382199581,-0.008726219157485629,-0.006316155465749226,-0.008724620612831255,1.5710843849981169,0.742660422995284,0.0019671097054372293,-0.0029636140357082014,0.001967687991089492,0.74835593464589,-0.004095254456260123,-0.002964200571945565,-0.00409450425196188,0.7373170685616978,1.5667016534610876,1.5818125208059914,1.599646420069865,0.7352602326590361,0.7423518316339585,0.7507213619098768,1.2246404078465339e-06,,
