sample_name,porosity,nu,g,all_converged,total_iterations,iterations_x,iterations_y,iterations_z,K_star_xx,K_star_xy,K_star_xz,K_star_yx,K_star_yy,K_star_yz,K_star_zx,K_star_zy,K_star_zz,K_xx,K_xy,K_xz,K_yx,K_yy,K_yz,K_zx,K_zy,K_zz,K_star_eig1,K_star_eig2,K_star_eig3,K_eig1,K_eig2,K_eig3,symmetry_error,error_type,error_message
eps_0.02_coeffs_0.413_0.456_0.62_23.366_49.427_-388.508_m_-0.284_rho_0.551_,0.4490971565246582,0.16666666666666666,1e-05,True,65000,25000,20000,20000,1.1819440975006665,0.23691363814496813,0.13244049691823562,0.23690203393896847,1.7878215067897398,-0.1621689108015537,0.13245370153159639,-0.16215531401354233,1.8513152677659972,0.5308077333586527,0.10639724123281699,0.05947865057469237,0.10639202981689881,0.8029055550729021,-0.0728295967176787,0.0594845807290057,-0.07282349043884492,0.8314204225843955,1.059501020018259,1.7728461615765503,1.9887336904615927,0.47581889542517514,0.7961801701196835,0.8931346454710913,1.0961737991281726e-05,,
