sample_name,porosity,nu,g,all_converged,total_iterations,iterations_x,iterations_y,iterations_z,K_star_xx,K_star_xy,K_star_xz,K_star_yx,K_star_yy,K_star_yz,K_star_zx,K_star_zy,K_star_zz,K_xx,K_xy,K_xz,K_yx,K_yy,K_yz,K_zx,K_zy,K_zz,K_star_eig1,K_star_eig2,K_star_eig3,K_eig1,K_eig2,K_eig3,symmetry_error,error_type,error_message
eps_0.02_coeffs_0.531_0.214_0.311_70.507_91.45_-1449.577_m_-0.454_rho_0.481_,0.5188088417053223,0.16666666666666666,1e-05,True,82500,30000,25000,27500,1.164091139217112,0.0940393289236957,0.04140996453432318,0.09402255444304979,1.1596479339990169,0.48542524167243134,0.041393067731640754,0.4854290958269086,1.3088147918888648,0.6039407755766589,0.048788435313648376,0.021483855735110687,0.04877973256477426,0.601635601424,0.25184290736660025,0.02147508952448249,0.2518449069360203,0.6790246861866543,0.7383790649345214,1.153872284559344,1.7403025156111283,0.3830775874181382,0.5986391434281073,0.9028843323410681,1.540094935961121e-05,,
