sample_name,porosity,nu,g,all_converged,total_iterations,iterations_x,iterations_y,iterations_z,K_star_xx,K_star_xy,K_star_xz,K_star_yx,K_star_yy,K_star_yz,K_star_zx,K_star_zy,K_star_zz,K_xx,K_xy,K_xz,K_yx,K_yy,K_yz,K_zx,K_zy,K_zz,K_star_eig1,K_star_eig2,K_star_eig3,K_eig1,K_eig2,K_eig3,symmetry_error,error_type,error_message
eps_0.02_coeffs_0.345_0.236_0.921_15.962_89.283_104.695_m_-0.361_rho_0.349_,0.6508016586303711,0.16666666666666666,1e-05,True,30000,10000,10000,10000,4.644205352643645,1.3046339376974274,-1.266603260246293,1.3052351285660844,4.93497546272535,-0.7192580345016294,-1.265958897101599,-0.720702059259685,6.910659741642732,3.022456546520532,0.849057930558958,-0.8243075025949231,0.8494491865734334,3.211690216441841,-0.4680943218368811,-0.8238881499915959,-0.469034095544527,4.497468822091221,3.399910924574127,5.113405297670267,7.976524334767333,2.212667668908361,3.3278126489731363,5.191135267172098,0.00023766784891991676,,
