sample_name,porosity,nu,g,all_converged,total_iterations,iterations_x,iterations_y,iterations_z,K_star_xx,K_star_xy,K_star_xz,K_star_yx,K_star_yy,K_star_yz,K_star_zx,K_star_zy,K_star_zz,K_xx,K_xy,K_xz,K_yx,K_yy,K_yz,K_zx,K_zy,K_zz,K_star_eig1,K_star_eig2,K_star_eig3,K_eig1,K_eig2,K_eig3,symmetry_error,error_type,error_message
eps_0.02_coeffs_0.866_-0.12_0.385_-1.239_89.419_527.626_m_-0.435_rho_0.458_,0.5420818328857422,0.16666666666666666,1e-05,True,52500,20000,15000,17500,8.232109847352756,0.33241316344568167,0.08448451763504564,0.33786296510881764,9.17167687225352,0.08978109974110661,0.08475021134226617,0.09316369400979602,9.990220052583355,4.4624771945697495,0.1801951369159829,0.045797522170073345,0.18314937539039944,4.97179940954696,0.0486687031061567,0.04594154990186966,0.050502346007236666,5.415516797036281,8.121771810886347,9.262543359629467,10.009691601673811,4.402664949525025,5.021056481571605,5.42607197005636,0.0005719741900716094,,
