sample_name,porosity,nu,g,all_converged,total_iterations,iterations_x,iterations_y,iterations_z,K_star_xx,K_star_xy,K_star_xz,K_star_yx,K_star_yy,K_star_yz,K_star_zx,K_star_zy,K_star_zz,K_xx,K_xy,K_xz,K_yx,K_yy,K_yz,K_zx,K_zy,K_zz,K_star_eig1,K_star_eig2,K_star_eig3,K_eig1,K_eig2,K_eig3,symmetry_error,error_type,error_message
eps_0.02_coeffs_0.094_0.562_0.388_46.941_69.729_-217.335_m_-0.258_rho_0.653_,0.34712839126586914,0.16666666666666666,1e-05,True,217500,102500,15000,100000,0.16662002874600135,2.400372460111672e-12,1.5707252515871653e-12,6.732823592348053e-13,1.4488425926305273,-1.0672920828600626e-12,1.4811040580261385e-12,4.1223016266473155e-11,0.16661530406556851,0.05783854253127232,8.332374305174613e-13,5.452433297041303e-13,2.3371542222886697e-13,0.5029343983773059,-3.7048738373401224e-13,5.141332689599639e-13,1.4309679319707582e-11,0.057836902460554424,0.16661530406556854,0.16662002874600135,1.4488425926305273,0.05783690246055447,0.05783854253127232,0.5029343983773059,4.077824467171547e-11,,
