sample_name,porosity,nu,g,all_converged,total_iterations,iterations_x,iterations_y,iterations_z,K_star_xx,K_star_xy,K_star_xz,K_star_yx,K_star_yy,K_star_yz,K_star_zx,K_star_zy,K_star_zz,K_xx,K_xy,K_xz,K_yx,K_yy,K_yz,K_zx,K_zy,K_zz,K_star_eig1,K_star_eig2,K_star_eig3,K_eig1,K_eig2,K_eig3,symmetry_error,error_type,error_message
eps_0.02_coeffs_0.302_0.614_0.854_26.892_93.891_-2249.832_m_-0.208_rho_0.572_,0.4279747009277344,0.16666666666666666,1e-05,True,80000,30000,25000,25000,0.7432564356901865,-0.014245101882498414,-0.03274809999036676,-0.014245433953197308,0.7763018520114602,0.008535993205130389,-0.032748025183859615,0.008535530980554712,0.7562349203038646,0.3180949507771214,-0.0060965432178473646,-0.014015358299328753,-0.006096685335705411,0.332237552944251,0.003653189139086851,-0.014015326284036232,0.003652991318662314,0.3236494138481555,0.7158110667963404,0.7641044852798315,0.7958776559293391,0.30634902723292634,0.3270173885651763,0.3406155017714254,6.172686791918724e-07,,
