sample_name,porosity,nu,g,all_converged,total_iterations,iterations_x,iterations_y,iterations_z,K_star_xx,K_star_xy,K_star_xz,K_star_yx,K_star_yy,K_star_yz,K_star_zx,K_star_zy,K_star_zz,K_xx,K_xy,K_xz,K_yx,K_yy,K_yz,K_zx,K_zy,K_zz,K_star_eig1,K_star_eig2,K_star_eig3,K_eig1,K_eig2,K_eig3,symmetry_error,error_type,error_message
eps_0.02_coeffs_0.393_-0.477_0.689_20.33_70.657_-2978.123_m_-0.262_rho_0.577_,0.4229731559753418,0.16666666666666666,1e-05,True,57500,20000,15000,22500,0.8598833677126841,-0.013317220123868176,-0.025437518189063715,-0.01331705132002856,0.8743468237256637,-0.03642573531452179,-0.025437397430511554,-0.036425622765360516,0.8687148398388942,0.36370758181213936,-0.005632826624610854,-0.010759387348608441,-0.0056327552251180715,0.36982523544825985,-0.015407108224705741,-0.010759336270982522,-0.015407060619431794,0.36744305744927064,0.8168771342917617,0.8765689794664213,0.9094989175190598,0.3455170995354795,0.3707651476749968,0.38469362749919367,2.2196722158589584e-07,,
