sample_name,porosity,nu,g,all_converged,total_iterations,iterations_x,iterations_y,iterations_z,K_star_xx,K_star_xy,K_star_xz,K_star_yx,K_star_yy,K_star_yz,K_star_zx,K_star_zy,K_star_zz,K_xx,K_xy,K_xz,K_yx,K_yy,K_yz,K_zx,K_zy,K_zz,K_star_eig1,K_star_eig2,K_star_eig3,K_eig1,K_eig2,K_eig3,symmetry_error,error_type,error_message
eps_0.02_coeffs_0.118_0.284_0.82_62.341_14.293_-3960.658_m_-0.31_rho_0.599_,0.4007582664489746,0.16666666666666666,1e-05,True,85000,25000,30000,30000,0.8352821124458921,-0.05803626488954969,0.03162369430708957,-0.05803643358520126,0.9048728177243938,-0.08754948927021536,0.031623080602273014,-0.08754884852597311,0.7866147956673516,0.3347462113796532,-0.023258512908309423,0.012673456909221524,-0.023258580514486305,0.362635261788027,-0.03508618154842461,0.012673210961943128,-0.03508592476487285,0.3152423818747622,0.740091498994938,0.8053760932751916,0.9813021335675074,0.29659778615083443,0.3227611269804135,0.39326494191119454,8.691747009933398e-07,,
