sample_name,porosity,nu,g,all_converged,total_iterations,iterations_x,iterations_y,iterations_z,K_star_xx,K_star_xy,K_star_xz,K_star_yx,K_star_yy,K_star_yz,K_star_zx,K_star_zy,K_star_zz,K_xx,K_xy,K_xz,K_yx,K_yy,K_yz,K_zx,K_zy,K_zz,K_star_eig1,K_star_eig2,K_star_eig3,K_eig1,K_eig2,K_eig3,symmetry_error,error_type,error_message
eps_0.02_coeffs_0.321_0.077_0.825_53.284_68.324_-1370.719_m_-0.375_rho_0.587_,0.4131927490234375,0.16666666666666666,1e-05,True,97500,32500,37500,27500,1.068544326315901,-0.02679012327088474,-0.04880578464476163,-0.02678387891264769,1.234548991580283,0.014087765582548902,-0.048795843384669774,0.014090096456841833,1.3374460977271876,0.44151476764386416,-0.011069484680973631,-0.02016619632561493,-0.011066904557427776,0.5101066916351698,0.005820962588651149,-0.02016208866902882,0.005821925689007874,0.5526230297905657,1.0567193132147426,1.2347468237247743,1.3490732786838548,0.4366287579733584,0.5101884344427975,0.557427296653444,8.013814476236464e-06,,
