sample_name,porosity,nu,g,all_converged,total_iterations,iterations_x,iterations_y,iterations_z,K_star_xx,K_star_xy,K_star_xz,K_star_yx,K_star_yy,K_star_yz,K_star_zx,K_star_zy,K_star_zz,K_xx,K_xy,K_xz,K_yx,K_yy,K_yz,K_zx,K_zy,K_zz,K_star_eig1,K_star_eig2,K_star_eig3,K_eig1,K_eig2,K_eig3,symmetry_error,error_type,error_message
eps_0.02_coeffs_0.499_-0.464_0.649_55.928_120.992_-3432.46_m_-0.235_rho_0.683_,0.3168950080871582,0.16666666666666666,1e-05,True,225000,72500,77500,75000,0.29148934490808753,-0.004175996642968567,-0.005759036068564613,-0.004176023021718607,0.29333800146982253,-0.0023832984424637287,-0.005759041993835053,-0.0023833364904462906,0.29113147651524296,0.09237151831196884,-0.0013233524899454695,-0.0018250097815220188,-0.0013233608492396768,0.09295734834805024,-0.0007552553791986548,-0.0018250116592106428,-0.0007552674364143965,0.09225811160472423,0.283378787801755,0.29483337751973443,0.2977466575716636,0.08980132325216626,0.09343122555348043,0.09435442945909664,1.3049154653178854e-07,,
