sample_name,porosity,nu,g,all_converged,total_iterations,iterations_x,iterations_y,iterations_z,K_star_xx,K_star_xy,K_star_xz,K_star_yx,K_star_yy,K_star_yz,K_star_zx,K_star_zy,K_star_zz,K_xx,K_xy,K_xz,K_yx,K_yy,K_yz,K_zx,K_zy,K_zz,K_star_eig1,K_star_eig2,K_star_eig3,K_eig1,K_eig2,K_eig3,symmetry_error,error_type,error_message
eps_0.02_coeffs_0.717_0.517_0.885_77.331_120.645_-2580.506_m_-0.399_rho_0.616_,0.3835258483886719,0.16666666666666666,1e-05,True,105000,37500,35000,32500,0.6414065353007485,0.08186997302380103,-0.02968975556653763,0.08187207916318925,0.8053934645684874,0.005763705286194266,-0.029691861787362484,0.005760367699550785,0.8841293712987056,0.2459959856132582,0.03139925086151097,-0.011386788692108638,0.031400058620406665,0.30888921178532086,0.002210529959749929,-0.011387596482237384,0.002209249909000917,0.33908646721267915,0.6043876425175637,0.8385344503408906,0.888007278309487,0.23179828335217792,0.3215996364701184,0.3405737447889616,4.642488245626101e-06,,
