sample_name,porosity,nu,g,all_converged,total_iterations,iterations_x,iterations_y,iterations_z,K_star_xx,K_star_xy,K_star_xz,K_star_yx,K_star_yy,K_star_yz,K_star_zx,K_star_zy,K_star_zz,K_xx,K_xy,K_xz,K_yx,K_yy,K_yz,K_zx,K_zy,K_zz,K_star_eig1,K_star_eig2,K_star_eig3,K_eig1,K_eig2,K_eig3,symmetry_error,error_type,error_message
eps_0.02_coeffs_0.492_0.624_0.65_-16.631_40.834_-2010.619_m_-0.424_rho_0.493_,0.5074276924133301,0.16666666666666666,1e-05,True,32500,10000,12500,10000,1.9398388914812055,0.028070599724695704,-0.000969192614490321,0.028066931332255334,1.9873855307342465,0.02023635518445586,-0.0009701689066594338,0.020239089352020408,1.9714114383534822,0.9843279723579403,0.0142437996429606,-0.0004917951718748659,0.014241938199049717,1.00845445379612,0.010268487014104967,-0.0004922905695573599,0.010269874406442916,1.0003487569609515,1.9247500604457015,1.964706783613502,2.009179016509731,0.9766714816443798,0.996946629477815,1.0195130719928163,1.942404492775054e-06,,
