sample_name,porosity,nu,g,all_converged,total_iterations,iterations_x,iterations_y,iterations_z,K_star_xx,K_star_xy,K_star_xz,K_star_yx,K_star_yy,K_star_yz,K_star_zx,K_star_zy,K_star_zz,K_xx,K_xy,K_xz,K_yx,K_yy,K_yz,K_zx,K_zy,K_zz,K_star_eig1,K_star_eig2,K_star_eig3,K_eig1,K_eig2,K_eig3,symmetry_error,error_type,error_message
eps_0.02_coeffs_0.765_-0.685_0.452_-8.254_133.774_-1370.017_m_-0.446_rho_0.546_,0.4543018341064453,0.16666666666666666,1e-05,True,57500,20000,20000,17500,0.8690903387999886,0.0033754893552476904,0.008181277117130358,0.0033754695161072987,0.8750971215570079,0.005387062822905637,0.008181237587807625,0.005387102944448689,0.8518504266185705,0.3948293349210268,0.0015334910050958082,0.003716769199645413,0.0015334819921379412,0.3975582273446196,0.0024473525208926756,0.0037167512414015944,0.0024473707481832713,0.38699721119717445,0.8480438562430141,0.8686638514201505,0.8793301793124018,0.3852678792939038,0.3946355809221432,0.3994813132467737,5.6337828264037854e-08,,
