sample_name,porosity,nu,g,all_converged,total_iterations,iterations_x,iterations_y,iterations_z,K_star_xx,K_star_xy,K_star_xz,K_star_yx,K_star_yy,K_star_yz,K_star_zx,K_star_zy,K_star_zz,K_xx,K_xy,K_xz,K_yx,K_yy,K_yz,K_zx,K_zy,K_zz,K_star_eig1,K_star_eig2,K_star_eig3,K_eig1,K_eig2,K_eig3,symmetry_error,error_type,error_message
eps_0.02_coeffs_0.528_-0.342_0.632_67.348_113.36_-703.534_m_-0.531_rho_0.302_,0.697514533996582,0.16666666666666666,1e-05,True,32500,10000,12500,10000,11.414439669179785,1.5212604810584656,1.2592867658511895,1.520606014487429,16.36844270673643,2.670443005567725,1.2651435218468277,2.683883233474662,7.317189351078152,7.961737566680037,1.0611012955329118,0.8783708216507553,1.0606447955875988,11.417226686839014,1.8626728085930038,0.8824559940797846,1.8720475628983186,5.10384592038203,6.4380105556932135,11.030737084925734,17.631324086375415,4.490605932619427,7.694099437430789,12.298104803850865,0.0009533712870116388,,
