sample_name,porosity,nu,g,all_converged,total_iterations,iterations_x,iterations_y,iterations_z,K_star_xx,K_star_xy,K_star_xz,K_star_yx,K_star_yy,K_star_yz,K_star_zx,K_star_zy,K_star_zz,K_xx,K_xy,K_xz,K_yx,K_yy,K_yz,K_zx,K_zy,K_zz,K_star_eig1,K_star_eig2,K_star_eig3,K_eig1,K_eig2,K_eig3,symmetry_error,error_type,error_message
eps_0.02_coeffs_0.362_1.116_0.789_50.038_15.653_-1746.118_m_-0.466_rho_0.421_,0.5790266990661621,0.16666666666666666,1e-05,True,30000,12500,7500,10000,5.513934482272209,-2.467872870243742,3.092655002788724,-2.467808557885039,5.748371132338059,-2.794060946973914,3.0934010987084353,-2.794798354662181,6.068193282253889,3.1927152821371645,-1.4289642817721688,1.7907298176152073,-1.4289270431994,3.328460361764923,-1.6178358871159804,1.7911618270727845,-1.6182628658555838,3.513645925518929,2.680231706820217,3.2809017738498,11.369365416194137,1.5519257179325758,1.8997297240725655,6.583166127415874,0.00012250500340317026,,
