sample_name,porosity,nu,g,all_converged,total_iterations,iterations_x,iterations_y,iterations_z,K_star_xx,K_star_xy,K_star_xz,K_star_yx,K_star_yy,K_star_yz,K_star_zx,K_star_zy,K_star_zz,K_xx,K_xy,K_xz,K_yx,K_yy,K_yz,K_zx,K_zy,K_zz,K_star_eig1,K_star_eig2,K_star_eig3,K_eig1,K_eig2,K_eig3,symmetry_error,error_type,error_message
eps_0.02_coeffs_0.695_1.213_0.549_67.634_75.012_-1853.702_m_-0.43_rho_0.526_,0.47420454025268555,0.16666666666666666,1e-05,True,197500,37500,35000,125000,0.9600020996066903,0.006989543595151554,0.015869981233029424,0.006950584791082556,1.9726920665896888,-0.01185527330032674,0.01586970780001537,-0.011851831342745109,0.26301710119903016,0.4552373542856034,0.0033144733071149455,0.007525617154427466,0.003295998865342612,0.9354595344972835,-0.00562182442495138,0.007525487491250747,-0.005620192233038813,0.12472390355268016,0.26257164507575503,0.9603191944336316,1.9728204278860226,0.12451266623653959,0.4553877220922296,0.9355204040067979,2.5030430167662005e-05,,
