sample_name,porosity,nu,g,all_converged,total_iterations,iterations_x,iterations_y,iterations_z,K_star_xx,K_star_xy,K_star_xz,K_star_yx,K_star_yy,K_star_yz,K_star_zx,K_star_zy,K_star_zz,K_xx,K_xy,K_xz,K_yx,K_yy,K_yz,K_zx,K_zy,K_zz,K_star_eig1,K_star_eig2,K_star_eig3,K_eig1,K_eig2,K_eig3,symmetry_error,error_type,error_message
eps_0.02_coeffs_0.153_0.814_0.372_31.44_46.18_-1891.597_m_-0.273_rho_0.477_,0.5231418609619141,0.16666666666666666,1e-05,True,172500,62500,52500,57500,0.6071490487568437,0.026409096762562635,-0.010370144353517402,0.026409570246393826,0.5499242846885051,-0.03406545912446811,-0.010369799711458037,-0.03406571366822251,0.5684946318704351,0.3176250832479111,0.013815704026690277,-0.005425056615542779,0.013815951725902862,0.28768841368009396,-0.017821067680896262,-0.005424876318854477,-0.017821200843389635,0.2974033396635577,0.5211333172104365,0.5771930391908958,0.6272416089144518,0.27262665337472314,0.3019538406565882,0.3281363425602513,9.038890827854345e-07,,
