sample_name,porosity,nu,g,all_converged,total_iterations,iterations_x,iterations_y,iterations_z,K_star_xx,K_star_xy,K_star_xz,K_star_yx,K_star_yy,K_star_yz,K_star_zx,K_star_zy,K_star_zz,K_xx,K_xy,K_xz,K_yx,K_yy,K_yz,K_zx,K_zy,K_zz,K_star_eig1,K_star_eig2,K_star_eig3,K_eig1,K_eig2,K_eig3,symmetry_error,error_type,error_message
eps_0.02_coeffs_0.824_0.336_0.775_76.337_112.046_-2405.208_m_-0.367_rho_0.504_,0.49582719802856445,0.16666666666666666,1e-05,True,55000,20000,17500,17500,1.8484660907954666,-0.11189787541688759,-0.048935475400561125,-0.11188830442165626,1.9084623339770588,0.2243894430392256,-0.048908995430815685,0.22438535119111955,1.9965276617093672,0.9165197624499303,-0.05548201003330475,-0.024263539652055965,-0.05547726447355686,0.9462675315988994,0.1112583888093294,-0.024250410162853203,0.11125635995974821,0.9899327162918772,1.6992675974607654,1.8400577646144516,2.2141307244066746,0.842543091549702,0.9123506856394873,1.097826233151517,1.2036372506705769e-05,,
