sample_name,porosity,nu,g,all_converged,total_iterations,iterations_x,iterations_y,iterations_z,K_star_xx,K_star_xy,K_star_xz,K_star_yx,K_star_yy,K_star_yz,K_star_zx,K_star_zy,K_star_zz,K_xx,K_xy,K_xz,K_yx,K_yy,K_yz,K_zx,K_zy,K_zz,K_star_eig1,K_star_eig2,K_star_eig3,K_eig1,K_eig2,K_eig3,symmetry_error,error_type,error_message
eps_0.02_coeffs_0.794_0.001_0.74_56.128_133.004_-645.431_m_-0.456_rho_0.501_,0.49907827377319336,0.16666666666666666,1e-05,True,90000,20000,40000,30000,4.055882622029624,-1.8880014761704826,0.06043197408032827,-1.8878851683709854,3.2257008617754375,0.1990074788228661,0.06040546618714231,0.19889702127128786,1.640898117669768,2.024202897629238,-0.9422605176084053,0.030160285304716598,-0.9422024709126059,1.6098772178035876,0.09932030899887134,0.030147055791143983,0.09926518203470447,0.8189366000043101,1.4777549665881435,1.869422687082594,5.575303947804093,0.7375153977845736,0.9329882476216252,2.7825130700309364,3.791985526370934e-05,,
