sample_name,porosity,nu,g,all_converged,total_iterations,iterations_x,iterations_y,iterations_z,K_star_xx,K_star_xy,K_star_xz,K_star_yx,K_star_yy,K_star_yz,K_star_zx,K_star_zy,K_star_zz,K_xx,K_xy,K_xz,K_yx,K_yy,K_yz,K_zx,K_zy,K_zz,K_star_eig1,K_star_eig2,K_star_eig3,K_eig1,K_eig2,K_eig3,symmetry_error,error_type,error_message
eps_0.02_coeffs_0.096_0.762_0.544_-37.562_38.977_846.456_m_-0.216_rho_0.691_,0.3092765808105469,0.16666666666666666,1e-05,True,97500,32500,32500,32500,0.460214629692536,-0.000492865441915396,0.0012812705704416064,-0.0004928573873434169,0.4528680221008329,-0.0026087575173627878,0.0012812613433034505,-0.0026087624776584373,0.4525895144665208,0.14233360711029952,-0.00015243173867527285,0.000396266981119359,-0.00015242924758479128,0.14006147343378078,-0.0008068276051337739,0.0003962641273816194,-0.0008068291392370521,0.1399753375449111,0.4500808345361823,0.45504804776474406,0.4605432839589631,0.139199461593708,0.14073570431719454,0.14243525217808886,2.3700524019111775e-08,,
