sample_name,porosity,nu,g,all_converged,total_iterations,iterations_x,iterations_y,iterations_z,K_star_xx,K_star_xy,K_star_xz,K_star_yx,K_star_yy,K_star_yz,K_star_zx,K_star_zy,K_star_zz,K_xx,K_xy,K_xz,K_yx,K_yy,K_yz,K_zx,K_zy,K_zz,K_star_eig1,K_star_eig2,K_star_eig3,K_eig1,K_eig2,K_eig3,symmetry_error,error_type,error_message
eps_0.02_coeffs_0.998_-0.038_0.903_85.749_102.268_-4112.627_m_-0.396_rho_0.41_,0.5901522636413574,0.16666666666666666,1e-05,True,35000,12500,12500,10000,3.3789535406192623,-0.18234059934940108,0.042386379561603744,-0.18230310359344473,3.3662946713466018,-0.22075466098542007,0.04234893858422366,-0.22080735229715834,3.5730701375070417,1.994097080735437,-0.10760871745977088,0.025014417845842216,-0.1075865892545163,1.9866264203790363,-0.1302788628899261,0.024992321968288413,-0.13030995878682267,2.108655429799117,3.142227256129603,3.4120757844747875,3.7640153088685127,1.8543925280804574,2.013644247923656,2.2213421549094754,1.7691236298108542e-05,,
