sample_name,porosity,nu,g,all_converged,total_iterations,iterations_x,iterations_y,iterations_z,K_star_xx,K_star_xy,K_star_xz,K_star_yx,K_star_yy,K_star_yz,K_star_zx,K_star_zy,K_star_zz,K_xx,K_xy,K_xz,K_yx,K_yy,K_yz,K_zx,K_zy,K_zz,K_star_eig1,K_star_eig2,K_star_eig3,K_eig1,K_eig2,K_eig3,symmetry_error,error_type,error_message
eps_0.02_coeffs_0.978_-0.299_0.92_10.938_89.593_-52.692_m_-0.334_rho_0.532_,0.46771240234375,0.16666666666666666,1e-05,True,35000,15000,10000,10000,2.8419328129348567,-1.10440118760866,0.5029388494584853,-1.1039335373090666,5.392002862658717,-1.5139984588740938,0.5042212445586924,-1.5151754153959087,7.253863264079123,1.329207223237293,-0.5165421326077368,0.2352307375122298,-0.5163234067626573,2.5219066123384852,-0.7081158563447376,0.23583052960530151,-0.7086663335070098,3.3927218135155224,2.429646350610816,4.776181111580112,8.281971477481763,1.1363757314899101,2.2338791417259767,3.873580775875414,0.0002583998258930469,,
