sample_name,porosity,nu,g,all_converged,total_iterations,iterations_x,iterations_y,iterations_z,K_star_xx,K_star_xy,K_star_xz,K_star_yx,K_star_yy,K_star_yz,K_star_zx,K_star_zy,K_star_zz,K_xx,K_xy,K_xz,K_yx,K_yy,K_yz,K_zx,K_zy,K_zz,K_star_eig1,K_star_eig2,K_star_eig3,K_eig1,K_eig2,K_eig3,symmetry_error,error_type,error_message
eps_0.02_coeffs_0.569_1.233_0.427_57.116_90.547_-3144.354_m_-0.3_rho_0.513_,0.48653221130371094,0.16666666666666666,1e-05,True,52500,17500,17500,17500,1.3051410790857,-0.030796481011544103,0.008104492729894863,-0.030795531645870778,1.347155298221205,0.00918836779635464,0.008104253280370973,0.009186322607771297,1.3865758719439851,0.6349931752708772,-0.014983480006919297,0.003943096769370597,-0.014983018109938918,0.655434446213073,0.0044704369022322285,0.003942980269464243,0.004469441852108242,0.6746138251172782,1.2875412406237592,1.362693590357126,1.3886374182700054,0.6264302869454009,0.6629943258458458,0.675616833809982,1.3744763896722423e-06,,
