sample_name,porosity,nu,g,all_converged,total_iterations,iterations_x,iterations_y,iterations_z,K_star_xx,K_star_xy,K_star_xz,K_star_yx,K_star_yy,K_star_yz,K_star_zx,K_star_zy,K_star_zz,K_xx,K_xy,K_xz,K_yx,K_yy,K_yz,K_zx,K_zy,K_zz,K_star_eig1,K_star_eig2,K_star_eig3,K_eig1,K_eig2,K_eig3,symmetry_error,error_type,error_message
eps_0.02_coeffs_0.773_0.973_0.263_9.163_75.127_367.833_m_-0.457_rho_0.571_,0.42881011962890625,0.16666666666666666,1e-05,True,22500,7500,7500,7500,11.785552834068653,-1.8057347144652927,-5.041166332843552,-1.806822520424223,9.696870299743319,1.4554396197285426,-5.038022633481455,1.455612296653498,10.588745190590538,5.053764320669774,-0.774317318927931,-2.1617031382558585,-0.774783781131313,4.15811611325892,0.6241072374484462,-2.16035508815632,0.6241812830612934,4.540561091897135,6.109637995400804,8.965043395805719,16.99648693319599,2.619874599697131,3.8443013310337855,7.288265595094913,0.00023362011391255615,,
