sample_name,porosity,nu,g,all_converged,total_iterations,iterations_x,iterations_y,iterations_z,K_star_xx,K_star_xy,K_star_xz,K_star_yx,K_star_yy,K_star_yz,K_star_zx,K_star_zy,K_star_zz,K_xx,K_xy,K_xz,K_yx,K_yy,K_yz,K_zx,K_zy,K_zz,K_star_eig1,K_star_eig2,K_star_eig3,K_eig1,K_eig2,K_eig3,symmetry_error,error_type,error_message
eps_0.02_coeffs_0.67_0.193_0.773_8.812_142.251_-1077.492_m_-0.21_rho_0.635_,0.3650507926940918,0.16666666666666666,1e-05,True,72500,25000,22500,25000,0.6877677584923368,0.0056573574833806185,-0.016442914868635805,0.005657481634691433,0.7000921886574524,0.008263940896383475,-0.016442775618316023,0.008263921599815996,0.6981421209268677,0.2510701654270662,0.002065222833861947,-0.006002499106996969,0.002065268155396374,0.25556920842834463,0.003016758175001911,-0.00600244827355735,0.0030167511307746565,0.25485733465748756,0.6724491988405732,0.7021111422216648,0.7114417270144193,0.24547811308325815,0.25630622902737293,0.2597123664022674,2.2017269932773572e-07,,
