sample_name,porosity,nu,g,all_converged,total_iterations,iterations_x,iterations_y,iterations_z,K_star_xx,K_star_xy,K_star_xz,K_star_yx,K_star_yy,K_star_yz,K_star_zx,K_star_zy,K_star_zz,K_xx,K_xy,K_xz,K_yx,K_yy,K_yz,K_zx,K_zy,K_zz,K_star_eig1,K_star_eig2,K_star_eig3,K_eig1,K_eig2,K_eig3,symmetry_error,error_type,error_message
eps_0.02_coeffs_0.449_0.372_0.4_60.56_71.73_-1300.653_m_-0.521_rho_0.43_,0.5700283050537109,0.16666666666666666,1e-05,True,35000,10000,12500,12500,4.063740628717718,-2.429262726192767,0.24673996087240832,-2.4292949554529932,3.1984106948225532,0.4268917064878671,0.24696869924592413,0.4269017553321563,1.940120281711801,2.3164471827658626,-1.38474851434182,0.14064876168511786,-1.3847668859324,1.823184627235362,0.24334035589076514,0.14077914903247382,0.24334608401644306,1.1059234757845062,0.9296323021456087,2.1722913808406,6.100347922265865,0.5299167255152395,1.2382675739033524,3.477370986367138,4.9983480745390896e-05,,
