sample_name,porosity,nu,g,all_converged,total_iterations,iterations_x,iterations_y,iterations_z,K_star_xx,K_star_xy,K_star_xz,K_star_yx,K_star_yy,K_star_yz,K_star_zx,K_star_zy,K_star_zz,K_xx,K_xy,K_xz,K_yx,K_yy,K_yz,K_zx,K_zy,K_zz,K_star_eig1,K_star_eig2,K_star_eig3,K_eig1,K_eig2,K_eig3,symmetry_error,error_type,error_message
eps_0.02_coeffs_0.408_0.818_0.502_109.504_93.19_-3953.571_m_-0.574_rho_0.434_,0.565699577331543,0.16666666666666666,1e-05,True,67500,20000,20000,27500,2.535759562698528,0.6555011306344449,-0.34858692693316223,0.65564544326371,2.488216335215896,-0.2328364278352487,-0.34859781513422133,-0.23290675987702364,1.6217240406635485,1.4344781128329755,0.370816712540254,-0.19719547722939132,0.37089835013363287,1.407582929141073,-0.13171546881378648,-0.19720163668012836,-0.13175525562009144,0.9174086043517714,1.5037430922179,1.8704584563050137,3.2714983900550587,0.8506668316828936,1.058117558147957,1.8506852564949705,5.608492413047408e-05,,
