sample_name,porosity,nu,g,all_converged,total_iterations,iterations_x,iterations_y,iterations_z,K_star_xx,K_star_xy,K_star_xz,K_star_yx,K_star_yy,K_star_yz,K_star_zx,K_star_zy,K_star_zz,K_xx,K_xy,K_xz,K_yx,K_yy,K_yz,K_zx,K_zy,K_zz,K_star_eig1,K_star_eig2,K_star_eig3,K_eig1,K_eig2,K_eig3,symmetry_error,error_type,error_message
eps_0.02_coeffs_0.916_0.457_0.366_21.257_41.076_-718.541_m_-0.313_rho_0.374_,0.6261610984802246,0.16666666666666666,1e-05,True,25000,7500,10000,7500,5.069240704120926,1.1615651646722154,-0.17733367239414113,1.1601942955376958,7.126608783703644,-0.7467292798118113,-0.17742546810334503,-0.7449481788195232,8.103637251978908,3.1741613277530263,0.7273269194675174,-0.1110394471038477,0.726468534544374,4.462405184442692,-0.4675728261143107,-0.11109692600595858,-0.4664575699604755,5.074182403384381,4.5412466258078705,7.093098142268336,8.665141971727268,2.84355197568547,4.441422124390783,5.425774815503848,0.0002632553667788543,,
