sample_name,porosity,nu,g,all_converged,total_iterations,iterations_x,iterations_y,iterations_z,K_star_xx,K_star_xy,K_star_xz,K_star_yx,K_star_yy,K_star_yz,K_star_zx,K_star_zy,K_star_zz,K_xx,K_xy,K_xz,K_yx,K_yy,K_yz,K_zx,K_zy,K_zz,K_star_eig1,K_star_eig2,K_star_eig3,K_eig1,K_eig2,K_eig3,symmetry_error,error_type,error_message
eps_0.02_coeffs_0.571_0.058_0.792_48.732_112.705_-1728.667_m_-0.423_rho_0.552_,0.44806766510009766,0.16666666666666666,1e-05,True,60000,20000,20000,20000,1.197012368940595,-0.024930816068949053,0.031467550284212886,-0.02492643680925179,0.9544295103203987,-0.15346948224720158,0.0314410661547458,-0.153469444893076,1.7153213843925208,0.536342537247149,-0.011170692545053998,0.014099591782267183,-0.011168730340386578,0.4276490021918906,-0.0687647125746245,0.014087725100214658,-0.06876469583744868,0.7685800476010239,0.923386364807578,1.1959611683131246,1.7474157305328122,0.41373957246459864,0.5358715282364466,0.7829604863390186,1.6433620951453796e-05,,
