sample_name,porosity,nu,g,all_converged,total_iterations,iterations_x,iterations_y,iterations_z,K_star_xx,K_star_xy,K_star_xz,K_star_yx,K_star_yy,K_star_yz,K_star_zx,K_star_zy,K_star_zz,K_xx,K_xy,K_xz,K_yx,K_yy,K_yz,K_zx,K_zy,K_zz,K_star_eig1,K_star_eig2,K_star_eig3,K_eig1,K_eig2,K_eig3,symmetry_error,error_type,error_message
eps_0.02_coeffs_0.52_0.247_0.492_109.168_79.173_-2869.86_m_-0.239_rho_0.392_,0.6081409454345703,0.16666666666666666,1e-05,True,112500,42500,37500,32500,0.7630545161295084,-0.05587381465016969,0.009068714451595601,-0.055874589518198875,0.8768856267941052,-0.00613310407107725,0.009072038028136716,-0.006144906158044329,0.7125869103016037,0.4640446948571178,-0.03397915446639014,0.0055150565804695,-0.03397962569536599,0.5332700541165529,-0.003729791708233531,0.005517077783449438,-0.0037369690405597913,0.43335327733511664,0.7108889921480227,0.7414658836254393,0.900172177451755,0.43232070378392723,0.45091576347545376,0.5474315590494061,1.2720963901346703e-05,,
