sample_name,porosity,nu,g,all_converged,total_iterations,iterations_x,iterations_y,iterations_z,K_star_xx,K_star_xy,K_star_xz,K_star_yx,K_star_yy,K_star_yz,K_star_zx,K_star_zy,K_star_zz,K_xx,K_xy,K_xz,K_yx,K_yy,K_yz,K_zx,K_zy,K_zz,K_star_eig1,K_star_eig2,K_star_eig3,K_eig1,K_eig2,K_eig3,symmetry_error,error_type,error_message
eps_0.02_coeffs_0.916_0.184_0.702_-10.176_80.751_324.825_m_-0.215_rho_0.641_,0.3585338592529297,0.16666666666666666,1e-05,True,97500,27500,40000,30000,0.5330665860370447,0.004481580310042121,0.08823805786527943,0.004480789592690617,0.5441133004027295,-0.07183138866908818,0.08823772405841884,-0.07183103509356902,0.5786047767839131,0.19112242033064553,0.0016067982841113427,0.03163633141942196,0.0016065147851677297,0.19508304146423927,-0.02575398499502535,0.03163621173835999,-0.025753858226229925,0.2074494036025163,0.4396941962000095,0.5441503963706771,0.6719400706530013,0.1576452570547042,0.19509634162479023,0.24091326671790678,1.3533418638303103e-06,,
