sample_name,porosity,nu,g,all_converged,total_iterations,iterations_x,iterations_y,iterations_z,K_star_xx,K_star_xy,K_star_xz,K_star_yx,K_star_yy,K_star_yz,K_star_zx,K_star_zy,K_star_zz,K_xx,K_xy,K_xz,K_yx,K_yy,K_yz,K_zx,K_zy,K_zz,K_star_eig1,K_star_eig2,K_star_eig3,K_eig1,K_eig2,K_eig3,symmetry_error,error_type,error_message
eps_0.02_coeffs_0.338_0.027_0.827_70.849_43.153_-4184.145_m_-0.318_rho_0.342_,0.6578421592712402,0.16666666666666666,1e-05,True,40000,15000,12500,12500,2.5853767353156063,-0.10190743995804838,-0.12276023068248537,-0.10189237677648347,2.6759641962508645,0.16930288849274497,-0.1227509613941207,0.16931968781389126,2.405947394608569,1.7007698140896481,-0.06703901034780681,-0.08075685522480174,-0.06702910115192065,1.7603620649941976,0.11137457773692536,-0.080750757496129,0.11138562903862252,1.582733629162316,2.305513511551912,2.5195322110223164,2.8422426036008117,1.5166639866683296,1.6574545100523628,1.869747011525469,7.764144541385004e-06,,
