sample_name,porosity,nu,g,all_converged,total_iterations,iterations_x,iterations_y,iterations_z,K_star_xx,K_star_xy,K_star_xz,K_star_yx,K_star_yy,K_star_yz,K_star_zx,K_star_zy,K_star_zz,K_xx,K_xy,K_xz,K_yx,K_yy,K_yz,K_zx,K_zy,K_zz,K_star_eig1,K_star_eig2,K_star_eig3,K_eig1,K_eig2,K_eig3,symmetry_error,error_type,error_message
eps_0.02_coeffs_0.78_-0.535_0.736_46.285_135.214_562.331_m_-0.357_rho_0.386_,0.613593578338623,0.16666666666666666,1e-05,True,25000,7500,7500,10000,5.090737020814853,0.4887518126512773,-0.5781288920525584,0.4869417438288822,5.571260119394236,1.444478766610337,-0.5764869345486741,1.446507983307941,7.131316387012467,3.123643544982687,0.29989497364418555,-0.3547361756154728,0.29878432703841296,3.4184894325143738,0.8863228952385973,-0.3537286810351845,0.8875680095733047,4.375729940171841,4.15463294920626,5.622238197653682,8.016442380361612,2.549256097987016,3.449769253970415,4.9188375657114705,0.0004223480401556396,,
