sample_name,porosity,nu,g,all_converged,total_iterations,iterations_x,iterations_y,iterations_z,K_star_xx,K_star_xy,K_star_xz,K_star_yx,K_star_yy,K_star_yz,K_star_zx,K_star_zy,K_star_zz,K_xx,K_xy,K_xz,K_yx,K_yy,K_yz,K_zx,K_zy,K_zz,K_star_eig1,K_star_eig2,K_star_eig3,K_eig1,K_eig2,K_eig3,symmetry_error,error_type,error_message
eps_0.02_coeffs_0.957_0.204_0.388_111.628_122.89_-2939.631_m_-0.201_rho_0.402_,0.5975813865661621,0.16666666666666666,1e-05,True,82500,27500,25000,30000,1.3748311536351867,0.0042287699148905,0.12020690032233648,0.004240248457659669,1.072399291468479,0.02829286811026244,0.12021069644877817,0.028295309959004936,1.1240620538664836,0.8215735070836712,0.002527034189209536,0.07183340616944227,0.0025338935527132954,0.6408458555483035,0.01690729135526418,0.07183567466394487,0.016908750558621503,0.6717185607359413,1.0490422043084011,1.0985028040991665,1.4237474905625824,0.6268880950170375,0.6564448288203971,0.8508049995304817,8.3784845341715e-06,,
