sample_name,porosity,nu,g,all_converged,total_iterations,iterations_x,iterations_y,iterations_z,K_star_xx,K_star_xy,K_star_xz,K_star_yx,K_star_yy,K_star_yz,K_star_zx,K_star_zy,K_star_zz,K_xx,K_xy,K_xz,K_yx,K_yy,K_yz,K_zx,K_zy,K_zz,K_star_eig1,K_star_eig2,K_star_eig3,K_eig1,K_eig2,K_eig3,symmetry_error,error_type,error_message
eps_0.02_coeffs_0.555_1.1_0.949_21.504_55.982_-3301.976_m_-0.437_rho_0.435_,0.5648016929626465,0.16666666666666666,1e-05,True,32500,10000,10000,12500,2.9404498082618393,-0.0713221136677971,0.06779784144257917,-0.0713297749332127,2.9548943231180536,0.005501298364085685,0.06783806759359012,0.0054993265102239175,2.9288538922925635,1.660771029777976,-0.040282850545246114,0.038292335625981784,-0.04028717764092308,1.66892931622279,0.0031071426295282327,0.03831505542417415,0.003106028923128831,1.6542216368070766,2.839450200113616,2.946600944996955,3.038146878561884,1.6037262801072958,1.6642452022196144,1.7159505004809317,1.1375841231500699e-05,,
