sample_name,porosity,nu,g,all_converged,total_iterations,iterations_x,iterations_y,iterations_z,K_star_xx,K_star_xy,K_star_xz,K_star_yx,K_star_yy,K_star_yz,K_star_zx,K_star_zy,K_star_zz,K_xx,K_xy,K_xz,K_yx,K_yy,K_yz,K_zx,K_zy,K_zz,K_star_eig1,K_star_eig2,K_star_eig3,K_eig1,K_eig2,K_eig3,symmetry_error,error_type,error_message
eps_0.02_coeffs_0.36_-0.566_0.826_88.224_42.678_-3530.181_m_-0.219_rho_0.573_,0.42714357376098633,0.16666666666666666,1e-05,True,140000,47500,47500,45000,0.5876588128050942,-0.10240128440631893,0.035804841912984615,-0.1024037410934835,0.7101265052324154,-0.015237580015287286,0.03580473153983717,-0.01523479506206431,0.7254734523610726,0.2510146854537064,-0.04374005057903023,0.015293808132659398,-0.043741099937165316,0.30332597326737365,-0.006508634383198796,0.015293760987478752,-0.006507444808326377,0.30988132311022926,0.5267116295025701,0.7116425821399399,0.7849045587560719,0.2249814877672004,0.3039735557757503,0.3352669382883586,4.440736555716723e-06,,
