sample_name,porosity,nu,g,all_converged,total_iterations,iterations_x,iterations_y,iterations_z,K_star_xx,K_star_xy,K_star_xz,K_star_yx,K_star_yy,K_star_yz,K_star_zx,K_star_zy,K_star_zz,K_xx,K_xy,K_xz,K_yx,K_yy,K_yz,K_zx,K_zy,K_zz,K_star_eig1,K_star_eig2,K_star_eig3,K_eig1,K_eig2,K_eig3,symmetry_error,error_type,error_message
eps_0.02_coeffs_0.624_0.458_0.903_8.186_54.215_797.324_m_-0.435_rho_0.425_,0.5746779441833496,0.16666666666666666,1e-05,True,52500,17500,17500,17500,53.17235379328124,-13.604693884163389,-3.9797897411223806,-13.756266908098281,56.96833031267698,-0.990422742804711,-3.862464634870133,-1.2644420350314416,66.24608749112402,30.556978965312595,-7.818317512594806,-2.2870973867101947,-7.905423186383364,32.73844294764721,-0.5691741057074458,-2.21967323584806,-0.7266469492308798,38.07016536958946,40.63494675870162,65.97055749412638,69.78126734425423,23.352007665290508,37.911824357354014,40.10175525990473,0.004536218701618315,,
