sample_name,porosity,nu,g,all_converged,total_iterations,iterations_x,iterations_y,iterations_z,K_star_xx,K_star_xy,K_star_xz,K_star_yx,K_star_yy,K_star_yz,K_star_zx,K_star_zy,K_star_zz,K_xx,K_xy,K_xz,K_yx,K_yy,K_yz,K_zx,K_zy,K_zz,K_star_eig1,K_star_eig2,K_star_eig3,K_eig1,K_eig2,K_eig3,symmetry_error,error_type,error_message
eps_0.02_coeffs_0.27_0.783_0.634_97.513_60.651_-3355.406_m_-0.291_rho_0.328_,0.6719565391540527,0.16666666666666666,1e-05,True,160000,52500,50000,57500,0.6322239868667405,-0.007726055127025707,-0.02107924277217847,-0.007723296486735075,0.6381065385315585,-0.14484489514521748,-0.021080434655569726,-0.14484489245600207,0.5777221581966788,0.42482704218515227,-0.0051915732644696195,-0.014164335021181125,-0.005189719578087155,0.42877986124323825,-0.09732947445591199,-0.014165135915019788,-0.09732947264887612,0.38820418201445045,0.4573761509617921,0.6343685308331608,0.756308001800025,0.30733689549188753,0.42626808252689175,0.5082061074240617,3.9063364188206444e-06,,
