sample_name,porosity,nu,g,all_converged,total_iterations,iterations_x,iterations_y,iterations_z,K_star_xx,K_star_xy,K_star_xz,K_star_yx,K_star_yy,K_star_yz,K_star_zx,K_star_zy,K_star_zz,K_xx,K_xy,K_xz,K_yx,K_yy,K_yz,K_zx,K_zy,K_zz,K_star_eig1,K_star_eig2,K_star_eig3,K_eig1,K_eig2,K_eig3,symmetry_error,error_type,error_message
eps_0.02_coeffs_0.468_0.445_0.627_41.104_25.014_-1227.923_m_-0.331_rho_0.543_,0.4570131301879883,0.16666666666666666,1e-05,True,40000,10000,12500,17500,4.5809420721538,-0.1535809445170452,0.8440081139774073,-0.1536266063550502,3.0101281559019983,-1.047373463019822,0.8440584732515867,-1.0473996281018616,1.418959432008326,2.0935506756048574,-0.07018850819096259,0.3857227900728753,-0.07020937625047939,1.375668090795769,-0.478663424810522,0.385745804922402,-0.4786753825965666,0.648483091631895,0.7718607558166107,3.345770537198278,4.8923983670492355,0.3527505000850152,1.5290610660957316,2.2358902918517742,1.7234428378432717e-05,,
