sample_name,porosity,nu,g,all_converged,total_iterations,iterations_x,iterations_y,iterations_z,K_star_xx,K_star_xy,K_star_xz,K_star_yx,K_star_yy,K_star_yz,K_star_zx,K_star_zy,K_star_zz,K_xx,K_xy,K_xz,K_yx,K_yy,K_yz,K_zx,K_zy,K_zz,K_star_eig1,K_star_eig2,K_star_eig3,K_eig1,K_eig2,K_eig3,symmetry_error,error_type,error_message
eps_0.02_coeffs_0.113_1.185_0.471_-0.738_22.519_-333.017_m_-0.49_rho_0.479_,0.520637035369873,0.16666666666666666,1e-05,True,32500,12500,10000,10000,16.616409002443422,-1.451293472273553,-3.049891879958254,-1.4821066233464526,12.388150387996568,2.106329199285158,-3.0514022520532404,2.0994104326591008,11.429277566653578,8.651117921525413,-0.7555971308561518,-1.5878866665801141,-0.7716395984811502,6.449729891722676,1.0966329898288232,-1.5886730222299532,1.0930308236842168,5.950505188721915,9.350346236977837,12.26230400018353,18.8211867199322,4.868136544501989,6.384209601459692,9.799006856008326,0.0018377323241185691,,
