sample_name,porosity,nu,g,all_converged,total_iterations,iterations_x,iterations_y,iterations_z,K_star_xx,K_star_xy,K_star_xz,K_star_yx,K_star_yy,K_star_yz,K_star_zx,K_star_zy,K_star_zz,K_xx,K_xy,K_xz,K_yx,K_yy,K_yz,K_zx,K_zy,K_zz,K_star_eig1,K_star_eig2,K_star_eig3,K_eig1,K_eig2,K_eig3,symmetry_error,error_type,error_message
eps_0.02_coeffs_0.236_-0.375_0.889_72.844_114.978_-3095.741_m_-0.435_rho_0.404_,0.5957717895507812,0.16666666666666666,1e-05,True,122500,37500,37500,47500,0.7631405006993984,0.1063264732341984,0.03032569385089264,0.10633667998909034,0.7284399072281001,-0.030217677313968065,0.03033049705077546,-0.030219179036258557,0.584219733578635,0.4546575817803598,0.06334631323536162,0.01806719289491543,0.0633523941319891,0.4339839471094903,-0.0180028396894108,0.01807005450590519,-0.018003734373187214,0.348061636165024,0.5606529926759568,0.6615661410038179,0.8535810078263587,0.3340212367635558,0.39414244373204926,0.5085394845592692,1.3226269212294527e-05,,
