sample_name,porosity,nu,g,all_converged,total_iterations,iterations_x,iterations_y,iterations_z,K_star_xx,K_star_xy,K_star_xz,K_star_yx,K_star_yy,K_star_yz,K_star_zx,K_star_zy,K_star_zz,K_xx,K_xy,K_xz,K_yx,K_yy,K_yz,K_zx,K_zy,K_zz,K_star_eig1,K_star_eig2,K_star_eig3,K_eig1,K_eig2,K_eig3,symmetry_error,error_type,error_message
eps_0.02_coeffs_0.216_0.793_0.702_70.223_33.494_-2362.337_m_-0.455_rho_0.328_,0.6721067428588867,0.16666666666666666,1e-05,True,30000,7500,7500,15000,4.41573635935319,-0.4338491280356385,0.9551572927271393,-0.4308468183404207,8.590823726043585,0.010367893274856101,0.9556239001354592,0.009491738962433625,1.8607458653698596,2.9678461818084307,-0.2915929243362011,0.6419676569327498,-0.2895750517458946,5.7739505529859985,0.0069683309792720905,0.6422812669181495,0.006379461758108053,1.2506198428618769,1.5398656443821421,4.691448807145493,8.635991499239,1.0349540826859813,3.153154377059766,5.804308117910556,0.0004495334501475609,,
