sample_name,porosity,nu,g,all_converged,total_iterations,iterations_x,iterations_y,iterations_z,K_star_xx,K_star_xy,K_star_xz,K_star_yx,K_star_yy,K_star_yz,K_star_zx,K_star_zy,K_star_zz,K_xx,K_xy,K_xz,K_yx,K_yy,K_yz,K_zx,K_zy,K_zz,K_star_eig1,K_star_eig2,K_star_eig3,K_eig1,K_eig2,K_eig3,symmetry_error,error_type,error_message
eps_0.02_coeffs_0.833_0.834_0.682_32.509_52.471_410.844_m_-0.448_rho_0.451_,0.5493550300598145,0.16666666666666666,1e-05,True,47500,15000,15000,17500,26.812709104536967,-9.594200347565101,3.219899652112653,-9.602656055336244,15.803229185061566,-4.398843497718217,3.3438265459639767,-4.541039863771397,58.471058679624186,14.729696616107967,-5.2706222203365085,1.7688680701759327,-5.275267405933302,8.681583444001634,-2.4165268019174104,1.836947932672846,-2.4946430908649515,32.12137019857412,10.13173867008056,31.397981864084883,59.557276435057254,5.5659216016603,17.24863927076186,32.71808938626155,0.003922782294197142,,
