sample_name,porosity,nu,g,all_converged,total_iterations,iterations_x,iterations_y,iterations_z,K_star_xx,K_star_xy,K_star_xz,K_star_yx,K_star_yy,K_star_yz,K_star_zx,K_star_zy,K_star_zz,K_xx,K_xy,K_xz,K_yx,K_yy,K_yz,K_zx,K_zy,K_zz,K_star_eig1,K_star_eig2,K_star_eig3,K_eig1,K_eig2,K_eig3,symmetry_error,error_type,error_message
eps_0.02_coeffs_0.696_-0.178_0.361_83.646_81.586_-2049.359_m_-0.495_rho_0.469_,0.5313234329223633,0.16666666666666666,1e-05,True,40000,12500,12500,15000,2.972334115297371,-0.5916539722818249,0.3694697356795111,-0.5916354325269836,3.59042202021338,-0.3740063340470955,0.36934809390648204,-0.37377163013188786,3.0933987473233384,1.5792707659320546,-0.314359619654932,0.196307928322156,-0.3143497690487442,1.9076753534198199,-0.19871832934061093,0.19624329719772346,-0.1985936256506625,1.6435952418255744,2.569275540865031,2.897598576207911,4.189280765761147,1.36511630049587,1.539562022741739,2.22586303793984,6.569094766278347e-05,,
