sample_name,porosity,nu,g,all_converged,total_iterations,iterations_x,iterations_y,iterations_z,K_star_xx,K_star_xy,K_star_xz,K_star_yx,K_star_yy,K_star_yz,K_star_zx,K_star_zy,K_star_zz,K_xx,K_xy,K_xz,K_yx,K_yy,K_yz,K_zx,K_zy,K_zz,K_star_eig1,K_star_eig2,K_star_eig3,K_eig1,K_eig2,K_eig3,symmetry_error,error_type,error_message
eps_0.02_coeffs_0.797_-0.223_0.35_19.113_125.391_97.382_m_-0.286_rho_0.576_,0.4242391586303711,0.16666666666666666,1e-05,True,67500,22500,20000,25000,0.904141330480877,0.028915651966390097,0.07143066064192971,0.028915826383922764,0.9453841878210718,0.056861091260363074,0.07143044472577385,0.056862091273517275,0.8856388532434151,0.3835721573261515,0.01226715186146997,0.030303683371143822,0.012267225856217279,0.4010689924236682,0.024122701515101177,0.03030359177105553,0.024123125759840335,0.37572268195035313,0.8175158514327426,0.9000775261145261,1.017570993998095,0.3468222369788182,0.3818481323809324,0.4316934623404224,9.256792800712896e-07,,
