sample_name,porosity,nu,g,all_converged,total_iterations,iterations_x,iterations_y,iterations_z,K_star_xx,K_star_xy,K_star_xz,K_star_yx,K_star_yy,K_star_yz,K_star_zx,K_star_zy,K_star_zz,K_xx,K_xy,K_xz,K_yx,K_yy,K_yz,K_zx,K_zy,K_zz,K_star_eig1,K_star_eig2,K_star_eig3,K_eig1,K_eig2,K_eig3,symmetry_error,error_type,error_message
eps_0.02_coeffs_0.743_1.418_0.344_61.588_126.02_-506.193_m_-0.519_rho_0.531_,0.46871185302734375,0.16666666666666666,1e-05,True,50000,20000,12500,17500,2.967619875064039,0.3292435294661161,-0.5538846638556765,0.32901324835401086,4.217990020158956,1.219825043527797,-0.5537655118258994,1.2197475799026902,3.098194941374814,1.39095861072204,0.15432034479332615,-0.2596123071592215,0.15421240930655408,1.9770219183995472,0.571746456521074,-0.25955645919055276,0.571710148401808,1.4521606920117318,1.9202426895873421,3.363098661288261,5.0004634857222054,0.9000405092986936,1.5763242054461997,2.3437765063884255,6.050700467497115e-05,,
