sample_name,porosity,nu,g,all_converged,total_iterations,iterations_x,iterations_y,iterations_z,K_star_xx,K_star_xy,K_star_xz,K_star_yx,K_star_yy,K_star_yz,K_star_zx,K_star_zy,K_star_zz,K_xx,K_xy,K_xz,K_yx,K_yy,K_yz,K_zx,K_zy,K_zz,K_star_eig1,K_star_eig2,K_star_eig3,K_eig1,K_eig2,K_eig3,symmetry_error,error_type,error_message
eps_0.02_coeffs_0.796_-0.423_0.878_9.896_71.399_-696.61_m_-0.547_rho_0.522_,0.4781966209411621,0.16666666666666666,1e-05,True,25000,7500,7500,10000,8.765547631247157,-1.7190434557119836,0.20422088893618287,-1.7219033041508756,15.924239219202798,-0.3997013475181215,0.20612628231612054,-0.40279217793473476,3.9683011229419036,4.191655257961198,-0.8220407717724888,0.097657739014883,-0.8234083416323708,7.614917385681507,-0.19113583376879484,0.09856889169073287,-0.1926138584299215,1.8976281878678374,3.949943591119601,8.375709390234642,16.332434992037616,1.8888496781815927,4.005235928395368,7.810115224933583,0.00034815095995808674,,
