sample_name,porosity,nu,g,all_converged,total_iterations,iterations_x,iterations_y,iterations_z,K_star_xx,K_star_xy,K_star_xz,K_star_yx,K_star_yy,K_star_yz,K_star_zx,K_star_zy,K_star_zz,K_xx,K_xy,K_xz,K_yx,K_yy,K_yz,K_zx,K_zy,K_zz,K_star_eig1,K_star_eig2,K_star_eig3,K_eig1,K_eig2,K_eig3,symmetry_error,error_type,error_message
eps_0.02_coeffs_0.306_1.388_0.575_20.459_24.606_-1232.941_m_-0.55_rho_0.359_,0.6406102180480957,0.16666666666666666,1e-05,True,37500,12500,10000,15000,6.370397019510616,-1.9427778832777904,0.38023130667964045,-1.9408430835375063,9.268389375290464,-0.42635971301623926,0.3811794746084684,-0.42622398044574317,6.870911590358937,4.080941423721635,-1.2445633634256033,0.24358006028075682,-1.2433239109421004,5.937424938659478,-0.27313038872225653,0.2441874663443895,-0.2730434370506748,4.401576172089027,5.381602860221934,6.798455830545537,10.329639294392546,3.4475097817350293,4.355160271996125,6.617272480738986,0.0002263843853097757,,
