sample_name,porosity,nu,g,all_converged,total_iterations,iterations_x,iterations_y,iterations_z,K_star_xx,K_star_xy,K_star_xz,K_star_yx,K_star_yy,K_star_yz,K_star_zx,K_star_zy,K_star_zz,K_xx,K_xy,K_xz,K_yx,K_yy,K_yz,K_zx,K_zy,K_zz,K_star_eig1,K_star_eig2,K_star_eig3,K_eig1,K_eig2,K_eig3,symmetry_error,error_type,error_message
eps_0.02_coeffs_0.291_0.088_0.718_52.429_72.409_-4190.358_m_-0.519_rho_0.627_,0.37299442291259766,0.16666666666666666,1e-05,True,87500,30000,27500,30000,0.6377190084429731,-0.05208956936768001,0.03975777057564434,-0.05208975326389765,0.6961458955420523,-0.009483626615413457,0.039757273761504924,-0.009483898824338645,0.6169796949833274,0.23786563353458076,-0.01942911886606353,0.014829426692153917,-0.019429187458327103,0.2596585365706813,-0.003537339836534694,0.01482924138325069,-0.0035374413689456563,0.23012998527909673,0.5797807684952068,0.6371444809358342,0.7339193495373116,0.21625499316069205,0.23765133797860807,0.27374782424505867,7.442863849064072e-07,,
