sample_name,porosity,nu,g,all_converged,total_iterations,iterations_x,iterations_y,iterations_z,K_star_xx,K_star_xy,K_star_xz,K_star_yx,K_star_yy,K_star_yz,K_star_zx,K_star_zy,K_star_zz,K_xx,K_xy,K_xz,K_yx,K_yy,K_yz,K_zx,K_zy,K_zz,K_star_eig1,K_star_eig2,K_star_eig3,K_eig1,K_eig2,K_eig3,symmetry_error,error_type,error_message
eps_0.02_coeffs_0.999_0.001_0.736_39.24_82.782_-2989.995_m_-0.334_rho_0.557_,0.4427666664123535,0.16666666666666666,1e-05,True,42500,15000,15000,12500,1.947773213016662,-0.010381885417094594,0.07982673965208431,-0.010382397141612421,1.7939759753737168,0.14853890539319256,0.07983823315375439,0.14853034223500888,1.8075654206499812,0.8624090524546664,-0.004596752797202,0.03534461940632021,-0.004596979371760879,0.794312762240071,0.06576807597348383,0.035349708345740076,0.06576428449248088,0.8003297156234357,1.6390214566644847,1.9053377629948403,2.0049553893810357,0.7257040665456533,0.8436200497107963,0.8877274140617233,6.308613290753754e-06,,
