sample_name,porosity,nu,g,all_converged,total_iterations,iterations_x,iterations_y,iterations_z,K_star_xx,K_star_xy,K_star_xz,K_star_yx,K_star_yy,K_star_yz,K_star_zx,K_star_zy,K_star_zz,K_xx,K_xy,K_xz,K_yx,K_yy,K_yz,K_zx,K_zy,K_zz,K_star_eig1,K_star_eig2,K_star_eig3,K_eig1,K_eig2,K_eig3,symmetry_error,error_type,error_message
eps_0.02_coeffs_0.954_-0.3_0.423_101.203_143.573_-3419.487_m_-0.623_rho_0.349_,0.6505327224731445,0.16666666666666666,1e-05,True,27500,10000,10000,7500,3.480192062588498,0.036862432490760794,0.2931802159088847,0.036926330807419985,3.48222267826281,0.14869581687846703,0.29329458811256176,0.14862014714381608,3.344770884034032,2.263978817205124,0.023980218565197116,0.1907233240304711,0.02402178651109487,2.2652997991480306,0.09673149457431732,0.19079772689150437,0.096682268935826,2.1758829092395655,3.0879767456320804,3.4515514858347336,3.7676573934185247,2.008829919269799,2.245347184836297,2.450984421486626,3.583800003528503e-05,,
