sample_name,porosity,nu,g,all_converged,total_iterations,iterations_x,iterations_y,iterations_z,K_star_xx,K_star_xy,K_star_xz,K_star_yx,K_star_yy,K_star_yz,K_star_zx,K_star_zy,K_star_zz,K_xx,K_xy,K_xz,K_yx,K_yy,K_yz,K_zx,K_zy,K_zz,K_star_eig1,K_star_eig2,K_star_eig3,K_eig1,K_eig2,K_eig3,symmetry_error,error_type,error_message
eps_0.02_coeffs_0.922_1.278_0.928_-35.113_36.338_-866.038_m_-0.357_rho_0.553_,0.4470806121826172,0.16666666666666666,1e-05,True,37500,12500,12500,12500,2.1910120212570336,0.002080958981278668,0.00016770069690880625,0.0020922822799573177,2.2011490590540377,-0.0022360800899952214,0.00016992006016887948,-0.0022313710705905206,2.1056550944068917,0.979558995763068,0.0009303564152769823,7.497573023744063e-05,0.0009354188425821597,0.984091068827071,-0.0009997080555244253,7.596796452240979e-05,-0.0009976027442461918,0.9413975686528797,2.1056024228244925,2.1906013799103556,2.201612371983115,0.9413740202095762,0.9793754059784077,0.9842982070550349,4.697137462298318e-06,,
