sample_name,porosity,nu,g,all_converged,total_iterations,iterations_x,iterations_y,iterations_z,K_star_xx,K_star_xy,K_star_xz,K_star_yx,K_star_yy,K_star_yz,K_star_zx,K_star_zy,K_star_zz,K_xx,K_xy,K_xz,K_yx,K_yy,K_yz,K_zx,K_zy,K_zz,K_star_eig1,K_star_eig2,K_star_eig3,K_eig1,K_eig2,K_eig3,symmetry_error,error_type,error_message
eps_0.02_coeffs_0.467_0.937_0.274_64.668_19.702_-2691.271_m_-0.486_rho_0.321_,0.67913818359375,0.16666666666666666,1e-05,True,27500,7500,10000,10000,7.225809281891871,2.3739694116618373,-0.23765992821877874,2.374107764366673,5.942873972222478,0.5653496677866293,-0.23779977921411366,0.5661424522757736,5.68232122397197,4.907322990698904,1.6122532741431435,-0.1614039319635224,1.612347234747801,4.036032634821748,0.38395054647594146,-0.16149891011446793,0.3844889566938802,3.8590813146445377,3.923858232069181,5.876241754609705,9.050904491407433,2.6648419524068454,3.9907801515833854,6.146814836174955,0.00010060391870686229,,
