sample_name,porosity,nu,g,all_converged,total_iterations,iterations_x,iterations_y,iterations_z,K_star_xx,K_star_xy,K_star_xz,K_star_yx,K_star_yy,K_star_yz,K_star_zx,K_star_zy,K_star_zz,K_xx,K_xy,K_xz,K_yx,K_yy,K_yz,K_zx,K_zy,K_zz,K_star_eig1,K_star_eig2,K_star_eig3,K_eig1,K_eig2,K_eig3,symmetry_error,error_type,error_message
eps_0.02_coeffs_0.302_-0.551_0.489_76.627_74.19_-165.419_m_-0.213_rho_0.456_,0.5444469451904297,0.16666666666666666,1e-05,True,30000,10000,10000,10000,14.017209924862172,-1.9817290238782106,-0.07858948533085269,-1.9842955058551428,20.825288862886516,-3.829277118607379,-0.05168665309892451,-3.8308331861384572,17.281084983928004,7.631627123684182,-1.0789463132457038,-0.04278780521247083,-1.080343626517931,11.338264904106842,-2.084838229513398,-0.028140640386826902,-2.085685425727204,9.408633929075807,13.05615695552887,15.505913686979634,23.56151312916818,7.108384770364475,8.442147339262535,12.827993847239828,0.0012317009956672007,,
