sample_name,porosity,nu,g,all_converged,total_iterations,iterations_x,iterations_y,iterations_z,K_star_xx,K_star_xy,K_star_xz,K_star_yx,K_star_yy,K_star_yz,K_star_zx,K_star_zy,K_star_zz,K_xx,K_xy,K_xz,K_yx,K_yy,K_yz,K_zx,K_zy,K_zz,K_star_eig1,K_star_eig2,K_star_eig3,K_eig1,K_eig2,K_eig3,symmetry_error,error_type,error_message
eps_0.02_coeffs_0.421_-0.229_0.902_50.952_123.278_-2477.984_m_-0.35_rho_0.644_,0.35640954971313477,0.16666666666666666,1e-05,True,192500,60000,67500,65000,0.35709496353371156,0.00846983052296031,-0.0022311655984792135,0.008469807929385814,0.346022648456227,-0.05478460529253798,-0.002231345877392374,-0.05478471777571947,0.38217527139563373,0.12727205515787843,0.003018728482834849,-0.0007952087262894133,0.003018720430269136,0.12332577632683019,-0.019525756503525282,-0.0007952729794156757,-0.019525796593605347,0.13621091638961288,0.3058025982271259,0.3569975733062781,0.42249271185216836,0.10899096633523665,0.1272373443507725,0.15058043718831254,4.781467161396824e-07,,
