sample_name,porosity,nu,g,all_converged,total_iterations,iterations_x,iterations_y,iterations_z,K_star_xx,K_star_xy,K_star_xz,K_star_yx,K_star_yy,K_star_yz,K_star_zx,K_star_zy,K_star_zz,K_xx,K_xy,K_xz,K_yx,K_yy,K_yz,K_zx,K_zy,K_zz,K_star_eig1,K_star_eig2,K_star_eig3,K_eig1,K_eig2,K_eig3,symmetry_error,error_type,error_message
eps_0.02_coeffs_0.78_-0.53_0.829_46.09_39.967_-4128.602_m_-0.219_rho_0.501_,0.49896717071533203,0.16666666666666666,1e-05,True,40000,12500,15000,12500,2.1902421071245577,-0.05123514754854499,-0.17378811962369872,-0.051231297740444104,2.2998010064023955,0.01431622490241232,-0.17380355711801612,0.014330517903886897,2.12652529930248,1.0928589073735278,-0.025564656613480074,-0.08671456635257463,-0.02556273568562418,1.1475252013728765,0.007143326234881055,-0.08672226915543711,0.007150457973387855,1.0610663120475332,1.9801675760479869,2.266914997871503,2.3694858389099434,0.9880386129629012,1.131116162740097,1.1822956450909397,7.895786884332519e-06,,
