sample_name,porosity,nu,g,all_converged,total_iterations,iterations_x,iterations_y,iterations_z,K_star_xx,K_star_xy,K_star_xz,K_star_yx,K_star_yy,K_star_yz,K_star_zx,K_star_zy,K_star_zz,K_xx,K_xy,K_xz,K_yx,K_yy,K_yz,K_zx,K_zy,K_zz,K_star_eig1,K_star_eig2,K_star_eig3,K_eig1,K_eig2,K_eig3,symmetry_error,error_type,error_message
eps_0.02_coeffs_0.619_0.3_0.55_32.416_73.861_-2144.648_m_-0.398_rho_0.598_,0.4015464782714844,0.16666666666666666,1e-05,True,55000,15000,17500,22500,1.2219026973243265,-0.07811230727339154,0.019640805306709627,-0.07811268506297507,1.3185177111538195,-0.13189010053552877,0.019643496425826343,-0.13188614799402126,1.2935701704238354,0.49065072490101086,-0.031365721895290424,0.007886696201325132,-0.03136587359536722,0.5294461434523945,-0.05296000538891359,0.00788777681072906,-0.05295841825979103,0.519428546330735,1.1479877011174147,1.2258684383771674,1.460134439407399,0.4609704184826752,0.4922431542545158,0.5863118419469492,3.0481156894804906e-06,,
