sample_name,porosity,nu,g,all_converged,total_iterations,iterations_x,iterations_y,iterations_z,K_star_xx,K_star_xy,K_star_xz,K_star_yx,K_star_yy,K_star_yz,K_star_zx,K_star_zy,K_star_zz,K_xx,K_xy,K_xz,K_yx,K_yy,K_yz,K_zx,K_zy,K_zz,K_star_eig1,K_star_eig2,K_star_eig3,K_eig1,K_eig2,K_eig3,symmetry_error,error_type,error_message
eps_0.02_coeffs_0.68_0.014_0.542_21.455_93.432_-705.293_m_-0.26_rho_0.547_,0.4525642395019531,0.16666666666666666,1e-05,True,50000,17500,17500,15000,1.269884309461206,0.017441893054486117,-0.03071153636103334,0.017441197322910443,1.4400569531006462,-0.04545303100765236,-0.03071015428825494,-0.04545405110038971,1.148234723518568,0.5747042267667736,0.007893577065677908,-0.013898943097167634,0.007893262202446466,0.6517182798194937,-0.020570416411036886,-0.013898317620451742,-0.020570878068530786,0.5196499744189161,1.1355264369598075,1.2729806899001732,1.4496688592204388,0.5138986583770779,0.5761055378253435,0.6560682848027622,1.1707973415856024e-06,,
