sample_name,porosity,nu,g,all_converged,total_iterations,iterations_x,iterations_y,iterations_z,K_star_xx,K_star_xy,K_star_xz,K_star_yx,K_star_yy,K_star_yz,K_star_zx,K_star_zy,K_star_zz,K_xx,K_xy,K_xz,K_yx,K_yy,K_yz,K_zx,K_zy,K_zz,K_star_eig1,K_star_eig2,K_star_eig3,K_eig1,K_eig2,K_eig3,symmetry_error,error_type,error_message
eps_0.02_coeffs_0.655_1.119_0.566_21.368_23.669_-1318.367_m_-0.422_rho_0.65_,0.3495955467224121,0.16666666666666666,1e-05,True,42500,10000,15000,17500,3.672393895344466,0.06683129494240897,0.020002207232047577,0.06675831884582602,2.8340636117439097,0.1685316302756603,0.019995855034452163,0.1685108780910235,1.8587374770058451,1.2838525516229973,0.02336392309355824,0.006992682572942658,0.023338410975175656,0.990776017793706,0.058917907426238876,0.0069904618729514,0.058910652554905095,0.6498063444872954,1.8304031030860057,2.8564973220193624,3.678294558988851,0.6399007735457518,0.998618743002466,1.285915397355781,2.1517055880637385e-05,,
