sample_name,porosity,nu,g,all_converged,total_iterations,iterations_x,iterations_y,iterations_z,K_star_xx,K_star_xy,K_star_xz,K_star_yx,K_star_yy,K_star_yz,K_star_zx,K_star_zy,K_star_zz,K_xx,K_xy,K_xz,K_yx,K_yy,K_yz,K_zx,K_zy,K_zz,K_star_eig1,K_star_eig2,K_star_eig3,K_eig1,K_eig2,K_eig3,symmetry_error,error_type,error_message
eps_0.02_coeffs_0.477_-0.207_0.28_105.128_81.443_-1420.868_m_-0.466_rho_0.428_,0.5720252990722656,0.16666666666666666,1e-05,True,47500,17500,15000,15000,2.211193736899146,-0.11911754502798005,0.05863012908105972,-0.11905991706926294,2.1363596592106844,-0.025796377541538813,0.05859891399281276,-0.025875057291407433,1.9512234383652343,1.2648587586564546,-0.06813824931938436,0.033537917122238727,-0.06810528466906428,1.2220517729859153,-0.014756180578179815,0.03352006130204869,-0.014801187385629345,1.1161491708876876,1.9386248684136413,2.0506319635643537,2.3095200024970692,1.1089424701432449,1.1730133622450476,1.321103870141766,3.9713318512607955e-05,,
