sample_name,porosity,nu,g,all_converged,total_iterations,iterations_x,iterations_y,iterations_z,K_star_xx,K_star_xy,K_star_xz,K_star_yx,K_star_yy,K_star_yz,K_star_zx,K_star_zy,K_star_zz,K_xx,K_xy,K_xz,K_yx,K_yy,K_yz,K_zx,K_zy,K_zz,K_star_eig1,K_star_eig2,K_star_eig3,K_eig1,K_eig2,K_eig3,symmetry_error,error_type,error_message
eps_0.02_coeffs_0.165_1.453_0.327_20.159_26.594_-560.376_m_-0.417_rho_0.674_,0.3261127471923828,0.16666666666666666,1e-05,True,27500,10000,7500,10000,5.23278078604484,-0.10895641259334646,0.15819586568300453,-0.11109756188611812,7.313129490051306,4.586679973477787,0.15547369454258775,4.5854017019110005,5.712371743848122,1.706476517592599,-0.03553207503504295,0.05158968835236181,-0.03623033111305774,2.384904748574261,1.495774806643127,0.05070195364343266,1.495357945990824,1.8628772423704536,1.8473008664385784,5.243462222470218,11.167518931035474,0.6024283604451538,1.7099598701692402,3.6418702779229206,0.00041849761473406307,,
