sample_name,porosity,nu,g,all_converged,total_iterations,iterations_x,iterations_y,iterations_z,K_star_xx,K_star_xy,K_star_xz,K_star_yx,K_star_yy,K_star_yz,K_star_zx,K_star_zy,K_star_zz,K_xx,K_xy,K_xz,K_yx,K_yy,K_yz,K_zx,K_zy,K_zz,K_star_eig1,K_star_eig2,K_star_eig3,K_eig1,K_eig2,K_eig3,symmetry_error,error_type,error_message
eps_0.02_coeffs_0.419_0.17_0.946_15.831_109.856_643.456_m_-0.37_rho_0.624_,0.3755617141723633,0.16666666666666666,1e-05,True,55000,17500,20000,17500,4.390626712059737,2.2985554187932737,1.0607405547346014,2.298344075712639,3.3752725057113744,-0.4711684631758495,1.0609031542723428,-0.47095108691024684,3.0339242417925645,1.648951294272122,0.8632494132021763,0.39837354102827044,0.8631700408325346,1.2676231280438115,-0.17695283569428005,0.3984346071893882,-0.17687119749134994,1.139425788916703,0.9935220198909211,3.4774411439989996,6.328860295673754,0.3731288328582233,1.3059937569737683,2.376877621400645,6.674543814016438e-05,,
