sample_name,porosity,nu,g,all_converged,total_iterations,iterations_x,iterations_y,iterations_z,K_star_xx,K_star_xy,K_star_xz,K_star_yx,K_star_yy,K_star_yz,K_star_zx,K_star_zy,K_star_zz,K_xx,K_xy,K_xz,K_yx,K_yy,K_yz,K_zx,K_zy,K_zz,K_star_eig1,K_star_eig2,K_star_eig3,K_eig1,K_eig2,K_eig3,symmetry_error,error_type,error_message
eps_0.02_coeffs_0.586_1.252_0.891_64.824_97.636_-4004.817_m_-0.632_rho_0.454_,0.5464544296264648,0.16666666666666666,1e-05,True,32500,10000,12500,10000,4.684572206020219,-0.45374440537241545,0.7425403789685756,-0.45360446974908636,3.739788550684043,0.8292027645362355,0.7433196912317938,0.8292584185986448,4.541510360293909,2.559905232884769,-0.24795064023398272,0.40576447926389203,-0.247874171792752,2.0436240193876323,0.4531215237393364,0.40619033790218984,0.45315193614826665,2.481728453577089,2.8714301783347573,4.6905184122168135,5.4039225264466,1.5691057403141384,2.56315456360037,2.952997401934982,0.00014558663058547933,,
