sample_name,porosity,nu,g,all_converged,total_iterations,iterations_x,iterations_y,iterations_z,K_star_xx,K_star_xy,K_star_xz,K_star_yx,K_star_yy,K_star_yz,K_star_zx,K_star_zy,K_star_zz,K_xx,K_xy,K_xz,K_yx,K_yy,K_yz,K_zx,K_zy,K_zz,K_star_eig1,K_star_eig2,K_star_eig3,K_eig1,K_eig2,K_eig3,symmetry_error,error_type,error_message
eps_0.02_coeffs_0.442_0.531_0.542_59.877_76.294_-873.498_m_-0.404_rho_0.449_,0.5507259368896484,0.16666666666666666,1e-05,True,30000,10000,10000,10000,12.838975381387659,2.0351663796127446,2.1864678771016886,2.03750922257572,15.450715608373226,1.5415546700483023,2.194182196647869,1.537917442323291,8.435410313019808,7.0707567456178495,1.1208189111385427,1.204144570095948,1.1221091755243127,8.50910982903686,0.8489741399289641,1.2083930459554846,0.8469710242824263,4.6455992476864365,7.469731019795547,12.015505887931871,17.23986439505328,4.1137746141905716,6.617250737334365,9.49444047081621,0.0005608774538594404,,
