sample_name,porosity,nu,g,all_converged,total_iterations,iterations_x,iterations_y,iterations_z,K_star_xx,K_star_xy,K_star_xz,K_star_yx,K_star_yy,K_star_yz,K_star_zx,K_star_zy,K_star_zz,K_xx,K_xy,K_xz,K_yx,K_yy,K_yz,K_zx,K_zy,K_zz,K_star_eig1,K_star_eig2,K_star_eig3,K_eig1,K_eig2,K_eig3,symmetry_error,error_type,error_message
eps_0.02_coeffs_0.448_1.392_0.781_31.968_79.351_-2549.4_m_-0.644_rho_0.409_,0.5911684036254883,0.16666666666666666,1e-05,True,22500,7500,7500,7500,7.638778882928142,0.1912915499591417,-0.2302891085674181,0.19098525307959174,8.608961921708861,-0.4874858797547428,-0.23192005552909126,-0.48995625715268876,7.213009108997211,4.51580471786872,0.11308552021639114,-0.1361396446841373,0.11290444717907212,5.089346276129243,-0.28818624932457804,-0.13710380899586747,-0.2896466583872742,4.264103080301987,7.012817254634114,7.629635950110397,8.81829670888971,4.145755981339328,4.5103997048704,5.213098388090225,0.000309304063401755,,
