sample_name,porosity,nu,g,all_converged,total_iterations,iterations_x,iterations_y,iterations_z,K_star_xx,K_star_xy,K_star_xz,K_star_yx,K_star_yy,K_star_yz,K_star_zx,K_star_zy,K_star_zz,K_xx,K_xy,K_xz,K_yx,K_yy,K_yz,K_zx,K_zy,K_zz,K_star_eig1,K_star_eig2,K_star_eig3,K_eig1,K_eig2,K_eig3,symmetry_error,error_type,error_message
eps_0.02_coeffs_0.26_0.866_0.806_104.504_108.19_-1729.643_m_-0.283_rho_0.548_,0.45194530487060547,0.16666666666666666,1e-05,True,187500,62500,50000,75000,0.16666115580977675,1.4764840829686534e-12,2.075777020619127e-12,6.705472720027116e-13,0.1666613386853552,1.200736594271155e-12,3.4272571540967853e-12,5.190342805893397e-12,0.1666612745764014,0.07532172687253703,6.672900490138644e-13,9.381376784271084e-13,3.030506912754183e-13,0.0753218095222961,5.426672661671696e-13,1.5489327793782352e-12,2.345751061792445e-12,0.07532178054855541,0.16666115580977664,0.16666127457640106,0.1666613386853556,0.07532172687253699,0.07532178054855526,0.07532180952229628,2.101095977874101e-11,,
