sample_name,porosity,nu,g,all_converged,total_iterations,iterations_x,iterations_y,iterations_z,K_star_xx,K_star_xy,K_star_xz,K_star_yx,K_star_yy,K_star_yz,K_star_zx,K_star_zy,K_star_zz,K_xx,K_xy,K_xz,K_yx,K_yy,K_yz,K_zx,K_zy,K_zz,K_star_eig1,K_star_eig2,K_star_eig3,K_eig1,K_eig2,K_eig3,symmetry_error,error_type,error_message
eps_0.02_coeffs_0.32_0.33_0.853_-0.961_22.333_-3069.341_m_-0.265_rho_0.688_,0.3115057945251465,0.16666666666666666,1e-05,True,65000,20000,22500,22500,0.8220603474727328,-0.002978808920433122,-0.0022310186991542306,-0.002979046973087892,0.8227520484363613,0.0006317513032912747,-0.002231027484853015,0.0006315417758647788,0.8293979487733266,0.2560765616871116,-0.0009279162394981135,-0.0006949752524804974,-0.0009279903942794764,0.25629203054536054,0.00019679419167404534,-0.0006949779892765776,0.0001967289226665799,0.25836226701016185,0.8192442791652804,0.8246475724802168,0.8303184930369235,0.25519934009156153,0.25688249726868323,0.25864902188238914,3.140762157803398e-07,,
