sample_name,porosity,nu,g,all_converged,total_iterations,iterations_x,iterations_y,iterations_z,K_star_xx,K_star_xy,K_star_xz,K_star_yx,K_star_yy,K_star_yz,K_star_zx,K_star_zy,K_star_zz,K_xx,K_xy,K_xz,K_yx,K_yy,K_yz,K_zx,K_zy,K_zz,K_star_eig1,K_star_eig2,K_star_eig3,K_eig1,K_eig2,K_eig3,symmetry_error,error_type,error_message
eps_0.02_coeffs_0.781_0.019_0.587_4.405_109.505_284.051_m_-0.491_rho_0.461_,0.5392827987670898,0.16666666666666666,1e-05,True,70000,25000,22500,22500,8.413216003524015,0.5451012400257228,0.20638868678847594,0.5458198917772222,11.885398904130051,0.385813408884049,0.20592880694000756,0.39080244644485207,11.28421370846332,4.537102673012502,0.293963722332483,0.11130186864515361,0.2943512788603705,6.409591185482556,0.20806253494486157,0.111053863353375,0.21075303708380558,6.085382350586061,8.322295016087379,11.092824339590607,12.167709260439404,4.488070548441005,5.982169356086115,6.561836304553994,0.00038799141084088715,,
