sample_name,porosity,nu,g,all_converged,total_iterations,iterations_x,iterations_y,iterations_z,K_star_xx,K_star_xy,K_star_xz,K_star_yx,K_star_yy,K_star_yz,K_star_zx,K_star_zy,K_star_zz,K_xx,K_xy,K_xz,K_yx,K_yy,K_yz,K_zx,K_zy,K_zz,K_star_eig1,K_star_eig2,K_star_eig3,K_eig1,K_eig2,K_eig3,symmetry_error,error_type,error_message
eps_0.02_coeffs_0.958_0.967_0.781_16.407_27.137_-1025.292_m_-0.427_rho_0.354_,0.6461877822875977,0.16666666666666666,1e-05,True,22500,7500,7500,7500,11.555175923586454,-0.7549525145931161,2.5617498342151834,-0.757577831716611,9.982370644658644,-1.7311440725148695,2.5688821888130784,-1.7305135279821555,15.528047312188962,7.466813504005374,-0.4878410911373709,1.6553714441471303,-0.4895375389872037,6.450485948844785,-1.1186441490387036,1.659980284547233,-1.1182366988654757,10.034034455920276,9.486226387609234,10.302110464306649,17.277257028518175,6.129883591687297,6.6570979138121675,11.16435240327097,0.0004849613177319161,,
