sample_name,porosity,nu,g,all_converged,total_iterations,iterations_x,iterations_y,iterations_z,K_star_xx,K_star_xy,K_star_xz,K_star_yx,K_star_yy,K_star_yz,K_star_zx,K_star_zy,K_star_zz,K_xx,K_xy,K_xz,K_yx,K_yy,K_yz,K_zx,K_zy,K_zz,K_star_eig1,K_star_eig2,K_star_eig3,K_eig1,K_eig2,K_eig3,symmetry_error,error_type,error_message
eps_0.02_coeffs_0.939_0.822_0.769_47.25_71.181_-1933.415_m_-0.206_rho_0.502_,0.4980654716491699,0.16666666666666666,1e-05,True,45000,15000,15000,15000,2.6693214185766725,-0.29499023315158673,-0.06197705120506634,-0.2949667473443471,3.0508072498769865,-0.07718108815072422,-0.06201703319925223,-0.07720455019532514,2.279586150296229,1.3294968313266218,-0.14692444960654366,-0.03086862923987612,-0.14691275213688376,1.5195017518206884,-0.038441235072186615,-0.03088854289066779,-0.038452920706496634,1.1353831511122068,2.2462709308155646,2.540531951702136,3.2129119362321856,1.1187899906084744,1.2653512447643107,1.6002404988867323,1.5732230540552273e-05,,
