sample_name,porosity,nu,g,all_converged,total_iterations,iterations_x,iterations_y,iterations_z,K_star_xx,K_star_xy,K_star_xz,K_star_yx,K_star_yy,K_star_yz,K_star_zx,K_star_zy,K_star_zz,K_xx,K_xy,K_xz,K_yx,K_yy,K_yz,K_zx,K_zy,K_zz,K_star_eig1,K_star_eig2,K_star_eig3,K_eig1,K_eig2,K_eig3,symmetry_error,error_type,error_message
eps_0.02_coeffs_0.736_0.62_0.826_38.937_81.195_-3561.681_m_-0.398_rho_0.515_,0.4852943420410156,0.16666666666666666,1e-05,True,40000,12500,12500,15000,2.0489210524875867,0.048741739014900254,-0.011335753577978246,0.0487404163260348,1.9978960264694186,0.016583152389904782,-0.011329787810578343,0.016585724531527794,1.8353331253492553,0.9943297940609487,0.02365409016517092,-0.0055011770741640416,0.023653448271748232,0.9695676376318361,0.008047710028024737,-0.005498281920998936,0.008048958273801313,0.8906767814924477,1.832371103845656,1.9713516827508037,2.0784274177097997,0.889239329215747,0.9566858178120001,1.0086490661574847,2.7572440269400917e-06,,
