sample_name,porosity,nu,g,all_converged,total_iterations,iterations_x,iterations_y,iterations_z,K_star_xx,K_star_xy,K_star_xz,K_star_yx,K_star_yy,K_star_yz,K_star_zx,K_star_zy,K_star_zz,K_xx,K_xy,K_xz,K_yx,K_yy,K_yz,K_zx,K_zy,K_zz,K_star_eig1,K_star_eig2,K_star_eig3,K_eig1,K_eig2,K_eig3,symmetry_error,error_type,error_message
eps_0.02_coeffs_0.606_-0.481_0.681_94.279_138.523_800.744_m_-0.421_rho_0.475_,0.5245108604431152,0.16666666666666666,1e-05,True,22500,7500,7500,7500,11.381894112549123,3.912075731843074,0.34620754679645327,3.9092826488005925,9.26013779127858,-2.7391754577084595,0.3464004623331713,-2.739570785388021,11.300370292532413,5.969927074445568,2.0519262082276404,0.1815896182621078,2.0504612058377396,4.857042840725337,-1.436727276227328,0.1816908045562646,-1.4369346298886918,5.927166945461994,5.2882849702988235,11.65007349576854,15.004043730292754,2.77376290003983,6.110590073491089,7.869783887101982,0.0002027863385214438,,
