sample_name,porosity,nu,g,all_converged,total_iterations,iterations_x,iterations_y,iterations_z,K_star_xx,K_star_xy,K_star_xz,K_star_yx,K_star_yy,K_star_yz,K_star_zx,K_star_zy,K_star_zz,K_xx,K_xy,K_xz,K_yx,K_yy,K_yz,K_zx,K_zy,K_zz,K_star_eig1,K_star_eig2,K_star_eig3,K_eig1,K_eig2,K_eig3,symmetry_error,error_type,error_message
eps_0.02_coeffs_0.527_1.428_0.55_23.341_49.411_959.148_m_-0.512_rho_0.383_,0.6171870231628418,0.16666666666666666,1e-05,True,75000,27500,22500,25000,142.57471050530052,1.8773245739417703,-11.588872484157873,2.891329100517478,47.66058829641427,-3.7185349500355156,-14.398460904268124,-3.782315999749845,105.19320052028478,87.99526115507037,1.1586603653015715,-7.152501710311165,1.7844908005324793,29.4154966128537,-2.2950315163394066,-8.886543223631802,-2.334396352546795,64.92387828608646,47.37169157507058,100.4224211566643,147.63438659026468,29.237193305406098,61.97941517248681,91.11802757611764,0.022898645279966028,,
