sample_name,porosity,nu,g,all_converged,total_iterations,iterations_x,iterations_y,iterations_z,K_star_xx,K_star_xy,K_star_xz,K_star_yx,K_star_yy,K_star_yz,K_star_zx,K_star_zy,K_star_zz,K_xx,K_xy,K_xz,K_yx,K_yy,K_yz,K_zx,K_zy,K_zz,K_star_eig1,K_star_eig2,K_star_eig3,K_eig1,K_eig2,K_eig3,symmetry_error,error_type,error_message
eps_0.02_coeffs_0.389_0.811_0.828_-9.448_4.487_47.545_m_-0.476_rho_0.553_,0.44725894927978516,0.16666666666666666,1e-05,True,32500,10000,12500,10000,3.403417624163306,-0.5562598693726474,0.12671402030240658,-0.5562907696248693,3.56836350728866,0.14556710899088118,0.12652099035002096,0.1455443288689438,4.551604557890323,1.522208990543583,-0.24879220470212082,0.056673979579471734,-0.24880602511646208,1.5959825129182552,0.06510619221695749,0.05658764520578821,0.0650960036035553,2.0357458720991066,2.901433437222516,4.046847698450233,4.575104553669539,1.297692070537378,1.8099888495041685,2.0462564555193983,4.11601662990955e-05,,
