sample_name,porosity,nu,g,all_converged,total_iterations,iterations_x,iterations_y,iterations_z,K_star_xx,K_star_xy,K_star_xz,K_star_yx,K_star_yy,K_star_yz,K_star_zx,K_star_zy,K_star_zz,K_xx,K_xy,K_xz,K_yx,K_yy,K_yz,K_zx,K_zy,K_zz,K_star_eig1,K_star_eig2,K_star_eig3,K_eig1,K_eig2,K_eig3,symmetry_error,error_type,error_message
eps_0.02_coeffs_0.521_1.381_0.49_80.922_108.061_-177.943_m_-0.224_rho_0.4_,0.6001167297363281,0.16666666666666666,1e-05,True,240000,62500,100000,77500,0.16666078110419236,-4.1531514787066384e-09,6.901789136978086e-10,-4.621736694457749e-09,0.1666608140794298,1.524603541427086e-08,-1.4530577934240006e-09,1.5089633436510648e-08,0.1666605673225638,0.10001592293154994,-2.492375683501023e-09,4.141879126213003e-10,-2.7735815107803715e-09,0.1000159427205416,9.149400914256473e-09,-8.720042911074963e-10,9.05554147083872e-09,0.10001579463761813,0.16666056639685947,0.1666607804703947,0.1666608156389317,0.10001579408208747,0.10001592255119739,0.10001594365642485,1.0775352363167994e-08,,
