sample_name,porosity,nu,g,all_converged,total_iterations,iterations_x,iterations_y,iterations_z,K_star_xx,K_star_xy,K_star_xz,K_star_yx,K_star_yy,K_star_yz,K_star_zx,K_star_zy,K_star_zz,K_xx,K_xy,K_xz,K_yx,K_yy,K_yz,K_zx,K_zy,K_zz,K_star_eig1,K_star_eig2,K_star_eig3,K_eig1,K_eig2,K_eig3,symmetry_error,error_type,error_message
eps_0.02_coeffs_0.534_0.984_0.411_99.553_103.12_-3729.292_m_-0.4_rho_0.52_,0.48023223876953125,0.16666666666666666,1e-05,True,117500,37500,37500,42500,0.6863327038225593,-0.027023366365212433,-0.04103350212732498,-0.027023522950661946,0.7847784887996258,-0.01958185273828039,-0.04103470699274805,-0.019580340949711558,0.7879349940510969,0.32959909089745326,-0.012977491728655217,-0.0197056105911596,-0.012977566926036195,0.37687593061441377,-0.009403836979759666,-0.019706189206379135,-0.00940311097015071,0.37839178619801556,0.6633500938903123,0.7875993931064791,0.8080966996764906,0.3185621006769235,0.3782306198050486,0.38807408722791065,2.0954792405121447e-06,,
