sample_name,porosity,nu,g,all_converged,total_iterations,iterations_x,iterations_y,iterations_z,K_star_xx,K_star_xy,K_star_xz,K_star_yx,K_star_yy,K_star_yz,K_star_zx,K_star_zy,K_star_zz,K_xx,K_xy,K_xz,K_yx,K_yy,K_yz,K_zx,K_zy,K_zz,K_star_eig1,K_star_eig2,K_star_eig3,K_eig1,K_eig2,K_eig3,symmetry_error,error_type,error_message
eps_0.02_coeffs_0.999_0.634_0.462_11.108_90.136_-1697.876_m_-0.25_rho_0.656_,0.34362030029296875,0.16666666666666666,1e-05,True,52500,20000,15000,17500,0.960832295646822,-0.017577848061433574,-0.004860729156102081,-0.017577972211318016,0.9670260821319154,-0.0012242807694173572,-0.004860639806391256,-0.0012245242330638669,0.9372247045607306,0.33016148196134354,-0.006040105429373983,-0.0016702452122625857,-0.006040148089794557,0.33228979273330184,-0.00042068772563009913,-0.0016702145098881208,-0.0004207713846814232,0.32204943442314715,0.9352445143866037,0.947952247952852,0.9818863200000122,0.3213690008808765,0.3257356361049539,0.33739607213196215,2.4576669687651736e-07,,
