sample_name,porosity,nu,g,all_converged,total_iterations,iterations_x,iterations_y,iterations_z,K_star_xx,K_star_xy,K_star_xz,K_star_yx,K_star_yy,K_star_yz,K_star_zx,K_star_zy,K_star_zz,K_xx,K_xy,K_xz,K_yx,K_yy,K_yz,K_zx,K_zy,K_zz,K_star_eig1,K_star_eig2,K_star_eig3,K_eig1,K_eig2,K_eig3,symmetry_error,error_type,error_message
eps_0.02_coeffs_0.709_0.73_0.91_90.022_40.197_-3191.946_m_-0.209_rho_0.356_,0.6444807052612305,0.16666666666666666,1e-05,True,35000,10000,12500,12500,4.197582938650786,-0.17892076428515027,-0.7273180690619439,-0.17892507513596329,3.0394595301753524,-1.159265977498357,-0.727517920868126,-1.1592936199465587,3.057638099506116,2.705261212694167,-0.11531098035237203,-0.4687424620982779,-0.11531375861254427,1.9588730216203794,-0.7471245547634908,-0.4688712627312739,-0.747142369788003,1.9705887588033102,1.7200082718442467,3.902139465641338,4.672532830846668,1.1085121440933303,2.5148535948442103,3.0113572541803153,4.51141881964128e-05,,
