sample_name,porosity,nu,g,all_converged,total_iterations,iterations_x,iterations_y,iterations_z,K_star_xx,K_star_xy,K_star_xz,K_star_yx,K_star_yy,K_star_yz,K_star_zx,K_star_zy,K_star_zz,K_xx,K_xy,K_xz,K_yx,K_yy,K_yz,K_zx,K_zy,K_zz,K_star_eig1,K_star_eig2,K_star_eig3,K_eig1,K_eig2,K_eig3,symmetry_error,error_type,error_message
eps_0.02_coeffs_0.866_0.052_0.676_6.454_55.93_-3157.757_m_-0.434_rho_0.371_,0.6286187171936035,0.16666666666666666,1e-05,True,27500,7500,10000,10000,4.189939874865398,-0.05823344247402854,-0.0736847055589519,-0.05824213174055526,4.2735039462855005,0.01601865886752479,-0.0737212202268472,0.016011803365836644,4.173199985837572,2.633874629256214,-0.036606631905791324,-0.04631958508525673,-0.036612094141368706,2.6864045686357936,0.010069628788465375,-0.04634253888894782,0.010065319291788454,2.623351621689579,4.102625623053174,4.212572178779887,4.3214460051554076,2.578987256289295,2.6481017191100764,2.716541844182215,7.394357285185292e-06,,
