sample_name,porosity,nu,g,all_converged,total_iterations,iterations_x,iterations_y,iterations_z,K_star_xx,K_star_xy,K_star_xz,K_star_yx,K_star_yy,K_star_yz,K_star_zx,K_star_zy,K_star_zz,K_xx,K_xy,K_xz,K_yx,K_yy,K_yz,K_zx,K_zy,K_zz,K_star_eig1,K_star_eig2,K_star_eig3,K_eig1,K_eig2,K_eig3,symmetry_error,error_type,error_message
eps_0.02_coeffs_0.386_-0.472_0.754_73.507_80.653_-2739.597_m_-0.604_rho_0.414_,0.5857405662536621,0.16666666666666666,1e-05,True,40000,12500,15000,12500,3.1828570557821507,0.5920222098472968,-0.36018622504515335,0.5920436814047794,2.4697842114016173,-0.2995999267036195,-0.36030197309836137,-0.3000055700571448,4.2113354782873955,1.8643284941583007,0.3467714244307,-0.2109756834147171,0.3467840011929382,1.4466528025107377,-0.17548783071693375,-0.21104348174494592,-0.17572543248452469,2.466750027736196,2.1315539203954366,3.288401210207427,4.444021614868298,1.248537600332637,1.9261499869361254,2.6030437371364714,0.00010081555424459318,,
