sample_name,porosity,nu,g,all_converged,total_iterations,iterations_x,iterations_y,iterations_z,K_star_xx,K_star_xy,K_star_xz,K_star_yx,K_star_yy,K_star_yz,K_star_zx,K_star_zy,K_star_zz,K_xx,K_xy,K_xz,K_yx,K_yy,K_yz,K_zx,K_zy,K_zz,K_star_eig1,K_star_eig2,K_star_eig3,K_eig1,K_eig2,K_eig3,symmetry_error,error_type,error_message
eps_0.02_coeffs_0.311_0.833_0.684_24.451_30.187_-2564.214_m_-0.463_rho_0.535_,0.4649028778076172,0.16666666666666666,1e-05,True,37500,12500,12500,12500,2.5137128068169687,-0.0878591540694223,0.3194381426332456,-0.08783139382050133,2.3929534568172435,-0.23668064884466544,0.319441295675317,-0.23662448640928033,2.723719111279253,1.1686323178710716,-0.040845973568617244,0.14850771179171596,-0.040833067749005234,1.1124909485340222,-0.11003351476925904,0.1485091776500488,-0.11000740469142382,1.2662648531733303,2.2278760085926983,2.3561928278897604,3.0463165384310056,1.0357459677932932,1.0954008263556174,1.4162413254295134,1.9938684532133096e-05,,
