sample_name,porosity,nu,g,all_converged,total_iterations,iterations_x,iterations_y,iterations_z,K_star_xx,K_star_xy,K_star_xz,K_star_yx,K_star_yy,K_star_yz,K_star_zx,K_star_zy,K_star_zz,K_xx,K_xy,K_xz,K_yx,K_yy,K_yz,K_zx,K_zy,K_zz,K_star_eig1,K_star_eig2,K_star_eig3,K_eig1,K_eig2,K_eig3,symmetry_error,error_type,error_message
eps_0.02_coeffs_0.355_0.719_0.461_-9.27_86.05_944.539_m_-0.64_rho_0.501_,0.4994983673095703,0.16666666666666666,1e-05,True,35000,10000,15000,10000,15.500277423758934,-0.42284132299422955,-0.4357055982508519,-0.4236044908507162,11.713852323263135,1.3978925083702667,-0.4492751803316948,1.3912885195324305,15.398082272212388,7.742363266012981,-0.21120855046663634,-0.2176342349539401,-0.21158975156493456,5.851050110375353,0.698245025605228,-0.2244122190483943,0.6949463439629983,7.691316954668527,11.231539269109563,15.104233124094174,16.276439626030722,5.610135527293553,7.54453978494817,8.130055018815142,0.0008587662460483322,,
