sample_name,porosity,nu,g,all_converged,total_iterations,iterations_x,iterations_y,iterations_z,K_star_xx,K_star_xy,K_star_xz,K_star_yx,K_star_yy,K_star_yz,K_star_zx,K_star_zy,K_star_zz,K_xx,K_xy,K_xz,K_yx,K_yy,K_yz,K_zx,K_zy,K_zz,K_star_eig1,K_star_eig2,K_star_eig3,K_eig1,K_eig2,K_eig3,symmetry_error,error_type,error_message
eps_0.02_coeffs_0.565_1.163_0.591_97.508_49.075_-3277.024_m_-0.502_rho_0.498_,0.5019245147705078,0.16666666666666666,1e-05,True,65000,22500,22500,20000,1.3079214629699385,-0.4531110076241966,0.5565740836090654,-0.4533311011078553,1.7719634864020695,0.6282987184424804,0.5563826269079407,0.6286837523478647,1.386838441601923,0.656477845659119,-0.22742752263895075,0.2793581768493202,-0.22753799295394028,0.889391913103416,0.3153585293851739,0.27926208003750863,0.31555178734130407,0.6960882118661325,0.37225551153191094,1.8554603880604474,2.2390074913815736,0.18684416699630116,0.931301054953138,1.1238127486792282,0.00023303411368130451,,
