sample_name,porosity,nu,g,all_converged,total_iterations,iterations_x,iterations_y,iterations_z,K_star_xx,K_star_xy,K_star_xz,K_star_yx,K_star_yy,K_star_yz,K_star_zx,K_star_zy,K_star_zz,K_xx,K_xy,K_xz,K_yx,K_yy,K_yz,K_zx,K_zy,K_zz,K_star_eig1,K_star_eig2,K_star_eig3,K_eig1,K_eig2,K_eig3,symmetry_error,error_type,error_message
eps_0.02_coeffs_0.294_-0.243_0.84_58.072_77.098_-3842.619_m_-0.272_rho_0.447_,0.5528302192687988,0.16666666666666666,1e-05,True,85000,30000,25000,30000,0.9456782184925958,-0.013368211401818842,-0.01662128272600036,-0.013368575976369116,0.9476909617698634,-0.08813222028455893,-0.016620514653071183,-0.08813156332548902,0.8568326894077333,0.5227994968869888,-0.0073903512404991665,-0.009188747373943477,-0.007390552788327735,0.5239122021942925,-0.048722154664558794,-0.009188322760017626,-0.048721791477732125,0.4736830035619518,0.8000383236923438,0.9486079391833444,1.0015556067945042,0.4422853619102807,0.5244191350188516,0.5536902057141008,9.528528976111697e-07,,
