sample_name,porosity,nu,g,all_converged,total_iterations,iterations_x,iterations_y,iterations_z,K_star_xx,K_star_xy,K_star_xz,K_star_yx,K_star_yy,K_star_yz,K_star_zx,K_star_zy,K_star_zz,K_xx,K_xy,K_xz,K_yx,K_yy,K_yz,K_zx,K_zy,K_zz,K_star_eig1,K_star_eig2,K_star_eig3,K_eig1,K_eig2,K_eig3,symmetry_error,error_type,error_message
eps_0.02_coeffs_0.597_0.207_0.784_73.375_53.033_-3329.959_m_-0.485_rho_0.422_,0.57818603515625,0.16666666666666666,1e-05,True,27500,10000,7500,10000,3.970349023093026,-1.0654466671394125,-0.5768531650561523,-1.0653406957557832,4.162354044231427,1.5310739181270727,-0.5763450882333792,1.531251353363274,5.791846432331746,2.295600359848647,-0.6160263841437777,-0.33352844437115053,-0.6159651129696371,2.406614981750751,0.8852455582530371,-0.33323468144743656,0.8853481488287532,3.348764724943764,2.811017995785365,4.040034964038706,7.073496539832126,1.6252913497360097,2.3358917977501634,4.089796919056991,9.001631294828392e-05,,
