sample_name,porosity,nu,g,all_converged,total_iterations,iterations_x,iterations_y,iterations_z,K_star_xx,K_star_xy,K_star_xz,K_star_yx,K_star_yy,K_star_yz,K_star_zx,K_star_zy,K_star_zz,K_xx,K_xy,K_xz,K_yx,K_yy,K_yz,K_zx,K_zy,K_zz,K_star_eig1,K_star_eig2,K_star_eig3,K_eig1,K_eig2,K_eig3,symmetry_error,error_type,error_message
eps_0.02_coeffs_0.141_0.816_0.414_101.515_27.566_-4173.142_m_-0.52_rho_0.454_,0.5462861061096191,0.16666666666666666,1e-05,True,62500,20000,20000,22500,1.8325088516050112,0.3747168214010333,-0.14133119307788072,0.3746608322209554,1.8127018668722854,0.02039138808155404,-0.14131040931018718,0.020354592163251667,1.8830677271843175,1.0010741249547115,0.20470259325694407,-0.07720726713834222,0.20467200714577508,0.990253844391298,0.011139531993242253,-0.07719591325481863,0.011119430894312122,1.0286937362242115,1.4195853493070132,1.8877240236539172,2.220969072700684,0.7754997527631915,1.0312374062914813,1.2132845465155482,3.059822582273595e-05,,
