sample_name,porosity,nu,g,all_converged,total_iterations,iterations_x,iterations_y,iterations_z,K_star_xx,K_star_xy,K_star_xz,K_star_yx,K_star_yy,K_star_yz,K_star_zx,K_star_zy,K_star_zz,K_xx,K_xy,K_xz,K_yx,K_yy,K_yz,K_zx,K_zy,K_zz,K_star_eig1,K_star_eig2,K_star_eig3,K_eig1,K_eig2,K_eig3,symmetry_error,error_type,error_message
eps_0.02_coeffs_0.346_1.437_0.896_42.942_50.916_-3649.148_m_-0.29_rho_0.522_,0.4783053398132324,0.16666666666666666,1e-05,True,55000,17500,17500,20000,1.4615089353502488,-0.008649526137698371,-0.06603132911262007,-0.008658231985009056,1.6526113175575166,0.05460929441533591,-0.06603318590114522,0.05460827791142874,1.612147735288654,0.6990475279627764,-0.004137114538515255,-0.03158313730953113,-0.0041412785917715545,0.7904528178235417,0.026119917122288096,-0.03158402542139761,0.026119430923041358,0.7710988703563727,1.4360483298551272,1.5904281551274793,1.699791503213813,0.6868695843995816,0.7607102791867812,0.8130193525563282,4.632543747328981e-06,,
