sample_name,porosity,nu,g,all_converged,total_iterations,iterations_x,iterations_y,iterations_z,K_star_xx,K_star_xy,K_star_xz,K_star_yx,K_star_yy,K_star_yz,K_star_zx,K_star_zy,K_star_zz,K_xx,K_xy,K_xz,K_yx,K_yy,K_yz,K_zx,K_zy,K_zz,K_star_eig1,K_star_eig2,K_star_eig3,K_eig1,K_eig2,K_eig3,symmetry_error,error_type,error_message
eps_0.02_coeffs_0.383_0.907_0.526_41.024_26.798_-1387.296_m_-0.306_rho_0.695_,0.3046727180480957,0.16666666666666666,1e-05,True,110000,42500,30000,37500,0.72095377273381,0.18775556662728746,-0.03782066126180884,0.18775556202626817,1.2863619380389395,-0.17641557408095634,-0.037820910401644946,-0.17641841930615584,0.6749403941571598,0.21965494552583897,0.057203998812995996,-0.01152292366501162,0.05720399741119095,0.3919193880559398,-0.053749012461260154,-0.01152299957112266,-0.05374987932375514,0.20563592440831494,0.6244634082236966,0.6694189247141887,1.3883737719920237,0.19025696390509125,0.20395368330550545,0.422999610779497,2.4287995610718495e-06,,
