sample_name,porosity,nu,g,all_converged,total_iterations,iterations_x,iterations_y,iterations_z,K_star_xx,K_star_xy,K_star_xz,K_star_yx,K_star_yy,K_star_yz,K_star_zx,K_star_zy,K_star_zz,K_xx,K_xy,K_xz,K_yx,K_yy,K_yz,K_zx,K_zy,K_zz,K_star_eig1,K_star_eig2,K_star_eig3,K_eig1,K_eig2,K_eig3,symmetry_error,error_type,error_message
eps_0.02_coeffs_0.588_-0.144_0.912_93.616_47.204_-3664.894_m_-0.264_rho_0.397_,0.6027569770812988,0.16666666666666666,1e-05,True,50000,15000,15000,20000,2.467742683130032,0.04636354779463782,-0.31038586248339695,0.04646952438681026,1.789086390674277,0.20135103537889018,-0.310300898743337,0.20131368551919657,1.6758315426950479,1.4874491198979516,0.02794595191546021,-0.18708724419926406,0.02800983004579945,1.078384304580119,0.12136574141716949,-0.187036031712144,0.12134322852864617,1.0101191547723567,1.4456605520897068,1.911519060668104,2.5754810037415448,0.8713819842632732,1.1521814506415908,1.5523891443455629,5.6628051975956065e-05,,
