sample_name,porosity,nu,g,all_converged,total_iterations,iterations_x,iterations_y,iterations_z,K_star_xx,K_star_xy,K_star_xz,K_star_yx,K_star_yy,K_star_yz,K_star_zx,K_star_zy,K_star_zz,K_xx,K_xy,K_xz,K_yx,K_yy,K_yz,K_zx,K_zy,K_zz,K_star_eig1,K_star_eig2,K_star_eig3,K_eig1,K_eig2,K_eig3,symmetry_error,error_type,error_message
eps_0.02_coeffs_0.722_1.219_0.737_-8.477_25.077_164.414_m_-0.627_rho_0.487_,0.5130958557128906,0.16666666666666666,1e-05,True,37500,12500,12500,12500,17.630717237618292,-10.144415807031663,0.6870004330220493,-10.148983322986627,24.09579541626023,6.823930567066864,0.6929414245562614,6.712178379644101,26.45754212666551,9.04624794786777,-5.205057709216285,0.3524970750565748,-5.20740128272368,12.363452768188791,3.5013304936345238,0.3555453731916044,3.4439909094010535,13.575255217541292,8.96437320122407,24.38124202005032,34.838439559269624,4.5995827386117725,12.509914237620803,17.875458957365275,0.003643527213335615,,
