sample_name,porosity,nu,g,all_converged,total_iterations,iterations_x,iterations_y,iterations_z,K_star_xx,K_star_xy,K_star_xz,K_star_yx,K_star_yy,K_star_yz,K_star_zx,K_star_zy,K_star_zz,K_xx,K_xy,K_xz,K_yx,K_yy,K_yz,K_zx,K_zy,K_zz,K_star_eig1,K_star_eig2,K_star_eig3,K_eig1,K_eig2,K_eig3,symmetry_error,error_type,error_message
eps_0.02_coeffs_0.901_1.32_0.69_62.302_98.124_-2809.726_m_-0.301_rho_0.304_,0.6962494850158691,0.16666666666666666,1e-05,True,37500,15000,10000,12500,3.7356615447186146,0.26912221889806187,0.11952501469493358,0.2691990535858863,4.18468105776411,-0.0703228537773337,0.11946750517713275,-0.07036302452068263,3.409829446526048,2.6009524267039215,0.1873762063141036,0.0832192299278617,0.1874297024259327,2.9135820314239242,-0.04896225072731486,0.08317918895570936,-0.04899021958668426,2.3740919961357068,3.339202576183963,3.6800704654752012,4.310899007349605,2.324918074031748,2.5622471664092186,3.001461213822586,2.2366207797737126e-05,,
