sample_name,porosity,nu,g,all_converged,total_iterations,iterations_x,iterations_y,iterations_z,K_star_xx,K_star_xy,K_star_xz,K_star_yx,K_star_yy,K_star_yz,K_star_zx,K_star_zy,K_star_zz,K_xx,K_xy,K_xz,K_yx,K_yy,K_yz,K_zx,K_zy,K_zz,K_star_eig1,K_star_eig2,K_star_eig3,K_eig1,K_eig2,K_eig3,symmetry_error,error_type,error_message
eps_0.02_coeffs_0.991_-0.501_0.391_22.295_77.222_-1963.557_m_-0.289_rho_0.651_,0.3491501808166504,0.16666666666666666,1e-05,True,52500,17500,17500,17500,1.103808201689039,-0.0009408178397565469,0.0038942979687043426,-0.0009404242513582314,1.0721751737197782,-0.009224551612143878,0.0038951290068923615,-0.009225028250589165,1.0578596581677069,0.38539483320662965,-0.00032848671886652876,0.0013596948399270355,-0.0003283492974060896,0.3743501557713841,-0.003220753863332559,0.0013599849970606479,-0.003220920281731915,0.36935189092789483,1.0531523320683922,1.076457974821744,1.1042327266863883,0.3677083271691562,0.375845496550537,0.38554305618621537,7.843655696310326e-07,,
