sample_name,porosity,nu,g,all_converged,total_iterations,iterations_x,iterations_y,iterations_z,K_star_xx,K_star_xy,K_star_xz,K_star_yx,K_star_yy,K_star_yz,K_star_zx,K_star_zy,K_star_zz,K_xx,K_xy,K_xz,K_yx,K_yy,K_yz,K_zx,K_zy,K_zz,K_star_eig1,K_star_eig2,K_star_eig3,K_eig1,K_eig2,K_eig3,symmetry_error,error_type,error_message
eps_0.02_coeffs_0.367_0.513_0.771_75.863_34.563_-2779.661_m_-0.275_rho_0.679_,0.3208432197570801,0.16666666666666666,1e-05,True,190000,62500,65000,62500,0.5912847891054518,-0.06779694134309631,0.03603662268086104,-0.0677973561967209,0.5208808659560964,-0.13275871266727854,0.036039102503456474,-0.13275926172493296,0.7144009475426214,0.18970971552997923,-0.02175218895020092,0.011562106050098475,-0.02175232205317356,0.16712109414321,-0.0425947328229747,0.01156290168436442,-0.042594908984400374,0.2292107002070835,0.43949906279619744,0.5858157909409122,0.80125174886706,0.141010294387751,0.1879550245500228,0.2570761909424988,3.352812708476342e-06,,
