sample_name,porosity,nu,g,all_converged,total_iterations,iterations_x,iterations_y,iterations_z,K_star_xx,K_star_xy,K_star_xz,K_star_yx,K_star_yy,K_star_yz,K_star_zx,K_star_zy,K_star_zz,K_xx,K_xy,K_xz,K_yx,K_yy,K_yz,K_zx,K_zy,K_zz,K_star_eig1,K_star_eig2,K_star_eig3,K_eig1,K_eig2,K_eig3,symmetry_error,error_type,error_message
eps_0.02_coeffs_0.805_0.968_0.771_78.3_118.761_-1390.868_m_-0.312_rho_0.431_,0.5690717697143555,0.16666666666666666,1e-05,True,112500,30000,32500,50000,1.0538997760697373,0.23243926536979742,-0.0755428978479617,0.23244304159298879,1.2284253305232122,0.03449673047337829,-0.07554015127391761,0.0345040282152499,0.42600885269413413,0.5997446106695683,0.13227462409509533,-0.04298933056769034,0.13227677303710966,0.6990621768027865,0.01963111545984452,-0.04298776756993842,0.019635268398726313,0.24242961171663308,0.4118965366680587,0.906765694836212,1.3896717277828128,0.23439869106090608,0.5160147586767105,0.7908229494513715,7.166406277414816e-06,,
