sample_name,porosity,nu,g,all_converged,total_iterations,iterations_x,iterations_y,iterations_z,K_star_xx,K_star_xy,K_star_xz,K_star_yx,K_star_yy,K_star_yz,K_star_zx,K_star_zy,K_star_zz,K_xx,K_xy,K_xz,K_yx,K_yy,K_yz,K_zx,K_zy,K_zz,K_star_eig1,K_star_eig2,K_star_eig3,K_eig1,K_eig2,K_eig3,symmetry_error,error_type,error_message
eps_0.02_coeffs_0.354_1.31_0.384_-15.583_71.735_943.203_m_-0.466_rho_0.554_,0.4464592933654785,0.16666666666666666,1e-05,True,72500,20000,27500,25000,5.57131773061121,-2.239835450574392,-1.914103710501572,-2.2388898500590084,4.814706543896057,0.27998722824905015,-1.913105836924742,0.279995891406988,4.877668596777542,2.4873665771232423,-0.9999953525183911,-0.8545693900187723,-0.999573180380487,2.149570481349979,0.12500290007542988,-0.8541238800867927,0.12500676782280112,2.1776804749882865,2.3895609811262073,4.575213042661512,8.298918847497088,1.0668417070873264,2.0426463820231797,3.7051294443510017,0.00019892582381269758,,
