sample_name,porosity,nu,g,all_converged,total_iterations,iterations_x,iterations_y,iterations_z,K_star_xx,K_star_xy,K_star_xz,K_star_yx,K_star_yy,K_star_yz,K_star_zx,K_star_zy,K_star_zz,K_xx,K_xy,K_xz,K_yx,K_yy,K_yz,K_zx,K_zy,K_zz,K_star_eig1,K_star_eig2,K_star_eig3,K_eig1,K_eig2,K_eig3,symmetry_error,error_type,error_message
eps_0.02_coeffs_0.574_0.604_0.406_-6.677_48.043_-528.466_m_-0.389_rho_0.635_,0.3653383255004883,0.16666666666666666,1e-05,True,62500,20000,22500,20000,0.9552486838591017,0.07170650301623491,-0.11782543700197151,0.0717051530967495,0.9341492969950297,-0.0476619033624921,-0.11782880869287216,-0.04765710191583287,1.0076186491187789,0.3489889545976295,0.026197133739446973,-0.04304614785566355,0.026196640562122616,0.34128053993162244,-0.017412719964618954,-0.04304737966357129,-0.01741096581213649,0.36812171001211874,0.8490704982160646,0.91203374768265,1.1359123840741951,0.3101979940501225,0.33320088217831423,0.41499232831293403,5.049468830655178e-06,,
