sample_name,porosity,nu,g,all_converged,total_iterations,iterations_x,iterations_y,iterations_z,K_star_xx,K_star_xy,K_star_xz,K_star_yx,K_star_yy,K_star_yz,K_star_zx,K_star_zy,K_star_zz,K_xx,K_xy,K_xz,K_yx,K_yy,K_yz,K_zx,K_zy,K_zz,K_star_eig1,K_star_eig2,K_star_eig3,K_eig1,K_eig2,K_eig3,symmetry_error,error_type,error_message
eps_0.02_coeffs_0.231_1.424_0.285_30.891_5.427_-1328.339_m_-0.428_rho_0.69_,0.31005001068115234,0.16666666666666666,1e-05,True,127500,37500,37500,52500,1.0940378999424885,0.16446754806221267,-0.014506190598507118,0.1644362212233386,1.3739074608457187,0.10237378858952535,-0.014508679187422512,0.10238085938176525,0.9541466800649604,0.33920646256275405,0.05099316503339198,-0.004497644550009963,0.05098345214666446,0.42598002291013,0.03174099424565237,-0.004498416137029762,0.03174318654486187,0.295833188345527,0.9107949457898951,1.0464288455154314,1.4648682495478405,0.28239198267049653,0.32444527472912554,0.45418241641878904,2.2578891175942116e-05,,
