sample_name,porosity,nu,g,all_converged,total_iterations,iterations_x,iterations_y,iterations_z,K_star_xx,K_star_xy,K_star_xz,K_star_yx,K_star_yy,K_star_yz,K_star_zx,K_star_zy,K_star_zz,K_xx,K_xy,K_xz,K_yx,K_yy,K_yz,K_zx,K_zy,K_zz,K_star_eig1,K_star_eig2,K_star_eig3,K_eig1,K_eig2,K_eig3,symmetry_error,error_type,error_message
eps_0.02_coeffs_0.912_0.541_0.616_42.06_130.16_-3385.025_m_-0.291_rho_0.589_,0.41139793395996094,0.16666666666666666,1e-05,True,55000,17500,20000,17500,0.9947415235353193,0.020553668324415953,-0.0053086496605207695,0.0205537718725019,1.0032065404560973,-0.015426232211054044,-0.005308073030270287,-0.015426441488716061,0.9760304963992035,0.40923460760661423,0.008455736683963015,-0.0021839675024554928,0.00845577928343164,0.4127170980787584,-0.006346320060414233,-0.002183730277961785,-0.006346406156812012,0.4015369297005474,0.9682430829121255,0.9809048439575012,1.0248306335209934,0.3983332038810716,0.4035422262154339,0.42161320528941487,5.122425080450618e-07,,
