sample_name,porosity,nu,g,all_converged,total_iterations,iterations_x,iterations_y,iterations_z,K_star_xx,K_star_xy,K_star_xz,K_star_yx,K_star_yy,K_star_yz,K_star_zx,K_star_zy,K_star_zz,K_xx,K_xy,K_xz,K_yx,K_yy,K_yz,K_zx,K_zy,K_zz,K_star_eig1,K_star_eig2,K_star_eig3,K_eig1,K_eig2,K_eig3,symmetry_error,error_type,error_message
eps_0.02_coeffs_0.872_0.246_0.371_81.399_127.349_-3435.425_m_-0.25_rho_0.337_,0.6627669334411621,0.16666666666666666,1e-05,True,50000,12500,20000,17500,1.6370563208929008,0.055328122830983394,-0.04168872647217838,0.05533368735497606,1.6414259043763413,-0.07681203626942218,-0.04168622252472804,-0.07680647905457509,1.6372102979370309,1.084986797668659,0.03666965030174681,-0.027629909403033063,0.03667333828424949,1.0878828131143938,-0.05090847772965626,-0.0276282498694599,-0.05090479459141358,1.0850888485620174,1.5608275735066501,1.598865897722994,1.7559990519766289,1.0344649045234124,1.0596754480175195,1.1638181068041373,4.107145189661746e-06,,
