sample_name,porosity,nu,g,all_converged,total_iterations,iterations_x,iterations_y,iterations_z,K_star_xx,K_star_xy,K_star_xz,K_star_yx,K_star_yy,K_star_yz,K_star_zx,K_star_zy,K_star_zz,K_xx,K_xy,K_xz,K_yx,K_yy,K_yz,K_zx,K_zy,K_zz,K_star_eig1,K_star_eig2,K_star_eig3,K_eig1,K_eig2,K_eig3,symmetry_error,error_type,error_message
eps_0.02_coeffs_0.485_-0.017_0.718_99.655_96.365_-3642.453_m_-0.326_rho_0.696_,0.3042025566101074,0.16666666666666666,1e-05,True,225000,77500,67500,80000,0.3931186606625994,0.03180273599936887,0.008438868015127887,0.0318028939047155,0.3733140556182,-0.017242613838574047,0.008438939667220986,-0.017242669389059214,0.3801878485532677,0.119587701624704,0.00967447359820431,0.002567125225097166,0.009674521633414458,0.11356309013754429,-0.005245247212335043,0.0025671470218470733,-0.005245264110934652,0.11565411552200036,0.34081062706822984,0.3889111654460474,0.4168987723197899,0.10367546407404936,0.1183077708229041,0.12682167238729516,3.876688927650068e-07,,
