sample_name,porosity,nu,g,all_converged,total_iterations,iterations_x,iterations_y,iterations_z,K_star_xx,K_star_xy,K_star_xz,K_star_yx,K_star_yy,K_star_yz,K_star_zx,K_star_zy,K_star_zz,K_xx,K_xy,K_xz,K_yx,K_yy,K_yz,K_zx,K_zy,K_zz,K_star_eig1,K_star_eig2,K_star_eig3,K_eig1,K_eig2,K_eig3,symmetry_error,error_type,error_message
eps_0.02_coeffs_0.59_1.45_0.66_-15.855_86.048_-1777.844_m_-0.374_rho_0.491_,0.5092935562133789,0.16666666666666666,1e-05,True,47500,15000,15000,17500,1.3488024336926507,-0.006984032450041116,-0.009449130286647029,-0.006983174047790483,1.3536135061096808,-0.004914487631203193,-0.00944991025970835,-0.00491520087374202,1.346580817416956,0.6869363880845903,-0.0035569227231910775,-0.0048123811668100095,-0.0035564855444561914,0.6893866362650596,-0.002502916882662139,-0.00481277840206416,-0.002503280132491181,0.6858049332310002,1.334523966187632,1.3554484658511166,1.3590243251805376,0.6796644565916828,0.6903211694372836,0.6921423315516841,8.236840000230347e-07,,
