sample_name,porosity,nu,g,all_converged,total_iterations,iterations_x,iterations_y,iterations_z,K_star_xx,K_star_xy,K_star_xz,K_star_yx,K_star_yy,K_star_yz,K_star_zx,K_star_zy,K_star_zz,K_xx,K_xy,K_xz,K_yx,K_yy,K_yz,K_zx,K_zy,K_zz,K_star_eig1,K_star_eig2,K_star_eig3,K_eig1,K_eig2,K_eig3,symmetry_error,error_type,error_message
eps_0.02_coeffs_0.819_1.005_0.44_16.252_40.314_-1211.848_m_-0.354_rho_0.679_,0.3208580017089844,0.16666666666666666,1e-05,True,80000,30000,27500,22500,1.3904114386600812,0.1033908482758487,0.12250411928098787,0.10339038292526957,0.8677444766799046,0.04775542455673787,0.12250329778911355,0.047759945390128525,1.5161589466281085,0.44612463576178774,0.03317378097278561,0.03930642691361683,0.033173631661328695,0.27842275878152256,0.015322710094039073,0.03930616333137562,0.015324160639606859,0.48647172988829357,0.8471365480417344,1.3237840989611458,1.603394214965215,0.2718105399793179,0.4247467206868017,0.5144618637654845,2.909034384701817e-06,,
