sample_name,porosity,nu,g,all_converged,total_iterations,iterations_x,iterations_y,iterations_z,K_star_xx,K_star_xy,K_star_xz,K_star_yx,K_star_yy,K_star_yz,K_star_zx,K_star_zy,K_star_zz,K_xx,K_xy,K_xz,K_yx,K_yy,K_yz,K_zx,K_zy,K_zz,K_star_eig1,K_star_eig2,K_star_eig3,K_eig1,K_eig2,K_eig3,symmetry_error,error_type,error_message
eps_0.02_coeffs_0.926_-0.398_0.521_48.48_132.786_-1469.907_m_-0.388_rho_0.679_,0.3213682174682617,0.16666666666666666,1e-05,True,72500,27500,25000,20000,0.7222872373585739,0.021522806310849376,-0.0012636318691469455,0.021522622495317542,0.7484352429834442,-0.014686900077052005,-0.001262890564546506,-0.014686899740563704,0.7009979225570009,0.23212016197000016,0.006916745899032318,-0.0004060911213238416,0.006916686826562509,0.2405232999280148,-0.004719902897896679,-0.00040585288958579734,-0.004719902789760033,0.22527845282109796,0.6956592291060577,0.7126018376023853,0.763459336190576,0.22356276642315887,0.2290075823148863,0.24535156598106786,8.607593725864894e-07,,
