sample_name,porosity,nu,g,all_converged,total_iterations,iterations_x,iterations_y,iterations_z,K_star_xx,K_star_xy,K_star_xz,K_star_yx,K_star_yy,K_star_yz,K_star_zx,K_star_zy,K_star_zz,K_xx,K_xy,K_xz,K_yx,K_yy,K_yz,K_zx,K_zy,K_zz,K_star_eig1,K_star_eig2,K_star_eig3,K_eig1,K_eig2,K_eig3,symmetry_error,error_type,error_message
eps_0.02_coeffs_0.543_1.357_0.429_97.772_83.819_-2917.129_m_-0.228_rho_0.376_,0.6238565444946289,0.16666666666666666,1e-05,True,332500,115000,102500,115000,0.3355074675621129,-0.002143877619666128,0.012595673828823479,-0.0021456038070729534,0.25335024892205127,0.02947356015524262,0.012594614717392696,0.029473383288876477,0.2227020473442032,0.20930852936544356,-0.001337472083624281,0.007857893550431247,-0.0013385489769350532,0.158054210839365,0.01838727339240424,0.007857232816833804,0.01838716305316422,0.13893412970803387,0.20373349514539493,0.2709138591103911,0.33691240957258145,0.12710047427921922,0.16901138400031332,0.21018501163330983,6.015530669404204e-06,,
