sample_name,porosity,nu,g,all_converged,total_iterations,iterations_x,iterations_y,iterations_z,K_star_xx,K_star_xy,K_star_xz,K_star_yx,K_star_yy,K_star_yz,K_star_zx,K_star_zy,K_star_zz,K_xx,K_xy,K_xz,K_yx,K_yy,K_yz,K_zx,K_zy,K_zz,K_star_eig1,K_star_eig2,K_star_eig3,K_eig1,K_eig2,K_eig3,symmetry_error,error_type,error_message
eps_0.02_coeffs_0.738_0.508_0.71_58.97_59.394_-2054.339_m_-0.542_rho_0.398_,0.6015405654907227,0.16666666666666666,1e-05,True,30000,10000,10000,10000,12.182318018529713,4.888443298281842,-0.39571832495286857,4.882849706385622,18.085386861635584,-1.3374246764606041,-0.4090888380451384,-1.3478896615624578,11.518146199989786,7.328158469854183,2.9405969460177928,-0.2380406249671901,2.937232173585416,10.879093839866755,-0.8045151961793586,-0.2460835309736152,-0.8108103092353797,6.928632178546675,9.380829177390568,11.366817270333579,21.038204632430915,5.642949288139397,6.837601688626175,12.655333511502052,0.0009842069769469088,,
