sample_name,porosity,nu,g,all_converged,total_iterations,iterations_x,iterations_y,iterations_z,K_star_xx,K_star_xy,K_star_xz,K_star_yx,K_star_yy,K_star_yz,K_star_zx,K_star_zy,K_star_zz,K_xx,K_xy,K_xz,K_yx,K_yy,K_yz,K_zx,K_zy,K_zz,K_star_eig1,K_star_eig2,K_star_eig3,K_eig1,K_eig2,K_eig3,symmetry_error,error_type,error_message
eps_0.02_coeffs_0.787_1.106_0.267_28.792_44.631_254.34_m_-0.582_rho_0.367_,0.6330451965332031,0.16666666666666666,1e-05,True,60000,20000,20000,20000,99.78503593412749,-6.234210057773661,6.5307544471934404,-5.77924160220102,71.72338233837499,23.872424794970748,6.588675210081901,23.8744468887714,84.14740839176524,63.16843768399247,-3.946536731252599,4.134262732533662,-3.658521135878208,45.404142668422665,15.112323846056368,4.17092919325974,15.11360392282381,53.26911268312473,51.72461110577099,100.1940895904155,103.73712596808123,32.74401660305629,63.427387136229946,65.67028929625364,0.00423291824141816,,
