sample_name,porosity,nu,g,all_converged,total_iterations,iterations_x,iterations_y,iterations_z,K_star_xx,K_star_xy,K_star_xz,K_star_yx,K_star_yy,K_star_yz,K_star_zx,K_star_zy,K_star_zz,K_xx,K_xy,K_xz,K_yx,K_yy,K_yz,K_zx,K_zy,K_zz,K_star_eig1,K_star_eig2,K_star_eig3,K_eig1,K_eig2,K_eig3,symmetry_error,error_type,error_message
eps_0.02_coeffs_0.518_-0.406_0.264_50.026_52.767_-2525.617_m_-0.224_rho_0.687_,0.31314897537231445,0.16666666666666666,1e-05,True,95000,32500,30000,32500,0.5766390989024474,0.006585636677535145,0.0029057012743198586,0.006585572544689916,0.6230694354028651,-0.0020196038468754543,0.002905751861722545,-0.002019611108852924,0.5814287386147444,0.18057394298091609,0.002062285377744464,0.0009099173767912922,0.0020622652946096927,0.19511355528221366,-0.0006324368753070331,0.0009099332181846102,-0.0006324391493878369,0.18207381374922446,0.5743128860758974,0.5827785761071802,0.6240458107369795,0.17984549181778403,0.18249651397689987,0.19541930621767042,1.1270125442710122e-07,,
