sample_name,porosity,nu,g,all_converged,total_iterations,iterations_x,iterations_y,iterations_z,K_star_xx,K_star_xy,K_star_xz,K_star_yx,K_star_yy,K_star_yz,K_star_zx,K_star_zy,K_star_zz,K_xx,K_xy,K_xz,K_yx,K_yy,K_yz,K_zx,K_zy,K_zz,K_star_eig1,K_star_eig2,K_star_eig3,K_eig1,K_eig2,K_eig3,symmetry_error,error_type,error_message
eps_0.02_coeffs_0.8_0.959_0.672_-4.102_82.522_824.235_m_-0.447_rho_0.636_,0.3641366958618164,0.16666666666666666,1e-05,True,35000,10000,12500,12500,1.891211332241642,0.15175860587578227,-0.44288932809120113,0.15255978111901497,22.17105134214018,-0.42727514952240847,-0.442360131418154,-0.4303672537995802,24.370433001946928,0.6886594456988954,0.05526087731220299,-0.16127225656358993,0.05555261461808003,8.073293379509616,-0.15558656117095337,-0.16107955663560547,-0.1567125098057029,8.874168950050722,1.8814862990425818,22.090064605896202,24.461144771389982,0.6851182042426432,8.043803136965098,8.907200434051493,0.00013869922366662542,,
