sample_name,porosity,nu,g,all_converged,total_iterations,iterations_x,iterations_y,iterations_z,K_star_xx,K_star_xy,K_star_xz,K_star_yx,K_star_yy,K_star_yz,K_star_zx,K_star_zy,K_star_zz,K_xx,K_xy,K_xz,K_yx,K_yy,K_yz,K_zx,K_zy,K_zz,K_star_eig1,K_star_eig2,K_star_eig3,K_eig1,K_eig2,K_eig3,symmetry_error,error_type,error_message
eps_0.02_coeffs_0.796_-0.616_0.562_61.194_141.348_36.33_m_-0.516_rho_0.357_,0.6427383422851562,0.16666666666666666,1e-05,True,30000,10000,10000,10000,12.733403873036135,-3.9984423682609505,-2.7041278057886964,-4.001526830360658,12.77130074376804,-0.598453148124077,-2.721857793950685,-0.594262425187904,14.93545907538526,8.184246897002634,-2.5699522194987776,-1.7380466232198237,-2.571934721555585,8.208604668874653,-0.38464878436060235,-1.7494423664197958,-0.3819552460476301,9.599592207380915,7.933418744660465,14.740425438455151,17.766319509073814,5.099112412597055,9.474236610890616,11.419094749770535,0.001070617961054209,,
