sample_name,porosity,nu,g,all_converged,total_iterations,iterations_x,iterations_y,iterations_z,K_star_xx,K_star_xy,K_star_xz,K_star_yx,K_star_yy,K_star_yz,K_star_zx,K_star_zy,K_star_zz,K_xx,K_xy,K_xz,K_yx,K_yy,K_yz,K_zx,K_zy,K_zz,K_star_eig1,K_star_eig2,K_star_eig3,K_eig1,K_eig2,K_eig3,symmetry_error,error_type,error_message
eps_0.02_coeffs_0.777_-0.405_0.918_92.997_78.011_-3441.51_m_-0.338_rho_0.452_,0.5482416152954102,0.16666666666666666,1e-05,True,40000,15000,15000,10000,2.5738957261911413,-0.029979448126410985,0.312166585119776,-0.030020515031855873,3.0033064283662294,-0.5752180297305358,0.3121252646587531,-0.5751769332866358,3.4129615589875293,1.411116750528984,-0.016435981066488515,0.17114271286731816,-0.016458495653064804,1.6465375675145906,-0.3153584617665122,0.1711200592710222,-0.31533593098572554,1.8711275580404643,2.3996403456236792,2.7140447585846594,3.8764786093365617,1.3155826992127622,1.4879522824304958,2.1252468944407816,1.9002708148195247e-05,,
