sample_name,porosity,nu,g,all_converged,total_iterations,iterations_x,iterations_y,iterations_z,K_star_xx,K_star_xy,K_star_xz,K_star_yx,K_star_yy,K_star_yz,K_star_zx,K_star_zy,K_star_zz,K_xx,K_xy,K_xz,K_yx,K_yy,K_yz,K_zx,K_zy,K_zz,K_star_eig1,K_star_eig2,K_star_eig3,K_eig1,K_eig2,K_eig3,symmetry_error,error_type,error_message
eps_0.02_coeffs_0.26_0.491_0.539_-24.814_39.219_-418.352_m_-0.432_rho_0.412_,0.5881180763244629,0.16666666666666666,1e-05,True,40000,15000,12500,12500,2.2362921675982452,-0.0044764330143331876,0.03926400946792294,-0.004476482446651427,2.220395581032063,0.009489196786267914,0.03925863958760393,0.009495942582959258,2.2012115405826895,1.3152038477073433,-0.0026326711731849512,0.023091873717060337,-0.0026327002452248625,1.3058547777959149,0.005580768159804161,0.023088715593377027,0.00558473548477755,1.2945722968306987,2.173446775230422,2.2226522067416217,2.261800307240952,1.2782433364421235,1.3071819401672051,1.3302056457246278,3.1717815387477497e-06,,
