sample_name,porosity,nu,g,all_converged,total_iterations,iterations_x,iterations_y,iterations_z,K_star_xx,K_star_xy,K_star_xz,K_star_yx,K_star_yy,K_star_yz,K_star_zx,K_star_zy,K_star_zz,K_xx,K_xy,K_xz,K_yx,K_yy,K_yz,K_zx,K_zy,K_zz,K_star_eig1,K_star_eig2,K_star_eig3,K_eig1,K_eig2,K_eig3,symmetry_error,error_type,error_message
eps_0.02_coeffs_0.14_1.073_0.82_37.155_20.491_-3891.83_m_-0.315_rho_0.301_,0.6993780136108398,0.16666666666666666,1e-05,True,40000,10000,15000,15000,2.8520502444491256,0.05590050704998898,-0.15803858219815511,0.05591374924368129,2.761266459564598,-0.07494046003024418,-0.15805050521890937,-0.07496498558041148,2.4681399718929953,1.9946612346811396,0.03909558558046004,-0.11052870969161915,0.03910484687958042,1.9311690515405249,-0.052411710075034715,-0.11053704839019052,-0.05242886270559343,1.726162830856037,2.403714458900459,2.7346392651082363,2.943102951898022,1.681105043553458,1.912546577173606,2.058341496350638,9.157497901250032e-06,,
