sample_name,porosity,nu,g,all_converged,total_iterations,iterations_x,iterations_y,iterations_z,K_star_xx,K_star_xy,K_star_xz,K_star_yx,K_star_yy,K_star_yz,K_star_zx,K_star_zy,K_star_zz,K_xx,K_xy,K_xz,K_yx,K_yy,K_yz,K_zx,K_zy,K_zz,K_star_eig1,K_star_eig2,K_star_eig3,K_eig1,K_eig2,K_eig3,symmetry_error,error_type,error_message
eps_0.02_coeffs_0.978_1.088_0.325_67.753_130.469_-2805.506_m_-0.539_rho_0.413_,0.5865311622619629,0.16666666666666666,1e-05,True,40000,12500,15000,12500,2.9885583514697043,-0.04947933756926056,-0.07507659772007648,-0.04947593222629774,2.574650334866992,0.009617451194839824,-0.07504158509579995,0.009669655912656594,2.6816414440227567,1.7528826033752214,-0.0290211733724504,-0.04403476411943029,-0.02901917603268452,1.5101126533276887,0.005640934827307106,-0.04401422812421953,0.005671554521123733,1.572866272932516,2.5688117229533742,2.6643071555731295,3.01173125183295,1.506688125495998,1.5626991725811719,1.7664742315582567,1.8657596964114894e-05,,
