sample_name,porosity,nu,g,all_converged,total_iterations,iterations_x,iterations_y,iterations_z,K_star_xx,K_star_xy,K_star_xz,K_star_yx,K_star_yy,K_star_yz,K_star_zx,K_star_zy,K_star_zz,K_xx,K_xy,K_xz,K_yx,K_yy,K_yz,K_zx,K_zy,K_zz,K_star_eig1,K_star_eig2,K_star_eig3,K_eig1,K_eig2,K_eig3,symmetry_error,error_type,error_message
eps_0.02_coeffs_0.154_0.627_0.895_21.045_11.235_-1832.501_m_-0.266_rho_0.442_,0.557701587677002,0.16666666666666666,1e-05,True,37500,12500,12500,12500,2.8656164317842094,-0.4119366453993434,0.9636210621818243,-0.411884355678775,3.8738736763601858,0.3707472211342525,0.9636432354585849,0.37074485977472615,3.384875518385756,1.5981588336793588,-0.22973772116155197,0.5374129962978025,-0.2297085591013718,2.16046549976622,0.20676631385340916,0.5374253623694558,0.20676499691945224,1.8877504506927512,1.9671116784883589,4.0172663803834645,4.139987567658327,1.09706130623093,2.2404358384613,2.3088776394460986,1.3190123024179828e-05,,
