sample_name,porosity,nu,g,all_converged,total_iterations,iterations_x,iterations_y,iterations_z,K_star_xx,K_star_xy,K_star_xz,K_star_yx,K_star_yy,K_star_yz,K_star_zx,K_star_zy,K_star_zz,K_xx,K_xy,K_xz,K_yx,K_yy,K_yz,K_zx,K_zy,K_zz,K_star_eig1,K_star_eig2,K_star_eig3,K_eig1,K_eig2,K_eig3,symmetry_error,error_type,error_message
eps_0.02_coeffs_0.381_0.495_0.382_31.256_48.213_-2671.865_m_-0.435_rho_0.674_,0.3262052536010742,0.16666666666666666,1e-05,True,70000,27500,22500,20000,0.6722602467798247,-0.009637821035292149,-0.03914317720693612,-0.009637418271931826,0.7485084034286972,-0.03125388233603155,-0.039143033465173435,-0.03125420959334081,0.6488719820902618,0.21929482428673344,-0.0031439078549792433,-0.012768710047540386,-0.003143776471455148,0.24416737356299334,-0.010195180613443306,-0.012768663158222235,-0.010195287366496867,0.21166544947238553,0.6126510228782681,0.6994547740082399,0.7575348354122758,0.1998499822869628,0.22816582193783994,0.2471118430973095,6.349676244485493e-07,,
