sample_name,porosity,nu,g,all_converged,total_iterations,iterations_x,iterations_y,iterations_z,K_star_xx,K_star_xy,K_star_xz,K_star_yx,K_star_yy,K_star_yz,K_star_zx,K_star_zy,K_star_zz,K_xx,K_xy,K_xz,K_yx,K_yy,K_yz,K_zx,K_zy,K_zz,K_star_eig1,K_star_eig2,K_star_eig3,K_eig1,K_eig2,K_eig3,symmetry_error,error_type,error_message
eps_0.02_coeffs_0.765_1.295_0.422_54.794_75.183_-3373.102_m_-0.283_rho_0.52_,0.48041391372680664,0.16666666666666666,1e-05,True,50000,15000,17500,17500,1.98762406378879,0.05844561125588108,0.07273703276661707,0.0584518552400411,1.7869137485744209,0.002096806819997896,0.07273926041822837,0.0020968650902198735,1.7719007852981332,0.9548822555023526,0.028078084843593334,0.03494388258428548,0.028081084540460897,0.8584582274448764,0.001007335170724249,0.03494495277911448,0.0010073631645496428,0.8512457910006783,1.742630683904072,1.780397647716735,2.023410266040537,0.8371840270347767,0.855327801929597,0.9720744449835335,2.9212943928484393e-06,,
