sample_name,porosity,nu,g,all_converged,total_iterations,iterations_x,iterations_y,iterations_z,K_star_xx,K_star_xy,K_star_xz,K_star_yx,K_star_yy,K_star_yz,K_star_zx,K_star_zy,K_star_zz,K_xx,K_xy,K_xz,K_yx,K_yy,K_yz,K_zx,K_zy,K_zz,K_star_eig1,K_star_eig2,K_star_eig3,K_eig1,K_eig2,K_eig3,symmetry_error,error_type,error_message
eps_0.02_coeffs_0.691_0.521_0.269_50.708_121.949_909.025_m_-0.351_rho_0.575_,0.42468881607055664,0.16666666666666666,1e-05,True,107500,15000,12500,80000,0.8643835551466379,0.697725529011855,1.7528717280285286e-13,0.6977255348930385,0.8643840758367242,3.4021848092692037e-12,-2.324088322152461e-11,2.319328165481784e-11,0.1666582468722033,0.36709402866608437,0.29631622885824754,7.444250188999866e-14,0.29631623135592033,0.3670942497973406,1.4448698387017706e-12,-9.870143179783351e-12,9.849927326775549e-12,0.07077789355255057,0.16665824687217132,0.16665828059862592,1.5621093503847683,0.070777893552537,0.0707779078757851,0.6634103705876535,5.264854091945625e-09,,
