sample_name,porosity,nu,g,all_converged,total_iterations,iterations_x,iterations_y,iterations_z,K_star_xx,K_star_xy,K_star_xz,K_star_yx,K_star_yy,K_star_yz,K_star_zx,K_star_zy,K_star_zz,K_xx,K_xy,K_xz,K_yx,K_yy,K_yz,K_zx,K_zy,K_zz,K_star_eig1,K_star_eig2,K_star_eig3,K_eig1,K_eig2,K_eig3,symmetry_error,error_type,error_message
eps_0.02_coeffs_0.797_0.388_0.789_95.466_138.562_-3024.234_m_-0.349_rho_0.425_,0.5745553970336914,0.16666666666666666,1e-05,True,67500,27500,20000,20000,1.5022599167420951,-0.0883851737607301,-0.0714929434490219,-0.08838219164446942,1.3060065494669848,0.03273147218378143,-0.07150028076578305,0.03272163026757317,1.3854970377137679,0.8631315429115547,-0.05078217860198809,-0.04107665650846003,-0.05078046521099593,0.7503731115576048,0.01880604399604977,-0.04108087220340489,0.018800389269975154,0.7960448005926372,1.2718040470423457,1.3523064741687183,1.5696529827117838,0.7307218791974708,0.7769749831772391,0.901852592687087,7.34897043202737e-06,,
