sample_name,porosity,nu,g,all_converged,total_iterations,iterations_x,iterations_y,iterations_z,K_star_xx,K_star_xy,K_star_xz,K_star_yx,K_star_yy,K_star_yz,K_star_zx,K_star_zy,K_star_zz,K_xx,K_xy,K_xz,K_yx,K_yy,K_yz,K_zx,K_zy,K_zz,K_star_eig1,K_star_eig2,K_star_eig3,K_eig1,K_eig2,K_eig3,symmetry_error,error_type,error_message
eps_0.02_coeffs_0.961_1.479_0.798_66.355_76.802_-1783.38_m_-0.326_rho_0.545_,0.455141544342041,0.16666666666666666,1e-05,True,52500,22500,12500,17500,2.1290859771087107,0.35521721005440393,0.3716011983705972,0.35521894170169843,1.8087589484628808,-0.5818663291164186,0.37153468364335146,-0.5819387869170219,2.0824561112103956,0.969035479658242,0.1616741095610326,0.16913114330574675,0.16167489770565646,0.8232413411458818,-0.26483153963468103,0.16910086969006663,-0.26486451818994733,0.9478122904808206,1.0960255955952058,2.358538471151725,2.5657369700350565,0.49884678221760775,1.0734688421501124,1.1677734869172245,3.808044868663902e-05,,
