sample_name,porosity,nu,g,all_converged,total_iterations,iterations_x,iterations_y,iterations_z,K_star_xx,K_star_xy,K_star_xz,K_star_yx,K_star_yy,K_star_yz,K_star_zx,K_star_zy,K_star_zz,K_xx,K_xy,K_xz,K_yx,K_yy,K_yz,K_zx,K_zy,K_zz,K_star_eig1,K_star_eig2,K_star_eig3,K_eig1,K_eig2,K_eig3,symmetry_error,error_type,error_message
eps_0.02_coeffs_0.565_1.248_0.575_-5.126_59.44_989.533_m_-0.613_rho_0.33_,0.6703777313232422,0.16666666666666666,1e-05,True,82500,27500,27500,27500,57.50792354489792,13.497160598532691,16.94615131814585,12.327829241731912,134.8572702208004,31.42878641667925,18.234700956003657,29.046639268009894,148.73425814440373,38.55203131913913,9.0481959013498,11.360322475318986,8.264302199212564,90.4053108630656,21.069158536256168,12.224137458243487,19.472220135053075,99.70813454489083,53.388915342977306,111.97388397143537,175.73665259568935,35.790739945433764,75.06479830422278,117.80993847743899,0.019367327496229898,,
