sample_name,porosity,nu,g,all_converged,total_iterations,iterations_x,iterations_y,iterations_z,K_star_xx,K_star_xy,K_star_xz,K_star_yx,K_star_yy,K_star_yz,K_star_zx,K_star_zy,K_star_zz,K_xx,K_xy,K_xz,K_yx,K_yy,K_yz,K_zx,K_zy,K_zz,K_star_eig1,K_star_eig2,K_star_eig3,K_eig1,K_eig2,K_eig3,symmetry_error,error_type,error_message
eps_0.02_coeffs_0.807_0.001_0.462_2.118_43.428_-214.781_m_-0.471_rho_0.458_,0.5415134429931641,0.16666666666666666,1e-05,True,30000,10000,10000,10000,14.381182769639256,-1.9591592631041341,2.7549373880244894,-1.9596373904523305,11.418172024412014,2.241231681960406,2.755164667203462,2.242258573502942,11.770682680811184,7.787603795901321,-1.0609110779354698,1.4918356302197355,-1.061169990321981,6.183093645627576,1.2136570846437396,1.4919587049504617,1.2142131602185189,6.373982904866071,7.6894411273944225,13.69386602050965,16.186730326958376,4.16393573958859,7.415412536653278,8.765332070153098,7.244484590740139e-05,,
