sample_name,porosity,nu,g,all_converged,total_iterations,iterations_x,iterations_y,iterations_z,K_star_xx,K_star_xy,K_star_xz,K_star_yx,K_star_yy,K_star_yz,K_star_zx,K_star_zy,K_star_zz,K_xx,K_xy,K_xz,K_yx,K_yy,K_yz,K_zx,K_zy,K_zz,K_star_eig1,K_star_eig2,K_star_eig3,K_eig1,K_eig2,K_eig3,symmetry_error,error_type,error_message
eps_0.02_coeffs_0.65_1.206_0.802_-30.63_131.729_-1571.504_m_-0.207_rho_0.427_,0.5726423263549805,0.16666666666666666,1e-05,True,47500,15000,15000,17500,1.2411804225882153,-0.0004003225904176531,0.0009607274485483448,-0.0003999006197832368,1.2481385464155466,0.0041615953694413175,0.0009608535137759816,0.0041616918500946,1.2509603879112074,0.7107524446171734,-0.00022924165946921687,0.0005501532011298089,-0.00022900002122347123,0.7147369608327223,0.0023831056537049903,0.0005502253914150354,0.0023831609026107345,0.7163528667114026,1.240970195544029,1.2453416941426587,1.2539674672282815,0.7106320597135278,0.7131353648407045,0.7180748476070657,2.95252550719427e-07,,
