sample_name,porosity,nu,g,all_converged,total_iterations,iterations_x,iterations_y,iterations_z,K_star_xx,K_star_xy,K_star_xz,K_star_yx,K_star_yy,K_star_yz,K_star_zx,K_star_zy,K_star_zz,K_xx,K_xy,K_xz,K_yx,K_yy,K_yz,K_zx,K_zy,K_zz,K_star_eig1,K_star_eig2,K_star_eig3,K_eig1,K_eig2,K_eig3,symmetry_error,error_type,error_message
eps_0.02_coeffs_0.795_1.451_0.879_-19.956_135.815_-1807.348_m_-0.278_rho_0.565_,0.43477821350097656,0.16666666666666666,1e-05,True,55000,17500,17500,20000,0.8886333353630628,-0.003936566568194969,-0.004308820073717885,-0.003936487748261971,0.9023558800123982,0.006507861643641424,-0.004308921197771514,0.006507920971397732,0.8999446105324294,0.3863584140065666,-0.0017115333798474789,-0.001873381093948208,-0.0017114991106578219,0.39232467745389205,0.0028294764591339475,-0.0018734250604835868,0.002829502253549846,0.39127631001712176,0.8869445945502648,0.8946059332919867,0.9093832980656387,0.38562418629291206,0.3889551694640638,0.3953800457206045,1.285915655225932e-07,,
