sample_name,porosity,nu,g,all_converged,total_iterations,iterations_x,iterations_y,iterations_z,K_star_xx,K_star_xy,K_star_xz,K_star_yx,K_star_yy,K_star_yz,K_star_zx,K_star_zy,K_star_zz,K_xx,K_xy,K_xz,K_yx,K_yy,K_yz,K_zx,K_zy,K_zz,K_star_eig1,K_star_eig2,K_star_eig3,K_eig1,K_eig2,K_eig3,symmetry_error,error_type,error_message
eps_0.02_coeffs_0.848_0.35_0.95_-4.146_96.088_-3575.432_m_-0.206_rho_0.641_,0.35881805419921875,0.16666666666666666,1e-05,True,60000,17500,20000,22500,0.8449706889411907,0.002564098765737895,-0.0017873542200795602,0.002563926079646508,0.8460659534614905,0.0004988677403159194,-0.0017871427484760477,0.0004987787206207042,0.8450866841395276,0.30319073846125133,0.0009200449298966899,-0.0006413349634137099,0.0009199829670093911,0.30358373914525877,0.00017900275188291936,-0.0006412590835844193,0.00017897081000909683,0.3032323596326151,0.8419463972853272,0.8458375601101712,0.8483393691467106,0.30210556801396343,0.3035017874873463,0.30439948173781545,2.7735665763290406e-07,,
