sample_name,porosity,nu,g,all_converged,total_iterations,iterations_x,iterations_y,iterations_z,K_star_xx,K_star_xy,K_star_xz,K_star_yx,K_star_yy,K_star_yz,K_star_zx,K_star_zy,K_star_zz,K_xx,K_xy,K_xz,K_yx,K_yy,K_yz,K_zx,K_zy,K_zz,K_star_eig1,K_star_eig2,K_star_eig3,K_eig1,K_eig2,K_eig3,symmetry_error,error_type,error_message
eps_0.02_coeffs_0.478_1.255_0.264_51.317_73.351_-2044.689_m_-0.423_rho_0.547_,0.4533357620239258,0.16666666666666666,1e-05,True,60000,17500,22500,20000,1.2525868372679785,0.0792454865684678,0.03647475201137217,0.07924028304112797,1.2201371225497135,0.018128586781993316,0.03647147699126202,0.0181290571630403,1.2415460588286593,0.5678424083740181,0.035924813040473125,0.016535309497709125,0.035922454095441314,0.5531317922247545,0.008218336703231808,0.016533824813971844,0.008218549943782185,0.562837228666892,1.1544287962000557,1.2255086687920393,1.3343325536542554,0.523343858027716,0.555566906233766,0.604900665004183,4.059339516946358e-06,,
