sample_name,porosity,nu,g,all_converged,total_iterations,iterations_x,iterations_y,iterations_z,K_star_xx,K_star_xy,K_star_xz,K_star_yx,K_star_yy,K_star_yz,K_star_zx,K_star_zy,K_star_zz,K_xx,K_xy,K_xz,K_yx,K_yy,K_yz,K_zx,K_zy,K_zz,K_star_eig1,K_star_eig2,K_star_eig3,K_eig1,K_eig2,K_eig3,symmetry_error,error_type,error_message
eps_0.02_coeffs_0.411_0.898_0.916_62.85_51.324_-3721.61_m_-0.303_rho_0.696_,0.30440616607666016,0.16666666666666666,1e-05,True,115000,37500,40000,37500,0.8426033585601337,-0.0005319025438067246,0.0007417238379001283,-0.00053415432741143,0.8736840486735225,0.07204499289362347,0.0007414251497830996,0.07204553088010406,0.6852373947127158,0.2564936579026077,-0.00016191441408662782,0.00022578530978284423,-0.00016259987090057047,0.2659548116190411,0.021930940071768146,0.00022569438727828686,0.021931103838170103,0.2085904881768569,0.6608454198480981,0.8426062598278592,0.8980731222704144,0.2011654206252804,0.2564945410663928,0.2733789960068325,2.3621246770372545e-06,,
