sample_name,porosity,nu,g,all_converged,total_iterations,iterations_x,iterations_y,iterations_z,K_star_xx,K_star_xy,K_star_xz,K_star_yx,K_star_yy,K_star_yz,K_star_zx,K_star_zy,K_star_zz,K_xx,K_xy,K_xz,K_yx,K_yy,K_yz,K_zx,K_zy,K_zz,K_star_eig1,K_star_eig2,K_star_eig3,K_eig1,K_eig2,K_eig3,symmetry_error,error_type,error_message
eps_0.02_coeffs_0.857_-0.54_0.345_-32.032_97.972_916.393_m_-0.309_rho_0.44_,0.5595006942749023,0.16666666666666666,1e-05,True,37500,12500,12500,12500,2.0062516848544165,0.006266154601775606,-0.011131702012822368,0.0062661090082620375,2.0435152526747404,-0.024621181898659104,-0.011136002632945443,-0.024621916717259665,1.9958245065592177,1.1224992105662386,0.003505917850127326,-0.006228195004635443,0.0035058923405248297,1.1433482026328698,-0.013775568366168427,-0.006230601204580116,-0.013775979497685607,1.1166651970707466,1.9826433752465387,2.006911457854107,2.0560366109877286,1.1092903449499745,1.1228683540176294,1.1503539113022512,1.7676264069545749e-06,,
