sample_name,porosity,nu,g,all_converged,total_iterations,iterations_x,iterations_y,iterations_z,K_star_xx,K_star_xy,K_star_xz,K_star_yx,K_star_yy,K_star_yz,K_star_zx,K_star_zy,K_star_zz,K_xx,K_xy,K_xz,K_yx,K_yy,K_yz,K_zx,K_zy,K_zz,K_star_eig1,K_star_eig2,K_star_eig3,K_eig1,K_eig2,K_eig3,symmetry_error,error_type,error_message
eps_0.02_coeffs_0.896_1.421_0.476_-22.204_55.653_-2671.781_m_-0.343_rho_0.573_,0.42713403701782227,0.16666666666666666,1e-05,True,50000,17500,17500,15000,1.179363073938094,-0.01954644830149281,-0.01031122773589753,-0.019546652886504753,1.1727138938412571,-0.02951849367176617,-0.010311060993117911,-0.029518945339607038,1.1547081243603392,0.5037461108809265,-0.00834895337237678,-0.004404276329444051,-0.008349040757598843,0.5009060197433061,-0.012608353368706523,-0.004404205107927449,-0.012608546291414785,0.49321514273530925,1.1253235027244468,1.1809107073769765,1.200550882038268,0.48066397066972916,0.5044071577995001,0.5127961448903127,3.6526873328058564e-07,,
