sample_name,porosity,nu,g,all_converged,total_iterations,iterations_x,iterations_y,iterations_z,K_star_xx,K_star_xy,K_star_xz,K_star_yx,K_star_yy,K_star_yz,K_star_zx,K_star_zy,K_star_zz,K_xx,K_xy,K_xz,K_yx,K_yy,K_yz,K_zx,K_zy,K_zz,K_star_eig1,K_star_eig2,K_star_eig3,K_eig1,K_eig2,K_eig3,symmetry_error,error_type,error_message
eps_0.02_coeffs_0.941_0.376_0.271_113.92_85.244_-3146.425_m_-0.484_rho_0.456_,0.543795108795166,0.16666666666666666,1e-05,True,37500,12500,12500,12500,2.7767709847830226,0.29360499950074853,-0.5585616117010775,0.2938169412528006,3.6786625809947613,0.5159171454406949,-0.5586418925115977,0.5157546136559857,3.049533689654354,1.509994479769344,0.15966096264631421,-0.3037430724037907,0.1597762155344296,2.0004387184527523,0.28055322023421414,-0.3037867287158817,0.28046483624466556,1.6583215045401134,2.13728117651975,3.3991280363719523,3.9685580425404363,1.1622430499114182,1.848429200347585,2.1580824525032076,6.986353655361002e-05,,
