sample_name,porosity,nu,g,all_converged,total_iterations,iterations_x,iterations_y,iterations_z,K_star_xx,K_star_xy,K_star_xz,K_star_yx,K_star_yy,K_star_yz,K_star_zx,K_star_zy,K_star_zz,K_xx,K_xy,K_xz,K_yx,K_yy,K_yz,K_zx,K_zy,K_zz,K_star_eig1,K_star_eig2,K_star_eig3,K_eig1,K_eig2,K_eig3,symmetry_error,error_type,error_message
eps_0.02_coeffs_0.494_-0.49_0.705_30.937_136.831_328.298_m_-0.279_rho_0.484_,0.515869140625,0.16666666666666666,1e-05,True,90000,30000,35000,25000,0.7566643696208767,-0.012966533079016738,-0.000831367778954821,-0.012963410349036836,0.5127620945419624,-0.3477569933430269,-0.000833456945238951,-0.3477569021663285,0.5470625385900232,0.390339798097879,-0.006689034276358,-0.00042887698167273845,-0.0066874233563268635,0.2645181410564372,-0.17939710130220113,-0.00042995471808835535,-0.17939705426695607,0.2822126816505662,0.18156010624438032,0.7562670226219297,0.8786618738865523,0.09366125598007197,0.39013481904300235,0.4532745457818078,4.529396770718461e-06,,
