sample_name,porosity,nu,g,all_converged,total_iterations,iterations_x,iterations_y,iterations_z,K_star_xx,K_star_xy,K_star_xz,K_star_yx,K_star_yy,K_star_yz,K_star_zx,K_star_zy,K_star_zz,K_xx,K_xy,K_xz,K_yx,K_yy,K_yz,K_zx,K_zy,K_zz,K_star_eig1,K_star_eig2,K_star_eig3,K_eig1,K_eig2,K_eig3,symmetry_error,error_type,error_message
eps_0.02_coeffs_0.268_0.881_0.284_119.769_126.884_-1040.85_m_-0.513_rho_0.359_,0.6414504051208496,0.16666666666666666,1e-05,True,40000,12500,17500,10000,4.184869275649058,-1.6310766976135838,-1.3933030925802579,-1.6310185077595696,2.3083975614272405,0.9289681232255526,-1.3946810988214469,0.928295403959288,6.184335141429459,2.684386092242885,-1.0462548084674108,-0.8937348331917391,-1.0462174825619794,1.4807225509574848,0.5958869789873861,-0.8946187558534088,0.595455462941508,3.966944281873033,1.362293544501854,3.9043625538958593,7.4109458801080415,0.8738437460142329,2.504454941935173,4.753754237123994,0.0002557232326388732,,
