sample_name,porosity,nu,g,all_converged,total_iterations,iterations_x,iterations_y,iterations_z,K_star_xx,K_star_xy,K_star_xz,K_star_yx,K_star_yy,K_star_yz,K_star_zx,K_star_zy,K_star_zz,K_xx,K_xy,K_xz,K_yx,K_yy,K_yz,K_zx,K_zy,K_zz,K_star_eig1,K_star_eig2,K_star_eig3,K_eig1,K_eig2,K_eig3,symmetry_error,error_type,error_message
eps_0.02_coeffs_0.24_1.149_0.62_104.19_113.407_-914.022_m_-0.325_rho_0.503_,0.49720239639282227,0.16666666666666666,1e-05,True,55000,22500,17500,15000,0.7962813677365027,0.08721510064734427,0.5267299358214277,0.08720813131739233,1.2952034560370382,-0.2631231391381822,0.5267643848802185,-0.2631150062771019,1.0037444071928867,0.3959130042415433,0.043363557043500756,0.26189138634225134,0.0433600918759474,0.6439782621578808,-0.1308254553259062,0.2619085144968356,-0.13082141164788752,0.49906412462219607,0.3064219298090569,1.2441832669884754,1.544624034168895,0.15235371780837634,0.6186109018985207,0.7679907713147229,2.5421407940126357e-05,,
