sample_name,porosity,nu,g,all_converged,total_iterations,iterations_x,iterations_y,iterations_z,K_star_xx,K_star_xy,K_star_xz,K_star_yx,K_star_yy,K_star_yz,K_star_zx,K_star_zy,K_star_zz,K_xx,K_xy,K_xz,K_yx,K_yy,K_yz,K_zx,K_zy,K_zz,K_star_eig1,K_star_eig2,K_star_eig3,K_eig1,K_eig2,K_eig3,symmetry_error,error_type,error_message
eps_0.02_coeffs_0.575_1.272_0.456_-13.068_97.676_-456.989_m_-0.264_rho_0.538_,0.4621458053588867,0.16666666666666666,1e-05,True,62500,20000,22500,20000,0.9273078320697333,-0.0064572135709183975,-0.009055872692268754,-0.006457318744968032,0.93184498745098,0.0037367904393261157,-0.009056017513805695,0.003736964997060451,0.9218715240332216,0.42855142486747017,-0.0029841741661064155,-0.004185133578596093,-0.002984222771852287,0.43064825219517483,0.0017269420270397558,-0.0041852005072619165,0.001727022698164472,0.4260390579117575,0.9150816983598075,0.92549277726493,0.9404498679291975,0.4229011684576711,0.42771260490293384,0.43462496161379766,2.2019209833054754e-07,,
