sample_name,porosity,nu,g,all_converged,total_iterations,iterations_x,iterations_y,iterations_z,K_star_xx,K_star_xy,K_star_xz,K_star_yx,K_star_yy,K_star_yz,K_star_zx,K_star_zy,K_star_zz,K_xx,K_xy,K_xz,K_yx,K_yy,K_yz,K_zx,K_zy,K_zz,K_star_eig1,K_star_eig2,K_star_eig3,K_eig1,K_eig2,K_eig3,symmetry_error,error_type,error_message
eps_0.02_coeffs_0.293_-0.148_0.332_108.038_125.311_-4056.024_m_-0.466_rho_0.557_,0.4425039291381836,0.16666666666666666,1e-05,True,200000,72500,55000,72500,0.16661793210444167,-5.7751707193571065e-08,-2.9914007572316013e-08,-5.77527397126611e-08,0.166616407422107,-3.9539765584341014e-08,-2.991316817078687e-08,-3.9540907595982166e-08,0.16661837648491393,0.07372908962109455,-2.55553573475931e-08,-1.3237065887019213e-08,-2.555581424134735e-08,0.07372841494317077,-1.7496501628273627e-08,-1.323669444854444e-08,-1.749700697291196e-08,0.07372928626119955,0.16661640439979372,0.16661793247712162,0.16661837913454733,0.07372841360578525,0.07372908978600688,0.07372928743367273,8.59305791065035e-12,,
