sample_name,porosity,nu,g,all_converged,total_iterations,iterations_x,iterations_y,iterations_z,K_star_xx,K_star_xy,K_star_xz,K_star_yx,K_star_yy,K_star_yz,K_star_zx,K_star_zy,K_star_zz,K_xx,K_xy,K_xz,K_yx,K_yy,K_yz,K_zx,K_zy,K_zz,K_star_eig1,K_star_eig2,K_star_eig3,K_eig1,K_eig2,K_eig3,symmetry_error,error_type,error_message
eps_0.02_coeffs_0.716_-0.428_0.763_20.597_46.68_-2722.62_m_-0.313_rho_0.575_,0.4246954917907715,0.16666666666666666,1e-05,True,35000,10000,12500,12500,1.7757741307098847,0.16343126164624408,0.06503292736397985,0.16343488534151368,1.8845370390458314,-0.026125559747702164,0.06503453981060026,-0.026134932164971963,1.857693923562996,0.7541632677511642,0.06940852003883788,0.027619191069438942,0.0694100590058825,0.8003543845954937,-0.011095407445359555,0.02761987586824938,-0.01109938786872122,0.7889542344643143,1.636874605307569,1.8766047168039695,2.004525771207174,0.695173265500923,0.7969855630999431,0.8513130582101063,4.502276464267423e-06,,
