sample_name,porosity,nu,g,all_converged,total_iterations,iterations_x,iterations_y,iterations_z,K_star_xx,K_star_xy,K_star_xz,K_star_yx,K_star_yy,K_star_yz,K_star_zx,K_star_zy,K_star_zz,K_xx,K_xy,K_xz,K_yx,K_yy,K_yz,K_zx,K_zy,K_zz,K_star_eig1,K_star_eig2,K_star_eig3,K_eig1,K_eig2,K_eig3,symmetry_error,error_type,error_message
eps_0.02_coeffs_0.56_1.363_0.496_88.972_119.542_-4110.037_m_-0.255_rho_0.636_,0.36411190032958984,0.16666666666666666,1e-05,True,117500,32500,42500,42500,0.5182420396142918,0.0027106148021158595,-0.005491290815050201,0.0027109404066807214,0.5474195990768623,-0.004709558757434305,-0.005491246277672883,-0.004709823498099655,0.5519982446385442,0.18869809387464237,0.0009869671066599207,-0.001999444333930351,0.0009870856631567886,0.19932199049753851,-0.0017148063888832669,-0.00199942811734126,-0.0017149027841100218,0.20098912983393816,0.5172434647791289,0.5444848781453057,0.5559315404052645,0.18833450089378992,0.1982534236822123,0.20242128963011677,6.387207687178518e-07,,
