sample_name,porosity,nu,g,all_converged,total_iterations,iterations_x,iterations_y,iterations_z,K_star_xx,K_star_xy,K_star_xz,K_star_yx,K_star_yy,K_star_yz,K_star_zx,K_star_zy,K_star_zz,K_xx,K_xy,K_xz,K_yx,K_yy,K_yz,K_zx,K_zy,K_zz,K_star_eig1,K_star_eig2,K_star_eig3,K_eig1,K_eig2,K_eig3,symmetry_error,error_type,error_message
eps_0.02_coeffs_0.564_1.483_0.659_-27.299_40.434_108.377_m_-0.485_rho_0.369_,0.6307334899902344,0.16666666666666666,1e-05,True,25000,10000,7500,7500,5.175688025790556,-0.3251581297158739,0.024289676006304373,-0.3249807533837453,5.2926662834367715,-0.18386595866456326,0.024383879225322466,-0.18390056729955806,5.319661481709427,3.2644797716075438,-0.20508812195439047,0.015320312118188415,-0.20497624476138535,3.338261876305718,-0.11597041779890016,0.015379729243288011,-0.11599224662403422,3.3552886519252083,4.879602453392496,5.264927380166153,5.643485957378106,3.07772868519316,3.3207660210373398,3.559535593607973,3.156388297722933e-05,,
