sample_name,porosity,nu,g,all_converged,total_iterations,iterations_x,iterations_y,iterations_z,K_star_xx,K_star_xy,K_star_xz,K_star_yx,K_star_yy,K_star_yz,K_star_zx,K_star_zy,K_star_zz,K_xx,K_xy,K_xz,K_yx,K_yy,K_yz,K_zx,K_zy,K_zz,K_star_eig1,K_star_eig2,K_star_eig3,K_eig1,K_eig2,K_eig3,symmetry_error,error_type,error_message
eps_0.02_coeffs_0.387_0.345_0.918_2.845_50.683_-1887.741_m_-0.613_rho_0.432_,0.5681309700012207,0.16666666666666666,1e-05,True,22500,7500,7500,7500,6.701918038734958,0.30728918771278413,-0.22563008229661266,0.30742726202707416,6.063557915651757,0.05662532767983324,-0.22611704115890138,0.0567200357430745,5.696520460680962,3.8075671962151705,0.17458050428615124,-0.1281874375166298,0.17465894858026107,3.444895040277813,0.03217060234138063,-0.1284640939274126,0.03222440892521682,3.236369694958476,5.610173759422722,5.994762770628778,6.857059885016182,3.187313459816226,3.405810387804531,3.8957080838307028,6.807712628465215e-05,,
