sample_name,porosity,nu,g,all_converged,total_iterations,iterations_x,iterations_y,iterations_z,K_star_xx,K_star_xy,K_star_xz,K_star_yx,K_star_yy,K_star_yz,K_star_zx,K_star_zy,K_star_zz,K_xx,K_xy,K_xz,K_yx,K_yy,K_yz,K_zx,K_zy,K_zz,K_star_eig1,K_star_eig2,K_star_eig3,K_eig1,K_eig2,K_eig3,symmetry_error,error_type,error_message
eps_0.02_coeffs_0.646_1.211_0.575_15.369_75.152_-547.088_m_-0.25_rho_0.632_,0.36803102493286133,0.16666666666666666,1e-05,True,205000,62500,60000,82500,0.36008558822563785,-0.011060180808095298,0.015108398860203579,-0.011060189814092854,0.29497042669795887,0.013866258345072824,0.01510840262941777,0.013866336634516793,0.26781748977530534,0.13252266809823376,-0.004070489678746075,0.005560359517615197,-0.004070492993232586,0.10855826846253325,0.005103213270720993,0.0055603609048029586,0.005103242083665299,0.09856514525695173,0.2587011527320688,0.30052368114347383,0.36364867082335933,0.09521005039129594,0.1106020383878291,0.13383399303859367,2.0737620546892768e-07,,
