sample_name,porosity,nu,g,all_converged,total_iterations,iterations_x,iterations_y,iterations_z,K_star_xx,K_star_xy,K_star_xz,K_star_yx,K_star_yy,K_star_yz,K_star_zx,K_star_zy,K_star_zz,K_xx,K_xy,K_xz,K_yx,K_yy,K_yz,K_zx,K_zy,K_zz,K_star_eig1,K_star_eig2,K_star_eig3,K_eig1,K_eig2,K_eig3,symmetry_error,error_type,error_message
eps_0.02_coeffs_0.858_1.428_0.55_92.167_134.365_-3796.752_m_-0.32_rho_0.358_,0.6418695449829102,0.16666666666666666,1e-05,True,47500,15000,15000,17500,2.2019966413894925,-0.04209171478747865,0.037529290651518527,-0.042078317473670655,2.2908377825451876,-0.02655246463720763,0.03752509522941039,-0.02654999849084101,2.0300020933071123,1.41339458226257,-0.02701738981818935,0.02408890871402158,-0.02700879049047142,1.4704190051119383,-0.017043218394859276,0.02408621580034202,-0.01704163545061307,1.3029965199453912,2.0210002648125376,2.1888866776202263,2.3129495748090285,1.2972185203855644,1.4049796957832488,1.484611891151087,5.344585657372961e-06,,
