sample_name,porosity,nu,g,all_converged,total_iterations,iterations_x,iterations_y,iterations_z,K_star_xx,K_star_xy,K_star_xz,K_star_yx,K_star_yy,K_star_yz,K_star_zx,K_star_zy,K_star_zz,K_xx,K_xy,K_xz,K_yx,K_yy,K_yz,K_zx,K_zy,K_zz,K_star_eig1,K_star_eig2,K_star_eig3,K_eig1,K_eig2,K_eig3,symmetry_error,error_type,error_message
eps_0.02_coeffs_0.472_0.154_0.872_32.524_112.746_270.32_m_-0.358_rho_0.592_,0.4079732894897461,0.16666666666666666,1e-05,True,50000,12500,20000,17500,5.124122892157098,-0.20000617123506445,-0.7675518747013538,-0.2004264709638021,1.8032396617047328,-0.8896524000586282,-0.7687947096936456,-0.8895805504824146,3.44504538160044,2.090505272063043,-0.08159717559701868,-0.3131406631759327,-0.08176864665992342,0.7356736165240568,-0.36295441615436613,-0.313647706656031,-0.3629251034464098,1.4054864967729892,1.3468238411144153,3.597022683436986,5.42856141091087,0.5494681528226634,1.467489176531021,2.2147080560064047,0.0002794369423094674,,
