sample_name,porosity,nu,g,all_converged,total_iterations,iterations_x,iterations_y,iterations_z,K_star_xx,K_star_xy,K_star_xz,K_star_yx,K_star_yy,K_star_yz,K_star_zx,K_star_zy,K_star_zz,K_xx,K_xy,K_xz,K_yx,K_yy,K_yz,K_zx,K_zy,K_zz,K_star_eig1,K_star_eig2,K_star_eig3,K_eig1,K_eig2,K_eig3,symmetry_error,error_type,error_message
eps_0.02_coeffs_0.481_-0.699_0.526_116.655_46.137_-3459.587_m_-0.357_rho_0.466_,0.5335640907287598,0.16666666666666666,1e-05,True,52500,22500,15000,15000,2.7287027232408625,-0.2012687939494148,-0.709133551514505,-0.20119730097906688,3.2720573951155534,-0.0520810423528496,-0.709078480131355,-0.05217462662210046,2.4034103591858567,1.4559377873951014,-0.10738980103569361,-0.378368198619093,-0.10735165495397643,1.7458523288371444,-0.027788574007204223,-0.3783388145066174,-0.027838507212733576,1.2823734629470835,1.8194159028183798,3.168323781905734,3.4164307928181588,0.9707749918447345,1.6905037978268385,1.8228847895077571,3.6756681434208165e-05,,
