sample_name,porosity,nu,g,all_converged,total_iterations,iterations_x,iterations_y,iterations_z,K_star_xx,K_star_xy,K_star_xz,K_star_yx,K_star_yy,K_star_yz,K_star_zx,K_star_zy,K_star_zz,K_xx,K_xy,K_xz,K_yx,K_yy,K_yz,K_zx,K_zy,K_zz,K_star_eig1,K_star_eig2,K_star_eig3,K_eig1,K_eig2,K_eig3,symmetry_error,error_type,error_message
eps_0.02_coeffs_0.427_0.817_0.485_116.283_101.117_-2077.302_m_-0.245_rho_0.577_,0.42315673828125,0.16666666666666666,1e-05,True,150000,60000,37500,52500,0.1666614097290762,-5.419395467969348e-12,-5.85911037646817e-13,-9.21297107307249e-13,0.16666056514929206,6.212361242192082e-13,-3.2415249237127875e-13,1.9370084793834405e-12,0.16666094629077027,0.07052389853831087,-2.2932537096820976e-12,-2.4793220361360974e-13,-3.8985307891608623e-13,0.0705235411486842,2.628802520270856e-13,-1.3716731137756809e-13,8.196581901590206e-13,0.07052370243126894,0.1666605651492921,0.1666609462907703,0.1666614097290762,0.07052354114868414,0.07052370243126894,0.07052389853831087,2.2996087598221217e-11,,
