sample_name,porosity,nu,g,all_converged,total_iterations,iterations_x,iterations_y,iterations_z,K_star_xx,K_star_xy,K_star_xz,K_star_yx,K_star_yy,K_star_yz,K_star_zx,K_star_zy,K_star_zz,K_xx,K_xy,K_xz,K_yx,K_yy,K_yz,K_zx,K_zy,K_zz,K_star_eig1,K_star_eig2,K_star_eig3,K_eig1,K_eig2,K_eig3,symmetry_error,error_type,error_message
eps_0.02_coeffs_0.324_0.546_0.743_32.119_48.776_-3884.633_m_-0.384_rho_0.513_,0.48734045028686523,0.16666666666666666,1e-05,True,45000,15000,15000,15000,1.5984158019363819,0.055076047066497255,-0.02198012318847252,0.055078820362015606,1.5854992505712002,0.06753906533717714,-0.02197746667708577,0.06753931656777064,1.563079632597089,0.7789726766613172,0.026840785577407357,-0.010711803132030965,0.026842137116494046,0.7726779187028561,0.032914518513373923,-0.010710508506575555,0.03291464094820448,0.7617519319840933,1.4813821333224473,1.6053318993853884,1.6602806523968359,0.7219374359002785,0.782343170706344,0.8091219207416442,1.9836681093662117e-06,,
