sample_name,porosity,nu,g,all_converged,total_iterations,iterations_x,iterations_y,iterations_z,K_star_xx,K_star_xy,K_star_xz,K_star_yx,K_star_yy,K_star_yz,K_star_zx,K_star_zy,K_star_zz,K_xx,K_xy,K_xz,K_yx,K_yy,K_yz,K_zx,K_zy,K_zz,K_star_eig1,K_star_eig2,K_star_eig3,K_eig1,K_eig2,K_eig3,symmetry_error,error_type,error_message
eps_0.02_coeffs_0.42_0.747_0.386_-2.864_55.899_-334.912_m_-0.409_rho_0.47_,0.5301222801208496,0.16666666666666666,1e-05,True,37500,12500,12500,12500,1.5682650872453638,-0.0316468836957798,0.13858358115742536,-0.031599473203573814,2.097180327393207,0.04172229656764443,0.13856187567787343,0.04169500861605873,1.6952968866254337,0.8313722638844354,-0.016776718143526128,0.07346624403048714,-0.016751584785296238,1.1117620169822768,0.022117918988317962,0.07345473747217596,0.022103453037203524,0.8987146510196523,1.4754688133918543,1.7831974547225764,2.1020760331495754,0.782178891602494,0.9453127006032276,1.1143573396806428,2.6619704620392555e-05,,
