sample_name,porosity,nu,g,all_converged,total_iterations,iterations_x,iterations_y,iterations_z,K_star_xx,K_star_xy,K_star_xz,K_star_yx,K_star_yy,K_star_yz,K_star_zx,K_star_zy,K_star_zz,K_xx,K_xy,K_xz,K_yx,K_yy,K_yz,K_zx,K_zy,K_zz,K_star_eig1,K_star_eig2,K_star_eig3,K_eig1,K_eig2,K_eig3,symmetry_error,error_type,error_message
eps_0.02_coeffs_0.706_1.359_0.891_19.574_12.746_-2898.5_m_-0.326_rho_0.351_,0.6494841575622559,0.16666666666666666,1e-05,True,22500,7500,7500,7500,5.705687597013959,-0.058906431987289856,0.08916875140812121,-0.058958547014838894,5.500648193675637,-0.3622613215601263,0.08916055695852629,-0.3622826361319806,5.329042876985437,3.7057537022600235,-0.03825879435426327,0.05791369138918182,-0.03829264223902729,3.572583858115766,-0.2352829892508681,0.057908369223989974,-0.23529683272761268,3.4611289235720273,5.040831120958705,5.638282270431996,5.856265276284335,3.2739399540094665,3.6619750105097273,3.803551519428621,8.41229468324149e-06,,
