sample_name,porosity,nu,g,all_converged,total_iterations,iterations_x,iterations_y,iterations_z,K_star_xx,K_star_xy,K_star_xz,K_star_yx,K_star_yy,K_star_yz,K_star_zx,K_star_zy,K_star_zz,K_xx,K_xy,K_xz,K_yx,K_yy,K_yz,K_zx,K_zy,K_zz,K_star_eig1,K_star_eig2,K_star_eig3,K_eig1,K_eig2,K_eig3,symmetry_error,error_type,error_message
eps_0.02_coeffs_0.599_0.032_0.917_-37.322_61.325_-2849.166_m_-0.382_rho_0.379_,0.621100902557373,0.16666666666666666,1e-05,True,30000,10000,10000,10000,2.429017967445968,-0.023210808401574766,0.03471978055508468,-0.023216378089006784,2.414701423727133,0.02075159467807168,0.03472332240330001,0.020753704131590382,2.4086744605751247,1.5086652519087667,-0.014416254047304344,0.021564487039357025,-0.014419713385195333,1.499773233683496,0.0128888341840551,0.02156668688448029,0.012890144367539469,1.4960298814301036,2.364094543832109,2.4319700394389963,2.4563292684771216,1.4683412549050836,1.5104987864880504,1.5256283256292322,2.3400773235376544e-06,,
