sample_name,porosity,nu,g,all_converged,total_iterations,iterations_x,iterations_y,iterations_z,K_star_xx,K_star_xy,K_star_xz,K_star_yx,K_star_yy,K_star_yz,K_star_zx,K_star_zy,K_star_zz,K_xx,K_xy,K_xz,K_yx,K_yy,K_yz,K_zx,K_zy,K_zz,K_star_eig1,K_star_eig2,K_star_eig3,K_eig1,K_eig2,K_eig3,symmetry_error,error_type,error_message
eps_0.02_coeffs_0.78_1.425_0.496_105.749_133.855_-997.735_m_-0.409_rho_0.486_,0.5135564804077148,0.16666666666666666,1e-05,True,30000,10000,10000,10000,21.63237130353553,1.5176461281461127,0.5387834918631283,1.498080802073424,15.832552805639109,-2.090044344506788,0.549264510033488,-2.091927472982226,23.466773848625962,11.109444469516557,0.7793970040751134,0.27669575378300687,0.7693491040791941,8.130910094733311,-1.0733558174609557,0.28207834858566605,-1.074322910292957,12.051513784224154,14.921226211025356,21.99574568363235,24.014726063142888,7.662892416301521,11.296057737229418,12.33291819494308,0.0008794187402013329,,
