sample_name,porosity,nu,g,all_converged,total_iterations,iterations_x,iterations_y,iterations_z,K_star_xx,K_star_xy,K_star_xz,K_star_yx,K_star_yy,K_star_yz,K_star_zx,K_star_zy,K_star_zz,K_xx,K_xy,K_xz,K_yx,K_yy,K_yz,K_zx,K_zy,K_zz,K_star_eig1,K_star_eig2,K_star_eig3,K_eig1,K_eig2,K_eig3,symmetry_error,error_type,error_message
eps_0.02_coeffs_0.476_0.2_0.688_4.421_46.122_-1982.809_m_-0.24_rho_0.504_,0.49559688568115234,0.16666666666666666,1e-05,True,37500,12500,12500,12500,1.8389658800860453,0.008828397544005964,-0.01179204780091376,0.008828539071638993,1.8409873451449235,-0.03337080951266493,-0.011789614114100748,-0.03336961584967358,1.8155328534246333,0.9113857630445436,0.00437532632836449,-0.005844102165936141,0.0043753964690186565,0.9123875948322367,-0.016538469267135713,-0.005842896038330889,-0.016537877691474648,0.8997724280090643,1.7920459822864518,1.833182014681657,1.870258081687493,0.888132407818587,0.9085192973629298,0.9268940807043272,1.2096764997932932e-06,,
