sample_name,porosity,nu,g,all_converged,total_iterations,iterations_x,iterations_y,iterations_z,K_star_xx,K_star_xy,K_star_xz,K_star_yx,K_star_yy,K_star_yz,K_star_zx,K_star_zy,K_star_zz,K_xx,K_xy,K_xz,K_yx,K_yy,K_yz,K_zx,K_zy,K_zz,K_star_eig1,K_star_eig2,K_star_eig3,K_eig1,K_eig2,K_eig3,symmetry_error,error_type,error_message
eps_0.02_coeffs_0.351_0.923_0.569_-4.507_63.052_-757.464_m_-0.52_rho_0.396_,0.6041727066040039,0.16666666666666666,1e-05,True,27500,7500,7500,12500,3.3548863957093773,-0.03791487151391925,0.017618245633871214,-0.03795306449636427,3.2577809107742306,0.1502691531705428,0.017723844122095333,0.15030973719039858,3.221175662352054,2.0269307940446857,-0.02290713054310764,0.010644463150230146,-0.022930205700684728,1.9682623103853238,0.09078852099013847,0.010708262874673804,0.09081304074725961,1.9461464183701855,3.0826157375492844,3.353111809816793,3.3981154214695803,1.86243229357525,2.0258586376828616,2.0530485915420833,2.971471828272177e-05,,
