sample_name,porosity,nu,g,all_converged,total_iterations,iterations_x,iterations_y,iterations_z,K_star_xx,K_star_xy,K_star_xz,K_star_yx,K_star_yy,K_star_yz,K_star_zx,K_star_zy,K_star_zz,K_xx,K_xy,K_xz,K_yx,K_yy,K_yz,K_zx,K_zy,K_zz,K_star_eig1,K_star_eig2,K_star_eig3,K_eig1,K_eig2,K_eig3,symmetry_error,error_type,error_message
eps_0.02_coeffs_0.422_0.928_0.483_18.363_116.275_-1213.846_m_-0.227_rho_0.416_,0.5838871002197266,0.16666666666666666,1e-05,True,50000,17500,17500,15000,1.1453014019804377,-0.010416451359508319,0.016620660529109692,-0.01041663099746443,1.1452917324080107,0.01600232099215697,0.016621260067435296,0.016002641521227524,1.1570976832941724,0.6687267144799451,-0.006082031578883141,0.009704589280078325,-0.006082136467168424,0.6687210685413404,0.009343548800895793,0.009704939342772731,0.009343735953685333,0.6756144109695978,1.1203832961927862,1.1557059229164384,1.1716015985733963,0.6541773539486248,0.6748017800384418,0.6840830600038166,4.994998142488238e-07,,
