sample_name,porosity,nu,g,all_converged,total_iterations,iterations_x,iterations_y,iterations_z,K_star_xx,K_star_xy,K_star_xz,K_star_yx,K_star_yy,K_star_yz,K_star_zx,K_star_zy,K_star_zz,K_xx,K_xy,K_xz,K_yx,K_yy,K_yz,K_zx,K_zy,K_zz,K_star_eig1,K_star_eig2,K_star_eig3,K_eig1,K_eig2,K_eig3,symmetry_error,error_type,error_message
eps_0.02_coeffs_0.55_-0.134_0.929_65.721_128.575_-3993.296_m_-0.232_rho_0.571_,0.4290194511413574,0.16666666666666666,1e-05,True,97500,35000,30000,32500,0.600842313173712,-0.027655896539554317,0.013061258369789167,-0.027656135650216095,0.6427463837413874,0.008345884009215002,0.013061163168646426,0.008345256492263408,0.6583565493215288,0.2577730394202895,-0.01186491755422176,0.005603533897022409,-0.011865020137346636,0.2757507007758223,0.0035805465769228515,0.005603493053880402,0.0035802773599446966,0.28244776544524025,0.5839063939625303,0.6560145599613428,0.6620242923127552,0.25050720065573395,0.2814430064553542,0.2840212985302638,8.721354083711883e-07,,
