sample_name,porosity,nu,g,all_converged,total_iterations,iterations_x,iterations_y,iterations_z,K_star_xx,K_star_xy,K_star_xz,K_star_yx,K_star_yy,K_star_yz,K_star_zx,K_star_zy,K_star_zz,K_xx,K_xy,K_xz,K_yx,K_yy,K_yz,K_zx,K_zy,K_zz,K_star_eig1,K_star_eig2,K_star_eig3,K_eig1,K_eig2,K_eig3,symmetry_error,error_type,error_message
eps_0.02_coeffs_0.851_1.372_0.538_79.531_128.386_-1195.734_m_-0.331_rho_0.37_,0.6297516822814941,0.16666666666666666,1e-05,True,162500,50000,52500,60000,2.7906047110512553,0.4830474902652567,2.5989471466284892,0.48213372977816105,3.3111376271535793,0.47571398035443974,2.5990071910323023,0.47660003201722184,3.2632341499670177,1.757388011367191,0.30419996961639906,1.63669133774998,0.3036245274124482,2.085194490965521,0.2995816794130341,1.636729150814293,0.3001396719382594,2.055027195620151,0.41676349574247157,3.128793842521754,5.819419149907627,0.26245751255733757,1.9703631858400545,3.6647889995554697,0.0002721971078560581,,
