sample_name,porosity,nu,g,all_converged,total_iterations,iterations_x,iterations_y,iterations_z,K_star_xx,K_star_xy,K_star_xz,K_star_yx,K_star_yy,K_star_yz,K_star_zx,K_star_zy,K_star_zz,K_xx,K_xy,K_xz,K_yx,K_yy,K_yz,K_zx,K_zy,K_zz,K_star_eig1,K_star_eig2,K_star_eig3,K_eig1,K_eig2,K_eig3,symmetry_error,error_type,error_message
eps_0.02_coeffs_0.673_1.11_0.701_117.685_139.466_-3807.331_m_-0.547_rho_0.39_,0.6097288131713867,0.16666666666666666,1e-05,True,47500,17500,15000,15000,2.4154692277922574,-0.501775098981966,-0.3098556263572295,-0.5014922892927735,3.723408772921621,-0.2613728559397379,-0.3100680587896146,-0.2601556619352013,3.7496679062491554,1.4727811855137791,-0.30594673558122926,-0.1889279033132702,-0.30577429836508446,2.2702696120654293,-0.15936656124735224,-0.18905742948814747,-0.1586244029915668,2.2862805622641362,2.1553717687096494,3.7211727099885548,4.0120014282648295,1.3141922704784474,2.2689062200670747,2.4462328692978232,0.0003047929945684899,,
