sample_name,porosity,nu,g,all_converged,total_iterations,iterations_x,iterations_y,iterations_z,K_star_xx,K_star_xy,K_star_xz,K_star_yx,K_star_yy,K_star_yz,K_star_zx,K_star_zy,K_star_zz,K_xx,K_xy,K_xz,K_yx,K_yy,K_yz,K_zx,K_zy,K_zz,K_star_eig1,K_star_eig2,K_star_eig3,K_eig1,K_eig2,K_eig3,symmetry_error,error_type,error_message
eps_0.02_coeffs_0.212_0.597_0.467_34.977_34.495_-1450.566_m_-0.569_rho_0.369_,0.6314272880554199,0.16666666666666666,1e-05,True,37500,10000,17500,10000,7.433939429123871,2.0742534311824503,0.1784684070363732,2.0727824744770302,4.6756101559624605,-0.9282681697920565,0.18673771864030506,-0.9250945295895533,7.508301336221502,4.693992213299943,1.3097402187911842,0.11268982225854796,1.308811416587834,2.9523078407837553,-0.5861338530399663,0.11791129125870387,-0.584129930013636,4.740946350633228,3.367227693249722,7.628335339411263,8.622287888646845,2.1261594506137795,4.816739095741775,5.44434785836137,0.001058582889773777,,
