sample_name,porosity,nu,g,all_converged,total_iterations,iterations_x,iterations_y,iterations_z,K_star_xx,K_star_xy,K_star_xz,K_star_yx,K_star_yy,K_star_yz,K_star_zx,K_star_zy,K_star_zz,K_xx,K_xy,K_xz,K_yx,K_yy,K_yz,K_zx,K_zy,K_zz,K_star_eig1,K_star_eig2,K_star_eig3,K_eig1,K_eig2,K_eig3,symmetry_error,error_type,error_message
eps_0.02_coeffs_0.461_0.251_0.895_45.969_45.797_-3240.325_m_-0.388_rho_0.524_,0.4759521484375,0.16666666666666666,1e-05,True,37500,12500,12500,12500,2.4086594272452926,0.31189416632386097,0.13516109737335916,0.3118614617337668,2.509867973697181,0.21956765766202813,0.13516902681835777,0.21957420022599594,2.4804367874885758,1.1464066292516353,0.1484466985469646,0.06433021468002043,0.1484311327270455,1.194577054375648,0.10450369839163179,0.06433398871640343,0.10450681233900856,1.1805692180685983,2.1369232587096336,2.339346087351808,2.9226948423696077,1.0170732160289135,1.1134167962139523,1.3910628894530148,1.1247290040583359e-05,,
