sample_name,porosity,nu,g,all_converged,total_iterations,iterations_x,iterations_y,iterations_z,K_star_xx,K_star_xy,K_star_xz,K_star_yx,K_star_yy,K_star_yz,K_star_zx,K_star_zy,K_star_zz,K_xx,K_xy,K_xz,K_yx,K_yy,K_yz,K_zx,K_zy,K_zz,K_star_eig1,K_star_eig2,K_star_eig3,K_eig1,K_eig2,K_eig3,symmetry_error,error_type,error_message
eps_0.02_coeffs_0.894_0.741_0.273_41.927_56.373_-1213.867_m_-0.314_rho_0.403_,0.5973691940307617,0.16666666666666666,1e-05,True,40000,15000,12500,12500,3.7431843444559973,-0.02337663804036484,0.7632101891817354,-0.02332660479459693,3.4960140811217046,0.7309106723645736,0.7630083554865242,0.7308900769370523,3.532463854697914,2.2360630149562444,-0.01396448342532159,0.4559182555875585,-0.01393459510562247,2.0884111139598667,0.43662351925890747,0.45579768635572193,0.4366112161849684,2.110185085823691,2.5032515058121794,3.636149025489608,4.6322617489738285,1.4953653344833113,2.1721234127324673,2.7671704675240227,4.618197465562569e-05,,
