sample_name,porosity,nu,g,all_converged,total_iterations,iterations_x,iterations_y,iterations_z,K_star_xx,K_star_xy,K_star_xz,K_star_yx,K_star_yy,K_star_yz,K_star_zx,K_star_zy,K_star_zz,K_xx,K_xy,K_xz,K_yx,K_yy,K_yz,K_zx,K_zy,K_zz,K_star_eig1,K_star_eig2,K_star_eig3,K_eig1,K_eig2,K_eig3,symmetry_error,error_type,error_message
eps_0.02_coeffs_0.786_0.938_0.806_23.361_18.617_-708.621_m_-0.432_rho_0.349_,0.6511640548706055,0.16666666666666666,1e-05,True,27500,7500,10000,10000,9.484879933975304,0.0518131906735922,-2.9118783778333444,0.055190380792587694,18.265800979304455,-0.5087865437998358,-2.912032556249536,-0.508167139498175,15.552931393077658,6.176212877768199,0.033738887334800134,-1.8961105318000016,0.03593799214675418,11.894033031143366,-0.331303508924302,-1.8962109272426624,-0.33090017510762826,10.127509871040782,8.311591799623638,16.58079805481183,18.411222451921937,5.412209818672202,10.796819694361915,11.98872626691822,0.00018598971875253637,,
