sample_name,porosity,nu,g,all_converged,total_iterations,iterations_x,iterations_y,iterations_z,K_star_xx,K_star_xy,K_star_xz,K_star_yx,K_star_yy,K_star_yz,K_star_zx,K_star_zy,K_star_zz,K_xx,K_xy,K_xz,K_yx,K_yy,K_yz,K_zx,K_zy,K_zz,K_star_eig1,K_star_eig2,K_star_eig3,K_eig1,K_eig2,K_eig3,symmetry_error,error_type,error_message
eps_0.02_coeffs_0.09_1.165_0.64_118.821_106.513_-2467.716_m_-0.212_rho_0.539_,0.46054792404174805,0.16666666666666666,1e-05,True,85000,32500,20000,32500,0.1666506550169585,2.5526414769742385e-08,-8.153554363330103e-13,2.551353544464161e-08,0.16665134730898015,-1.0604783555054017e-12,-8.169544814061176e-13,-9.544096429668579e-12,0.1666502663863374,0.07675061320825777,1.175613733043347e-08,-3.7551025355932155e-13,1.1750205783995252e-08,0.07675093204191116,-4.884011051192196e-13,-3.7624669044819034e-13,-4.395513797538123e-12,0.07675043422523199,0.16665026638633731,0.16665065407796348,0.1666513482479753,0.07675043422523195,0.07675061277580555,0.07675093247436336,7.556097580975565e-11,,
