sample_name,porosity,nu,g,all_converged,total_iterations,iterations_x,iterations_y,iterations_z,K_star_xx,K_star_xy,K_star_xz,K_star_yx,K_star_yy,K_star_yz,K_star_zx,K_star_zy,K_star_zz,K_xx,K_xy,K_xz,K_yx,K_yy,K_yz,K_zx,K_zy,K_zz,K_star_eig1,K_star_eig2,K_star_eig3,K_eig1,K_eig2,K_eig3,symmetry_error,error_type,error_message
eps_0.02_coeffs_0.89_0.906_0.383_90.268_112.624_-3493.802_m_-0.42_rho_0.563_,0.43669652938842773,0.16666666666666666,1e-05,True,67500,22500,22500,22500,0.9817728689120756,-0.013449698945720071,-0.025257849205020912,-0.013451339917142209,1.0456900232782842,-0.002070980629660345,-0.02525667165349,-0.002070834497916941,1.0238956607855787,0.4287368045016232,-0.005873436850915151,-0.01103001508764889,-0.005874153457440023,0.4566492039817309,-0.0009043900534033335,-0.011029500854982166,-0.0009043262381781554,0.4471316815209331,0.9677536758029589,1.0346488136430176,1.0489560635299615,0.42261467152604576,0.4518275460537599,0.45807547242448127,1.6246218419696103e-06,,
