sample_name,porosity,nu,g,all_converged,total_iterations,iterations_x,iterations_y,iterations_z,K_star_xx,K_star_xy,K_star_xz,K_star_yx,K_star_yy,K_star_yz,K_star_zx,K_star_zy,K_star_zz,K_xx,K_xy,K_xz,K_yx,K_yy,K_yz,K_zx,K_zy,K_zz,K_star_eig1,K_star_eig2,K_star_eig3,K_eig1,K_eig2,K_eig3,symmetry_error,error_type,error_message
eps_0.02_coeffs_0.307_0.67_0.804_13.961_106.387_614.16_m_-0.331_rho_0.538_,0.46202993392944336,0.16666666666666666,1e-05,True,82500,25000,15000,42500,0.16665417656683074,4.308078634566574e-10,-1.7922527787600214e-14,-3.969006587803367e-14,44.72985309373753,-5.77551534038744e-14,-1.262071685821227e-13,5.94639592312587e-10,0.1666538794713588,0.0769992181882386,1.9904612868916407e-10,-8.28074432955354e-15,-1.8337998515283153e-14,20.66653106957326,-2.6684609711276956e-14,-5.831148976142027e-14,2.7474129154801566e-10,0.07699908092123732,0.16665387947136098,0.16665417656683074,44.72985309373752,0.07699908092123653,0.0769992181882386,20.666531069573264,2.3217984538174154e-11,,
