sample_name,porosity,nu,g,all_converged,total_iterations,iterations_x,iterations_y,iterations_z,K_star_xx,K_star_xy,K_star_xz,K_star_yx,K_star_yy,K_star_yz,K_star_zx,K_star_zy,K_star_zz,K_xx,K_xy,K_xz,K_yx,K_yy,K_yz,K_zx,K_zy,K_zz,K_star_eig1,K_star_eig2,K_star_eig3,K_eig1,K_eig2,K_eig3,symmetry_error,error_type,error_message
eps_0.02_coeffs_0.656_0.856_0.673_35.925_111.438_-1333.644_m_-0.613_rho_0.366_,0.634033203125,0.16666666666666666,1e-05,True,30000,10000,10000,10000,17.072120991464654,0.6319936247530527,3.461481682590068,0.6256960310547912,19.32142817212394,-1.9861001610136935,3.4651759948327046,-2.0155964392117425,25.14548223321845,10.824291556355886,0.40070494225675723,2.1946943187710954,0.3967120587522687,12.250426992921357,-1.2592534468145904,2.197036635395638,-1.2779550665607655,15.943070644450271,15.344288062565207,19.38462437555586,26.81011895868597,9.728788109980922,12.290495484208638,16.998505599537957,0.0011784001631687825,,
