sample_name,porosity,nu,g,all_converged,total_iterations,iterations_x,iterations_y,iterations_z,K_star_xx,K_star_xy,K_star_xz,K_star_yx,K_star_yy,K_star_yz,K_star_zx,K_star_zy,K_star_zz,K_xx,K_xy,K_xz,K_yx,K_yy,K_yz,K_zx,K_zy,K_zz,K_star_eig1,K_star_eig2,K_star_eig3,K_eig1,K_eig2,K_eig3,symmetry_error,error_type,error_message
eps_0.02_coeffs_0.807_0.176_0.326_98.165_129.376_-2214.392_m_-0.298_rho_0.692_,0.3078160285949707,0.16666666666666666,1e-05,True,147500,50000,45000,52500,0.42685150058987675,-0.024497474408620067,-0.008998731894308998,-0.024497507462382304,0.4241951512538434,-0.01032525571144742,-0.00899871851514697,-0.010325357123537262,0.472611784730581,0.13139173371137966,-0.007540715283068358,-0.0027699539140970935,-0.00754072545754618,0.13057406680820097,-0.0031782792073252837,-0.002769949795776572,-0.0031783104235920305,0.14547748264294866,0.39846402681404713,0.4500445957554589,0.47514981400479506,0.12265361427185985,0.13853094015607437,0.146258728734595,1.984125204961939e-07,,
