sample_name,porosity,nu,g,all_converged,total_iterations,iterations_x,iterations_y,iterations_z,K_star_xx,K_star_xy,K_star_xz,K_star_yx,K_star_yy,K_star_yz,K_star_zx,K_star_zy,K_star_zz,K_xx,K_xy,K_xz,K_yx,K_yy,K_yz,K_zx,K_zy,K_zz,K_star_eig1,K_star_eig2,K_star_eig3,K_eig1,K_eig2,K_eig3,symmetry_error,error_type,error_message
eps_0.02_coeffs_0.704_0.814_0.544_-5.228_22.573_357.194_m_-0.393_rho_0.596_,0.40432310104370117,0.16666666666666666,1e-05,True,35000,12500,10000,12500,15.414863146067459,3.836289631667286,12.271433550905932,3.8546625263898813,14.822952570217053,4.146030961658655,12.25679560707918,4.129282192899945,19.66264143322969,6.232585269382259,1.5511005203775152,4.961624067554004,1.5585291061469044,5.99326214981386,1.6763360954410258,4.955705608713068,1.6695641813178403,7.950060158993794,5.0893365506515575,12.963244587613298,31.847876011249355,2.0577363364144903,5.2413392512517865,12.876831990523637,0.0011736251420242847,,
