sample_name,porosity,nu,g,all_converged,total_iterations,iterations_x,iterations_y,iterations_z,K_star_xx,K_star_xy,K_star_xz,K_star_yx,K_star_yy,K_star_yz,K_star_zx,K_star_zy,K_star_zz,K_xx,K_xy,K_xz,K_yx,K_yy,K_yz,K_zx,K_zy,K_zz,K_star_eig1,K_star_eig2,K_star_eig3,K_eig1,K_eig2,K_eig3,symmetry_error,error_type,error_message
eps_0.02_coeffs_0.313_1.458_0.631_38.997_58.294_-2362.365_m_-0.525_rho_0.423_,0.5770344734191895,0.16666666666666666,1e-05,True,50000,17500,15000,17500,3.811529159428287,0.1754406916405481,-0.16612109474336068,0.17533642441831432,3.766109010353306,0.4795511807799439,-0.16604572399305548,0.4792121701411976,3.502690288213847,2.1993837214325875,0.10123532711710206,-0.0958575984290544,0.10117516133542552,2.1731747296284847,0.27671756307890544,-0.09581410690784084,0.27652194225349297,2.021173046009986,3.0615287208544357,3.8818168725005484,4.136982864640458,1.7666076132959638,2.239942154933079,2.387181728842016,7.954749675026286e-05,,
