sample_name,porosity,nu,g,all_converged,total_iterations,iterations_x,iterations_y,iterations_z,K_star_xx,K_star_xy,K_star_xz,K_star_yx,K_star_yy,K_star_yz,K_star_zx,K_star_zy,K_star_zz,K_xx,K_xy,K_xz,K_yx,K_yy,K_yz,K_zx,K_zy,K_zz,K_star_eig1,K_star_eig2,K_star_eig3,K_eig1,K_eig2,K_eig3,symmetry_error,error_type,error_message
eps_0.02_coeffs_0.943_0.804_0.696_47.711_98.805_-1717.581_m_-0.233_rho_0.505_,0.4952397346496582,0.16666666666666666,1e-05,True,50000,17500,15000,17500,2.139405192556479,0.030134823597089723,-0.011008760231490191,0.030146248891977735,1.7914776837793112,-0.22087710535043553,-0.011015205199278136,-0.22087722215875283,1.7377324882272749,1.0595184598697718,0.014923962041936974,-0.005451975495864912,0.014929620301945607,0.8872109327456503,-0.10938711904393429,-0.005455167300002039,-0.10938717689205435,0.8605941763617659,1.541867648668539,1.981472620474053,2.1452750954204727,0.7635941251914996,0.9813039747791326,1.0624254690065553,5.617750233051823e-06,,
