sample_name,porosity,nu,g,all_converged,total_iterations,iterations_x,iterations_y,iterations_z,K_star_xx,K_star_xy,K_star_xz,K_star_yx,K_star_yy,K_star_yz,K_star_zx,K_star_zy,K_star_zz,K_xx,K_xy,K_xz,K_yx,K_yy,K_yz,K_zx,K_zy,K_zz,K_star_eig1,K_star_eig2,K_star_eig3,K_eig1,K_eig2,K_eig3,symmetry_error,error_type,error_message
eps_0.02_coeffs_0.841_1.455_0.478_74.495_128.255_-2753.045_m_-0.375_rho_0.389_,0.6107540130615234,0.16666666666666666,1e-05,True,40000,12500,12500,15000,2.228133923649228,0.2205969125063055,0.0015830497259026837,0.2206583867781371,2.2956710645290666,0.19532118875317517,0.001597336105383736,0.19527734179612788,2.2695084657714286,1.360841735507284,0.13473044958220787,0.0009668539729710087,0.13476799524042904,1.402090315330347,0.11929319986694903,0.0009755794365711813,0.11926642016197186,1.3861114031470012,1.9753092142393753,2.249976954609963,2.5680272851003867,1.206428029634103,1.3741824543239805,1.5684329700265496,2.755252784954611e-05,,
