sample_name,porosity,nu,g,all_converged,total_iterations,iterations_x,iterations_y,iterations_z,K_star_xx,K_star_xy,K_star_xz,K_star_yx,K_star_yy,K_star_yz,K_star_zx,K_star_zy,K_star_zz,K_xx,K_xy,K_xz,K_yx,K_yy,K_yz,K_zx,K_zy,K_zz,K_star_eig1,K_star_eig2,K_star_eig3,K_eig1,K_eig2,K_eig3,symmetry_error,error_type,error_message
eps_0.02_coeffs_0.792_0.774_0.719_-15.716_77.982_-2808.256_m_-0.274_rho_0.641_,0.3594083786010742,0.16666666666666666,1e-05,True,62500,20000,22500,20000,0.8108865108991136,-0.0025889643833645133,-0.0034911798081963086,-0.0025887954136015225,0.8238200615550609,0.00322135482889585,-0.003491124964279688,0.0032214000307653765,0.8077823590428755,0.2914394061117327,-0.0009304954912809696,-0.0012547592742686445,-0.0009304347621324205,0.2960878325825416,0.0011577819159521983,-0.0012547395629054958,0.0011577981618828346,0.2903237479261507,0.8054123773001435,0.8118906546868583,0.8251858995100487,0.28947195663068115,0.2918003038023683,0.29657872618737546,1.8382407559050267e-07,,
