sample_name,porosity,nu,g,all_converged,total_iterations,iterations_x,iterations_y,iterations_z,K_star_xx,K_star_xy,K_star_xz,K_star_yx,K_star_yy,K_star_yz,K_star_zx,K_star_zy,K_star_zz,K_xx,K_xy,K_xz,K_yx,K_yy,K_yz,K_zx,K_zy,K_zz,K_star_eig1,K_star_eig2,K_star_eig3,K_eig1,K_eig2,K_eig3,symmetry_error,error_type,error_message
eps_0.02_coeffs_0.728_1.467_0.52_64.36_149.234_932.647_m_-0.402_rho_0.46_,0.5397577285766602,0.16666666666666666,1e-05,True,57500,17500,20000,20000,40.57487825447129,-1.4992124690507942,0.72506975696121,-2.4687885145077124,78.55634176096518,-12.768324412537254,0.7362309906163494,-12.47577341758976,44.41590708578745,21.900604123907943,-0.8092115169486631,0.39136200507701374,-1.33254768092683,42.4013925941904,-6.891801782641027,0.39738636720282516,-6.733895122115325,23.97382912129662,40.30425532795418,40.45636548966118,82.78650628360856,21.754533307790307,21.8366359431667,44.68465658843796,0.014239363753869966,,
