sample_name,porosity,nu,g,all_converged,total_iterations,iterations_x,iterations_y,iterations_z,K_star_xx,K_star_xy,K_star_xz,K_star_yx,K_star_yy,K_star_yz,K_star_zx,K_star_zy,K_star_zz,K_xx,K_xy,K_xz,K_yx,K_yy,K_yz,K_zx,K_zy,K_zz,K_star_eig1,K_star_eig2,K_star_eig3,K_eig1,K_eig2,K_eig3,symmetry_error,error_type,error_message
eps_0.02_coeffs_0.514_1.267_0.408_15.375_114.023_-344.305_m_-0.45_rho_0.353_,0.6468019485473633,0.16666666666666666,1e-05,True,37500,12500,12500,12500,2.3939284585330793,0.09928453534095281,-0.01354799975842941,0.0993133087793911,2.6788992796173967,0.09030061168649675,-0.013531625093005336,0.0902088157635923,2.846010309513185,1.5483975916621815,0.06421743091914783,-0.00876287264267135,0.06423604163519613,1.73271727401866,0.0584066115938449,-0.008752281477168248,0.0583472378120416,1.8408050137790126,2.359319814257427,2.672461040605973,2.887057192800261,1.5260126531081069,1.7285530084808578,1.8673542178708895,3.00837331506758e-05,,
