sample_name,porosity,nu,g,all_converged,total_iterations,iterations_x,iterations_y,iterations_z,K_star_xx,K_star_xy,K_star_xz,K_star_yx,K_star_yy,K_star_yz,K_star_zx,K_star_zy,K_star_zz,K_xx,K_xy,K_xz,K_yx,K_yy,K_yz,K_zx,K_zy,K_zz,K_star_eig1,K_star_eig2,K_star_eig3,K_eig1,K_eig2,K_eig3,symmetry_error,error_type,error_message
eps_0.02_coeffs_0.736_-0.522_0.493_46.31_67.842_-3883.795_m_-0.25_rho_0.576_,0.4237208366394043,0.16666666666666666,1e-05,True,47500,17500,15000,15000,1.1301123437948177,-0.03506351508069665,0.04438452276184361,-0.03506436843029284,1.1061307341262412,0.02162447491271699,0.04438419378008911,0.021624057467496693,1.1435982384526038,0.4788521478092583,-0.014857141945511153,0.018806647118489058,-0.014857503527515999,0.4686906400965294,0.009162740601904253,0.0188065077220648,0.009162563721666257,0.48456640237648624,1.0576079290970597,1.139766163287967,1.1824672239886351,0.44813051655347397,0.48294267228166154,0.5010360014471382,7.278309958726207e-07,,
