sample_name,porosity,nu,g,all_converged,total_iterations,iterations_x,iterations_y,iterations_z,K_star_xx,K_star_xy,K_star_xz,K_star_yx,K_star_yy,K_star_yz,K_star_zx,K_star_zy,K_star_zz,K_xx,K_xy,K_xz,K_yx,K_yy,K_yz,K_zx,K_zy,K_zz,K_star_eig1,K_star_eig2,K_star_eig3,K_eig1,K_eig2,K_eig3,symmetry_error,error_type,error_message
eps_0.02_coeffs_0.667_-0.044_0.852_106.814_93.646_-3193.108_m_-0.537_rho_0.453_,0.5471901893615723,0.16666666666666666,1e-05,True,52500,17500,17500,17500,7.378030735503492,-0.03316604934905071,0.49230038121129854,-0.03389657850285903,5.189115410466859,-0.6088494425124719,0.49168012883766554,-0.6088394576493782,2.4142485126034114,4.037186035275656,-0.01814813682368231,0.26938193881778466,-0.01854787520968883,2.8394330440724134,-0.33315644174108716,0.26904254280400447,-0.3331509781219602,1.321053100777355,2.2426924387940312,5.30843563604433,7.430266583735403,1.2271793002634723,2.9047239009008146,4.065768978961137,0.0001441382885845875,,
