sample_name,porosity,nu,g,all_converged,total_iterations,iterations_x,iterations_y,iterations_z,K_star_xx,K_star_xy,K_star_xz,K_star_yx,K_star_yy,K_star_yz,K_star_zx,K_star_zy,K_star_zz,K_xx,K_xy,K_xz,K_yx,K_yy,K_yz,K_zx,K_zy,K_zz,K_star_eig1,K_star_eig2,K_star_eig3,K_eig1,K_eig2,K_eig3,symmetry_error,error_type,error_message
eps_0.02_coeffs_0.333_1.177_0.288_-12.184_37.142_-637.95_m_-0.352_rho_0.569_,0.4308919906616211,0.16666666666666666,1e-05,True,55000,17500,17500,20000,0.9809903264361998,0.005846365047774844,0.012354280939311492,0.0058456891996391,0.9585733243295762,0.011822244858234736,0.012354505338023203,0.011821855653236318,0.9290818484734209,0.42270087457788763,0.002519151873570226,0.005323360707132851,0.00251886065602163,0.41304156791549884,0.00509411062105388,0.005323457398740442,0.005093942915737336,0.40033392717629096,0.923224181387211,0.9589974704421896,0.9864238474097967,0.3978099053448808,0.41322432907829415,0.4250421352465024,6.927118724184228e-07,,
