sample_name,porosity,nu,g,all_converged,total_iterations,iterations_x,iterations_y,iterations_z,K_star_xx,K_star_xy,K_star_xz,K_star_yx,K_star_yy,K_star_yz,K_star_zx,K_star_zy,K_star_zz,K_xx,K_xy,K_xz,K_yx,K_yy,K_yz,K_zx,K_zy,K_zz,K_star_eig1,K_star_eig2,K_star_eig3,K_eig1,K_eig2,K_eig3,symmetry_error,error_type,error_message
eps_0.02_coeffs_0.722_1.082_0.734_29.988_138.534_-4037.201_m_-0.507_rho_0.609_,0.3907933235168457,0.16666666666666666,1e-05,True,55000,17500,20000,17500,0.9497988257917327,-0.027993899372046785,-0.011340777769243502,-0.02799330983129498,0.8656159482658453,-0.020976304443268364,-0.011341191487767688,-0.02097602142908657,0.8979036753681893,0.37117503980354877,-0.010939828973798303,-0.004431900235708628,-0.010939598585208557,0.33827693331199565,-0.008197399728486023,-0.004432061914145695,-0.008197289128433316,0.3508947614951256,0.8464992650515977,0.9081476317529297,0.9586715526212399,0.3308062611440809,0.35489803125667985,0.37464244220990905,6.97693378456949e-07,,
