sample_name,porosity,nu,g,all_converged,total_iterations,iterations_x,iterations_y,iterations_z,K_star_xx,K_star_xy,K_star_xz,K_star_yx,K_star_yy,K_star_yz,K_star_zx,K_star_zy,K_star_zz,K_xx,K_xy,K_xz,K_yx,K_yy,K_yz,K_zx,K_zy,K_zz,K_star_eig1,K_star_eig2,K_star_eig3,K_eig1,K_eig2,K_eig3,symmetry_error,error_type,error_message
eps_0.02_coeffs_0.925_0.804_0.411_21.551_64.778_-3515.595_m_-0.466_rho_0.495_,0.5054721832275391,0.16666666666666666,1e-05,True,32500,12500,10000,10000,2.250249540873468,-0.008806019078109724,-0.021771676359956055,-0.008799773785906309,2.259884284961591,-0.056746319480181114,-0.021770264398004082,-0.05675322146741697,2.1650577968470484,1.1374385482320792,-0.0044511976889554826,-0.011004976782190387,-0.004448040867470529,1.1423086433611416,-0.02868368599777458,-0.01100426307469989,-0.028687174760331294,1.0943764913860832,2.133796940316282,2.2549232255574814,2.2864714568083433,1.0785749979859145,1.1398009658330246,1.1557477191603653,3.453218189446347e-06,,
