sample_name,porosity,nu,g,all_converged,total_iterations,iterations_x,iterations_y,iterations_z,K_star_xx,K_star_xy,K_star_xz,K_star_yx,K_star_yy,K_star_yz,K_star_zx,K_star_zy,K_star_zz,K_xx,K_xy,K_xz,K_yx,K_yy,K_yz,K_zx,K_zy,K_zz,K_star_eig1,K_star_eig2,K_star_eig3,K_eig1,K_eig2,K_eig3,symmetry_error,error_type,error_message
eps_0.02_coeffs_0.661_-0.24_0.45_23.726_101.548_394.451_m_-0.364_rho_0.384_,0.6164941787719727,0.16666666666666666,1e-05,True,32500,10000,12500,10000,5.337956832841619,-0.5420367508867018,-3.537751647385913,-0.5426058193521422,3.286715048019047,0.7745531861566405,-3.5371931315650915,0.773324516615649,5.855641243650362,3.290819313982934,-0.3341625016021255,-2.1810032965543718,-0.33451332899839226,2.026240694385987,0.47750753041485294,-2.1806589748020833,0.47675006279519727,3.6099687396875226,2.0353839064005874,3.155522456964611,9.289406761145827,1.25480232986212,1.945361225702916,5.72686519249141,0.00020673140985247296,,
