sample_name,porosity,nu,g,all_converged,total_iterations,iterations_x,iterations_y,iterations_z,K_star_xx,K_star_xy,K_star_xz,K_star_yx,K_star_yy,K_star_yz,K_star_zx,K_star_zy,K_star_zz,K_xx,K_xy,K_xz,K_yx,K_yy,K_yz,K_zx,K_zy,K_zz,K_star_eig1,K_star_eig2,K_star_eig3,K_eig1,K_eig2,K_eig3,symmetry_error,error_type,error_message
eps_0.02_coeffs_0.853_0.057_0.93_87.841_59.6_-3441.711_m_-0.43_rho_0.646_,0.35433101654052734,0.16666666666666666,1e-05,True,67500,22500,30000,15000,1.4230806762823287,0.47927116321234037,-0.5085383641675145,0.47924457120891795,0.7289525318722541,-0.2636240676309941,-0.5085651204886383,-0.2636322411924373,3.1138602659647585,0.5042416226462987,0.16982063845958956,-0.1801909155253323,0.16981121608798505,0.2582904916280869,-0.09341018386823888,-0.180200396119795,-0.09341308001457378,1.1033372734044498,0.4842943286438822,1.4683296358463462,3.313269509629113,0.17160050177319905,0.5202747324860183,1.1739941534196183,1.4929572725754165e-05,,
