sample_name,porosity,nu,g,all_converged,total_iterations,iterations_x,iterations_y,iterations_z,K_star_xx,K_star_xy,K_star_xz,K_star_yx,K_star_yy,K_star_yz,K_star_zx,K_star_zy,K_star_zz,K_xx,K_xy,K_xz,K_yx,K_yy,K_yz,K_zx,K_zy,K_zz,K_star_eig1,K_star_eig2,K_star_eig3,K_eig1,K_eig2,K_eig3,symmetry_error,error_type,error_message
eps_0.02_coeffs_0.357_-0.478_0.684_-11.751_78.665_-258.389_m_-0.523_rho_0.329_,0.6707706451416016,0.16666666666666666,1e-05,True,25000,7500,10000,7500,4.280238503546116,-0.11661556623771968,0.04029800233515025,-0.11652680680613796,4.207920446851169,-0.044946349774080054,0.04027679261649669,-0.04489504875934516,4.298686847052504,2.8710583423835514,-0.0782222985988284,0.027030717024266498,-0.07816276137764393,2.822549512838895,-0.030148692034719756,0.02701649016760198,-0.030114280819969613,2.883432949659125,4.1211516740857626,4.265175550400449,4.400518572963577,2.764347567152898,2.8609545555842946,2.951738682144379,2.004747017252511e-05,,
