sample_name,porosity,nu,g,all_converged,total_iterations,iterations_x,iterations_y,iterations_z,K_star_xx,K_star_xy,K_star_xz,K_star_yx,K_star_yy,K_star_yz,K_star_zx,K_star_zy,K_star_zz,K_xx,K_xy,K_xz,K_yx,K_yy,K_yz,K_zx,K_zy,K_zz,K_star_eig1,K_star_eig2,K_star_eig3,K_eig1,K_eig2,K_eig3,symmetry_error,error_type,error_message
eps_0.02_coeffs_0.861_0.207_0.6_-28.351_102.273_-1776.403_m_-0.215_rho_0.646_,0.35440683364868164,0.16666666666666666,1e-05,True,62500,17500,22500,22500,0.694813438563991,-0.004528788449459181,-0.00871172506644848,-0.004528642563933142,0.6982608743102857,-0.0010441607253183947,-0.008711804477300808,-0.0010441146330551375,0.7018238716425079,0.24624663073801684,-0.001605033574637551,-0.0030874948964178567,-0.001604981871810192,0.24746842552506843,-0.00037005769648040305,-0.0030875230401665875,-0.00037004136106732636,0.24873117612788,0.6872054798621957,0.6996659504546563,0.7080267541999322,0.24355031818398368,0.2479663941124302,0.25092952009455144,2.0153690578807105e-07,,
