sample_name,porosity,nu,g,all_converged,total_iterations,iterations_x,iterations_y,iterations_z,K_star_xx,K_star_xy,K_star_xz,K_star_yx,K_star_yy,K_star_yz,K_star_zx,K_star_zy,K_star_zz,K_xx,K_xy,K_xz,K_yx,K_yy,K_yz,K_zx,K_zy,K_zz,K_star_eig1,K_star_eig2,K_star_eig3,K_eig1,K_eig2,K_eig3,symmetry_error,error_type,error_message
eps_0.02_coeffs_0.127_0.116_0.358_59.593_93.079_-1244.007_m_-0.553_rho_0.494_,0.5060811042785645,0.16666666666666666,1e-05,True,45000,15000,15000,15000,3.3856512151430214,-0.2524569677324024,0.49547750619428554,-0.25245297512981685,2.643308223839127,-0.18188849446265112,0.4956346768576766,-0.18236614964062772,3.046942792696104,1.7134141056616439,-0.1277637010128321,0.25075180347999326,-0.12776168043210667,1.3377283448691162,-0.09205033013322404,0.2508313445828824,-0.0922920623931588,1.5420001732012574,2.5610309539039506,2.692543273422648,3.8223280043516548,1.2960893732432968,1.362645273131554,1.934407977357167,0.0001334029484162374,,
