sample_name,porosity,nu,g,all_converged,total_iterations,iterations_x,iterations_y,iterations_z,K_star_xx,K_star_xy,K_star_xz,K_star_yx,K_star_yy,K_star_yz,K_star_zx,K_star_zy,K_star_zz,K_xx,K_xy,K_xz,K_yx,K_yy,K_yz,K_zx,K_zy,K_zz,K_star_eig1,K_star_eig2,K_star_eig3,K_eig1,K_eig2,K_eig3,symmetry_error,error_type,error_message
eps_0.02_coeffs_0.385_1.05_0.803_-31.865_11.029_-1632.224_m_-0.248_rho_0.46_,0.5399565696716309,0.16666666666666666,1e-05,True,32500,12500,10000,10000,2.0515090552286104,0.00010370962005227144,-0.00510611827793556,0.0001045013316936924,2.081873265740025,-0.011158022390226681,-0.005105153261844296,-0.01115538575659667,2.051661490817443,1.1077257921115287,5.599869068537267e-05,-0.0027570821096917,5.642618058744343e-05,1.1241211470600594,-0.00602484749414605,-0.002756561042913383,-0.006023423826495708,1.1078081007091707,2.0445978606816717,2.0548143000374735,2.085631651066934,1.1039940472116305,1.1095104807604472,1.1261505119086819,1.1552594739293299e-06,,
