sample_name,porosity,nu,g,all_converged,total_iterations,iterations_x,iterations_y,iterations_z,K_star_xx,K_star_xy,K_star_xz,K_star_yx,K_star_yy,K_star_yz,K_star_zx,K_star_zy,K_star_zz,K_xx,K_xy,K_xz,K_yx,K_yy,K_yz,K_zx,K_zy,K_zz,K_star_eig1,K_star_eig2,K_star_eig3,K_eig1,K_eig2,K_eig3,symmetry_error,error_type,error_message
eps_0.02_coeffs_0.782_0.589_0.704_0.788_144.056_-502.08_m_-0.26_rho_0.538_,0.461700439453125,0.16666666666666666,1e-05,True,52500,17500,17500,17500,1.1673109710317364,0.02620062972205127,-0.004922137852584236,0.02620077027440292,1.106651347948584,-0.020304121828060764,-0.004922881948451191,-0.020304682455355355,1.1355324627018353,0.5389479883038067,0.012096842256619679,-0.0022725532095870028,0.012096907149702203,0.5109414136692544,-0.009374421970725442,-0.0022728967589757715,-0.009374680812593725,0.5242758370427266,1.0900719345997003,1.1390464895984387,1.1803763574840176,0.5032866912401993,0.5258982648051385,0.5449802829704498,6.765481843547394e-07,,
