sample_name,porosity,nu,g,all_converged,total_iterations,iterations_x,iterations_y,iterations_z,K_star_xx,K_star_xy,K_star_xz,K_star_yx,K_star_yy,K_star_yz,K_star_zx,K_star_zy,K_star_zz,K_xx,K_xy,K_xz,K_yx,K_yy,K_yz,K_zx,K_zy,K_zz,K_star_eig1,K_star_eig2,K_star_eig3,K_eig1,K_eig2,K_eig3,symmetry_error,error_type,error_message
eps_0.02_coeffs_0.524_0.841_0.922_65.358_92.286_-3149.751_m_-0.379_rho_0.691_,0.30858564376831055,0.16666666666666666,1e-05,True,135000,47500,45000,42500,0.5145597619600591,-0.0049941031468701885,0.008023304328342402,-0.004993765578682685,0.48695961039786734,-0.021805906965594087,0.008024029614279926,-0.021805044311411236,0.5339319805834807,0.1587857554017135,-0.0015411085346222827,0.002475876531310613,-0.0015410043659258262,0.15026874486379158,-0.0067289898389297385,0.0024761003441385594,-0.006728723636233374,0.16476374395684248,0.47831366417856425,0.5118307405111588,0.5453069482516846,0.1476007299837216,0.15794361856104705,0.1682738956775788,1.8741924499266274e-06,,
