sample_name,porosity,nu,g,all_converged,total_iterations,iterations_x,iterations_y,iterations_z,K_star_xx,K_star_xy,K_star_xz,K_star_yx,K_star_yy,K_star_yz,K_star_zx,K_star_zy,K_star_zz,K_xx,K_xy,K_xz,K_yx,K_yy,K_yz,K_zx,K_zy,K_zz,K_star_eig1,K_star_eig2,K_star_eig3,K_eig1,K_eig2,K_eig3,symmetry_error,error_type,error_message
eps_0.02_coeffs_0.839_0.664_0.279_64.92_116.888_-857.53_m_-0.286_rho_0.569_,0.43146562576293945,0.16666666666666666,1e-05,True,105000,35000,32500,37500,0.8459385651883542,-0.08904923800111347,0.01036685444946849,-0.08905156822844339,0.9234860845246687,0.012548957672189645,0.010366043252215405,0.012550683984446769,0.688410291409966,0.3649934123859964,-0.038421685197863355,0.004472941342233235,-0.03842269061085642,0.39845250134280297,0.005414443874703945,0.004472591338502816,0.005415188719102227,0.2970253771648485,0.6859529528393663,0.7899636461839725,0.981918342099651,0.29596512004077324,0.3408421589307409,0.42366401192213354,2.968069009863314e-06,,
