sample_name,porosity,nu,g,all_converged,total_iterations,iterations_x,iterations_y,iterations_z,K_star_xx,K_star_xy,K_star_xz,K_star_yx,K_star_yy,K_star_yz,K_star_zx,K_star_zy,K_star_zz,K_xx,K_xy,K_xz,K_yx,K_yy,K_yz,K_zx,K_zy,K_zz,K_star_eig1,K_star_eig2,K_star_eig3,K_eig1,K_eig2,K_eig3,symmetry_error,error_type,error_message
eps_0.02_coeffs_0.513_1.031_0.621_76.64_142.032_-2722.246_m_-0.348_rho_0.673_,0.3272275924682617,0.16666666666666666,1e-05,True,280000,92500,97500,90000,0.26271668465127673,-0.0005378275173511574,0.0110774978046601,-0.0005378154422953975,0.25640736163527694,-0.002019406610197135,0.011077535618103804,-0.0020194307774893195,0.28752042345936013,0.08596814821968081,-0.0001759920036660015,0.0036248629371913787,-0.00017598805237457627,0.0839035636390506,-0.000660805563269302,0.003624875310793525,-0.0006608134714741399,0.09408461595406153,0.25626436078025144,0.2585108922511034,0.2918692167145589,0.0838567698135397,0.08459189689815082,0.09550766110110243,1.4086324358088364e-07,,
