sample_name,porosity,nu,g,all_converged,total_iterations,iterations_x,iterations_y,iterations_z,K_star_xx,K_star_xy,K_star_xz,K_star_yx,K_star_yy,K_star_yz,K_star_zx,K_star_zy,K_star_zz,K_xx,K_xy,K_xz,K_yx,K_yy,K_yz,K_zx,K_zy,K_zz,K_star_eig1,K_star_eig2,K_star_eig3,K_eig1,K_eig2,K_eig3,symmetry_error,error_type,error_message
eps_0.02_coeffs_0.636_0.113_0.665_119.8_91.623_-2811.035_m_-0.418_rho_0.548_,0.45197486877441406,0.16666666666666666,1e-05,True,60000,20000,20000,20000,1.8267085103871095,0.32988788218383114,0.7712418523745814,0.32989922558400714,1.5672684363617595,0.38398969417695766,0.7711410298100382,0.3839109798667451,2.0512175827628796,0.8256263392713192,0.14910103226030644,0.34858193502033746,0.14910615919211245,0.7083659458588873,0.17355369163635784,0.34853636575495855,0.17351811474632883,0.9270987977970233,1.1596833348285747,1.3763423200769929,2.9091688746061797,0.5241477230790198,0.6220721395054716,1.3148712203427375,5.308606611066331e-05,,
