sample_name,porosity,nu,g,all_converged,total_iterations,iterations_x,iterations_y,iterations_z,K_star_xx,K_star_xy,K_star_xz,K_star_yx,K_star_yy,K_star_yz,K_star_zx,K_star_zy,K_star_zz,K_xx,K_xy,K_xz,K_yx,K_yy,K_yz,K_zx,K_zy,K_zz,K_star_eig1,K_star_eig2,K_star_eig3,K_eig1,K_eig2,K_eig3,symmetry_error,error_type,error_message
eps_0.02_coeffs_0.897_1.491_0.847_103.032_39.564_-3497.918_m_-0.318_rho_0.538_,0.4624953269958496,0.16666666666666666,1e-05,True,52500,22500,15000,15000,1.155853401716681,0.8430528344181534,0.35221724670870846,0.8429446728594439,2.7780913093494664,0.7115480625498088,0.3521955982199277,0.7115548922372729,1.916095154180331,0.5345767969862215,0.3899079963290017,0.16289883069012195,0.38985797211353795,1.2848542485419094,0.3290876538622371,0.1628888183652243,0.32909081256077405,0.8861850548877951,0.7947334106792845,1.5283129870448393,3.526993467522355,0.36756048864664265,0.7068376146953066,1.6312179970739769,3.9818592905109365e-05,,
