sample_name,porosity,nu,g,all_converged,total_iterations,iterations_x,iterations_y,iterations_z,K_star_xx,K_star_xy,K_star_xz,K_star_yx,K_star_yy,K_star_yz,K_star_zx,K_star_zy,K_star_zz,K_xx,K_xy,K_xz,K_yx,K_yy,K_yz,K_zx,K_zy,K_zz,K_star_eig1,K_star_eig2,K_star_eig3,K_eig1,K_eig2,K_eig3,symmetry_error,error_type,error_message
eps_0.02_coeffs_0.317_-0.297_0.653_-0.998_20.4_-1294.822_m_-0.334_rho_0.652_,0.34810352325439453,0.16666666666666666,1e-05,True,50000,15000,17500,17500,1.5027656336524826,-0.006103880840607563,0.026346296944753437,-0.00610429915753089,1.5262856513032892,0.05068690607662452,0.02634741181607603,0.050683389360070344,1.5232823469446164,0.5231180117000519,-0.002124782426140488,0.009171238791175162,-0.002124928043735335,0.5313054127113033,0.017644290588137577,0.009171626881810531,0.01764306640671478,0.530259951882644,1.4607705756152076,1.513298328125091,1.5782647281600897,0.5084993840380039,0.5267844797553289,0.5493995125006663,1.996782424417199e-06,,
