sample_name,porosity,nu,g,all_converged,total_iterations,iterations_x,iterations_y,iterations_z,K_star_xx,K_star_xy,K_star_xz,K_star_yx,K_star_yy,K_star_yz,K_star_zx,K_star_zy,K_star_zz,K_xx,K_xy,K_xz,K_yx,K_yy,K_yz,K_zx,K_zy,K_zz,K_star_eig1,K_star_eig2,K_star_eig3,K_eig1,K_eig2,K_eig3,symmetry_error,error_type,error_message
eps_0.02_coeffs_0.703_0.523_0.651_85.452_84.428_-4001.913_m_-0.55_rho_0.441_,0.5587472915649414,0.16666666666666666,1e-05,True,37500,12500,12500,12500,2.958476953254456,0.002482660062641752,-0.8174126034679831,0.0023884965896937495,2.6467859225823744,-0.3253684068619893,-0.8175410918186506,-0.32527240995870993,3.41367681352072,1.653040984788227,0.0013871795858775267,-0.45672707827878295,0.0013345660004034816,1.4788844655951163,-0.18179871609493642,-0.4567988707967161,-0.18174507808523044,1.9073826738327417,2.235744084861908,2.7005150874140122,4.082680517081632,1.2492159520489299,1.5089054909228397,2.281186681244316,4.887693045349649e-05,,
