sample_name,porosity,nu,g,all_converged,total_iterations,iterations_x,iterations_y,iterations_z,K_star_xx,K_star_xy,K_star_xz,K_star_yx,K_star_yy,K_star_yz,K_star_zx,K_star_zy,K_star_zz,K_xx,K_xy,K_xz,K_yx,K_yy,K_yz,K_zx,K_zy,K_zz,K_star_eig1,K_star_eig2,K_star_eig3,K_eig1,K_eig2,K_eig3,symmetry_error,error_type,error_message
eps_0.02_coeffs_0.349_0.758_0.825_-20.874_78.223_-2420.591_m_-0.382_rho_0.633_,0.36681652069091797,0.16666666666666666,1e-05,True,57500,20000,17500,20000,0.7278618138980995,-0.001778836654073507,-0.008498019181576442,-0.0017789111781782321,0.7226098838385265,-0.0005369384461515635,-0.008498175173462252,-0.0005370201083137469,0.7254458081026398,0.2669917381178813,-0.0006525066723247179,-0.003117213828950553,-0.0006525340089975208,0.2650652434065167,-0.00019695789264250437,-0.0031172710493513616,-0.00019698784767270856,0.2661055072780217,0.7175742464490901,0.7230275932285948,0.7353156661615814,0.26321808841986244,0.26521846611164146,0.2697259342709159,2.1522361646300587e-07,,
