sample_name,porosity,nu,g,all_converged,total_iterations,iterations_x,iterations_y,iterations_z,K_star_xx,K_star_xy,K_star_xz,K_star_yx,K_star_yy,K_star_yz,K_star_zx,K_star_zy,K_star_zz,K_xx,K_xy,K_xz,K_yx,K_yy,K_yz,K_zx,K_zy,K_zz,K_star_eig1,K_star_eig2,K_star_eig3,K_eig1,K_eig2,K_eig3,symmetry_error,error_type,error_message
eps_0.02_coeffs_0.502_0.215_0.596_49.704_136.561_-1510.16_m_-0.588_rho_0.445_,0.5545778274536133,0.16666666666666666,1e-05,True,32500,10000,10000,12500,6.11531040510547,-0.5323643688693375,-1.06361321268021,-0.5396930354271304,8.50201175366311,0.6553651922319904,-1.064614847120108,0.656281184327051,4.064607941527759,3.3914155586678674,-0.2952374751012712,-0.5898563047391489,-0.29930179107902394,4.715027207331572,0.3634510044967369,-0.5904117889907301,0.36395899340278026,2.254141441663168,3.5792795166425617,6.3150505609278085,8.787600022725966,1.9849890581888503,3.502187020339066,4.873408129134692,0.0009248172249782242,,
