sample_name,porosity,nu,g,all_converged,total_iterations,iterations_x,iterations_y,iterations_z,K_star_xx,K_star_xy,K_star_xz,K_star_yx,K_star_yy,K_star_yz,K_star_zx,K_star_zy,K_star_zz,K_xx,K_xy,K_xz,K_yx,K_yy,K_yz,K_zx,K_zy,K_zz,K_star_eig1,K_star_eig2,K_star_eig3,K_eig1,K_eig2,K_eig3,symmetry_error,error_type,error_message
eps_0.02_coeffs_0.65_-0.589_0.686_56.297_95.465_-2958.865_m_-0.411_rho_0.408_,0.5915508270263672,0.16666666666666666,1e-05,True,35000,10000,12500,12500,2.438202525523108,0.08262459737939302,0.09660611482025713,0.08263223168125758,2.582293021698871,-0.20602315639915522,0.09660390956013941,-0.2060503393546729,2.428129620315431,1.4423207204309718,0.048876648912500556,0.057147427117727294,0.0488811649900823,1.527557572610384,-0.12187316855450286,0.05714612259428085,-0.12188924865432037,1.436362085024812,2.2138244321444795,2.5089371037627557,2.725863631630174,1.3095896737262447,1.4841638186879964,1.6124868856519259,9.280194666911928e-06,,
