sample_name,porosity,nu,g,all_converged,total_iterations,iterations_x,iterations_y,iterations_z,K_star_xx,K_star_xy,K_star_xz,K_star_yx,K_star_yy,K_star_yz,K_star_zx,K_star_zy,K_star_zz,K_xx,K_xy,K_xz,K_yx,K_yy,K_yz,K_zx,K_zy,K_zz,K_star_eig1,K_star_eig2,K_star_eig3,K_eig1,K_eig2,K_eig3,symmetry_error,error_type,error_message
eps_0.02_coeffs_0.86_1.423_0.36_57.968_103.482_-1891.4_m_-0.306_rho_0.523_,0.47680139541625977,0.16666666666666666,1e-05,True,62500,20000,20000,22500,1.4799538591486716,0.007901074915034915,-0.16632769706368128,0.007901846214592131,1.6659077452597884,0.11587358515966448,-0.16632614055010736,0.11584299080774588,1.4129300195037509,0.7056440651937654,0.0037672435447770537,-0.07930527805633616,0.0037676113014822182,0.7943071375746221,0.055248687096012834,-0.07930453590849214,0.05523409966632619,0.6736870049249115,1.2543276833407966,1.5777429713551512,1.7267209692162617,0.5980651897261363,0.752270050350332,0.8233029676168301,1.632825816421005e-05,,
