sample_name,porosity,nu,g,all_converged,total_iterations,iterations_x,iterations_y,iterations_z,K_star_xx,K_star_xy,K_star_xz,K_star_yx,K_star_yy,K_star_yz,K_star_zx,K_star_zy,K_star_zz,K_xx,K_xy,K_xz,K_yx,K_yy,K_yz,K_zx,K_zy,K_zz,K_star_eig1,K_star_eig2,K_star_eig3,K_eig1,K_eig2,K_eig3,symmetry_error,error_type,error_message
eps_0.02_coeffs_0.591_1.333_0.381_74.593_40.209_-4028.335_m_-0.472_rho_0.404_,0.5961222648620605,0.16666666666666666,1e-05,True,35000,10000,12500,12500,4.184512947469314,0.06718320747731664,0.428559757390234,0.06712120680380088,4.585233756835337,0.1555487995612933,0.4285623943791304,0.15571976405238147,3.5785438786893424,2.494481335590024,0.040049405802075715,0.2554740132042015,0.04001244582015653,2.733359932046656,0.09272610269105286,0.2554755851719948,0.09282801843069133,2.1332496818725537,3.3472341191903503,4.3395192608885305,4.661537202915111,1.9953607841553156,2.586884050213406,2.7788461151405124,3.575014009974325e-05,,
