sample_name,porosity,nu,g,all_converged,total_iterations,iterations_x,iterations_y,iterations_z,K_star_xx,K_star_xy,K_star_xz,K_star_yx,K_star_yy,K_star_yz,K_star_zx,K_star_zy,K_star_zz,K_xx,K_xy,K_xz,K_yx,K_yy,K_yz,K_zx,K_zy,K_zz,K_star_eig1,K_star_eig2,K_star_eig3,K_eig1,K_eig2,K_eig3,symmetry_error,error_type,error_message
eps_0.02_coeffs_0.581_1.084_0.551_119.945_144.609_-437.855_m_-0.305_rho_0.608_,0.39232873916625977,0.16666666666666666,1e-05,True,32500,10000,10000,12500,16.67086970371945,3.378387507453769,-4.30056636523417,3.393992944671087,14.72601315456824,0.40581107719679443,-4.294783438289022,0.38894868702250485,32.79917779335533,6.540461291665251,1.32543851121438,-1.6872357797731465,1.3315609727219888,5.7774381738775125,0.15921134825632008,-1.684966971336066,0.15259574797991152,12.868060069357082,11.742120150820744,18.57173121751152,33.88220928331075,4.606771193910236,7.286223892700961,13.292964448288643,0.0008297051087120351,,
