sample_name,porosity,nu,g,all_converged,total_iterations,iterations_x,iterations_y,iterations_z,K_star_xx,K_star_xy,K_star_xz,K_star_yx,K_star_yy,K_star_yz,K_star_zx,K_star_zy,K_star_zz,K_xx,K_xy,K_xz,K_yx,K_yy,K_yz,K_zx,K_zy,K_zz,K_star_eig1,K_star_eig2,K_star_eig3,K_eig1,K_eig2,K_eig3,symmetry_error,error_type,error_message
eps_0.02_coeffs_0.458_-0.412_0.381_32.486_128.278_451.082_m_-0.252_rho_0.614_,0.3855113983154297,0.16666666666666666,1e-05,True,230000,92500,77500,60000,0.16663261025844184,-1.0969911799830415e-08,-2.4161953569426124e-08,-1.1029220360722121e-08,0.16663211309901424,-1.065365053830302e-07,-1.957543096360912e-08,-1.057169574805557e-07,0.16663004557036687,0.06423877058568192,-4.229026037349555e-09,-9.314708506581953e-09,-4.251890163590992e-09,0.06423857892505581,-4.1071037161851273e-08,-7.546551763408111e-09,-4.075509210398185e-08,0.0642377818691959,0.1666300400215274,0.16663211828656851,0.16663261061972703,0.06423777973005504,0.06423858092491706,0.06423877072496148,2.2831823900687183e-08,,
