sample_name,porosity,nu,g,all_converged,total_iterations,iterations_x,iterations_y,iterations_z,K_star_xx,K_star_xy,K_star_xz,K_star_yx,K_star_yy,K_star_yz,K_star_zx,K_star_zy,K_star_zz,K_xx,K_xy,K_xz,K_yx,K_yy,K_yz,K_zx,K_zy,K_zz,K_star_eig1,K_star_eig2,K_star_eig3,K_eig1,K_eig2,K_eig3,symmetry_error,error_type,error_message
eps_0.02_coeffs_0.441_0.737_0.731_-21.158_124.44_358.473_m_-0.394_rho_0.568_,0.4322037696838379,0.16666666666666666,1e-05,True,55000,20000,15000,20000,0.9133707796724554,-0.0019353289726803207,-0.02046778116371077,-0.0019359166006346993,0.9414869656447039,0.003827755096441219,-0.020467920897993222,0.0038286260801430475,0.901004307616778,0.39476229409350133,-0.0008364564775707839,-0.008846252176019646,-0.0008367104525878379,0.406914215659839,0.0016543701821084174,-0.008846312569703274,0.0016547466245476808,0.3894174582533477,0.8857395316659816,0.9275215781832491,0.9426009430847067,0.3828199645440343,0.4008783225539028,0.4073956809087511,9.417708229340497e-07,,
