sample_name,porosity,nu,g,all_converged,total_iterations,iterations_x,iterations_y,iterations_z,K_star_xx,K_star_xy,K_star_xz,K_star_yx,K_star_yy,K_star_yz,K_star_zx,K_star_zy,K_star_zz,K_xx,K_xy,K_xz,K_yx,K_yy,K_yz,K_zx,K_zy,K_zz,K_star_eig1,K_star_eig2,K_star_eig3,K_eig1,K_eig2,K_eig3,symmetry_error,error_type,error_message
eps_0.02_coeffs_0.411_0.55_0.849_38.513_78.036_-3233.997_m_-0.262_rho_0.482_,0.51763916015625,0.16666666666666666,1e-05,True,47500,15000,15000,17500,1.5459606719682715,-0.03821134754471873,-0.017385287146394788,-0.0382116999926008,1.535065577983173,-0.008111792144826359,-0.01738908654370124,-0.008110776902685884,1.6070083640826733,0.800249783872248,-0.019779689851486787,-0.008999305437535045,-0.019779872292312463,0.7946100565719781,-0.0041989812732099825,-0.009001272154365856,-0.0041984557441210315,0.8318504599478243,1.499050964976883,1.5773009005281766,1.6116827485290581,0.7759674825420502,0.8164727134631022,0.8342701043868983,2.062126990933605e-06,,
