sample_name,porosity,nu,g,all_converged,total_iterations,iterations_x,iterations_y,iterations_z,K_star_xx,K_star_xy,K_star_xz,K_star_yx,K_star_yy,K_star_yz,K_star_zx,K_star_zy,K_star_zz,K_xx,K_xy,K_xz,K_yx,K_yy,K_yz,K_zx,K_zy,K_zz,K_star_eig1,K_star_eig2,K_star_eig3,K_eig1,K_eig2,K_eig3,symmetry_error,error_type,error_message
eps_0.02_coeffs_0.64_-0.199_0.826_64.734_108.072_-969.305_m_-0.56_rho_0.507_,0.4928922653198242,0.16666666666666666,1e-05,True,30000,10000,10000,10000,7.644852932735696,-0.21135235146323722,0.32900398639487155,-0.21067061994153083,8.156363065634345,-0.8194976831064269,0.3296407894175124,-0.8210999801738834,5.210590292382104,3.768088880052999,-0.10417393929338666,0.16216352015342086,-0.10383791909931286,4.020208268191459,-0.4039240694506742,0.16247739543781284,-0.40471382928196814,2.5682596528657005,4.970471246559676,7.569564829261844,8.471770214930627,2.4499068324238484,3.7309799561801387,4.175670012506173,0.00021144918302846665,,
