sample_name,porosity,nu,g,all_converged,total_iterations,iterations_x,iterations_y,iterations_z,K_star_xx,K_star_xy,K_star_xz,K_star_yx,K_star_yy,K_star_yz,K_star_zx,K_star_zy,K_star_zz,K_xx,K_xy,K_xz,K_yx,K_yy,K_yz,K_zx,K_zy,K_zz,K_star_eig1,K_star_eig2,K_star_eig3,K_eig1,K_eig2,K_eig3,symmetry_error,error_type,error_message
eps_0.02_coeffs_0.558_-0.28_0.607_70.8_70.402_-1768.427_m_-0.279_rho_0.452_,0.5477995872497559,0.16666666666666666,1e-05,True,42500,15000,12500,15000,2.231879955225177,-0.2436233908689017,-0.48628120766738053,-0.24362839769559147,4.0453851313922335,0.46509761518872805,-0.486305733375378,0.46488654835480236,2.256664877428961,1.2226229182633555,-0.13345679296237029,-0.26638464484750385,-0.13345953569996438,2.216060305242965,0.254780281631231,-0.2663980800202219,0.2546646593067244,1.2362000884166056,1.7467790258123472,2.563227770474814,4.223923167759212,0.9568848293565344,1.404135114693215,2.3138633678731764,5.735790968379208e-05,,
