sample_name,porosity,nu,g,all_converged,total_iterations,iterations_x,iterations_y,iterations_z,K_star_xx,K_star_xy,K_star_xz,K_star_yx,K_star_yy,K_star_yz,K_star_zx,K_star_zy,K_star_zz,K_xx,K_xy,K_xz,K_yx,K_yy,K_yz,K_zx,K_zy,K_zz,K_star_eig1,K_star_eig2,K_star_eig3,K_eig1,K_eig2,K_eig3,symmetry_error,error_type,error_message
eps_0.02_coeffs_0.93_0.655_0.588_8.767_55.009_685.572_m_-0.448_rho_0.493_,0.506861686706543,0.16666666666666666,1e-05,True,45000,15000,15000,15000,50.275959379184634,-19.83131883954028,4.178363181177581,-19.869355486595072,33.97896329241225,12.05757390658403,4.085294565346233,11.910601707632322,52.98623813448354,25.482957571723162,-10.051735716624629,2.1178522096841856,-10.071015035707482,17.222634646931784,6.111522247879982,2.070679294084465,6.03702767122035,26.856694033078877,16.562582912568526,55.83976452826579,64.83881336524612,8.394938711281448,28.303037234092976,32.864310306359386,0.002888839818967476,,
