sample_name,porosity,nu,g,all_converged,total_iterations,iterations_x,iterations_y,iterations_z,K_star_xx,K_star_xy,K_star_xz,K_star_yx,K_star_yy,K_star_yz,K_star_zx,K_star_zy,K_star_zz,K_xx,K_xy,K_xz,K_yx,K_yy,K_yz,K_zx,K_zy,K_zz,K_star_eig1,K_star_eig2,K_star_eig3,K_eig1,K_eig2,K_eig3,symmetry_error,error_type,error_message
eps_0.02_coeffs_0.077_1.393_0.809_44.05_67.122_-3590.181_m_-0.594_rho_0.441_,0.5585188865661621,0.16666666666666666,1e-05,True,67500,25000,25000,17500,2.3448933444703903,0.1374844298735714,0.051084103804868324,0.13744725956748388,1.808797606590956,0.30238411520430736,0.05107705225404056,0.3023704537835212,2.0693623154392875,1.3096672198700063,0.0767876506931707,0.0285314367783253,0.07676689037520137,1.0102476252567196,0.16888723933920383,0.02852749835400841,0.16887960917767741,1.155777936321126,1.5994511957182291,2.186703472152622,2.436898598629783,0.8933237009494617,1.2213151885170432,1.3610538919813469,1.5610971594642602e-05,,
