sample_name,porosity,nu,g,all_converged,total_iterations,iterations_x,iterations_y,iterations_z,K_star_xx,K_star_xy,K_star_xz,K_star_yx,K_star_yy,K_star_yz,K_star_zx,K_star_zy,K_star_zz,K_xx,K_xy,K_xz,K_yx,K_yy,K_yz,K_zx,K_zy,K_zz,K_star_eig1,K_star_eig2,K_star_eig3,K_eig1,K_eig2,K_eig3,symmetry_error,error_type,error_message
eps_0.02_coeffs_0.924_0.859_0.442_28.371_35.839_258.855_m_-0.595_rho_0.309_,0.6911001205444336,0.16666666666666666,1e-05,True,62500,22500,20000,20000,103.22620669703302,6.32574205370712,-0.2565619028795093,6.368228129258413,38.84535065045093,2.301894301310738,0.1046681397160252,1.8982695128931868,118.07170904944087,71.33964389166414,4.371721095849983,-0.17730996200713814,4.401083227784942,26.84602651711743,1.5908394291163959,0.07233616397490664,1.3118942891863046,81.59937235695588,38.177290223837595,103.84421577827302,118.1217603948142,26.38432987575399,71.76675004220667,81.63396284777679,0.0047475227653199425,,
