sample_name,porosity,nu,g,all_converged,total_iterations,iterations_x,iterations_y,iterations_z,K_star_xx,K_star_xy,K_star_xz,K_star_yx,K_star_yy,K_star_yz,K_star_zx,K_star_zy,K_star_zz,K_xx,K_xy,K_xz,K_yx,K_yy,K_yz,K_zx,K_zy,K_zz,K_star_eig1,K_star_eig2,K_star_eig3,K_eig1,K_eig2,K_eig3,symmetry_error,error_type,error_message
eps_0.02_coeffs_0.374_-0.299_0.525_48.127_37.366_-2948.45_m_-0.249_rho_0.658_,0.3422718048095703,0.16666666666666666,1e-05,True,77500,27500,25000,25000,0.8249461276172794,0.025388178491349105,0.06998992691921381,0.0253880161334143,0.8608446169592618,-0.030073768238730113,0.06998899990761137,-0.030074992681254575,0.846983855923556,0.2823557999702323,0.008689657673061572,0.02395557860512924,0.008689602102518202,0.2946428407072498,-0.010293402932494889,0.023955261315194994,-0.010293822024647622,0.28989869301152454,0.7513087336669217,0.8735410327703955,0.9079248340627795,0.25715179624137025,0.29898846586153943,0.3107570715860971,1.4888427272610464e-06,,
