sample_name,porosity,nu,g,all_converged,total_iterations,iterations_x,iterations_y,iterations_z,K_star_xx,K_star_xy,K_star_xz,K_star_yx,K_star_yy,K_star_yz,K_star_zx,K_star_zy,K_star_zz,K_xx,K_xy,K_xz,K_yx,K_yy,K_yz,K_zx,K_zy,K_zz,K_star_eig1,K_star_eig2,K_star_eig3,K_eig1,K_eig2,K_eig3,symmetry_error,error_type,error_message
eps_0.02_coeffs_0.417_0.409_0.443_42.602_122.274_-772.887_m_-0.373_rho_0.552_,0.4481778144836426,0.16666666666666666,1e-05,True,172500,55000,62500,55000,0.6198896945041723,-0.044717717705704756,0.024531152991171215,-0.04471579935247512,0.43384108017397477,-0.04362030133906747,0.024530527914008726,-0.043619815973026034,0.6671623506657958,0.2778208085038128,-0.020041488990039245,0.010994318534346986,-0.02004062922668138,0.19443794714559476,-0.019549651321261165,0.010994038388630419,-0.019549433790969493,0.2990073642271659,0.41801295536864336,0.6119964888950622,0.6908836810802372,0.187344132762967,0.2742832488646518,0.30963873824895466,2.8964873151232073e-06,,
