sample_name,porosity,nu,g,all_converged,total_iterations,iterations_x,iterations_y,iterations_z,K_star_xx,K_star_xy,K_star_xz,K_star_yx,K_star_yy,K_star_yz,K_star_zx,K_star_zy,K_star_zz,K_xx,K_xy,K_xz,K_yx,K_yy,K_yz,K_zx,K_zy,K_zz,K_star_eig1,K_star_eig2,K_star_eig3,K_eig1,K_eig2,K_eig3,symmetry_error,error_type,error_message
eps_0.02_coeffs_0.515_1.123_0.316_-18.584_26.527_277.7_m_-0.434_rho_0.586_,0.41439104080200195,0.16666666666666666,1e-05,True,32500,10000,10000,12500,3.37190416999798,0.8326172829213306,-0.8323299373452011,0.8324011122713779,1.2955720619799762,-1.1289142154515053,-0.8324011119263686,-1.1289135907130081,1.2955738388097626,1.3972868784900734,0.3450291424595051,-0.34491006902714294,0.34493956327888037,0.5368734551978781,-0.46781193671712473,-0.34493956313591156,-0.4678116778310887,0.5368741915002226,0.16665935968142875,1.6292653875370102,4.1671253235692785,0.06906214551778252,0.6751529796841386,1.7268193999862524,7.188417570819762e-05,,
