sample_name,porosity,nu,g,all_converged,total_iterations,iterations_x,iterations_y,iterations_z,K_star_xx,K_star_xy,K_star_xz,K_star_yx,K_star_yy,K_star_yz,K_star_zx,K_star_zy,K_star_zz,K_xx,K_xy,K_xz,K_yx,K_yy,K_yz,K_zx,K_zy,K_zz,K_star_eig1,K_star_eig2,K_star_eig3,K_eig1,K_eig2,K_eig3,symmetry_error,error_type,error_message
eps_0.02_coeffs_0.584_-0.417_0.48_53.169_139.625_-3124.902_m_-0.401_rho_0.643_,0.3568282127380371,0.16666666666666666,1e-05,True,112500,35000,40000,37500,0.4006036345452182,-0.007253850512911058,-0.0029811608645603505,-0.007253812760348129,0.4204736718540071,-0.005924824660079222,-0.0029812188195542837,-0.005924858424779872,0.3990350310597677,0.142946678931132,-0.0025883785139909467,-0.0010637623031856513,-0.0025883650428113903,0.15003686883106523,-0.002114144594242317,-0.0010637829831625558,-0.0021141566424401036,0.14238695695292403,0.393585574177527,0.40275847420873334,0.42376828907273273,0.14044243699324108,0.14371558651700117,0.15121248120487907,1.544462162807677e-07,,
