sample_name,porosity,nu,g,all_converged,total_iterations,iterations_x,iterations_y,iterations_z,K_star_xx,K_star_xy,K_star_xz,K_star_yx,K_star_yy,K_star_yz,K_star_zx,K_star_zy,K_star_zz,K_xx,K_xy,K_xz,K_yx,K_yy,K_yz,K_zx,K_zy,K_zz,K_star_eig1,K_star_eig2,K_star_eig3,K_eig1,K_eig2,K_eig3,symmetry_error,error_type,error_message
eps_0.02_coeffs_0.806_1.25_0.755_95.396_118.057_-3250.071_m_-0.373_rho_0.653_,0.3468480110168457,0.16666666666666666,1e-05,True,217500,87500,62500,67500,0.2903308577427241,0.02482461009618186,-0.017500852522766834,0.024824846017716628,0.4254768466927128,0.017881711344010565,-0.017500585366522707,0.017881635210243246,0.48151593480857247,0.10070068054487863,0.008610366636129385,-0.006070135888620823,0.008610448465044475,0.14757579800908682,0.006202236013247431,-0.006070043226008916,0.006202209606401665,0.1670128442612705,0.28380265209597577,0.42626049456878545,0.48726049257924786,0.09843638540079502,0.14784760471624017,0.16900533269820064,7.291554090338401e-07,,
