sample_name,porosity,nu,g,all_converged,total_iterations,iterations_x,iterations_y,iterations_z,K_star_xx,K_star_xy,K_star_xz,K_star_yx,K_star_yy,K_star_yz,K_star_zx,K_star_zy,K_star_zz,K_xx,K_xy,K_xz,K_yx,K_yy,K_yz,K_zx,K_zy,K_zz,K_star_eig1,K_star_eig2,K_star_eig3,K_eig1,K_eig2,K_eig3,symmetry_error,error_type,error_message
eps_0.02_coeffs_0.824_0.061_0.616_112.684_125.49_-3171.617_m_-0.232_rho_0.553_,0.44717979431152344,0.16666666666666666,1e-05,True,120000,37500,47500,35000,0.7117361441646608,0.008334720593034695,-0.014367317804726268,0.008336803519679829,0.6599325203083638,0.03697822796464149,-0.01436552543130857,0.03697867488381481,0.7183733535969419,0.3182740225516298,0.0037271186404372733,-0.006424774220725781,0.0037280500831460106,0.2951084886909794,0.016535916375233006,-0.006423972707549525,0.016536116228457003,0.32124204850035976,0.6393717547235016,0.71105605201107,0.7396142113353946,0.2859141297658533,0.3179698990822742,0.33074053089484146,3.2568913197145753e-06,,
