sample_name,porosity,nu,g,all_converged,total_iterations,iterations_x,iterations_y,iterations_z,K_star_xx,K_star_xy,K_star_xz,K_star_yx,K_star_yy,K_star_yz,K_star_zx,K_star_zy,K_star_zz,K_xx,K_xy,K_xz,K_yx,K_yy,K_yz,K_zx,K_zy,K_zz,K_star_eig1,K_star_eig2,K_star_eig3,K_eig1,K_eig2,K_eig3,symmetry_error,error_type,error_message
eps_0.02_coeffs_0.302_0.245_0.264_59.483_119.519_-70.185_m_-0.601_rho_0.512_,0.4879021644592285,0.16666666666666666,1e-05,True,52500,12500,20000,20000,4.904290761647391,-0.27254342047329666,0.4358730627361497,-0.27224236371064237,2.5134586649923163,-0.4175741501314637,0.4347023699191582,-0.4179471030630791,2.249305399471213,2.3928140777451605,-0.13297452475804306,0.21266341073844053,-0.13282763851191895,1.226321922928554,-0.20373533167136398,0.21209222717911352,-0.20391729621394053,1.0974409729318344,1.9298234529668858,2.717996816781962,5.01923455636207,0.9415650397267258,1.3261165299012128,2.44889540397761,0.00029690938587007405,,
