sample_name,porosity,nu,g,all_converged,total_iterations,iterations_x,iterations_y,iterations_z,K_star_xx,K_star_xy,K_star_xz,K_star_yx,K_star_yy,K_star_yz,K_star_zx,K_star_zy,K_star_zz,K_xx,K_xy,K_xz,K_yx,K_yy,K_yz,K_zx,K_zy,K_zz,K_star_eig1,K_star_eig2,K_star_eig3,K_eig1,K_eig2,K_eig3,symmetry_error,error_type,error_message
eps_0.02_coeffs_0.931_1.406_0.771_50.948_143.778_260.337_m_-0.368_rho_0.417_,0.5826621055603027,0.16666666666666666,1e-05,True,55000,30000,12500,12500,0.16666113387564588,-1.3209268453621813e-11,9.829661038185676e-10,1.9036238722109556e-13,17.62207349632589,-14.374222304482503,2.1941284941091106e-13,-14.349548381761101,30.973415472667348,0.09710712717905133,-7.696540170098569e-12,5.727370997453338e-10,1.1091694935772921e-13,10.267714447707649,-8.375314633721642,1.2784355282474706e-13,-8.360938073956358,18.047035475698415,0.16666113387564588,8.471370234441515,40.12411873455172,0.09710712717905133,4.9359464177805705,23.378803505625495,0.0008507122621371203,,
