sample_name,porosity,nu,g,all_converged,total_iterations,iterations_x,iterations_y,iterations_z,K_star_xx,K_star_xy,K_star_xz,K_star_yx,K_star_yy,K_star_yz,K_star_zx,K_star_zy,K_star_zz,K_xx,K_xy,K_xz,K_yx,K_yy,K_yz,K_zx,K_zy,K_zz,K_star_eig1,K_star_eig2,K_star_eig3,K_eig1,K_eig2,K_eig3,symmetry_error,error_type,error_message
eps_0.02_coeffs_0.687_1.15_0.753_87.161_137.679_-2461.879_m_-0.401_rho_0.363_,0.637143611907959,0.16666666666666666,1e-05,True,112500,37500,37500,37500,0.8435868071280123,0.11525047078221798,-0.07201355183916816,0.11526697116138976,0.9204204538638732,-0.22138660029010834,-0.07200972943794816,-0.22138503220012748,0.9228692224625351,0.5374859452514444,0.07343110122827506,-0.04588297452512864,0.07344161433945842,0.5864400124487911,-0.14105505813686323,-0.04588053910660917,-0.14105405903834903,0.5880002297184693,0.6917773327523596,0.8017175776369153,1.193381573065146,0.44076150842589257,0.5108092331456835,0.7603554458471291,1.5077518941565861e-05,,
