sample_name,porosity,nu,g,all_converged,total_iterations,iterations_x,iterations_y,iterations_z,K_star_xx,K_star_xy,K_star_xz,K_star_yx,K_star_yy,K_star_yz,K_star_zx,K_star_zy,K_star_zz,K_xx,K_xy,K_xz,K_yx,K_yy,K_yz,K_zx,K_zy,K_zz,K_star_eig1,K_star_eig2,K_star_eig3,K_eig1,K_eig2,K_eig3,symmetry_error,error_type,error_message
eps_0.02_coeffs_0.31_0.725_0.616_16.204_16.712_-1742.464_m_-0.34_rho_0.556_,0.4439883232116699,0.16666666666666666,1e-05,True,35000,10000,12500,12500,2.7190805585348814,-0.08059792658788989,-0.5584292758390266,-0.08062647639029624,2.601657691640173,0.5452967377016383,-0.5584408050595195,0.5453181358772776,2.826672182591484,1.207240017861353,-0.0357845382800945,-0.2479360778120765,-0.03579721405899292,1.1551056360820642,0.2421053842249442,-0.24794119665135111,0.24211488476506607,1.2550094426178642,1.9999107784648158,2.5797682505691473,3.5677314037325765,0.8879370331035388,1.145386979844899,1.5840310836128435,1.0965709035533293e-05,,
