sample_name,porosity,nu,g,all_converged,total_iterations,iterations_x,iterations_y,iterations_z,K_star_xx,K_star_xy,K_star_xz,K_star_yx,K_star_yy,K_star_yz,K_star_zx,K_star_zy,K_star_zz,K_xx,K_xy,K_xz,K_yx,K_yy,K_yz,K_zx,K_zy,K_zz,K_star_eig1,K_star_eig2,K_star_eig3,K_eig1,K_eig2,K_eig3,symmetry_error,error_type,error_message
eps_0.02_coeffs_0.817_0.065_0.519_61.096_115.291_-2236.772_m_-0.549_rho_0.432_,0.5677676200866699,0.16666666666666666,1e-05,True,35000,12500,10000,12500,2.4862664979315934,-0.007975023479771368,-0.0701037665765245,-0.007841638834337106,4.159143634004242,-0.26816075558834296,-0.07014812620899194,-0.26824788793749504,2.999857410177478,1.4116216124318401,-0.004527960101245103,-0.039802648708264755,-0.004452228618550787,2.361427082677212,-0.15225299400103665,-0.03982783467121871,-0.1523024649275473,1.703221902375828,2.475642414910061,2.951388491520269,4.2182366356829855,1.4055896020991017,1.67570281978165,2.394978175604129,4.094261589978268e-05,,
