sample_name,porosity,nu,g,all_converged,total_iterations,iterations_x,iterations_y,iterations_z,K_star_xx,K_star_xy,K_star_xz,K_star_yx,K_star_yy,K_star_yz,K_star_zx,K_star_zy,K_star_zz,K_xx,K_xy,K_xz,K_yx,K_yy,K_yz,K_zx,K_zy,K_zz,K_star_eig1,K_star_eig2,K_star_eig3,K_eig1,K_eig2,K_eig3,symmetry_error,error_type,error_message
eps_0.02_coeffs_0.558_-0.67_0.71_28.402_124.087_-2018.186_m_-0.406_rho_0.301_,0.6988515853881836,0.16666666666666666,1e-05,True,37500,12500,12500,12500,2.4436210488718535,0.06141307126243835,0.025995050573701724,0.06140113194060649,2.763965875718078,-0.06646539514125023,0.025984964636327577,-0.06639060102004782,2.120316046717601,1.7077284440920308,0.042918622215312535,0.018166682305677462,0.04291027840132189,1.931601934204418,-0.0464494467679148,0.018159633732353412,-0.04639717677773478,1.4817862307726015,2.110401169412828,2.4365856214416644,2.7809161804530382,1.4748572030492315,1.70281172447856,1.9434476815412587,2.5382428731890117e-05,,
