sample_name,porosity,nu,g,all_converged,total_iterations,iterations_x,iterations_y,iterations_z,K_star_xx,K_star_xy,K_star_xz,K_star_yx,K_star_yy,K_star_yz,K_star_zx,K_star_zy,K_star_zz,K_xx,K_xy,K_xz,K_yx,K_yy,K_yz,K_zx,K_zy,K_zz,K_star_eig1,K_star_eig2,K_star_eig3,K_eig1,K_eig2,K_eig3,symmetry_error,error_type,error_message
eps_0.02_coeffs_0.694_1.208_0.76_68.527_135.66_-1561.963_m_-0.385_rho_0.363_,0.636871337890625,0.16666666666666666,1e-05,True,107500,35000,35000,37500,1.4044088100417493,-0.14759025512814497,-0.03552963450965076,-0.14751347728948616,1.325369690807547,-0.688792605111608,-0.03552688164316601,-0.6887980479249529,1.3953558289389214,0.8944277177966695,-0.09399600324308037,-0.022627805864926197,-0.09394710563825338,0.8440899681842864,-0.43867226794659875,-0.022626052643165022,-0.4386757343184156,0.8886621336098129,0.6477347764317587,1.4183851522851598,2.059014401071299,0.4125237136643791,0.9033288495800476,1.3113272563463425,4.21719541312486e-05,,
