sample_name,porosity,nu,g,all_converged,total_iterations,iterations_x,iterations_y,iterations_z,K_star_xx,K_star_xy,K_star_xz,K_star_yx,K_star_yy,K_star_yz,K_star_zx,K_star_zy,K_star_zz,K_xx,K_xy,K_xz,K_yx,K_yy,K_yz,K_zx,K_zy,K_zz,K_star_eig1,K_star_eig2,K_star_eig3,K_eig1,K_eig2,K_eig3,symmetry_error,error_type,error_message
eps_0.02_coeffs_0.702_-0.433_0.489_115.155_71.479_-4165.803_m_-0.387_rho_0.4_,0.6003069877624512,0.16666666666666666,1e-05,True,40000,12500,15000,12500,2.540997524818118,0.08456525975611215,-0.05295860506953872,0.08452081432420078,2.581463123529847,0.048309940073153215,-0.052937515194839135,0.04826100483695857,2.7615178363168593,1.5253785700354086,0.05076511635354092,-0.03179142068539607,0.050738435450190404,1.5496703517060508,0.02900079460429914,-0.03177876028624287,0.028971418440063686,1.6577584539716554,2.4575196254155975,2.6479569200160467,2.778501939233182,1.4752662037003443,1.5895870423795708,1.6679541296332,2.1531551966250756e-05,,
