sample_name,porosity,nu,g,all_converged,total_iterations,iterations_x,iterations_y,iterations_z,K_star_xx,K_star_xy,K_star_xz,K_star_yx,K_star_yy,K_star_yz,K_star_zx,K_star_zy,K_star_zz,K_xx,K_xy,K_xz,K_yx,K_yy,K_yz,K_zx,K_zy,K_zz,K_star_eig1,K_star_eig2,K_star_eig3,K_eig1,K_eig2,K_eig3,symmetry_error,error_type,error_message
eps_0.02_coeffs_0.552_0.595_0.607_60.663_80.131_-1783.017_m_-0.386_rho_0.317_,0.683293342590332,0.16666666666666666,1e-05,True,45000,12500,15000,17500,2.9927235352274097,-0.6975177033447177,0.47928513435068926,-0.6972853415762555,2.950665739431673,-0.3653347891673286,0.4793267104210793,-0.3653305667545556,2.161483453760881,2.044908067834292,-0.4766092030343438,0.3274923415043388,-0.47645043178488106,2.0161702559630417,-0.24963082925467817,0.32752075015644744,-0.24962794410814074,1.4769272540739677,1.9391982102380552,2.287404330999758,3.8782701871821508,1.3250412270187502,1.5629681511844273,2.6499961996681254,6.81050635392144e-05,,
