sample_name,porosity,nu,g,all_converged,total_iterations,iterations_x,iterations_y,iterations_z,K_star_xx,K_star_xy,K_star_xz,K_star_yx,K_star_yy,K_star_yz,K_star_zx,K_star_zy,K_star_zz,K_xx,K_xy,K_xz,K_yx,K_yy,K_yz,K_zx,K_zy,K_zz,K_star_eig1,K_star_eig2,K_star_eig3,K_eig1,K_eig2,K_eig3,symmetry_error,error_type,error_message
eps_0.02_coeffs_0.576_1.263_0.588_78.172_135.218_-1996.322_m_-0.381_rho_0.345_,0.6552224159240723,0.16666666666666666,1e-05,True,117500,40000,42500,35000,0.6807277946100503,0.03209579042527988,0.02730237578531458,0.03207309891484924,1.0082683515333246,-0.05487083323581169,0.027291707495897374,-0.054905108279584836,0.9917899668248006,0.4460281101710628,0.02102988134344459,0.01788912862252071,0.02101501335715926,0.6606400251914467,-0.03595259991653542,0.01788213852015499,-0.03597505769352236,0.6498430181522014,0.6742118707856893,0.9509078326092776,1.0556664095732082,0.4417587308208878,0.6230561274033745,0.6916962952904485,3.818927565133031e-05,,
