sample_name,porosity,nu,g,all_converged,total_iterations,iterations_x,iterations_y,iterations_z,K_star_xx,K_star_xy,K_star_xz,K_star_yx,K_star_yy,K_star_yz,K_star_zx,K_star_zy,K_star_zz,K_xx,K_xy,K_xz,K_yx,K_yy,K_yz,K_zx,K_zy,K_zz,K_star_eig1,K_star_eig2,K_star_eig3,K_eig1,K_eig2,K_eig3,symmetry_error,error_type,error_message
eps_0.02_coeffs_0.512_0.788_0.932_27.189_101.829_-1520.052_m_-0.491_rho_0.345_,0.654667854309082,0.16666666666666666,1e-05,True,22500,7500,7500,7500,7.364729911953817,0.5761527991425489,2.084115561549598,0.5798376829191507,6.820585296956085,1.53749582593544,2.0845202109004006,1.5322858575167775,8.640100289472542,4.82145192902472,0.37718871676882404,1.3644034628118429,0.3796010917242303,4.465217941490313,1.0065490933743244,1.3646683737340803,1.0031382945286604,5.656395917524268,5.551759375838559,6.462200991091113,10.811455131452764,3.6345583982205594,4.230595256951644,7.077912132867099,0.0006569318989366872,,
