sample_name,porosity,nu,g,all_converged,total_iterations,iterations_x,iterations_y,iterations_z,K_star_xx,K_star_xy,K_star_xz,K_star_yx,K_star_yy,K_star_yz,K_star_zx,K_star_zy,K_star_zz,K_xx,K_xy,K_xz,K_yx,K_yy,K_yz,K_zx,K_zy,K_zz,K_star_eig1,K_star_eig2,K_star_eig3,K_eig1,K_eig2,K_eig3,symmetry_error,error_type,error_message
eps_0.02_coeffs_0.646_-0.37_0.464_93.88_144.61_-1064.253_m_-0.453_rho_0.412_,0.5875868797302246,0.16666666666666666,1e-05,True,50000,17500,15000,17500,1.7550436679171852,-0.6665231449311219,-0.27682793286711116,-0.6665071615080018,2.604336594725703,0.034889652053432564,-0.27689684288053207,0.03514594281373006,1.6137586894323128,1.0312406326217474,-0.39164025499805416,-0.16266046129555395,-0.39163086334833563,1.5302740134621142,0.020500701784949664,-0.1627009519153221,0.020651294873096557,0.9482234329610693,1.2449692703699247,1.7381856798658561,2.989984001839419,0.7315276089366783,1.0213351000241375,1.7568753700841149,0.00010229251985780301,,
