sample_name,porosity,nu,g,all_converged,total_iterations,iterations_x,iterations_y,iterations_z,K_star_xx,K_star_xy,K_star_xz,K_star_yx,K_star_yy,K_star_yz,K_star_zx,K_star_zy,K_star_zz,K_xx,K_xy,K_xz,K_yx,K_yy,K_yz,K_zx,K_zy,K_zz,K_star_eig1,K_star_eig2,K_star_eig3,K_eig1,K_eig2,K_eig3,symmetry_error,error_type,error_message
eps_0.02_coeffs_0.995_1.402_0.893_37.16_56.947_-1995.349_m_-0.51_rho_0.319_,0.6807241439819336,0.16666666666666666,1e-05,True,30000,10000,10000,10000,15.219529947803984,-1.3162079718661515,5.628133550725927,-1.319889685337153,12.271736085148843,0.3943983526697528,5.64479069995763,0.38757458082939195,14.433251972206273,10.36030149552627,-0.8959745449507829,3.831206393533907,-0.8984807762017171,8.353667041735152,0.26847648100900223,3.8425453171858375,0.26383137476424456,9.82506309365567,8.76368011266736,12.615721186478497,20.54511670601324,5.965648642826985,8.587826005380322,13.985556982709788,0.0010130563100322469,,
