sample_name,porosity,nu,g,all_converged,total_iterations,iterations_x,iterations_y,iterations_z,K_star_xx,K_star_xy,K_star_xz,K_star_yx,K_star_yy,K_star_yz,K_star_zx,K_star_zy,K_star_zz,K_xx,K_xy,K_xz,K_yx,K_yy,K_yz,K_zx,K_zy,K_zz,K_star_eig1,K_star_eig2,K_star_eig3,K_eig1,K_eig2,K_eig3,symmetry_error,error_type,error_message
eps_0.02_coeffs_0.638_0.828_0.716_24.845_135.518_-726.829_m_-0.578_rho_0.449_,0.5511579513549805,0.16666666666666666,1e-05,True,35000,12500,10000,12500,11.798648327714973,2.1642499237632076,-1.732482044432743,2.1643876078949047,15.8029944860825,0.058956696297309694,-1.7370237417268963,0.061478217429642754,13.558933831641752,6.502918841061251,1.1928435542015021,-0.9548712543688388,1.1929194399054623,8.709946066223283,0.03249445194988297,-0.9573744469451588,0.03388420837147795,7.473114193205404,10.08659643165305,14.183645631868046,16.890334581918133,5.55930782541435,7.817429069205412,9.30924220587018,0.0003030215487024204,,
