sample_name,porosity,nu,g,all_converged,total_iterations,iterations_x,iterations_y,iterations_z,K_star_xx,K_star_xy,K_star_xz,K_star_yx,K_star_yy,K_star_yz,K_star_zx,K_star_zy,K_star_zz,K_xx,K_xy,K_xz,K_yx,K_yy,K_yz,K_zx,K_zy,K_zz,K_star_eig1,K_star_eig2,K_star_eig3,K_eig1,K_eig2,K_eig3,symmetry_error,error_type,error_message
eps_0.02_coeffs_0.403_0.313_0.807_69.182_111.99_-2455.787_m_-0.301_rho_0.56_,0.4400448799133301,0.16666666666666666,1e-05,True,235000,90000,77500,67500,0.40567865996644664,-0.002927923571690015,0.024772484723521847,-0.0029279771173413584,0.35932484374970625,-0.0020425827343749357,0.024772538124459804,-0.0020424710533860535,0.35567315038085295,0.17851681720833568,-0.001288417776499741,0.010901005065316976,-0.0012884413389894565,0.1581190577177156,-0.00089882807406106,0.010901028564126305,-0.0008987789294137187,0.15651214874773822,0.34543534348873856,0.35915458964665686,0.4160867209616102,0.1520070542433219,0.15804413827138458,0.1830968311590831,2.9381752701660004e-07,,
