sample_name,porosity,nu,g,all_converged,total_iterations,iterations_x,iterations_y,iterations_z,K_star_xx,K_star_xy,K_star_xz,K_star_yx,K_star_yy,K_star_yz,K_star_zx,K_star_zy,K_star_zz,K_xx,K_xy,K_xz,K_yx,K_yy,K_yz,K_zx,K_zy,K_zz,K_star_eig1,K_star_eig2,K_star_eig3,K_eig1,K_eig2,K_eig3,symmetry_error,error_type,error_message
eps_0.02_coeffs_0.92_0.98_0.454_65.303_139.699_-910.387_m_-0.311_rho_0.623_,0.3768301010131836,0.16666666666666666,1e-05,True,265000,97500,87500,80000,0.4988380006981417,0.04055520644460571,-0.06717938831602278,0.04055505891555311,0.4160425873224364,0.035687896336483775,-0.06717943998316497,0.03568769747937962,0.3179222319109701,0.1879771741922953,0.015282422541131284,-0.025315215685130753,0.01528236694774349,0.15677737020649996,0.013448273581425205,-0.02531523515486516,0.013448198646082559,0.11980266676534763,0.27943027134375625,0.4250759573551591,0.5282965912326325,0.10529773737660901,0.1601814159484203,0.19907805783911353,4.87746299286057e-07,,
