sample_name,porosity,nu,g,all_converged,total_iterations,iterations_x,iterations_y,iterations_z,K_star_xx,K_star_xy,K_star_xz,K_star_yx,K_star_yy,K_star_yz,K_star_zx,K_star_zy,K_star_zz,K_xx,K_xy,K_xz,K_yx,K_yy,K_yz,K_zx,K_zy,K_zz,K_star_eig1,K_star_eig2,K_star_eig3,K_eig1,K_eig2,K_eig3,symmetry_error,error_type,error_message
eps_0.02_coeffs_0.329_1.117_0.495_96.633_24.472_-2866.185_m_-0.211_rho_0.536_,0.46360158920288086,0.16666666666666666,1e-05,True,167500,70000,50000,47500,0.4019543588429494,0.023622565079088775,-4.700594824968639e-08,0.023602222226105585,0.6871032195910235,-0.15737028810928863,-1.6899377968064047e-10,-0.15737010515484215,0.4424386994466562,0.18634667954661638,0.010951458711714034,-2.1792032310542986e-08,0.010942027732742105,0.3185421445488145,-0.07295711566078143,-7.834578482534643e-11,-0.07295703084280929,0.2051152841883256,0.3626296985284763,0.40353257782548196,0.7653340015266709,0.16811570452996316,0.18707834437502865,0.35481005937876475,3.0668002179777346e-05,,
