sample_name,porosity,nu,g,all_converged,total_iterations,iterations_x,iterations_y,iterations_z,K_star_xx,K_star_xy,K_star_xz,K_star_yx,K_star_yy,K_star_yz,K_star_zx,K_star_zy,K_star_zz,K_xx,K_xy,K_xz,K_yx,K_yy,K_yz,K_zx,K_zy,K_zz,K_star_eig1,K_star_eig2,K_star_eig3,K_eig1,K_eig2,K_eig3,symmetry_error,error_type,error_message
eps_0.02_coeffs_0.425_0.189_0.662_14.804_125.241_-794.069_m_-0.327_rho_0.621_,0.37870073318481445,0.16666666666666666,1e-05,True,102500,37500,32500,32500,0.44430660429547447,0.01630423436988785,-0.0017547144339091064,0.016304279537360033,0.4911439948508769,-0.012207070482649617,-0.0017550058815443289,-0.01220697627261153,0.48569829461772723,0.1682592368055514,0.00617442550989358,-0.0006645116426513552,0.006174442614848412,0.1859965909493458,-0.004622826541818116,-0.000664622014084499,-0.00462279086440762,0.1839343002783473,0.43910083349223555,0.4777817291463871,0.5042663311254558,0.16628780758557274,0.18093629113004525,0.19096602931762655,5.327911631304459e-07,,
