sample_name,porosity,nu,g,all_converged,total_iterations,iterations_x,iterations_y,iterations_z,K_star_xx,K_star_xy,K_star_xz,K_star_yx,K_star_yy,K_star_yz,K_star_zx,K_star_zy,K_star_zz,K_xx,K_xy,K_xz,K_yx,K_yy,K_yz,K_zx,K_zy,K_zz,K_star_eig1,K_star_eig2,K_star_eig3,K_eig1,K_eig2,K_eig3,symmetry_error,error_type,error_message
eps_0.02_coeffs_0.478_0.857_0.542_4.34_5.484_-1552.421_m_-0.349_rho_0.642_,0.35779285430908203,0.16666666666666666,1e-05,True,42500,12500,15000,15000,1.7082998761165469,0.046632986499768006,-0.01304972319360056,0.046632628628788385,1.8876771777534227,0.04657554565340616,-0.013047575694068862,0.04657451628816316,1.7638370782486963,0.6112174886915905,0.016684949344708884,-0.0046690977093817735,0.01668482130102961,0.6753974054425095,0.01666439742033515,-0.0046683293493947,0.01666402912080673,0.6310883027627927,1.6884839433788639,1.7599941553144118,1.9113360334253902,0.6041274895565781,0.6297133323972453,0.6838623749430693,1.0990861538611892e-06,,
