sample_name,porosity,nu,g,all_converged,total_iterations,iterations_x,iterations_y,iterations_z,K_star_xx,K_star_xy,K_star_xz,K_star_yx,K_star_yy,K_star_yz,K_star_zx,K_star_zy,K_star_zz,K_xx,K_xy,K_xz,K_yx,K_yy,K_yz,K_zx,K_zy,K_zz,K_star_eig1,K_star_eig2,K_star_eig3,K_eig1,K_eig2,K_eig3,symmetry_error,error_type,error_message
eps_0.02_coeffs_0.93_-0.159_0.279_41.542_142.484_-592.2_m_-0.226_rho_0.432_,0.5681333541870117,0.16666666666666666,1e-05,True,75000,27500,25000,22500,0.9600301026991178,0.00808062130486769,-0.010063274795144916,0.008081189841388201,0.9497049016242644,-0.032349325397037165,-0.010064904873454525,-0.032351649614336675,0.9841814579808958,0.5454251223669512,0.004590870485849508,-0.005717282063471294,0.004591193490409884,0.5395590312476393,-0.01837873074350581,-0.0057182081653289205,-0.01838005120887604,0.5591463128513499,0.9301747820395316,0.9566617516075437,1.007079928657203,0.5284633189002915,0.5435114497632156,0.5721556978024331,2.4492655332272363e-06,,
