sample_name,porosity,nu,g,all_converged,total_iterations,iterations_x,iterations_y,iterations_z,K_star_xx,K_star_xy,K_star_xz,K_star_yx,K_star_yy,K_star_yz,K_star_zx,K_star_zy,K_star_zz,K_xx,K_xy,K_xz,K_yx,K_yy,K_yz,K_zx,K_zy,K_zz,K_star_eig1,K_star_eig2,K_star_eig3,K_eig1,K_eig2,K_eig3,symmetry_error,error_type,error_message
eps_0.02_coeffs_0.424_1.202_0.66_14.038_65.218_-3500.459_m_-0.35_rho_0.664_,0.3356442451477051,0.16666666666666666,1e-05,True,72500,25000,22500,25000,0.7410802614082399,-0.001598124174644109,0.0021400018026262206,-0.0015982224444479783,0.7326670786453564,-0.0011579241492271502,0.0021400342499132874,-0.0011578137375639246,0.7290119179198322,0.24873932493423265,-0.0005364011822507212,0.0007182792896572059,-0.0005364341659448617,0.24591548855649492,-0.00038865057700564545,0.0007182901804023805,-0.00038861351796628656,0.2446886548938828,0.7284531292460139,0.732511646083287,0.7417944826441276,0.24450110069126196,0.24586331851152776,0.24897904918182065,1.6827463872048908e-07,,
