sample_name,porosity,nu,g,all_converged,total_iterations,iterations_x,iterations_y,iterations_z,K_star_xx,K_star_xy,K_star_xz,K_star_yx,K_star_yy,K_star_yz,K_star_zx,K_star_zy,K_star_zz,K_xx,K_xy,K_xz,K_yx,K_yy,K_yz,K_zx,K_zy,K_zz,K_star_eig1,K_star_eig2,K_star_eig3,K_eig1,K_eig2,K_eig3,symmetry_error,error_type,error_message
eps_0.02_coeffs_0.191_0.165_0.638_26.491_131.267_761.606_m_-0.342_rho_0.616_,0.38368749618530273,0.16666666666666666,1e-05,True,50000,15000,12500,22500,2.1922256792268358,1.6183462939434314,-0.4071619545311778,1.6186080533628953,2.133014640612724,0.3479379617106025,-0.4070273019249722,0.3480757703714859,0.9216935898385522,0.8411295819356692,0.6209392374839192,-0.1562229508759817,0.6210396713001761,0.8184110467832894,0.1334994453565588,-0.15617128635465186,0.1335523208166058,0.3536423057351975,0.1665038795355533,1.2981490414856955,3.782280988656863,0.06388545664413575,0.49808355540299726,1.4512139224070228,0.00011484968942563955,,
