sample_name,porosity,nu,g,all_converged,total_iterations,iterations_x,iterations_y,iterations_z,K_star_xx,K_star_xy,K_star_xz,K_star_yx,K_star_yy,K_star_yz,K_star_zx,K_star_zy,K_star_zz,K_xx,K_xy,K_xz,K_yx,K_yy,K_yz,K_zx,K_zy,K_zz,K_star_eig1,K_star_eig2,K_star_eig3,K_eig1,K_eig2,K_eig3,symmetry_error,error_type,error_message
eps_0.02_coeffs_0.929_0.376_0.571_41.816_80.681_-3000.355_m_-0.349_rho_0.627_,0.37313270568847656,0.16666666666666666,1e-05,True,60000,22500,17500,20000,1.0929986060404904,-0.006980221982660929,-0.014225000720695916,-0.006979991669453423,1.1056477483235592,0.00945881103522597,-0.01422623205254724,0.009456622623588175,1.1855678772430587,0.40783352718562144,-0.002604549114696455,-0.0053078130073337965,-0.0026044631773061823,0.41255333587034143,0.0035293917541698865,-0.005308272457519081,0.0035285751862143156,0.4423741498130461,1.088927506959756,1.1062823571837115,1.1890043674636401,0.40631446697050116,0.412790129191384,0.4436564167071238,1.8237508163679468e-06,,
