sample_name,porosity,nu,g,all_converged,total_iterations,iterations_x,iterations_y,iterations_z,K_star_xx,K_star_xy,K_star_xz,K_star_yx,K_star_yy,K_star_yz,K_star_zx,K_star_zy,K_star_zz,K_xx,K_xy,K_xz,K_yx,K_yy,K_yz,K_zx,K_zy,K_zz,K_star_eig1,K_star_eig2,K_star_eig3,K_eig1,K_eig2,K_eig3,symmetry_error,error_type,error_message
eps_0.02_coeffs_0.758_0.009_0.63_40.707_71.09_-932.034_m_-0.499_rho_0.435_,0.5651578903198242,0.16666666666666666,1e-05,True,25000,7500,7500,10000,9.294013134842615,-1.894144555029233,-2.0501576669479586,-1.8958703523720637,10.43170937355504,0.9166660288835562,-2.053312056208149,0.9163805627430096,6.746868432008513,5.252584855892389,-1.0704907406811035,-1.158662781875321,-1.0714660886664973,5.895562861987902,0.5180610390116817,-1.1604455098548576,0.5178997055699326,3.8130459292993515,5.600482869211329,8.334631366841698,12.53747670435314,3.165157083135791,4.7103826798776876,7.085653884166164,0.00031757311526989674,,
