sample_name,porosity,nu,g,all_converged,total_iterations,iterations_x,iterations_y,iterations_z,K_star_xx,K_star_xy,K_star_xz,K_star_yx,K_star_yy,K_star_yz,K_star_zx,K_star_zy,K_star_zz,K_xx,K_xy,K_xz,K_yx,K_yy,K_yz,K_zx,K_zy,K_zz,K_star_eig1,K_star_eig2,K_star_eig3,K_eig1,K_eig2,K_eig3,symmetry_error,error_type,error_message
eps_0.02_coeffs_0.371_-0.218_0.313_82.548_33.809_-2665.933_m_-0.247_rho_0.507_,0.4933466911315918,0.16666666666666666,1e-05,True,90000,27500,32500,30000,1.4380425036047715,0.04781940593625038,0.06436769240246382,0.04782631830574166,1.19691222778099,-0.06820470925563449,0.0643698834289887,-0.06820109294047334,1.1770749016668343,0.7094535108600042,0.023591545690527523,0.03175558806253163,0.023594955885143924,0.5904926871506936,-0.03364856763085953,0.03175666899821786,-0.03364678353374069,0.5807060079513765,1.0991884940645948,1.2557576802797807,1.4570834587082193,0.5422810064766856,0.6195238964291133,0.7188473030562753,5.17249512996504e-06,,
