sample_name,porosity,nu,g,all_converged,total_iterations,iterations_x,iterations_y,iterations_z,K_star_xx,K_star_xy,K_star_xz,K_star_yx,K_star_yy,K_star_yz,K_star_zx,K_star_zy,K_star_zz,K_xx,K_xy,K_xz,K_yx,K_yy,K_yz,K_zx,K_zy,K_zz,K_star_eig1,K_star_eig2,K_star_eig3,K_eig1,K_eig2,K_eig3,symmetry_error,error_type,error_message
eps_0.02_coeffs_0.857_0.952_0.576_68.861_141.474_-236.726_m_-0.606_rho_0.68_,0.31951141357421875,0.16666666666666666,1e-05,True,72500,25000,25000,22500,0.7994431634993291,-0.05924992913183849,-0.09726990515990594,-0.05924916001349825,0.9418186915709913,-0.012154174326630187,-0.09726947108820082,-0.012154089127075605,0.8065252174554934,0.2554312152419159,-0.018931028611086,-0.031078844895871743,-0.018930782868997905,0.30092182147446855,-0.003883397419929089,-0.031078706205007644,-0.003883370197698969,0.25769401231245886,0.6948591986066895,0.8855148424056478,0.9674130315134769,0.22201544478187216,0.28293209903798006,0.309099505208991,8.454156141843559e-07,,
