sample_name,porosity,nu,g,all_converged,total_iterations,iterations_x,iterations_y,iterations_z,K_star_xx,K_star_xy,K_star_xz,K_star_yx,K_star_yy,K_star_yz,K_star_zx,K_star_zy,K_star_zz,K_xx,K_xy,K_xz,K_yx,K_yy,K_yz,K_zx,K_zy,K_zz,K_star_eig1,K_star_eig2,K_star_eig3,K_eig1,K_eig2,K_eig3,symmetry_error,error_type,error_message
eps_0.02_coeffs_0.902_0.301_0.875_6.122_36.378_-2302.41_m_-0.278_rho_0.559_,0.4408702850341797,0.16666666666666666,1e-05,True,40000,15000,12500,12500,2.3917019735806857,-0.022471122294507633,0.024515822231258404,-0.02246542977820147,2.484431852837881,-0.06680283130779176,0.024530035456765385,-0.06680863071168987,2.4325284793559243,1.054430330809327,-0.00990685009101749,0.010808297534942172,-0.009904340429731031,1.0953121791086318,-0.029451383279756375,0.010814563723722689,-0.029453940064605964,1.072429524047406,2.3781801638743376,2.3931077926254147,2.5373743492747405,1.0484689667099116,1.0550501146522833,1.1186529526031694,5.484791429136039e-06,,
