sample_name,porosity,nu,g,all_converged,total_iterations,iterations_x,iterations_y,iterations_z,K_star_xx,K_star_xy,K_star_xz,K_star_yx,K_star_yy,K_star_yz,K_star_zx,K_star_zy,K_star_zz,K_xx,K_xy,K_xz,K_yx,K_yy,K_yz,K_zx,K_zy,K_zz,K_star_eig1,K_star_eig2,K_star_eig3,K_eig1,K_eig2,K_eig3,symmetry_error,error_type,error_message
eps_0.02_coeffs_0.793_1.247_0.817_32.802_64.96_726.883_m_-0.466_rho_0.507_,0.4934067726135254,0.16666666666666666,1e-05,True,52500,17500,17500,17500,59.50093974091117,-1.1810247976334458,-21.09878471796659,-2.008352444683561,68.57949570719342,7.283772441365904,-21.046118809517978,7.49773697041094,40.78478799818767,29.358166645034835,-0.5827256337768605,-10.410283273759466,-0.9909346980017996,33.83758764434942,3.593862652745689,-10.384297557845077,3.699434200475573,20.123490617912623,26.458774549081085,65.14433793814575,77.26211095906547,13.054938557570972,32.14265753610533,38.12164881362056,0.011592259129610778,,
