sample_name,porosity,nu,g,all_converged,total_iterations,iterations_x,iterations_y,iterations_z,K_star_xx,K_star_xy,K_star_xz,K_star_yx,K_star_yy,K_star_yz,K_star_zx,K_star_zy,K_star_zz,K_xx,K_xy,K_xz,K_yx,K_yy,K_yz,K_zx,K_zy,K_zz,K_star_eig1,K_star_eig2,K_star_eig3,K_eig1,K_eig2,K_eig3,symmetry_error,error_type,error_message
eps_0.02_coeffs_0.093_0.496_0.843_-10.686_48.849_-1551.264_m_-0.429_rho_0.568_,0.4320793151855469,0.16666666666666666,1e-05,True,55000,20000,17500,17500,0.9912651600837352,0.0007377756070464313,-0.004998108633238671,0.0007376051714424324,1.0270131435261172,-0.0008414437067425815,-0.004998684530158821,-0.0008417524031647272,1.0236067263504183,0.4283051715362718,0.0003187775790532232,-0.0021595793554727346,0.0003187039373541641,0.44375113574132047,-0.0003635704205765228,-0.0021598281886196107,-0.00036370380191520367,0.44227929334080823,0.9905002051729521,1.024061832650188,1.0273229921371296,0.42797465034227283,0.4424759353591495,0.44388501491697835,5.436962008177989e-07,,
