sample_name,porosity,nu,g,all_converged,total_iterations,iterations_x,iterations_y,iterations_z,K_star_xx,K_star_xy,K_star_xz,K_star_yx,K_star_yy,K_star_yz,K_star_zx,K_star_zy,K_star_zz,K_xx,K_xy,K_xz,K_yx,K_yy,K_yz,K_zx,K_zy,K_zz,K_star_eig1,K_star_eig2,K_star_eig3,K_eig1,K_eig2,K_eig3,symmetry_error,error_type,error_message
eps_0.02_coeffs_0.056_0.788_0.776_48.178_11.21_-4160.786_m_-0.338_rho_0.423_,0.5768933296203613,0.16666666666666666,1e-05,True,57500,20000,17500,20000,1.6873709758825606,-0.09660727729319948,-0.19522662694335174,-0.09660053136809947,1.9242533470477359,-0.054227053202218704,-0.1952288861811258,-0.0542216243922609,1.6309602563962022,0.9734330605816488,-0.05573209386323138,-0.11262493884790233,-0.05572820218403906,1.110088920411493,-0.03128322527732842,-0.11262624218710421,-0.031280093433075994,0.9408900927908833,1.4393504885180584,1.843520407368813,1.9597136834396283,0.8303516958118761,1.0635146260300794,1.1305457519420699,4.147572203283674e-06,,
