sample_name,porosity,nu,g,all_converged,total_iterations,iterations_x,iterations_y,iterations_z,K_star_xx,K_star_xy,K_star_xz,K_star_yx,K_star_yy,K_star_yz,K_star_zx,K_star_zy,K_star_zz,K_xx,K_xy,K_xz,K_yx,K_yy,K_yz,K_zx,K_zy,K_zz,K_star_eig1,K_star_eig2,K_star_eig3,K_eig1,K_eig2,K_eig3,symmetry_error,error_type,error_message
eps_0.02_coeffs_0.897_0.698_0.465_105.849_124.888_-2633.829_m_-0.471_rho_0.552_,0.4482908248901367,0.16666666666666666,1e-05,True,65000,20000,22500,22500,1.187655266504124,-0.020876889446655767,-0.4508236042564102,-0.020892975402221077,1.2261596557423695,0.10826740604814648,-0.4508218229289179,0.10826608794996823,0.9881635946435829,0.5324149591062489,-0.009358917991181505,-0.20210008543205069,-0.009366129177471023,0.5496761235197529,0.048535284766038966,-0.20209928687927978,0.04853469387471935,0.4429846729691745,0.6177147171969983,1.2137745973300444,1.5704892023630335,0.2769158401190199,0.5441240154677792,0.704035900008377,1.1046864190701602e-05,,
