sample_name,porosity,nu,g,all_converged,total_iterations,iterations_x,iterations_y,iterations_z,K_star_xx,K_star_xy,K_star_xz,K_star_yx,K_star_yy,K_star_yz,K_star_zx,K_star_zy,K_star_zz,K_xx,K_xy,K_xz,K_yx,K_yy,K_yz,K_zx,K_zy,K_zz,K_star_eig1,K_star_eig2,K_star_eig3,K_eig1,K_eig2,K_eig3,symmetry_error,error_type,error_message
eps_0.02_coeffs_0.693_-0.452_0.76_-37.749_123.857_97.686_m_-0.528_rho_0.372_,0.6279215812683105,0.16666666666666666,1e-05,True,32500,10000,12500,10000,2.8918551441407354,0.05285400882611392,-0.0046455693315047685,0.05286724605367159,2.789749272949213,-0.040532362601489486,-0.004626838075425514,-0.0405305686119945,2.8731750232039004,1.8158582549077487,0.033188172798462694,-0.0029170532405300427,0.03319648473932232,1.7517437748123896,-0.025451145217267813,-0.0029052914805936156,-0.02545001873254734,1.804128603830808,2.7562853717286004,2.874708562099627,2.923785506465622,1.7307310690425355,1.8050915459991494,1.835908018509261,6.585471051788812e-06,,
