sample_name,porosity,nu,g,all_converged,total_iterations,iterations_x,iterations_y,iterations_z,K_star_xx,K_star_xy,K_star_xz,K_star_yx,K_star_yy,K_star_yz,K_star_zx,K_star_zy,K_star_zz,K_xx,K_xy,K_xz,K_yx,K_yy,K_yz,K_zx,K_zy,K_zz,K_star_eig1,K_star_eig2,K_star_eig3,K_eig1,K_eig2,K_eig3,symmetry_error,error_type,error_message
eps_0.02_coeffs_0.461_1.18_0.827_0.219_94.45_-2901.153_m_-0.519_rho_0.577_,0.4230160713195801,0.16666666666666666,1e-05,True,57500,20000,17500,20000,1.1280727318338786,0.01824235660747197,-0.0156839756110798,0.018241502558325465,1.1687013203645642,0.023917787418359836,-0.015686511077570492,0.023916935819361912,1.1832942372674469,0.47719289518311353,0.007716810023703576,-0.006634573745671088,0.007716448747188908,0.4943794410866239,0.01011760846837146,-0.006635646288744942,0.010117248228309018,0.5005524794639744,1.1129167668209674,1.1660986511956246,1.2010528714492972,0.47078167840629487,0.4932784701998347,0.5080646671275824,1.975275349987804e-06,,
