sample_name,porosity,nu,g,all_converged,total_iterations,iterations_x,iterations_y,iterations_z,K_star_xx,K_star_xy,K_star_xz,K_star_yx,K_star_yy,K_star_yz,K_star_zx,K_star_zy,K_star_zz,K_xx,K_xy,K_xz,K_yx,K_yy,K_yz,K_zx,K_zy,K_zz,K_star_eig1,K_star_eig2,K_star_eig3,K_eig1,K_eig2,K_eig3,symmetry_error,error_type,error_message
eps_0.02_coeffs_0.761_1.495_0.921_22.642_52.436_-42.932_m_-0.527_rho_0.304_,0.6963644027709961,0.16666666666666666,1e-05,True,50000,17500,15000,17500,44.42344188724652,3.470416385117682,-0.8950634934217209,3.5099507676461714,25.478957138446155,-1.5272619698934164,-1.1114611606342895,-1.6528152443140685,40.425897832416496,30.934903578844473,2.416674433389154,-0.6232903550387381,2.4442047700675253,17.742638770941866,-1.063530869539684,-0.7739819873282552,-1.1509617004975643,28.15115620055202,24.71845892117883,40.166541496698805,45.44329644023154,17.213054884066104,27.970549680725096,31.645093985547163,0.005469961246639965,,
