sample_name,porosity,nu,g,all_converged,total_iterations,iterations_x,iterations_y,iterations_z,K_star_xx,K_star_xy,K_star_xz,K_star_yx,K_star_yy,K_star_yz,K_star_zx,K_star_zy,K_star_zz,K_xx,K_xy,K_xz,K_yx,K_yy,K_yz,K_zx,K_zy,K_zz,K_star_eig1,K_star_eig2,K_star_eig3,K_eig1,K_eig2,K_eig3,symmetry_error,error_type,error_message
eps_0.02_coeffs_0.383_0.336_0.827_99.794_142.19_-2176.679_m_-0.423_rho_0.489_,0.510594367980957,0.16666666666666666,1e-05,True,85000,32500,25000,27500,0.6981971456927746,-0.3036436248102464,0.35716590893277234,-0.3036602837563197,0.772955518709696,-0.46566786327229925,0.35717569523078907,-0.46566957096258393,1.10269257512229,0.3564955303311104,-0.15503872470143462,0.18236690153587296,-0.15504723066547613,0.3946667345529701,-0.23776738833656236,0.18237189836452367,-0.23776826027360395,0.5630286184718597,0.417312849019939,0.4974612353855607,1.659071155119261,0.2130775903956683,0.2540009050767164,0.8471123878835556,1.5396350587837447e-05,,
