sample_name,porosity,nu,g,all_converged,total_iterations,iterations_x,iterations_y,iterations_z,K_star_xx,K_star_xy,K_star_xz,K_star_yx,K_star_yy,K_star_yz,K_star_zx,K_star_zy,K_star_zz,K_xx,K_xy,K_xz,K_yx,K_yy,K_yz,K_zx,K_zy,K_zz,K_star_eig1,K_star_eig2,K_star_eig3,K_eig1,K_eig2,K_eig3,symmetry_error,error_type,error_message
eps_0.02_coeffs_0.726_0.786_0.607_68.713_99.775_-3225.748_m_-0.459_rho_0.504_,0.4955291748046875,0.16666666666666666,1e-05,True,55000,20000,17500,17500,1.3757393960919528,0.1105677376989463,-0.09685966702442905,0.11056882001908269,1.8610146164271228,0.16704384225920413,-0.0968692676192103,0.16705203604698932,1.5949977674649096,0.6817190076917445,0.054789539821979996,-0.04799679087247213,0.054790076143184055,0.9221870371775942,0.0827750973109078,-0.048001548247281714,0.08277915757180752,0.7903679275272055,1.2893716305533995,1.5945896684998702,1.9477904809307156,0.6389212601047005,0.7901657025838212,0.9651870097080232,6.3344195901640804e-06,,
