sample_name,porosity,nu,g,all_converged,total_iterations,iterations_x,iterations_y,iterations_z,K_star_xx,K_star_xy,K_star_xz,K_star_yx,K_star_yy,K_star_yz,K_star_zx,K_star_zy,K_star_zz,K_xx,K_xy,K_xz,K_yx,K_yy,K_yz,K_zx,K_zy,K_zz,K_star_eig1,K_star_eig2,K_star_eig3,K_eig1,K_eig2,K_eig3,symmetry_error,error_type,error_message
eps_0.02_coeffs_0.116_1.225_0.416_116.076_93.591_-686.158_m_-0.332_rho_0.358_,0.6417388916015625,0.16666666666666666,1e-05,True,30000,10000,10000,10000,13.004939091984822,-0.0704520445489469,0.9455680898890503,-0.08355334384871108,12.656808730906526,-4.7104456357458435,0.945780064548148,-4.727689600387677,17.227822788524758,8.34577519823617,-0.04521181697990508,0.6068078179392058,-0.053619430271076074,8.122366406184932,-3.022876161232955,0.6069438503219827,-3.0339422839890218,11.055763901016018,9.634706308276307,12.963034478575256,20.291829824564555,6.1829657471798205,8.318883378073723,13.022056380183585,0.0011811033643215408,,
