sample_name,porosity,nu,g,all_converged,total_iterations,iterations_x,iterations_y,iterations_z,K_star_xx,K_star_xy,K_star_xz,K_star_yx,K_star_yy,K_star_yz,K_star_zx,K_star_zy,K_star_zz,K_xx,K_xy,K_xz,K_yx,K_yy,K_yz,K_zx,K_zy,K_zz,K_star_eig1,K_star_eig2,K_star_eig3,K_eig1,K_eig2,K_eig3,symmetry_error,error_type,error_message
eps_0.02_coeffs_0.901_1.002_0.828_47.879_81.595_-3386.248_m_-0.384_rho_0.513_,0.4870915412902832,0.16666666666666666,1e-05,True,40000,12500,12500,15000,2.188886064214584,0.16998267231923211,-0.19486709724622153,0.17002787925396642,2.5581330485635507,-0.32671447300152695,-0.19487621647864148,-0.32674895437933466,2.1711494336571935,1.0661878867271035,0.08279712185261592,-0.09491811474442555,0.08281914176813267,1.2460449694504308,-0.1591398562161564,-0.09492255664540036,-0.15915665180361854,1.0575485240116078,1.942730603722084,2.137886584831749,2.837551357881497,0.9462876440787921,1.0413464717095162,1.3821472644008344,2.0111024887542505e-05,,
