sample_name,porosity,nu,g,all_converged,total_iterations,iterations_x,iterations_y,iterations_z,K_star_xx,K_star_xy,K_star_xz,K_star_yx,K_star_yy,K_star_yz,K_star_zx,K_star_zy,K_star_zz,K_xx,K_xy,K_xz,K_yx,K_yy,K_yz,K_zx,K_zy,K_zz,K_star_eig1,K_star_eig2,K_star_eig3,K_eig1,K_eig2,K_eig3,symmetry_error,error_type,error_message
eps_0.02_coeffs_0.38_0.986_0.467_50.932_98.93_-2943.679_m_-0.405_rho_0.633_,0.36727142333984375,0.16666666666666666,1e-05,True,95000,30000,30000,35000,0.6220293490203997,-0.02039610266051228,0.01210995746705395,-0.02039593299538321,0.5854285370037285,0.009548691878424923,0.012109855908738235,0.009548573208793338,0.5559506418336413,0.22845360437387865,-0.007490905654711919,0.004447641315509873,-0.007490843341558474,0.21501117204912176,0.0035069616572227275,0.004447604016042709,0.0035069180732582284,0.20418478353294112,0.548602744967345,0.5829660528096198,0.6318397300808047,0.20148611099230207,0.21410677197419964,0.23205667698943988,3.1979860229099526e-07,,
