sample_name,porosity,nu,g,all_converged,total_iterations,iterations_x,iterations_y,iterations_z,K_star_xx,K_star_xy,K_star_xz,K_star_yx,K_star_yy,K_star_yz,K_star_zx,K_star_zy,K_star_zz,K_xx,K_xy,K_xz,K_yx,K_yy,K_yz,K_zx,K_zy,K_zz,K_star_eig1,K_star_eig2,K_star_eig3,K_eig1,K_eig2,K_eig3,symmetry_error,error_type,error_message
eps_0.02_coeffs_0.579_0.6_0.615_14.421_11.494_-830.093_m_-0.374_rho_0.641_,0.3590874671936035,0.16666666666666666,1e-05,True,42500,12500,17500,12500,3.106459475881023,0.6853138996285367,0.4266185705859446,0.6851711740480716,3.1768634787587886,0.14527148835677645,0.42653957390925684,0.14531385890908516,2.5167116513499344,1.1154906651336856,0.24608763245018267,0.15319338196946242,0.2460363814829897,1.1407718602073535,0.05216517080947992,0.1531650152529139,0.05218038554379205,0.9037196125398793,2.2263648092220065,2.6317985105820676,3.941871286185671,0.7994597003925008,0.9450458613288129,1.4154765761596049,4.55172129611087e-05,,
