sample_name,porosity,nu,g,all_converged,total_iterations,iterations_x,iterations_y,iterations_z,K_star_xx,K_star_xy,K_star_xz,K_star_yx,K_star_yy,K_star_yz,K_star_zx,K_star_zy,K_star_zz,K_xx,K_xy,K_xz,K_yx,K_yy,K_yz,K_zx,K_zy,K_zz,K_star_eig1,K_star_eig2,K_star_eig3,K_eig1,K_eig2,K_eig3,symmetry_error,error_type,error_message
eps_0.02_coeffs_0.937_1.223_0.899_-1.09_56.283_-1700.379_m_-0.296_rho_0.649_,0.3508467674255371,0.16666666666666666,1e-05,True,55000,20000,20000,15000,1.1554726986934187,-0.005522401622491907,0.01635666344847661,-0.00552417580931403,1.1277352980488125,0.028063855019541024,0.016357186908080076,0.02806417563109791,1.1720150598682815,0.4053938611850476,-0.0019375167576768267,0.005738682496765457,-0.0019381392253881777,0.3956622838321005,0.009846112815104903,0.00573886615087521,0.009846225300633235,0.4111976951288339,1.110700665238684,1.154287396183646,1.1902349951881823,0.38968573797638606,0.4049780016310725,0.41759010053852347,1.3303862625572451e-06,,
