sample_name,porosity,nu,g,all_converged,total_iterations,iterations_x,iterations_y,iterations_z,K_star_xx,K_star_xy,K_star_xz,K_star_yx,K_star_yy,K_star_yz,K_star_zx,K_star_zy,K_star_zz,K_xx,K_xy,K_xz,K_yx,K_yy,K_yz,K_zx,K_zy,K_zz,K_star_eig1,K_star_eig2,K_star_eig3,K_eig1,K_eig2,K_eig3,symmetry_error,error_type,error_message
eps_0.02_coeffs_0.291_0.312_0.824_71.093_63.74_-3171.137_m_-0.21_rho_0.538_,0.46170663833618164,0.16666666666666666,1e-05,True,167500,55000,45000,67500,0.6207951287366303,0.022146474847028304,-0.02531759499421813,0.022145016558435354,0.6761136023412716,-0.046930991652805884,-0.025318357173250323,-0.04693093856201642,0.5721046405938969,0.2866252319844667,0.010225174452618242,-0.011689301675537393,0.010224501151094266,0.3121661384703544,-0.021668350389800407,-0.011689653578656157,-0.021668325877430474,0.26414451038513753,0.5502398065484198,0.6138781015007574,0.7048954636226218,0.2540493713602218,0.283431594592112,0.32545491488762485,2.146511695255938e-06,,
