sample_name,porosity,nu,g,all_converged,total_iterations,iterations_x,iterations_y,iterations_z,K_star_xx,K_star_xy,K_star_xz,K_star_yx,K_star_yy,K_star_yz,K_star_zx,K_star_zy,K_star_zz,K_xx,K_xy,K_xz,K_yx,K_yy,K_yz,K_zx,K_zy,K_zz,K_star_eig1,K_star_eig2,K_star_eig3,K_eig1,K_eig2,K_eig3,symmetry_error,error_type,error_message
eps_0.02_coeffs_0.413_0.972_0.782_115.925_105.507_-1642.415_m_-0.327_rho_0.346_,0.6544747352600098,0.16666666666666666,1e-05,True,40000,12500,15000,12500,20.316333231108544,-9.452463097246593,1.023557442002034,-9.345275742815875,25.322192281954138,-1.2644940888643463,0.9314742153647552,-1.3190728369356874,28.24697175133903,13.296526812883902,-6.186398283125476,0.6698924858776939,-6.116246867711212,16.572735089934998,-0.8275794340473404,0.6096263405023734,-0.863299845742154,18.486929358854585,13.144339137015528,27.70374700014919,33.03741112723698,8.60263787686603,18.131402483632932,21.62215090117453,0.004750365576053613,,
