sample_name,porosity,nu,g,all_converged,total_iterations,iterations_x,iterations_y,iterations_z,K_star_xx,K_star_xy,K_star_xz,K_star_yx,K_star_yy,K_star_yz,K_star_zx,K_star_zy,K_star_zz,K_xx,K_xy,K_xz,K_yx,K_yy,K_yz,K_zx,K_zy,K_zz,K_star_eig1,K_star_eig2,K_star_eig3,K_eig1,K_eig2,K_eig3,symmetry_error,error_type,error_message
eps_0.02_coeffs_0.707_0.502_0.853_74.804_114.562_-1151.568_m_-0.42_rho_0.308_,0.6915378570556641,0.16666666666666666,1e-05,True,30000,10000,10000,10000,6.645338683699747,0.7225835042589108,-3.5967366383704937,0.726417369916659,5.30379269621061,0.2155942988841049,-3.6003829515263064,0.21063637646228123,10.502905308511702,4.59550327273483,0.4996938480789795,-2.4872795472923244,0.5023451113201779,3.6677734354049676,0.14909161944373225,-2.4898011108782487,0.14566302839669606,7.2631566299067405,4.058516458276704,5.7298429984815815,12.663677231663776,2.806617774381813,3.962403348435354,8.75741221522937,0.000708216933278106,,
