sample_name,porosity,nu,g,all_converged,total_iterations,iterations_x,iterations_y,iterations_z,K_star_xx,K_star_xy,K_star_xz,K_star_yx,K_star_yy,K_star_yz,K_star_zx,K_star_zy,K_star_zz,K_xx,K_xy,K_xz,K_yx,K_yy,K_yz,K_zx,K_zy,K_zz,K_star_eig1,K_star_eig2,K_star_eig3,K_eig1,K_eig2,K_eig3,symmetry_error,error_type,error_message
eps_0.02_coeffs_0.788_-0.406_0.896_-38.954_104.523_-982.465_m_-0.471_rho_0.372_,0.6277189254760742,0.16666666666666666,1e-05,True,27500,7500,10000,10000,3.011184574784841,0.04857273971080331,-0.025074719711591097,0.04858371997232378,3.0704732052667407,-0.005062198725162849,-0.025063372298996106,-0.005067069979954625,3.032854808351478,1.89017754569407,0.030490027978694493,-0.015739876113973702,0.03049692049665757,1.927394141113116,-0.0031776379443055765,-0.01573275312833264,-0.00318069572312919,1.9037803614233348,2.976915626385553,3.035631427528219,3.101965534489287,1.868666278227674,1.905523297829415,1.947162472173433,4.440266940470472e-06,,
