sample_name,porosity,nu,g,all_converged,total_iterations,iterations_x,iterations_y,iterations_z,K_star_xx,K_star_xy,K_star_xz,K_star_yx,K_star_yy,K_star_yz,K_star_zx,K_star_zy,K_star_zz,K_xx,K_xy,K_xz,K_yx,K_yy,K_yz,K_zx,K_zy,K_zz,K_star_eig1,K_star_eig2,K_star_eig3,K_eig1,K_eig2,K_eig3,symmetry_error,error_type,error_message
eps_0.02_coeffs_0.222_-0.584_0.696_26.231_44.249_-1452.972_m_-0.297_rho_0.661_,0.33860063552856445,0.16666666666666666,1e-05,True,102500,35000,32500,35000,0.6755077584742425,-0.0005650085729416194,-0.06810843199099,-0.0005645364769562551,0.6772718196430644,0.012576816320014342,-0.0681090525090506,0.012576483459601488,0.6902084178133627,0.22872735632385452,-0.00019131226187711959,-0.02306155835700322,-0.00019115240987644476,0.22932466855672887,0.004258517998882877,-0.0230617684648129,0.004258405292135543,0.23370500891876958,0.6133460186211379,0.6770139879575291,0.752627989352002,0.20767935170403204,0.2292373665841473,0.2548403155111736,1.0129204000179797e-06,,
