sample_name,porosity,nu,g,all_converged,total_iterations,iterations_x,iterations_y,iterations_z,K_star_xx,K_star_xy,K_star_xz,K_star_yx,K_star_yy,K_star_yz,K_star_zx,K_star_zy,K_star_zz,K_xx,K_xy,K_xz,K_yx,K_yy,K_yz,K_zx,K_zy,K_zz,K_star_eig1,K_star_eig2,K_star_eig3,K_eig1,K_eig2,K_eig3,symmetry_error,error_type,error_message
eps_0.02_coeffs_0.325_-0.607_0.904_80.288_21.629_-3866.522_m_-0.257_rho_0.477_,0.5231099128723145,0.16666666666666666,1e-05,True,90000,32500,22500,35000,1.47525796085177,-0.20171920782083408,-0.17821188082845285,-0.20171560328745466,1.707194092716919,-0.1282170061685316,-0.178219521718573,-0.12822696190502278,1.0924767024273103,0.7717220633653576,-0.1055213172278288,-0.09322440145298326,-0.10551943166068675,0.8930501530972774,-0.06707158692556957,-0.09322839847834827,-0.06707679487001805,0.5714853926217837,0.9692991783200293,1.480977962609221,1.8246516150667487,0.5070500087181967,0.7747142529863273,0.9544933473798948,7.26403562840053e-06,,
