sample_name,porosity,nu,g,all_converged,total_iterations,iterations_x,iterations_y,iterations_z,K_star_xx,K_star_xy,K_star_xz,K_star_yx,K_star_yy,K_star_yz,K_star_zx,K_star_zy,K_star_zz,K_xx,K_xy,K_xz,K_yx,K_yy,K_yz,K_zx,K_zy,K_zz,K_star_eig1,K_star_eig2,K_star_eig3,K_eig1,K_eig2,K_eig3,symmetry_error,error_type,error_message
eps_0.02_coeffs_0.619_0.348_0.454_84.563_126.604_-3461.303_m_-0.545_rho_0.488_,0.5116658210754395,0.16666666666666666,1e-05,True,55000,20000,17500,17500,1.164343221888874,-0.005907596980101475,-0.061548344922812206,-0.0058983519820883295,1.260569543457879,-0.18157089969724494,-0.06154348132589457,-0.1815575978380633,1.1898039038431363,0.5957546306413933,-0.003022715459406408,-0.03149218444076506,-0.003017985109907171,0.6449903504760675,-0.09290362347699709,-0.03148969590445482,-0.09289681737029709,0.6087819913786615,1.0214311927598916,1.1782183253109288,1.4150671511190696,0.5226314299155548,0.6028540468263457,0.7240414957542217,1.1359302833169935e-05,,
