sample_name,porosity,nu,g,all_converged,total_iterations,iterations_x,iterations_y,iterations_z,K_star_xx,K_star_xy,K_star_xz,K_star_yx,K_star_yy,K_star_yz,K_star_zx,K_star_zy,K_star_zz,K_xx,K_xy,K_xz,K_yx,K_yy,K_yz,K_zx,K_zy,K_zz,K_star_eig1,K_star_eig2,K_star_eig3,K_eig1,K_eig2,K_eig3,symmetry_error,error_type,error_message
eps_0.02_coeffs_0.959_1.042_0.261_78.051_126.456_-3644.657_m_-0.511_rho_0.377_,0.6234779357910156,0.16666666666666666,1e-05,True,32500,12500,10000,10000,2.5039073406421584,-0.006314858074161341,-0.038898261702246945,-0.006321600168523746,2.576972883800516,0.03436830152777764,-0.03889471360821488,0.034359364157665044,2.571002550064085,1.5611309801555442,-0.003937174676891341,-0.024252207911975642,-0.003941378223967322,1.6066857341813665,0.02142787769318201,-0.024249995753632538,0.02142230544011281,1.602963362827393,2.485183038141009,2.5491872759402043,2.617512460425545,1.5494567906830012,1.5893620207479209,1.6319612657333815,3.758596434427864e-06,,
