sample_name,porosity,nu,g,all_converged,total_iterations,iterations_x,iterations_y,iterations_z,K_star_xx,K_star_xy,K_star_xz,K_star_yx,K_star_yy,K_star_yz,K_star_zx,K_star_zy,K_star_zz,K_xx,K_xy,K_xz,K_yx,K_yy,K_yz,K_zx,K_zy,K_zz,K_star_eig1,K_star_eig2,K_star_eig3,K_eig1,K_eig2,K_eig3,symmetry_error,error_type,error_message
eps_0.02_coeffs_0.877_1.312_0.764_14.517_69.086_778.163_m_-0.349_rho_0.458_,0.5421023368835449,0.16666666666666666,1e-05,True,120000,67500,27500,25000,0.16666507112796614,8.104093740501585e-08,5.53668830995291e-08,5.949191436870071e-09,151.0350928294142,-14.818603768529785,1.1022322559038214e-09,-16.307811877658644,33.17662201495454,0.09034952453533267,4.3932481550492176e-08,3.0014516714212774e-08,3.2250705804948397e-09,81.87647677424857,-8.033199732271301,5.975226817138831e-10,-8.840502928335981,17.98512432420892,0.16666507112796614,30.96176928671689,153.24994555765178,0.09034952453533267,16.7844474843784,83.07715361407912,0.013483250480337113,,
