sample_name,porosity,nu,g,all_converged,total_iterations,iterations_x,iterations_y,iterations_z,K_star_xx,K_star_xy,K_star_xz,K_star_yx,K_star_yy,K_star_yz,K_star_zx,K_star_zy,K_star_zz,K_xx,K_xy,K_xz,K_yx,K_yy,K_yz,K_zx,K_zy,K_zz,K_star_eig1,K_star_eig2,K_star_eig3,K_eig1,K_eig2,K_eig3,symmetry_error,error_type,error_message
eps_0.02_coeffs_0.894_0.078_0.41_99.526_120.906_-3981.647_m_-0.624_rho_0.306_,0.6941781044006348,0.16666666666666666,1e-05,True,22500,7500,7500,7500,4.508809254340734,-0.1314907662998107,0.5360500324774441,-0.13137632263616045,5.313310001073388,0.17267636940036438,0.5357482391809911,0.17333029951956003,4.790911552411141,3.12991666128229,-0.09127801089618946,0.37211419540909085,-0.09119856661069606,3.688383464638059,0.11986815478512872,0.3719046971106383,0.12032209875568244,3.3257458998038683,4.06061477804694,5.184606247875223,5.367809781903104,2.8187898693258275,3.599040137213708,3.72621601918468,0.0001213876334454246,,
