sample_name,porosity,nu,g,all_converged,total_iterations,iterations_x,iterations_y,iterations_z,K_star_xx,K_star_xy,K_star_xz,K_star_yx,K_star_yy,K_star_yz,K_star_zx,K_star_zy,K_star_zz,K_xx,K_xy,K_xz,K_yx,K_yy,K_yz,K_zx,K_zy,K_zz,K_star_eig1,K_star_eig2,K_star_eig3,K_eig1,K_eig2,K_eig3,symmetry_error,error_type,error_message
eps_0.02_coeffs_0.051_-0.011_0.384_8.581_29.419_-647.963_m_-0.276_rho_0.508_,0.49246883392333984,0.16666666666666666,1e-05,True,90000,30000,32500,27500,0.767438004639964,0.018736889521333896,-0.038154663776985634,0.018735431088543936,0.7372994655820799,-0.022965031946816507,-0.038153560740700414,-0.022963709191943616,0.713676217378895,0.3779392992534978,0.009227334133921749,-0.01878998277898921,0.009226615901226322,0.36309700806750855,-0.011309562503860972,-0.01878943956799605,-0.011308911088311153,0.3514632945714044,0.6903668272238023,0.7286436244329789,0.7994032359441573,0.33998414638226176,0.3588342760701852,0.3936811794399637,2.487299771145897e-06,,
