sample_name,porosity,nu,g,all_converged,total_iterations,iterations_x,iterations_y,iterations_z,K_star_xx,K_star_xy,K_star_xz,K_star_yx,K_star_yy,K_star_yz,K_star_zx,K_star_zy,K_star_zz,K_xx,K_xy,K_xz,K_yx,K_yy,K_yz,K_zx,K_zy,K_zz,K_star_eig1,K_star_eig2,K_star_eig3,K_eig1,K_eig2,K_eig3,symmetry_error,error_type,error_message
eps_0.02_coeffs_0.77_-0.226_0.859_93.964_104.78_-3439.67_m_-0.365_rho_0.529_,0.47133874893188477,0.16666666666666666,1e-05,True,52500,17500,20000,15000,1.900051740472229,0.17295000260929558,-0.06150649180892636,0.1729197122241423,1.4422636788277006,-0.000611441875642142,-0.06149179282269157,-0.0006093293297268347,1.6890730852632185,0.8955680102600306,0.08151803785763158,-0.028990392900408567,0.08150376082538877,0.679794758008546,-0.0002881962487097323,-0.028983464698626095,-0.0002872005239609502,0.7961255948624841,1.3830896004581765,1.6780751373350078,1.9702237667699647,0.6519037219406567,0.7909418358451834,0.9286428053452207,1.625824066407077e-05,,
