sample_name,porosity,nu,g,all_converged,total_iterations,iterations_x,iterations_y,iterations_z,K_star_xx,K_star_xy,K_star_xz,K_star_yx,K_star_yy,K_star_yz,K_star_zx,K_star_zy,K_star_zz,K_xx,K_xy,K_xz,K_yx,K_yy,K_yz,K_zx,K_zy,K_zz,K_star_eig1,K_star_eig2,K_star_eig3,K_eig1,K_eig2,K_eig3,symmetry_error,error_type,error_message
eps_0.02_coeffs_0.237_1.306_0.932_28.493_135.918_853.159_m_-0.278_rho_0.577_,0.4233264923095703,0.16666666666666666,1e-05,True,102500,50000,17500,35000,0.16663273961852407,-7.593595440841708e-08,-1.5888512351976759e-09,-7.59412598458873e-08,0.16663208857612138,-1.5892285402738752e-09,-1.5865215016009707e-09,-1.587169344743336e-09,0.16663310882789464,0.07054005316664376,-3.214570121989466e-08,-6.726028201979602e-10,-3.2147947152129093e-08,0.07053977756314708,-6.727625434323983e-10,-6.716165822464513e-10,-6.718908314114756e-10,0.07054020946275154,0.1666320798322545,0.1666327483539912,0.16663310883629429,0.07053977386163661,0.07054005686459841,0.07054020946630733,3.013213087933634e-11,,
