sample_name,porosity,nu,g,all_converged,total_iterations,iterations_x,iterations_y,iterations_z,K_star_xx,K_star_xy,K_star_xz,K_star_yx,K_star_yy,K_star_yz,K_star_zx,K_star_zy,K_star_zz,K_xx,K_xy,K_xz,K_yx,K_yy,K_yz,K_zx,K_zy,K_zz,K_star_eig1,K_star_eig2,K_star_eig3,K_eig1,K_eig2,K_eig3,symmetry_error,error_type,error_message
eps_0.02_coeffs_0.87_0.571_0.825_-12.344_95.728_-1530.413_m_-0.576_rho_0.314_,0.6857390403747559,0.16666666666666666,1e-05,True,22500,7500,7500,7500,7.206283035622371,0.35098897966437803,0.19659362285069895,0.3509336069565651,7.078607978987839,-0.15856850676476003,0.1959216675993158,-0.15881446156179108,8.150743775929774,4.941629613516567,0.24068684609716529,0.13481192227743496,0.2406488748696467,4.854077842700211,-0.10873661566252453,0.13435113632817672,-0.10890527646901617,5.589283215246597,6.742180184000557,7.495941547917778,8.197513058621652,4.623376169410234,5.140259763774398,5.621354738278742,7.811043926450564e-05,,
