sample_name,porosity,nu,g,all_converged,total_iterations,iterations_x,iterations_y,iterations_z,K_star_xx,K_star_xy,K_star_xz,K_star_yx,K_star_yy,K_star_yz,K_star_zx,K_star_zy,K_star_zz,K_xx,K_xy,K_xz,K_yx,K_yy,K_yz,K_zx,K_zy,K_zz,K_star_eig1,K_star_eig2,K_star_eig3,K_eig1,K_eig2,K_eig3,symmetry_error,error_type,error_message
eps_0.02_coeffs_0.729_0.479_0.835_2.364_41.178_-2644.546_m_-0.251_rho_0.372_,0.6278848648071289,0.16666666666666666,1e-05,True,27500,7500,10000,10000,3.465497461283294,0.005196262066316199,0.01564401052341065,0.005212303039944923,3.4480713451991596,0.04630800740365957,0.01563271495108181,0.04631578946777327,3.55099626997283,2.1759334049673096,0.003262654305011359,0.009822637432533,0.003272726189569605,2.1649918104257093,0.02907609696813431,0.009815545113628385,0.029080983208408264,2.2296168129025093,3.43028221913906,3.462952830849633,3.5713300264665913,2.1538222874144264,2.174335670031487,2.242384070849616,4.939643062622641e-06,,
