sample_name,porosity,nu,g,all_converged,total_iterations,iterations_x,iterations_y,iterations_z,K_star_xx,K_star_xy,K_star_xz,K_star_yx,K_star_yy,K_star_yz,K_star_zx,K_star_zy,K_star_zz,K_xx,K_xy,K_xz,K_yx,K_yy,K_yz,K_zx,K_zy,K_zz,K_star_eig1,K_star_eig2,K_star_eig3,K_eig1,K_eig2,K_eig3,symmetry_error,error_type,error_message
eps_0.02_coeffs_0.879_0.963_0.941_7.407_122.346_-1676.126_m_-0.413_rho_0.47_,0.5299148559570312,0.16666666666666666,1e-05,True,35000,12500,12500,10000,2.03204349881317,0.21163064794282468,0.03638606671687366,0.21161349458812206,2.1113521609580506,-0.08048697242653623,0.0362213262966124,-0.08067438931887061,3.119440872981463,1.076810037972003,0.11214622432071514,0.019281517303115035,0.11213713450322872,1.118836876248652,-0.04265124239982549,0.01919421890704199,-0.04275055739533078,1.6530380608724478,1.8514159574517226,2.2852082394383513,3.126212335862611,0.9810928204095783,1.2109657950337946,1.6566263596497293,8.240954211115764e-05,,
