sample_name,porosity,nu,g,all_converged,total_iterations,iterations_x,iterations_y,iterations_z,K_star_xx,K_star_xy,K_star_xz,K_star_yx,K_star_yy,K_star_yz,K_star_zx,K_star_zy,K_star_zz,K_xx,K_xy,K_xz,K_yx,K_yy,K_yz,K_zx,K_zy,K_zz,K_star_eig1,K_star_eig2,K_star_eig3,K_eig1,K_eig2,K_eig3,symmetry_error,error_type,error_message
eps_0.02_coeffs_0.349_0.555_0.516_4.724_7.278_-962.698_m_-0.204_rho_0.584_,0.4161696434020996,0.16666666666666666,1e-05,True,40000,12500,12500,15000,2.2971856318741555,0.010609682263413573,-0.04545601686917386,0.010615258382286885,2.3047420646044863,0.0029427272796215564,-0.04546103098835974,0.0029488396127398922,2.269089975264765,0.9560189252454941,0.004415427684174408,-0.01891741433092391,0.004417748295577482,0.9591636831602679,0.0012246737625897339,-0.018919501055117475,0.0012272175300839464,0.9443263658532163,2.2344775414719638,2.30410631297878,2.332433817292662,0.9299217216243876,0.9588991026329057,0.9706881500016853,3.4483475620674205e-06,,
