sample_name,porosity,nu,g,all_converged,total_iterations,iterations_x,iterations_y,iterations_z,K_star_xx,K_star_xy,K_star_xz,K_star_yx,K_star_yy,K_star_yz,K_star_zx,K_star_zy,K_star_zz,K_xx,K_xy,K_xz,K_yx,K_yy,K_yz,K_zx,K_zy,K_zz,K_star_eig1,K_star_eig2,K_star_eig3,K_eig1,K_eig2,K_eig3,symmetry_error,error_type,error_message
eps_0.02_coeffs_0.339_-0.534_0.295_-1.084_57.154_-1712.494_m_-0.352_rho_0.471_,0.5293121337890625,0.16666666666666666,1e-05,True,55000,17500,20000,17500,1.0130017599226948,-0.02069562782432094,0.011069570688662649,-0.020695766667656743,1.036173005455724,-0.0011414160359901999,0.011068926867496545,-0.001141341115887414,1.022420421272865,0.5361941230767572,-0.010954446923795609,0.005859258081344888,-0.010954520415257947,0.5484589444923952,-0.000604165357551026,0.005858917298989679,-0.0006041257014315568,0.5411795348134523,0.9975218256408266,1.0240962064026597,1.0499771546077983,0.528000406031107,0.5420665482162758,0.5557656481352218,5.284997784378744e-07,,
