sample_name,porosity,nu,g,all_converged,total_iterations,iterations_x,iterations_y,iterations_z,K_star_xx,K_star_xy,K_star_xz,K_star_yx,K_star_yy,K_star_yz,K_star_zx,K_star_zy,K_star_zz,K_xx,K_xy,K_xz,K_yx,K_yy,K_yz,K_zx,K_zy,K_zz,K_star_eig1,K_star_eig2,K_star_eig3,K_eig1,K_eig2,K_eig3,symmetry_error,error_type,error_message
eps_0.02_coeffs_0.509_0.989_0.74_114.576_43.244_-3701.595_m_-0.202_rho_0.427_,0.5732502937316895,0.16666666666666666,1e-05,True,125000,47500,37500,40000,0.3928995524734699,-0.0766685951993151,-0.21630366027574427,-0.07665586917773279,0.6939750580217896,-0.14952400164799157,-0.21630163324865126,-0.14952481209191015,0.7989269166635371,0.22522978386246595,-0.04395029471800337,-0.12399613678830997,-0.04394299952239328,0.3978214058534571,-0.08571467786464879,-0.1239949747944335,-0.08571514245186317,0.4579850896475256,0.25890082685296706,0.6833283848667768,0.9435723154390528,0.1484149750408406,0.39171819734008073,0.5409031069825272,1.530047042385074e-05,,
