sample_name,porosity,nu,g,all_converged,total_iterations,iterations_x,iterations_y,iterations_z,K_star_xx,K_star_xy,K_star_xz,K_star_yx,K_star_yy,K_star_yz,K_star_zx,K_star_zy,K_star_zz,K_xx,K_xy,K_xz,K_yx,K_yy,K_yz,K_zx,K_zy,K_zz,K_star_eig1,K_star_eig2,K_star_eig3,K_eig1,K_eig2,K_eig3,symmetry_error,error_type,error_message
eps_0.02_coeffs_0.335_0.435_0.343_89.806_13.475_-3489.473_m_-0.239_rho_0.603_,0.39697980880737305,0.16666666666666666,1e-05,True,150000,60000,47500,42500,0.700005641281711,0.03878553823288901,0.03609386247669398,0.03878412514543531,0.7208714679646412,-0.0025980209913108424,0.036094318017231196,-0.0025990369272394743,0.8457408349670038,0.2778881056400962,0.015397075552183335,0.014328534625117592,0.01539651458499614,0.2861714175272936,-0.00103136187640812,0.01432871546551296,-0.0010317651824588289,0.3357420349657892,0.6650850177180687,0.7470230019531408,0.8545099245421465,0.2640253231743673,0.29655304849006775,0.339223186468744,1.933996289056066e-06,,
