sample_name,porosity,nu,g,all_converged,total_iterations,iterations_x,iterations_y,iterations_z,K_star_xx,K_star_xy,K_star_xz,K_star_yx,K_star_yy,K_star_yz,K_star_zx,K_star_zy,K_star_zz,K_xx,K_xy,K_xz,K_yx,K_yy,K_yz,K_zx,K_zy,K_zz,K_star_eig1,K_star_eig2,K_star_eig3,K_eig1,K_eig2,K_eig3,symmetry_error,error_type,error_message
eps_0.02_coeffs_0.275_0.649_0.877_99.542_142.377_-2724.63_m_-0.267_rho_0.443_,0.5572690963745117,0.16666666666666666,1e-05,True,240000,67500,82500,90000,0.16665964309746564,-1.5674116856595607e-12,5.832180605469621e-13,-2.7806211462189968e-12,0.16665954954015197,-2.8428518058107947e-12,1.8389645150372883e-12,-4.093254447561419e-12,0.16665997617556877,0.0928742687110233,-8.734700937143537e-13,3.250094015903008e-13,-1.5495542335133194e-12,0.09287421657442366,-1.5842334569508304e-12,1.0247980935596218e-12,-2.2810442072235035e-12,0.09287445432515685,0.16665954954015194,0.16665964309746573,0.16665997617556882,0.09287421657442357,0.09287426871102335,0.09287445432515687,1.0521597742918571e-11,,
