sample_name,porosity,nu,g,all_converged,total_iterations,iterations_x,iterations_y,iterations_z,K_star_xx,K_star_xy,K_star_xz,K_star_yx,K_star_yy,K_star_yz,K_star_zx,K_star_zy,K_star_zz,K_xx,K_xy,K_xz,K_yx,K_yy,K_yz,K_zx,K_zy,K_zz,K_star_eig1,K_star_eig2,K_star_eig3,K_eig1,K_eig2,K_eig3,symmetry_error,error_type,error_message
eps_0.02_coeffs_0.481_1.347_0.372_50.006_76.65_-771.654_m_-0.213_rho_0.628_,0.3722848892211914,0.16666666666666666,1e-05,True,92500,35000,37500,20000,0.16665663613915738,2.471509939652971e-13,-1.0911197018338763e-12,3.6787033888126684e-13,0.16665781963700627,1.8890961366201204e-12,-1.2939240111990141e-13,9.290147712106367e-14,0.16665585961304766,0.06204374732304261,9.201058040927798e-14,-4.0620737732428406e-13,1.3695256835817456e-13,0.06204418792140817,7.032819459498022e-13,-4.817083571698646e-14,3.458581611850024e-14,0.062043458234105876,0.16665585961304763,0.16665663613915735,0.16665781963700632,0.06204345823410588,0.06204374732304261,0.06204418792140819,9.999562992225766e-12,,
