sample_name,porosity,nu,g,all_converged,total_iterations,iterations_x,iterations_y,iterations_z,K_star_xx,K_star_xy,K_star_xz,K_star_yx,K_star_yy,K_star_yz,K_star_zx,K_star_zy,K_star_zz,K_xx,K_xy,K_xz,K_yx,K_yy,K_yz,K_zx,K_zy,K_zz,K_star_eig1,K_star_eig2,K_star_eig3,K_eig1,K_eig2,K_eig3,symmetry_error,error_type,error_message
eps_0.02_coeffs_0.239_0.938_0.84_-5.014_40.536_-2302.031_m_-0.586_rho_0.496_,0.5038838386535645,0.16666666666666666,1e-05,True,37500,12500,12500,12500,2.5273886993646544,0.038919061487925094,0.08239233814968105,0.03892576674482083,2.583479777590279,-0.10419705652062594,0.08240488933993756,-0.10420302669575263,2.503386688058255,1.2735103196055015,0.019610686099329804,0.04151616762250381,0.019614064769913585,1.3017737074160467,-0.052503212816015415,0.04152249196442993,-0.052506221090775684,1.261416094013027,2.377520096428653,2.579409130831555,2.6573259377529816,1.1979939526644625,1.2997225743014582,1.338983594068655,4.958981573117817e-06,,
