sample_name,porosity,nu,g,all_converged,total_iterations,iterations_x,iterations_y,iterations_z,K_star_xx,K_star_xy,K_star_xz,K_star_yx,K_star_yy,K_star_yz,K_star_zx,K_star_zy,K_star_zz,K_xx,K_xy,K_xz,K_yx,K_yy,K_yz,K_zx,K_zy,K_zz,K_star_eig1,K_star_eig2,K_star_eig3,K_eig1,K_eig2,K_eig3,symmetry_error,error_type,error_message
eps_0.02_coeffs_0.338_0.599_0.371_67.874_61.746_-1839.418_m_-0.626_rho_0.338_,0.6620025634765625,0.16666666666666666,1e-05,True,37500,12500,12500,12500,17.08671140906041,-4.632731762730843,-6.404325345447161,-4.627718111314085,22.20633006769384,-1.1972515075589478,-6.447478960701038,-1.3128188161914147,41.46582944843524,11.311446754182219,-3.066880302827112,-4.239679796023942,-3.0635612527368403,14.700647430219991,-0.7925835671302025,-4.2682475999452905,-0.8690894216989826,27.450485391546064,12.980908526129863,24.710739530454443,43.06722286860518,8.593394720552737,16.35857291456247,28.51061194083307,0.0034026558836989574,,
