sample_name,porosity,nu,g,all_converged,total_iterations,iterations_x,iterations_y,iterations_z,K_star_xx,K_star_xy,K_star_xz,K_star_yx,K_star_yy,K_star_yz,K_star_zx,K_star_zy,K_star_zz,K_xx,K_xy,K_xz,K_yx,K_yy,K_yz,K_zx,K_zy,K_zz,K_star_eig1,K_star_eig2,K_star_eig3,K_eig1,K_eig2,K_eig3,symmetry_error,error_type,error_message
eps_0.02_coeffs_0.97_0.343_0.853_62.16_50.831_-3646.05_m_-0.272_rho_0.627_,0.3731417655944824,0.16666666666666666,1e-05,True,57500,17500,20000,20000,1.8549883385376222,0.009658881371130483,-0.14365404683288235,0.009658989811288382,1.7155235604206838,-0.10076427724313519,-0.14364697148364325,-0.1007640114543654,1.723744719365309,0.6921736237991039,0.003604132048491284,-0.053603324670014184,0.0036041725120432634,0.6401334902543067,-0.037599360319355395,-0.05360068456170691,-0.037599261142464556,0.643201148018137,1.5805327292392612,1.7493801352804594,1.9643437538038935,0.589762773168204,0.6527667923744651,0.7329786965288784,3.2633397062136865e-06,,
