sample_name,porosity,nu,g,all_converged,total_iterations,iterations_x,iterations_y,iterations_z,K_star_xx,K_star_xy,K_star_xz,K_star_yx,K_star_yy,K_star_yz,K_star_zx,K_star_zy,K_star_zz,K_xx,K_xy,K_xz,K_yx,K_yy,K_yz,K_zx,K_zy,K_zz,K_star_eig1,K_star_eig2,K_star_eig3,K_eig1,K_eig2,K_eig3,symmetry_error,error_type,error_message
eps_0.02_coeffs_0.294_0.972_0.481_20.176_13.994_-995.531_m_-0.544_rho_0.413_,0.5871844291687012,0.16666666666666666,1e-05,True,22500,7500,7500,7500,11.201608649708206,-0.9951603751075133,1.9283459685940838,-0.9898830492351869,8.733671537916067,0.4637653580894678,1.924820543724153,0.4516209507712098,10.26891903478004,6.577410180750098,-0.5843426767888158,1.1322947268086831,-0.5812439132089365,5.128275936538178,0.2723157970579824,1.1302246522188557,0.2651847901792189,6.029749361616928,7.751523126033359,9.671693648596083,12.780982447774868,4.551573681947886,5.679067914145443,7.504793882811875,0.0010883833705151594,,
