sample_name,porosity,nu,g,all_converged,total_iterations,iterations_x,iterations_y,iterations_z,K_star_xx,K_star_xy,K_star_xz,K_star_yx,K_star_yy,K_star_yz,K_star_zx,K_star_zy,K_star_zz,K_xx,K_xy,K_xz,K_yx,K_yy,K_yz,K_zx,K_zy,K_zz,K_star_eig1,K_star_eig2,K_star_eig3,K_eig1,K_eig2,K_eig3,symmetry_error,error_type,error_message
eps_0.02_coeffs_0.837_-0.272_0.371_57.3_100.73_-3839.156_m_-0.643_rho_0.463_,0.5373010635375977,0.16666666666666666,1e-05,True,30000,10000,10000,10000,2.1959502681750647,-0.04549620341770179,0.03432508271957833,-0.04550081270433074,2.3049824499808023,0.1655079605020932,0.03432887225380964,0.16551782924400135,2.289830590142776,1.179886414566135,-0.024445158483254056,0.01844290345124545,-0.024447635057861943,1.2384695218101824,0.08892760320171339,0.01844493957201825,0.08893290568723641,1.2303284114046382,2.0989985654884533,2.2283397787853865,2.4634249640248025,1.127794161600838,1.1972893330645231,1.323600853115595,4.1506647534834105e-06,,
