sample_name,porosity,nu,g,all_converged,total_iterations,iterations_x,iterations_y,iterations_z,K_star_xx,K_star_xy,K_star_xz,K_star_yx,K_star_yy,K_star_yz,K_star_zx,K_star_zy,K_star_zz,K_xx,K_xy,K_xz,K_yx,K_yy,K_yz,K_zx,K_zy,K_zz,K_star_eig1,K_star_eig2,K_star_eig3,K_eig1,K_eig2,K_eig3,symmetry_error,error_type,error_message
eps_0.02_coeffs_0.486_0.882_0.906_77.272_138.814_-392.183_m_-0.288_rho_0.578_,0.4218025207519531,0.16666666666666666,1e-05,True,157500,47500,55000,55000,0.16665681023262569,-9.029241403122958e-14,2.1848547309640242e-13,-1.7857952694620953e-13,0.16665726030901712,4.192980951080401e-13,3.446793378545088e-13,4.2295258313981867e-13,0.16665716728158933,0.07029626265660141,-3.808556784315166e-14,9.215772329974558e-14,-7.532529462060252e-14,0.07029645249995785,1.7686099346306348e-13,1.4538661355814592e-13,1.7840246572692554e-13,0.07029641326075431,0.16665681023262569,0.16665716728158933,0.16665726030901715,0.07029626265660141,0.0702964132607543,0.07029645249995786,7.547543986669067e-13,,
