sample_name,porosity,nu,g,all_converged,total_iterations,iterations_x,iterations_y,iterations_z,K_star_xx,K_star_xy,K_star_xz,K_star_yx,K_star_yy,K_star_yz,K_star_zx,K_star_zy,K_star_zz,K_xx,K_xy,K_xz,K_yx,K_yy,K_yz,K_zx,K_zy,K_zz,K_star_eig1,K_star_eig2,K_star_eig3,K_eig1,K_eig2,K_eig3,symmetry_error,error_type,error_message
eps_0.02_coeffs_0.467_1.055_0.884_18.363_90.934_950.012_m_-0.314_rho_0.496_,0.503840446472168,0.16666666666666666,1e-05,True,72500,27500,22500,22500,0.16666211081706783,5.347682513785055e-10,2.9802618117552425e-10,1.711250402645564e-12,0.16666240951513983,-2.1367679904003064e-09,6.890864175803108e-12,-2.13580959066111e-09,0.16666180798620367,0.08397111232406539,2.6943787453368675e-10,1.5015764418387135e-10,8.621971668946181e-13,0.08397126282023534,-1.0765901382907275e-09,3.4718960829157056e-12,-1.076107257738232e-09,0.08397095974562759,0.16666180797862018,0.16666211081706797,0.16666240952272335,0.0839709597418067,0.08397111232406546,0.08397126282405616,2.9756234961670754e-09,,
