sample_name,porosity,nu,g,all_converged,total_iterations,iterations_x,iterations_y,iterations_z,K_star_xx,K_star_xy,K_star_xz,K_star_yx,K_star_yy,K_star_yz,K_star_zx,K_star_zy,K_star_zz,K_xx,K_xy,K_xz,K_yx,K_yy,K_yz,K_zx,K_zy,K_zz,K_star_eig1,K_star_eig2,K_star_eig3,K_eig1,K_eig2,K_eig3,symmetry_error,error_type,error_message
eps_0.02_coeffs_0.617_0.919_0.481_50.427_96.699_-574.635_m_-0.629_rho_0.692_,0.30750131607055664,0.16666666666666666,1e-05,True,65000,25000,20000,20000,0.8180112288406899,0.038457323537430824,-0.0660542873136675,0.03845736651023788,0.770976574048275,0.05779223310739955,-0.06605406459142321,0.05779216381787191,0.7756745469770462,0.2515395294290054,0.011825677600311174,-0.02031178028105543,0.011825690814505898,0.23707631117941352,0.017771187739181758,-0.020311711793672194,0.01777116643256082,0.23852094403787452,0.6765279206176559,0.821780632786252,0.8663537964621034,0.20803322594840615,0.2526986261030674,0.2664049325948199,2.443965907131588e-07,,
