sample_name,porosity,nu,g,all_converged,total_iterations,iterations_x,iterations_y,iterations_z,K_star_xx,K_star_xy,K_star_xz,K_star_yx,K_star_yy,K_star_yz,K_star_zx,K_star_zy,K_star_zz,K_xx,K_xy,K_xz,K_yx,K_yy,K_yz,K_zx,K_zy,K_zz,K_star_eig1,K_star_eig2,K_star_eig3,K_eig1,K_eig2,K_eig3,symmetry_error,error_type,error_message
eps_0.02_coeffs_0.993_0.863_0.472_76.843_108.279_-3383.536_m_-0.355_rho_0.632_,0.36835622787475586,0.16666666666666666,1e-05,True,70000,22500,25000,22500,0.9847680665011657,-0.0675555190868721,-0.0809371911502599,-0.06755516419139722,1.016229577670536,0.03369251621156236,-0.08093652524469204,0.03369350441281566,1.0583934470030327,0.36274545030788613,-0.024884496182961277,-0.029813718426887806,-0.02488436545500286,0.37433449388547485,0.012410848179300169,-0.029813473136424712,0.012411212189386218,0.38986581774539747,0.9142056581875178,1.0001203813789292,1.1450650516082865,0.33675334775171256,0.3684005711054047,0.4217918430816413,9.911688127822265e-07,,
