sample_name,porosity,nu,g,all_converged,total_iterations,iterations_x,iterations_y,iterations_z,K_star_xx,K_star_xy,K_star_xz,K_star_yx,K_star_yy,K_star_yz,K_star_zx,K_star_zy,K_star_zz,K_xx,K_xy,K_xz,K_yx,K_yy,K_yz,K_zx,K_zy,K_zz,K_star_eig1,K_star_eig2,K_star_eig3,K_eig1,K_eig2,K_eig3,symmetry_error,error_type,error_message
eps_0.02_coeffs_0.616_-0.675_0.753_44.288_119.702_-3390.276_m_-0.233_rho_0.469_,0.5305194854736328,0.16666666666666666,1e-05,True,62500,22500,20000,20000,0.9823300327623203,0.008776883531543054,0.0002712583100307689,0.00877845929260853,1.0141324731676697,-0.0006833861126611613,0.00027138473664245044,-0.00068336124599695,0.9928354712969372,0.5211452235463631,0.004656307735216222,0.00014390781906797068,0.004657143707165908,0.5380170378670149,-0.00036254964886882536,0.00014397489084895016,-0.0003625364566189225,0.5267185633924228,0.980053122694785,0.9928352013561581,1.0164096531759834,0.5199372783888644,0.5267184201835796,0.5392251262333568,1.2953712575148776e-06,,
