sample_name,porosity,nu,g,all_converged,total_iterations,iterations_x,iterations_y,iterations_z,K_star_xx,K_star_xy,K_star_xz,K_star_yx,K_star_yy,K_star_yz,K_star_zx,K_star_zy,K_star_zz,K_xx,K_xy,K_xz,K_yx,K_yy,K_yz,K_zx,K_zy,K_zz,K_star_eig1,K_star_eig2,K_star_eig3,K_eig1,K_eig2,K_eig3,symmetry_error,error_type,error_message
eps_0.02_coeffs_0.203_-0.61_0.813_48.527_20.282_-3119.017_m_-0.391_rho_0.518_,0.48176050186157227,0.16666666666666666,1e-05,True,55000,17500,17500,20000,1.524043716517743,0.07399418002385809,-0.14636837245753487,0.07401665552389926,1.5156201592583007,-0.08670886796028181,-0.1463556633151545,-0.08670499343321222,1.685545108146908,0.7342240657285636,0.035647473303129396,-0.07051450057180353,0.03565830111130882,0.7301659285557951,-0.04177290774439417,-0.07050837780899213,-0.04177104115028865,0.8120290572111725,1.4297553899690127,1.4811423420612047,1.8143112518927333,0.6887996742107596,0.7135558780398306,0.874063499244941,1.3456029045990015e-05,,
