sample_name,porosity,nu,g,all_converged,total_iterations,iterations_x,iterations_y,iterations_z,K_star_xx,K_star_xy,K_star_xz,K_star_yx,K_star_yy,K_star_yz,K_star_zx,K_star_zy,K_star_zz,K_xx,K_xy,K_xz,K_yx,K_yy,K_yz,K_zx,K_zy,K_zz,K_star_eig1,K_star_eig2,K_star_eig3,K_eig1,K_eig2,K_eig3,symmetry_error,error_type,error_message
eps_0.02_coeffs_0.798_-0.084_0.842_-10.44_136.124_556.607_m_-0.327_rho_0.442_,0.5580296516418457,0.16666666666666666,1e-05,True,37500,15000,10000,12500,2.311167197373537,0.445687393392136,0.06953454323548187,0.4457147824485948,1.8612091994212001,-0.02457861895132987,0.06953959944707944,-0.024591435101786577,1.818362807748064,1.2896998260364156,0.24870678087577588,0.03880233693877081,0.2487220647814104,1.0386099211856108,-0.013715598171248273,0.03880515845476722,-0.01372274996322302,1.0147003641661405,1.5733514596904303,1.8291223622593535,2.588265382593017,0.8779767669612398,1.020704514621897,1.4443288298050303,1.2253728859957277e-05,,
