sample_name,porosity,nu,g,all_converged,total_iterations,iterations_x,iterations_y,iterations_z,K_star_xx,K_star_xy,K_star_xz,K_star_yx,K_star_yy,K_star_yz,K_star_zx,K_star_zy,K_star_zz,K_xx,K_xy,K_xz,K_yx,K_yy,K_yz,K_zx,K_zy,K_zz,K_star_eig1,K_star_eig2,K_star_eig3,K_eig1,K_eig2,K_eig3,symmetry_error,error_type,error_message
eps_0.02_coeffs_0.409_-0.467_0.652_111.23_97.797_-3591.423_m_-0.301_rho_0.516_,0.4844198226928711,0.16666666666666666,1e-05,True,285000,100000,100000,85000,0.3710529257605842,-0.014103814788706882,-0.02642438561103417,-0.014104180819006247,0.37860509826275845,0.012538369835378729,-0.026424179296218406,0.012538882311447732,0.3606487025697393,0.17974539250661326,-0.006832167459238481,-0.012800496192465226,-0.0068323447715712,0.1834038145710625,0.006073834892511807,-0.012800396249478756,0.006074083146078288,0.1747053805532471,0.3389034869628648,0.365560793677117,0.40584244595310026,0.16417156706454664,0.17708489485653423,0.19659812570984186,1.4579910699189102e-06,,
