sample_name,porosity,nu,g,all_converged,total_iterations,iterations_x,iterations_y,iterations_z,K_star_xx,K_star_xy,K_star_xz,K_star_yx,K_star_yy,K_star_yz,K_star_zx,K_star_zy,K_star_zz,K_xx,K_xy,K_xz,K_yx,K_yy,K_yz,K_zx,K_zy,K_zz,K_star_eig1,K_star_eig2,K_star_eig3,K_eig1,K_eig2,K_eig3,symmetry_error,error_type,error_message
eps_0.02_coeffs_0.61_-0.016_0.492_-19.929_24.701_480.912_m_-0.59_rho_0.443_,0.5574054718017578,0.16666666666666666,1e-05,True,37500,12500,12500,12500,31.669022701905686,2.9448647866224,2.3548094997074114,3.0892949136495282,49.88956960015064,1.683179680916644,2.4453950016825496,1.78768387221215,44.667048983996665,17.65248654065632,1.6414837457796418,1.312583700187671,1.721989888877586,27.8087190809586,0.9382135641684741,1.3630765546545218,0.9964647722228068,24.897657512916886,30.828423786359494,44.25084287634219,51.14637462335129,17.183932105540247,24.66566195111297,28.509269077878574,0.003805343566164487,,
