sample_name,porosity,nu,g,all_converged,total_iterations,iterations_x,iterations_y,iterations_z,K_star_xx,K_star_xy,K_star_xz,K_star_yx,K_star_yy,K_star_yz,K_star_zx,K_star_zy,K_star_zz,K_xx,K_xy,K_xz,K_yx,K_yy,K_yz,K_zx,K_zy,K_zz,K_star_eig1,K_star_eig2,K_star_eig3,K_eig1,K_eig2,K_eig3,symmetry_error,error_type,error_message
eps_0.02_coeffs_0.847_0.713_0.844_18.671_141.823_-3546.093_m_-0.406_rho_0.484_,0.5156774520874023,0.16666666666666666,1e-05,True,47500,17500,17500,12500,1.478015145554427,0.028203320214343523,-0.016495648907776786,0.02820272265180602,1.4847542432178362,0.002666327076098063,-0.016495790913886976,0.002665814839613159,1.5051319217543315,0.762179084406098,0.014543816308537797,-0.008506434199290674,0.014543508159010995,0.7656542851185331,0.0013749647530339026,-0.008506507428639757,0.001374700604228501,0.7761625944656891,1.4493285826622282,1.500589801284134,1.5179829265802325,0.747386070744704,0.7738203253545436,0.7827895678910727,4.3838363258376085e-07,,
