sample_name,porosity,nu,g,all_converged,total_iterations,iterations_x,iterations_y,iterations_z,K_star_xx,K_star_xy,K_star_xz,K_star_yx,K_star_yy,K_star_yz,K_star_zx,K_star_zy,K_star_zz,K_xx,K_xy,K_xz,K_yx,K_yy,K_yz,K_zx,K_zy,K_zz,K_star_eig1,K_star_eig2,K_star_eig3,K_eig1,K_eig2,K_eig3,symmetry_error,error_type,error_message
eps_0.02_coeffs_0.826_0.963_0.531_11.934_39.007_-972.635_m_-0.33_rho_0.594_,0.4059438705444336,0.16666666666666666,1e-05,True,47500,15000,17500,15000,1.614921892874694,0.28649554210782874,-0.14138089250759717,0.2864586790602045,2.525784576090556,-0.07707143154664432,-0.14134667994668396,-0.07703491563497808,2.5069927552852898,0.6555676438204965,0.11630110925697776,-0.0573927067255605,0.1162861449287451,1.0253267669796318,-0.031286675230445156,-0.05737881834616216,-0.03127185181992691,1.0176983425073645,1.5189021108406995,2.4436234427234247,2.6851736706864164,0.6165890018527839,0.9919739584922613,1.0900297929624483,2.2333686983455926e-05,,
