sample_name,porosity,nu,g,all_converged,total_iterations,iterations_x,iterations_y,iterations_z,K_star_xx,K_star_xy,K_star_xz,K_star_yx,K_star_yy,K_star_yz,K_star_zx,K_star_zy,K_star_zz,K_xx,K_xy,K_xz,K_yx,K_yy,K_yz,K_zx,K_zy,K_zz,K_star_eig1,K_star_eig2,K_star_eig3,K_eig1,K_eig2,K_eig3,symmetry_error,error_type,error_message
eps_0.02_coeffs_0.984_1.166_0.444_44.555_126.679_-2814.972_m_-0.214_rho_0.456_,0.5436453819274902,0.16666666666666666,1e-05,True,45000,15000,15000,15000,1.6578038016462329,-0.03461142426805113,0.030878044020662836,-0.0346100139995387,1.6077534599075485,0.014207842585551597,0.03087962626846113,0.014211254359890539,1.6070719533615747,0.9012573809068115,-0.01881634096525906,0.016786706034787102,-0.018815574279295,0.874047743756683,0.007724028008787858,0.01678756621649571,0.0077258828041514025,0.873677245870211,1.5690258732188105,1.6215368918926971,1.6820664498038485,0.852993670100154,0.8815410429025207,0.9144476575310309,2.0183129662336274e-06,,
