sample_name,porosity,nu,g,all_converged,total_iterations,iterations_x,iterations_y,iterations_z,K_star_xx,K_star_xy,K_star_xz,K_star_yx,K_star_yy,K_star_yz,K_star_zx,K_star_zy,K_star_zz,K_xx,K_xy,K_xz,K_yx,K_yy,K_yz,K_zx,K_zy,K_zz,K_star_eig1,K_star_eig2,K_star_eig3,K_eig1,K_eig2,K_eig3,symmetry_error,error_type,error_message
eps_0.02_coeffs_0.563_0.781_0.947_92.229_129.36_-3430.099_m_-0.382_rho_0.446_,0.5544095039367676,0.16666666666666666,1e-05,True,112500,32500,37500,42500,0.9844446356417822,-0.09362689973716055,0.08219142147927662,-0.0936236512154798,0.7113084528210961,-0.021695090727236684,0.08219418611345396,-0.021696207971676047,0.8608759519092817,0.5457854620993724,-0.051907643038416655,0.04556770521018354,-0.0519058420271231,0.39435616647457356,-0.012027964487950456,0.04556923794964636,-0.012028583898885859,0.47727780944911746,0.6822152942607277,0.8230771174667832,1.051336628644649,0.378226642869166,0.456321776396464,0.5828710187574335,4.159065078130794e-06,,
