sample_name,porosity,nu,g,all_converged,total_iterations,iterations_x,iterations_y,iterations_z,K_star_xx,K_star_xy,K_star_xz,K_star_yx,K_star_yy,K_star_yz,K_star_zx,K_star_zy,K_star_zz,K_xx,K_xy,K_xz,K_yx,K_yy,K_yz,K_zx,K_zy,K_zz,K_star_eig1,K_star_eig2,K_star_eig3,K_eig1,K_eig2,K_eig3,symmetry_error,error_type,error_message
eps_0.02_coeffs_0.994_0.914_0.448_28.466_48.308_24.626_m_-0.44_rho_0.356_,0.6436796188354492,0.16666666666666666,1e-05,True,40000,15000,12500,12500,48.16240711345392,0.8369911496000765,0.7643868644320904,0.806946507920463,11.016174205294053,3.943199426619762,0.8632416277374715,3.902169061904722,23.00324014797671,31.001159852985744,0.5387541441432216,0.49202024554047213,0.5194150206388404,7.090886813488584,2.5381571039187705,0.5556510419049484,2.511746694398314,14.806716850429952,9.850539483010072,24.115146190747026,48.21613579296758,6.34059149974747,15.522428108221183,31.03574390893563,0.002868647446939823,,
