sample_name,porosity,nu,g,all_converged,total_iterations,iterations_x,iterations_y,iterations_z,K_star_xx,K_star_xy,K_star_xz,K_star_yx,K_star_yy,K_star_yz,K_star_zx,K_star_zy,K_star_zz,K_xx,K_xy,K_xz,K_yx,K_yy,K_yz,K_zx,K_zy,K_zz,K_star_eig1,K_star_eig2,K_star_eig3,K_eig1,K_eig2,K_eig3,symmetry_error,error_type,error_message
eps_0.02_coeffs_0.664_0.528_0.405_-23.482_11.045_766.377_m_-0.47_rho_0.365_,0.6351127624511719,0.16666666666666666,1e-05,True,217500,77500,72500,67500,20.769727454478886,-23.734667221166408,3.907152957619098,-23.80246114390975,50.72820313239874,-9.16266309931049,3.9366523623844762,-9.176618580235495,32.13444959756937,13.191118978972032,-15.074190064694276,2.4814827082327318,-15.117246850245202,32.218129225601956,-5.819324272412502,2.5002181566839363,-5.828187576454116,20.408999053760233,7.582414161691096,29.322129414911394,66.72783660784448,4.815688004280525,18.622858613655147,42.37970064039857,0.0014525418621354996,,
