sample_name,porosity,nu,g,all_converged,total_iterations,iterations_x,iterations_y,iterations_z,K_star_xx,K_star_xy,K_star_xz,K_star_yx,K_star_yy,K_star_yz,K_star_zx,K_star_zy,K_star_zz,K_xx,K_xy,K_xz,K_yx,K_yy,K_yz,K_zx,K_zy,K_zz,K_star_eig1,K_star_eig2,K_star_eig3,K_eig1,K_eig2,K_eig3,symmetry_error,error_type,error_message
eps_0.02_coeffs_0.378_0.667_0.73_0.859_29.338_-805.051_m_-0.32_rho_0.549_,0.45101070404052734,0.16666666666666666,1e-05,True,42500,15000,12500,15000,2.1412497308602902,-0.023098227222629414,-0.042524094521878344,-0.023096581747527628,2.1593325048041594,0.04290798669996473,-0.042531168724486444,0.04291163413567906,2.016824926227995,0.9657265486418892,-0.010417547721766167,-0.019178821808998284,-0.010416805594882029,0.9738820732493193,0.019351961290512674,-0.01918201235009709,0.01935360632306214,0.9096096299045726,1.9961671666208596,2.126147724020148,2.195092271251437,0.9002927592002583,0.9589153819044919,0.9900101106910304,3.1489019747696847e-06,,
