sample_name,porosity,nu,g,all_converged,total_iterations,iterations_x,iterations_y,iterations_z,K_star_xx,K_star_xy,K_star_xz,K_star_yx,K_star_yy,K_star_yz,K_star_zx,K_star_zy,K_star_zz,K_xx,K_xy,K_xz,K_yx,K_yy,K_yz,K_zx,K_zy,K_zz,K_star_eig1,K_star_eig2,K_star_eig3,K_eig1,K_eig2,K_eig3,symmetry_error,error_type,error_message
eps_0.02_coeffs_0.721_0.341_0.507_36.39_118.034_150.571_m_-0.319_rho_0.5_,0.4996051788330078,0.16666666666666666,1e-05,True,237500,77500,70000,90000,2.7639599185600674,-1.7965367714541365,0.4182038248960579,-1.7965982443547892,2.866349613469281,-0.7736861871153092,0.4184398111551316,-0.7749744899859818,2.4402421882248198,1.380888689399468,-0.8975590749824184,0.2089367967258429,-0.8975897871619424,1.432043111235243,-0.386537625874372,0.20905469668300955,-0.3871812686604655,1.2191576348439115,0.9724673538065494,2.192574701301493,4.905509665146126,0.48584972620778333,1.0954216757484612,2.4508180335223786,0.0003395956694990898,,
