sample_name,porosity,nu,g,all_converged,total_iterations,iterations_x,iterations_y,iterations_z,K_star_xx,K_star_xy,K_star_xz,K_star_yx,K_star_yy,K_star_yz,K_star_zx,K_star_zy,K_star_zz,K_xx,K_xy,K_xz,K_yx,K_yy,K_yz,K_zx,K_zy,K_zz,K_star_eig1,K_star_eig2,K_star_eig3,K_eig1,K_eig2,K_eig3,symmetry_error,error_type,error_message
eps_0.02_coeffs_0.764_-0.665_0.633_90.909_133.405_-4107.164_m_-0.264_rho_0.429_,0.5710492134094238,0.16666666666666666,1e-05,True,67500,20000,22500,25000,0.9907477607233355,-0.006315204090910829,-0.05777769623857973,-0.006314473894317954,0.9820637259572836,0.016152543712829714,-0.057780781321513146,0.016151515833658953,1.0570651268591666,0.5657657294482088,-0.0036062923286346044,-0.03299390798964958,-0.003605875350444609,0.5608067182258348,0.009223897381772742,-0.03299566972383201,0.0092233104121808,0.6036362092154599,0.9569849939389924,0.9797202283577973,1.0931713912429961,0.5464855280334839,0.5594684657650211,0.6242546630909981,2.689700950406934e-06,,
