sample_name,porosity,nu,g,all_converged,total_iterations,iterations_x,iterations_y,iterations_z,K_star_xx,K_star_xy,K_star_xz,K_star_yx,K_star_yy,K_star_yz,K_star_zx,K_star_zy,K_star_zz,K_xx,K_xy,K_xz,K_yx,K_yy,K_yz,K_zx,K_zy,K_zz,K_star_eig1,K_star_eig2,K_star_eig3,K_eig1,K_eig2,K_eig3,symmetry_error,error_type,error_message
eps_0.02_coeffs_0.8_1.016_0.632_-33.878_57.049_-1071.199_m_-0.311_rho_0.379_,0.6205582618713379,0.16666666666666666,1e-05,True,32500,10000,10000,12500,2.59927109934902,-0.013611673203480864,0.011103833976325103,-0.013607547425209532,2.586567546385452,-0.013128547577298514,0.011114023394356645,-0.013136330325147121,2.5833893317071825,1.6129991555444294,-0.00844683626431275,0.0068905759124562125,-0.008444275978519827,1.6051158607977674,-0.00814702866546353,0.0068968990399993465,-0.008151858313941045,1.6031435934211664,2.5717148265522884,2.581203324522343,2.6163098263670252,1.5958988827940377,1.6017870486021035,1.6235726783672224,4.2464438016322225e-06,,
