sample_name,porosity,nu,g,all_converged,total_iterations,iterations_x,iterations_y,iterations_z,K_star_xx,K_star_xy,K_star_xz,K_star_yx,K_star_yy,K_star_yz,K_star_zx,K_star_zy,K_star_zz,K_xx,K_xy,K_xz,K_yx,K_yy,K_yz,K_zx,K_zy,K_zz,K_star_eig1,K_star_eig2,K_star_eig3,K_eig1,K_eig2,K_eig3,symmetry_error,error_type,error_message
eps_0.02_coeffs_0.909_0.163_0.558_72.664_144.924_-647.182_m_-0.34_rho_0.689_,0.3111686706542969,0.16666666666666666,1e-05,True,200000,70000,67500,62500,0.3937860457733193,-0.0016066454728521614,-0.00399166162616333,-0.0016068158898449516,0.3825401767899461,-0.10504948169375318,-0.003991851029211758,-0.10504968662279213,0.49041538892029285,0.12253388038549587,-0.0004999377360001512,-0.0012420800419150123,-0.0004999907644292547,0.11903451828358724,-0.03268810757156807,-0.0012421389782098096,-0.0326881713390647,0.15260190463873752,0.3182323370591212,0.3939027393118074,0.5546065351126295,0.09902393328189692,0.12257019175874115,0.17257617826718255,6.157152072760509e-07,,
