sample_name,porosity,nu,g,all_converged,total_iterations,iterations_x,iterations_y,iterations_z,K_star_xx,K_star_xy,K_star_xz,K_star_yx,K_star_yy,K_star_yz,K_star_zx,K_star_zy,K_star_zz,K_xx,K_xy,K_xz,K_yx,K_yy,K_yz,K_zx,K_zy,K_zz,K_star_eig1,K_star_eig2,K_star_eig3,K_eig1,K_eig2,K_eig3,symmetry_error,error_type,error_message
eps_0.02_coeffs_0.379_0.409_0.891_48.364_87.465_-3969.941_m_-0.324_rho_0.688_,0.31235456466674805,0.16666666666666666,1e-05,True,95000,30000,30000,35000,0.5662300282556414,0.0068940644617686555,0.013066673768515093,0.0068940056465752126,0.5944301861544867,0.0028515207648234222,0.013066699813151362,0.002851576550187853,0.5558246288342611,0.1768645339770313,0.002153392503740247,0.004081435196606948,0.0021533741325461034,0.1856729820210587,0.0008906855271346124,0.004081443331767971,0.000890702951947834,0.17361435997058244,0.5469130088067641,0.5726507026514863,0.5969211317861388,0.17083077477641817,0.17887006093281238,0.18645104025944206,1.214269292876362e-07,,
