sample_name,porosity,nu,g,all_converged,total_iterations,iterations_x,iterations_y,iterations_z,K_star_xx,K_star_xy,K_star_xz,K_star_yx,K_star_yy,K_star_yz,K_star_zx,K_star_zy,K_star_zz,K_xx,K_xy,K_xz,K_yx,K_yy,K_yz,K_zx,K_zy,K_zz,K_star_eig1,K_star_eig2,K_star_eig3,K_eig1,K_eig2,K_eig3,symmetry_error,error_type,error_message
eps_0.02_coeffs_0.587_1.36_0.268_50.351_96.997_-2003.848_m_-0.261_rho_0.544_,0.45557260513305664,0.16666666666666666,1e-05,True,75000,25000,22500,27500,0.8266513092244996,-0.04184924520771277,-0.017082989323084247,-0.04184941277139131,0.9130523889526112,0.044911559846045224,-0.01708424349325446,0.04491241098740588,0.9591073232045402,0.37659969048005726,-0.019065369662129794,-0.007782541949377682,-0.019065445999551348,0.415961655458102,0.020460476319652,-0.007783113314949406,0.020460864076339014,0.4369430218344849,0.809696843155384,0.8943600712376709,0.9947541069885952,0.3688757002043103,0.4074459475807318,0.45318271998760196,1.379202431549328e-06,,
