sample_name,porosity,nu,g,all_converged,total_iterations,iterations_x,iterations_y,iterations_z,K_star_xx,K_star_xy,K_star_xz,K_star_yx,K_star_yy,K_star_yz,K_star_zx,K_star_zy,K_star_zz,K_xx,K_xy,K_xz,K_yx,K_yy,K_yz,K_zx,K_zy,K_zz,K_star_eig1,K_star_eig2,K_star_eig3,K_eig1,K_eig2,K_eig3,symmetry_error,error_type,error_message
eps_0.02_coeffs_0.229_0.533_0.255_54.534_30.022_-1849.451_m_-0.336_rho_0.441_,0.5587224960327148,0.16666666666666666,1e-05,True,142500,45000,42500,55000,0.7033308523742919,0.05226038502903793,0.11081922105058896,0.0522588220545653,0.6568041944682904,-0.11050618988711051,0.11082243522853046,-0.11050471197609016,0.651198586881151,0.3929667693753813,0.029199052767054794,0.06191719179378624,0.029198179498056212,0.36697127893807985,-0.061742294240791536,0.06191898762730841,-0.06174146849865733,0.36383929987521335,0.4814235097814592,0.729654042929706,0.8002560810125685,0.26898214503392687,0.407674128106047,0.44712107504870074,4.615091343042625e-06,,
