sample_name,porosity,nu,g,all_converged,total_iterations,iterations_x,iterations_y,iterations_z,K_star_xx,K_star_xy,K_star_xz,K_star_yx,K_star_yy,K_star_yz,K_star_zx,K_star_zy,K_star_zz,K_xx,K_xy,K_xz,K_yx,K_yy,K_yz,K_zx,K_zy,K_zz,K_star_eig1,K_star_eig2,K_star_eig3,K_eig1,K_eig2,K_eig3,symmetry_error,error_type,error_message
eps_0.02_coeffs_0.859_0.019_0.266_41.256_52.63_-2477.09_m_-0.399_rho_0.35_,0.6502900123596191,0.16666666666666666,1e-05,True,25000,7500,7500,10000,4.38498726385839,-0.21260273874565336,-0.4092666693531395,-0.2127192406309778,4.863563431485042,-0.19132560343223542,-0.40927105423831567,-0.19154741238310038,4.016461842522459,2.851513422011245,-0.1382534376065998,-0.26614202747203325,-0.13832919761904736,3.1627267239722,-0.12441712902065996,-0.26614487891906863,-0.12456136916605941,2.611865021215869,3.6866768961511163,4.6320527608587065,4.946282880856069,2.397409164364032,3.0121776471092168,3.216518355726066,4.593650399478899e-05,,
