sample_name,porosity,nu,g,all_converged,total_iterations,iterations_x,iterations_y,iterations_z,K_star_xx,K_star_xy,K_star_xz,K_star_yx,K_star_yy,K_star_yz,K_star_zx,K_star_zy,K_star_zz,K_xx,K_xy,K_xz,K_yx,K_yy,K_yz,K_zx,K_zy,K_zz,K_star_eig1,K_star_eig2,K_star_eig3,K_eig1,K_eig2,K_eig3,symmetry_error,error_type,error_message
eps_0.02_coeffs_0.995_1.212_0.601_-25.879_107.93_-2552.643_m_-0.242_rho_0.337_,0.6628808975219727,0.16666666666666666,1e-05,True,32500,10000,12500,10000,2.0498362265447754,-0.0022624711754274177,0.0025973060278213604,-0.002260125266685531,2.0416348707300687,-0.007898348901419185,0.0025936954788469656,-0.007896315005517617,2.041602661746541,1.3587972776250543,-0.001499748923384919,0.0017217045508614531,-0.0014981938652925924,1.3533607555217044,-0.005235664608714437,0.0017193111869167593,-0.005234316377973738,1.3533394048017953,2.033718707372434,2.046242161460464,2.053112890188486,1.3481132820502648,1.356414840536214,1.360969315362075,1.9018581331095847e-06,,
