sample_name,porosity,nu,g,all_converged,total_iterations,iterations_x,iterations_y,iterations_z,K_star_xx,K_star_xy,K_star_xz,K_star_yx,K_star_yy,K_star_yz,K_star_zx,K_star_zy,K_star_zz,K_xx,K_xy,K_xz,K_yx,K_yy,K_yz,K_zx,K_zy,K_zz,K_star_eig1,K_star_eig2,K_star_eig3,K_eig1,K_eig2,K_eig3,symmetry_error,error_type,error_message
eps_0.02_coeffs_0.89_-0.253_0.657_81.208_123.064_-3465.845_m_-0.23_rho_0.638_,0.36180973052978516,0.16666666666666666,1e-05,True,77500,30000,25000,22500,0.7625762726196329,0.018595291594831247,-0.01840192212487913,0.01859544798558236,0.8003146147879867,0.014273525126704658,-0.01840165161857817,0.014273445386203116,0.7793116389429291,0.27590751570491734,0.006727957441048672,-0.006657994485232609,0.00672801402474419,0.2895616151154903,0.00516430027980313,-0.0066578966134207525,0.005164271428913754,0.2819625340846664,0.7414461330477031,0.7909950559515052,0.8097613373513401,0.2682624256003407,0.28618970804420646,0.2929795312605268,3.370170636867991e-07,,
