sample_name,porosity,nu,g,all_converged,total_iterations,iterations_x,iterations_y,iterations_z,K_star_xx,K_star_xy,K_star_xz,K_star_yx,K_star_yy,K_star_yz,K_star_zx,K_star_zy,K_star_zz,K_xx,K_xy,K_xz,K_yx,K_yy,K_yz,K_zx,K_zy,K_zz,K_star_eig1,K_star_eig2,K_star_eig3,K_eig1,K_eig2,K_eig3,symmetry_error,error_type,error_message
eps_0.02_coeffs_0.824_0.636_0.827_70.014_130.324_-4097.707_m_-0.252_rho_0.38_,0.6203627586364746,0.16666666666666666,1e-05,True,45000,15000,15000,15000,2.032837414962891,-0.017101454164540987,0.0034038107966757537,-0.01709549483067027,1.9457788003685332,-0.0092061657200049,0.0034100140758801935,-0.009204818515751076,2.0840961161264917,1.2610966266058188,-0.010609105282209874,0.002111597455702387,-0.0106054083334102,1.2070887042929934,-0.005711162362526786,0.0021154457391022456,-0.005710326607179437,1.292895615863793,1.9420432971770554,2.0355541883889976,2.085114845891863,1.2047713372282338,1.2627820116630286,1.2935275978713436,3.516275252469232e-06,,
