sample_name,porosity,nu,g,all_converged,total_iterations,iterations_x,iterations_y,iterations_z,K_star_xx,K_star_xy,K_star_xz,K_star_yx,K_star_yy,K_star_yz,K_star_zx,K_star_zy,K_star_zz,K_xx,K_xy,K_xz,K_yx,K_yy,K_yz,K_zx,K_zy,K_zz,K_star_eig1,K_star_eig2,K_star_eig3,K_eig1,K_eig2,K_eig3,symmetry_error,error_type,error_message
eps_0.02_coeffs_0.77_-0.259_0.467_-4.607_82.749_894.011_m_-0.355_rho_0.317_,0.6833682060241699,0.16666666666666666,1e-05,True,67500,40000,15000,12500,0.16666579146618973,4.6098212290552085e-11,7.227142818159869e-10,7.118311013714299e-13,33.821618417824055,8.95473885120095,8.859318503362287e-14,8.866455276607876,12.076448509247967,0.11389410291984849,3.150205263391592e-11,4.938799622326373e-10,4.864427427364031e-13,23.11261870302245,6.1193838241601295,6.05417659223942e-14,6.05905363616906,8.252660952908045,0.16666579146618973,8.91952410788503,36.978542819186984,0.11389410291984849,6.095319188194727,25.26996046773575,0.003280385765459899,,
