sample_name,porosity,nu,g,all_converged,total_iterations,iterations_x,iterations_y,iterations_z,K_star_xx,K_star_xy,K_star_xz,K_star_yx,K_star_yy,K_star_yz,K_star_zx,K_star_zy,K_star_zz,K_xx,K_xy,K_xz,K_yx,K_yy,K_yz,K_zx,K_zy,K_zz,K_star_eig1,K_star_eig2,K_star_eig3,K_eig1,K_eig2,K_eig3,symmetry_error,error_type,error_message
eps_0.02_coeffs_0.487_-0.677_0.829_-15.126_112.892_-598.588_m_-0.42_rho_0.614_,0.3862295150756836,0.16666666666666666,1e-05,True,67500,22500,22500,22500,0.8644635907034186,-0.022535345013108134,-0.0018143687960497062,-0.022537152740495225,0.8652596458181248,-0.014276089830103266,-0.0018159685041454056,-0.01427542752251704,0.8367754456773371,0.3338813534379656,-0.008703815376475979,-0.0007007627802667299,-0.008704513574148084,0.33418881341889206,-0.005513847252257682,-0.0007013806347487945,-0.005513591449519824,0.3231873746111969,0.8270806718621276,0.8504116819831228,0.8890063283536298,0.3194429668217801,0.32845409154703786,0.3433604830992363,2.3879343614519167e-06,,
