sample_name,porosity,nu,g,all_converged,total_iterations,iterations_x,iterations_y,iterations_z,K_star_xx,K_star_xy,K_star_xz,K_star_yx,K_star_yy,K_star_yz,K_star_zx,K_star_zy,K_star_zz,K_xx,K_xy,K_xz,K_yx,K_yy,K_yz,K_zx,K_zy,K_zz,K_star_eig1,K_star_eig2,K_star_eig3,K_eig1,K_eig2,K_eig3,symmetry_error,error_type,error_message
eps_0.02_coeffs_0.743_-0.077_0.663_70.591_114.826_-1847.671_m_-0.387_rho_0.387_,0.6125950813293457,0.16666666666666666,1e-05,True,40000,12500,12500,15000,2.6765831980893857,0.09291540726276819,-0.024574197281083426,0.092950565518806,2.8359951689929352,-0.13246801929682672,-0.02452218798772529,-0.13240841526155328,2.0265152795278176,1.6396617019183275,0.05691952146888476,-0.015054032382008687,0.056941059243601634,1.7373166911988587,-0.0811492570546769,-0.01502217174471408,-0.08111274391584102,1.2414332924775051,2.005268316892506,2.6354511726028367,2.898374157114796,1.2284175076739245,1.6144644254201546,1.7755297525006122,2.7818201287791086e-05,,
