sample_name,porosity,nu,g,all_converged,total_iterations,iterations_x,iterations_y,iterations_z,K_star_xx,K_star_xy,K_star_xz,K_star_yx,K_star_yy,K_star_yz,K_star_zx,K_star_zy,K_star_zz,K_xx,K_xy,K_xz,K_yx,K_yy,K_yz,K_zx,K_zy,K_zz,K_star_eig1,K_star_eig2,K_star_eig3,K_eig1,K_eig2,K_eig3,symmetry_error,error_type,error_message
eps_0.02_coeffs_0.793_0.057_0.256_32.813_136.589_-1409.236_m_-0.329_rho_0.515_,0.48457908630371094,0.16666666666666666,1e-05,True,67500,22500,22500,22500,0.9211228627803951,-0.0023300597957352713,0.00011965826870362821,-0.0023301708178004787,0.9017999259959799,0.020038524435727203,0.00011999994660551933,0.0200387600544896,0.9295381394674029,0.4463568752195824,-0.001129098246850409,5.7983894517088084e-05,-0.0011291520458213268,0.4369933841678861,0.009710249861939272,5.8149464482596653e-05,0.009710364037863871,0.4504347423075655,0.8911488957842413,0.9212224579953137,0.9400895744642235,0.4318321176796883,0.4464051369778278,0.45554774703751777,3.822512898827582e-07,,
