sample_name,porosity,nu,g,all_converged,total_iterations,iterations_x,iterations_y,iterations_z,K_star_xx,K_star_xy,K_star_xz,K_star_yx,K_star_yy,K_star_yz,K_star_zx,K_star_zy,K_star_zz,K_xx,K_xy,K_xz,K_yx,K_yy,K_yz,K_zx,K_zy,K_zz,K_star_eig1,K_star_eig2,K_star_eig3,K_eig1,K_eig2,K_eig3,symmetry_error,error_type,error_message
eps_0.02_coeffs_0.16_0.923_0.623_10.428_91.726_25.741_m_-0.558_rho_0.543_,0.45650672912597656,0.16666666666666666,1e-05,True,30000,7500,12500,10000,7.5534776342543015,1.1150441432029827,-0.04878261126226186,1.1140680556011813,4.810326924686549,0.026079174993466965,-0.04811195024419209,0.027073704670422617,5.62164999861299,3.4482133683396508,0.5090251546446707,-0.022269590305559188,0.5085795640862318,2.1959466104152745,0.011905318874571566,-0.02196342903784786,0.012359328364417305,2.566321053157867,4.413446994520578,5.622517654183193,7.9494899088500715,2.0147682516394596,2.5667171437642273,3.6289956365091034,0.00020457915542158918,,
