sample_name,porosity,nu,g,all_converged,total_iterations,iterations_x,iterations_y,iterations_z,K_star_xx,K_star_xy,K_star_xz,K_star_yx,K_star_yy,K_star_yz,K_star_zx,K_star_zy,K_star_zz,K_xx,K_xy,K_xz,K_yx,K_yy,K_yz,K_zx,K_zy,K_zz,K_star_eig1,K_star_eig2,K_star_eig3,K_eig1,K_eig2,K_eig3,symmetry_error,error_type,error_message
eps_0.02_coeffs_0.667_0.466_0.301_55.404_61.899_-3372.169_m_-0.447_rho_0.414_,0.5860452651977539,0.16666666666666666,1e-05,True,32500,10000,12500,10000,2.515957350595943,-0.20726762528456533,0.11028691351045979,-0.20729722776930273,2.7682532858461033,-0.051049804392523886,0.11028503126799966,-0.051080873860247754,2.7201962085890705,1.4744648927562378,-0.12146821042680177,0.06463312347607915,-0.12148555882282022,1.6223217310382332,-0.029917496153510123,0.06463202039679744,-0.02993570426796191,1.5941581084525065,2.383505609332603,2.688264108255865,2.932637127442651,1.3968421769216595,1.5754444522444113,1.7186581030809074,1.3098757534115153e-05,,
