sample_name,porosity,nu,g,all_converged,total_iterations,iterations_x,iterations_y,iterations_z,K_star_xx,K_star_xy,K_star_xz,K_star_yx,K_star_yy,K_star_yz,K_star_zx,K_star_zy,K_star_zz,K_xx,K_xy,K_xz,K_yx,K_yy,K_yz,K_zx,K_zy,K_zz,K_star_eig1,K_star_eig2,K_star_eig3,K_eig1,K_eig2,K_eig3,symmetry_error,error_type,error_message
eps_0.02_coeffs_0.407_0.799_0.554_-11.151_90.815_674.663_m_-0.228_rho_0.623_,0.3769192695617676,0.16666666666666666,1e-05,True,87500,35000,25000,27500,0.5199379223653848,0.0008042707649085257,-0.002065536301096552,0.0008043383351345005,0.5391996201286803,0.003426424458586007,-0.002065531087022301,0.0034262433937621646,0.5602937561149809,0.19597462191542386,0.0003031451492392056,-0.0007785404338626276,0.00030317061775942414,0.20323472696688472,0.0012914854041388127,-0.0007785384685775695,0.0012914171573176667,0.21118551329487775,0.5197824964117694,0.538722960106129,0.5609258420911478,0.1959160388785162,0.20305506461935538,0.2114237586793148,2.9228532834394135e-07,,
