sample_name,porosity,nu,g,all_converged,total_iterations,iterations_x,iterations_y,iterations_z,K_star_xx,K_star_xy,K_star_xz,K_star_yx,K_star_yy,K_star_yz,K_star_zx,K_star_zy,K_star_zz,K_xx,K_xy,K_xz,K_yx,K_yy,K_yz,K_zx,K_zy,K_zz,K_star_eig1,K_star_eig2,K_star_eig3,K_eig1,K_eig2,K_eig3,symmetry_error,error_type,error_message
eps_0.02_coeffs_0.691_0.051_0.632_21.454_115.121_503.162_m_-0.396_rho_0.342_,0.6580061912536621,0.16666666666666666,1e-05,True,35000,12500,10000,12500,19.222022630985236,3.498474428278072,-12.518898264205765,3.5253996829259946,11.72266883238544,-0.7915560088276512,-12.525000316263695,-0.7634992828779924,23.164684543054687,12.648209899606293,2.3020178337495873,-8.237512565522117,2.319734818009002,7.713588669725957,-0.5208487545326329,-8.241527753555587,-0.5023872551514501,15.242505847767992,7.342573873238025,12.52514474717728,34.24165738601006,4.8314590683280025,8.241622789990934,22.53122255878131,0.0014968757858360789,,
