sample_name,porosity,nu,g,all_converged,total_iterations,iterations_x,iterations_y,iterations_z,K_star_xx,K_star_xy,K_star_xz,K_star_yx,K_star_yy,K_star_yz,K_star_zx,K_star_zy,K_star_zz,K_xx,K_xy,K_xz,K_yx,K_yy,K_yz,K_zx,K_zy,K_zz,K_star_eig1,K_star_eig2,K_star_eig3,K_eig1,K_eig2,K_eig3,symmetry_error,error_type,error_message
eps_0.02_coeffs_0.537_0.801_0.893_5.448_132.975_-1725.533_m_-0.54_rho_0.58_,0.4198794364929199,0.16666666666666666,1e-05,True,50000,20000,15000,15000,1.3412198748048854,-0.016072257223598344,-0.09541786227947936,-0.016079560854081548,1.2878598713451743,0.004409968920629668,-0.09541153921129651,0.004406821991296926,1.2223207198232213,0.5631506452461799,-0.006748410306213735,-0.04006399824526683,-0.006751476950465375,0.5407458770622562,0.0018516552653452755,-0.040061343318961315,0.0018503339344303604,0.5132273350529944,1.1692202272724441,1.2855786117852386,1.3966016269155976,0.49093153016327756,0.5397880230837364,0.5864043041144162,6.444982951572257e-06,,
