sample_name,porosity,nu,g,all_converged,total_iterations,iterations_x,iterations_y,iterations_z,K_star_xx,K_star_xy,K_star_xz,K_star_yx,K_star_yy,K_star_yz,K_star_zx,K_star_zy,K_star_zz,K_xx,K_xy,K_xz,K_yx,K_yy,K_yz,K_zx,K_zy,K_zz,K_star_eig1,K_star_eig2,K_star_eig3,K_eig1,K_eig2,K_eig3,symmetry_error,error_type,error_message
eps_0.02_coeffs_0.101_0.647_0.849_77.045_61.964_-3319.747_m_-0.412_rho_0.505_,0.4954657554626465,0.16666666666666666,1e-05,True,122500,47500,35000,40000,0.6265467505079583,-0.10410458150341081,-0.01113586224526967,-0.1041015116941196,0.7754182204686066,0.1782840355003608,-0.011131620211019672,0.17828443667231042,0.7901665393764177,0.3104324590730918,-0.05158025512171009,-0.0055174384000805,-0.0515787341363305,0.38419317440397915,0.08833363433611555,-0.005515336617376126,0.08833383310307864,0.3915004613734418,0.5403291717177471,0.6717761121116985,0.9800262265235365,0.2677146012636396,0.33284205888918217,0.48556943469769087,5.690009437562698e-06,,
