sample_name,porosity,nu,g,all_converged,total_iterations,iterations_x,iterations_y,iterations_z,K_star_xx,K_star_xy,K_star_xz,K_star_yx,K_star_yy,K_star_yz,K_star_zx,K_star_zy,K_star_zz,K_xx,K_xy,K_xz,K_yx,K_yy,K_yz,K_zx,K_zy,K_zz,K_star_eig1,K_star_eig2,K_star_eig3,K_eig1,K_eig2,K_eig3,symmetry_error,error_type,error_message
eps_0.02_coeffs_0.728_1.236_0.594_11.456_26.258_-1719.712_m_-0.333_rho_0.443_,0.5574135780334473,0.16666666666666666,1e-05,True,30000,10000,10000,10000,4.0868689208445375,0.12755053686186552,0.10422764919682397,0.12758231915523255,4.022317907474074,0.007152912570180347,0.10422722718935185,0.007153659771158775,3.7283547769200314,2.278076228121647,0.07109840113225957,0.0580979068688166,0.07111611701412339,2.242094616793132,0.003987130589104649,0.05809767163612161,0.003987547089075544,2.07823557638109,3.6978454731594117,3.9372508589251116,4.202445273154118,2.061229276208573,2.19467708888871,2.342500056198584,6.570010426622091e-06,,
