sample_name,porosity,nu,g,all_converged,total_iterations,iterations_x,iterations_y,iterations_z,K_star_xx,K_star_xy,K_star_xz,K_star_yx,K_star_yy,K_star_yz,K_star_zx,K_star_zy,K_star_zz,K_xx,K_xy,K_xz,K_yx,K_yy,K_yz,K_zx,K_zy,K_zz,K_star_eig1,K_star_eig2,K_star_eig3,K_eig1,K_eig2,K_eig3,symmetry_error,error_type,error_message
eps_0.02_coeffs_0.618_0.832_0.681_4.832_97.532_775.279_m_-0.502_rho_0.38_,0.6198663711547852,0.16666666666666666,1e-05,True,57500,17500,17500,22500,25.28857589845932,2.1611867318408535,-1.0585362340129696,2.418462966469731,62.563332785563965,-8.231310754666817,-1.1238916420913436,-7.686405000800192,94.61662770612534,15.67553777385034,1.3396469768540598,-0.6561510141134719,1.499123862797829,38.78090606113673,-5.102312727342675,-0.6966626337543538,-4.764543975072009,58.64966566709922,25.126545096160594,60.93994417224868,96.4020471217394,15.57510032841413,37.77462205242696,59.756387121245204,0.007337990847432862,,
