sample_name,porosity,nu,g,all_converged,total_iterations,iterations_x,iterations_y,iterations_z,K_star_xx,K_star_xy,K_star_xz,K_star_yx,K_star_yy,K_star_yz,K_star_zx,K_star_zy,K_star_zz,K_xx,K_xy,K_xz,K_yx,K_yy,K_yz,K_zx,K_zy,K_zz,K_star_eig1,K_star_eig2,K_star_eig3,K_eig1,K_eig2,K_eig3,symmetry_error,error_type,error_message
eps_0.02_coeffs_0.258_0.535_0.826_5.061_96.79_-863.473_m_-0.204_rho_0.667_,0.3332633972167969,0.16666666666666666,1e-05,True,100000,35000,35000,30000,0.5421516375924466,0.014590286987650233,-0.0004042828573843262,0.014590419201677793,0.5404782012503079,0.012609714477948827,-0.0004043692359604556,0.012609849002861006,0.5497516942526733,0.1806792965507084,0.004862408607872342,-0.00013473267848841433,0.004862452669968326,0.18012160147030123,0.0042023562848550544,-0.00013476146530614198,0.004202401117084298,0.18321211725233574,0.5230670636303791,0.5466677214455439,0.5626467480195043,0.1743191065976746,0.18218434199770756,0.1875095666779631,3.1116450878339926e-07,,
