sample_name,porosity,nu,g,all_converged,total_iterations,iterations_x,iterations_y,iterations_z,K_star_xx,K_star_xy,K_star_xz,K_star_yx,K_star_yy,K_star_yz,K_star_zx,K_star_zy,K_star_zz,K_xx,K_xy,K_xz,K_yx,K_yy,K_yz,K_zx,K_zy,K_zz,K_star_eig1,K_star_eig2,K_star_eig3,K_eig1,K_eig2,K_eig3,symmetry_error,error_type,error_message
eps_0.02_coeffs_0.29_-0.472_0.503_64.155_22.791_-3662.737_m_-0.406_rho_0.509_,0.49122095108032227,0.16666666666666666,1e-05,True,47500,15000,15000,17500,1.5727502594668472,-0.05813744879778139,-0.0599615555010689,-0.05812519613732146,1.6874662476317008,-0.019350102008773813,-0.059960965773597524,-0.019358178702765492,1.5698339182206007,0.7725678782671282,-0.028558332891829713,-0.029454372321490594,-0.02855231412830532,0.8289187750775867,-0.009505175512251126,-0.029454082635001228,-0.009509142953555304,0.7711353103464723,1.49539561299699,1.622650576857917,1.712004235464242,0.7345696552577229,0.7970799596351794,0.840972348798285,7.436982355253417e-06,,
