sample_name,porosity,nu,g,all_converged,total_iterations,iterations_x,iterations_y,iterations_z,K_star_xx,K_star_xy,K_star_xz,K_star_yx,K_star_yy,K_star_yz,K_star_zx,K_star_zy,K_star_zz,K_xx,K_xy,K_xz,K_yx,K_yy,K_yz,K_zx,K_zy,K_zz,K_star_eig1,K_star_eig2,K_star_eig3,K_eig1,K_eig2,K_eig3,symmetry_error,error_type,error_message
eps_0.02_coeffs_0.275_1.436_0.929_50.464_30.034_-2188.796_m_-0.277_rho_0.51_,0.4904155731201172,0.16666666666666666,1e-05,True,115000,47500,37500,30000,0.9364590113843702,0.07023445357205299,0.12604644438467424,0.0702357278031927,0.7398285587048828,0.1421594721349801,0.12605039889598288,0.1421761244898759,1.3905261168681962,0.4592540827715642,0.03444406980131663,0.061815139262662994,0.0344446947041113,0.3628234466278854,0.06971721900152959,0.06181707861659283,0.06972538557569961,0.6819356625424075,0.7012769183846577,0.9086654275615736,1.4568713410112173,0.3439171218455217,0.44562367643204537,0.7144723936642898,1.3086667962869962e-05,,
