sample_name,porosity,nu,g,all_converged,total_iterations,iterations_x,iterations_y,iterations_z,K_star_xx,K_star_xy,K_star_xz,K_star_yx,K_star_yy,K_star_yz,K_star_zx,K_star_zy,K_star_zz,K_xx,K_xy,K_xz,K_yx,K_yy,K_yz,K_zx,K_zy,K_zz,K_star_eig1,K_star_eig2,K_star_eig3,K_eig1,K_eig2,K_eig3,symmetry_error,error_type,error_message
eps_0.02_coeffs_0.162_1.442_0.438_66.124_77.274_-2384.05_m_-0.261_rho_0.509_,0.4910154342651367,0.16666666666666666,1e-05,True,262500,90000,75000,97500,0.16665523070528096,5.75144290511036e-12,1.527692531682893e-11,3.0927078549427503e-12,0.16665233935096035,-1.1072002077951181e-12,2.0082816153641962e-11,-2.529738194104192e-12,0.16665556341146806,0.08183029047731008,2.8240472357039032e-12,7.501206118678819e-12,1.518567290449914e-12,0.08182887077771273,-5.436523908489695e-13,9.860972694947411e-12,-1.2421404979551727e-12,0.08183045384118302,0.16665233935096033,0.16665523070527977,0.16665556341146928,0.08182887077771268,0.0818302904773095,0.08183045384118359,2.7796612935597608e-11,,
