sample_name,porosity,nu,g,all_converged,total_iterations,iterations_x,iterations_y,iterations_z,K_star_xx,K_star_xy,K_star_xz,K_star_yx,K_star_yy,K_star_yz,K_star_zx,K_star_zy,K_star_zz,K_xx,K_xy,K_xz,K_yx,K_yy,K_yz,K_zx,K_zy,K_zz,K_star_eig1,K_star_eig2,K_star_eig3,K_eig1,K_eig2,K_eig3,symmetry_error,error_type,error_message
eps_0.02_coeffs_0.198_1.189_0.733_29.17_60.564_-2993.241_m_-0.388_rho_0.658_,0.3422269821166992,0.16666666666666666,1e-05,True,90000,25000,30000,35000,0.7022729253258557,0.017669059254982293,0.002506253916380271,0.017669130756681608,0.6590798259812036,-0.01272033166607685,0.002506463524154416,-0.012720322058811245,0.669089989540816,0.24033674385653367,0.0060468288256737245,0.0008577077142209785,0.006046853295484497,0.2255548998195466,-0.004353240717604965,0.0008577794476569522,-0.004353237429739451,0.2289806478850473,0.64571977537004,0.6760428864630921,0.7086800790147431,0.22098273001796181,0.23136011681572632,0.24252944472743948,2.672331260203575e-07,,
