sample_name,porosity,nu,g,all_converged,total_iterations,iterations_x,iterations_y,iterations_z,K_star_xx,K_star_xy,K_star_xz,K_star_yx,K_star_yy,K_star_yz,K_star_zx,K_star_zy,K_star_zz,K_xx,K_xy,K_xz,K_yx,K_yy,K_yz,K_zx,K_zy,K_zz,K_star_eig1,K_star_eig2,K_star_eig3,K_eig1,K_eig2,K_eig3,symmetry_error,error_type,error_message
eps_0.02_coeffs_0.404_0.56_0.289_19.545_53.979_-2134.318_m_-0.237_rho_0.605_,0.3952827453613281,0.16666666666666666,1e-05,True,62500,20000,20000,22500,0.8950155652044276,0.010828742420250653,0.010422998582182472,0.010828725962871526,0.899822605093893,-0.021697569328455305,0.010423109823639377,-0.021697177338896315,0.9078288875302775,0.3537842097551269,0.00428041503268735,0.004120031494462318,0.004280408527369348,0.3556843496796962,-0.00857667477181956,0.004120075466290802,-0.008576519825110531,0.3588490949812885,0.8719922152816156,0.9047402846467042,0.9259345579002783,0.34468347679022343,0.3576282235541388,0.3660059540717496,3.6948705518012835e-07,,
