sample_name,porosity,nu,g,all_converged,total_iterations,iterations_x,iterations_y,iterations_z,K_star_xx,K_star_xy,K_star_xz,K_star_yx,K_star_yy,K_star_yz,K_star_zx,K_star_zy,K_star_zz,K_xx,K_xy,K_xz,K_yx,K_yy,K_yz,K_zx,K_zy,K_zz,K_star_eig1,K_star_eig2,K_star_eig3,K_eig1,K_eig2,K_eig3,symmetry_error,error_type,error_message
eps_0.02_coeffs_0.279_0.134_0.353_107.63_120.098_455.408_m_-0.409_rho_0.332_,0.6679186820983887,0.16666666666666666,1e-05,True,32500,10000,12500,10000,17.24223846536039,1.7717291051563753,-1.8677511571308223,1.781728454895064,15.78757016137373,-0.6186538414331507,-1.8787582015035074,-0.5993711787180579,10.090191621180887,11.516413192209656,1.1833709689514036,-1.2475058913585593,1.1900497214507095,10.544813055720587,-0.41321045844513554,-1.2548577019297615,-0.400331207777123,6.739427489739342,9.622499562868875,14.645488483860376,18.852012201185758,6.4270472265237,9.78199536682715,12.591611144318733,0.0013380104989743097,,
