sample_name,porosity,nu,g,all_converged,total_iterations,iterations_x,iterations_y,iterations_z,K_star_xx,K_star_xy,K_star_xz,K_star_yx,K_star_yy,K_star_yz,K_star_zx,K_star_zy,K_star_zz,K_xx,K_xy,K_xz,K_yx,K_yy,K_yz,K_zx,K_zy,K_zz,K_star_eig1,K_star_eig2,K_star_eig3,K_eig1,K_eig2,K_eig3,symmetry_error,error_type,error_message
eps_0.02_coeffs_0.869_1.364_0.464_8.187_51.952_921.347_m_-0.639_rho_0.319_,0.6812644004821777,0.16666666666666666,1e-05,True,105000,35000,37500,32500,150.93881663215163,-44.024457189204455,-0.1583999397670666,-42.84383925085463,272.0205439133123,12.978729421304996,-0.8772933520012092,12.938163822857026,118.99980011814475,102.82924242239214,-29.992295433556674,-0.10791224000182369,-29.187982461588273,185.3179127679386,8.84194631822575,-0.5976687294981039,8.814310420118893,81.07032748498686,117.5736099608598,137.7915855071519,286.59396519559715,80.09871490251057,93.87250189201853,195.24626588078843,0.005765711059660181,,
