sample_name,porosity,nu,g,all_converged,total_iterations,iterations_x,iterations_y,iterations_z,K_star_xx,K_star_xy,K_star_xz,K_star_yx,K_star_yy,K_star_yz,K_star_zx,K_star_zy,K_star_zz,K_xx,K_xy,K_xz,K_yx,K_yy,K_yz,K_zx,K_zy,K_zz,K_star_eig1,K_star_eig2,K_star_eig3,K_eig1,K_eig2,K_eig3,symmetry_error,error_type,error_message
eps_0.02_coeffs_0.874_1.469_0.639_11.966_130.096_164.04_m_-0.511_rho_0.473_,0.5273265838623047,0.16666666666666666,1e-05,True,87500,22500,37500,27500,23.45431008972867,-0.2551438171759177,5.324117863457023,-0.3186392514678603,25.834490444636277,-1.5803245552638912,5.230843873355048,-1.4762203329552446,21.956336857758046,12.368081216463803,-0.13454411750496512,2.8075488850170647,-0.16802694796098863,13.623213591993402,-0.8333471491210237,2.7583630304533835,-0.7784502252053631,11.57816010933156,17.322977888536112,25.37898446681575,28.54317503677112,9.134866752283989,13.383013180780445,15.051574984724331,0.0051750370163506495,,
