sample_name,porosity,nu,g,all_converged,total_iterations,iterations_x,iterations_y,iterations_z,K_star_xx,K_star_xy,K_star_xz,K_star_yx,K_star_yy,K_star_yz,K_star_zx,K_star_zy,K_star_zz,K_xx,K_xy,K_xz,K_yx,K_yy,K_yz,K_zx,K_zy,K_zz,K_star_eig1,K_star_eig2,K_star_eig3,K_eig1,K_eig2,K_eig3,symmetry_error,error_type,error_message
eps_0.02_coeffs_0.989_0.597_0.527_12.818_66.055_-758.645_m_-0.241_rho_0.338_,0.6619119644165039,0.16666666666666666,1e-05,True,27500,7500,10000,10000,4.746187214354313,0.021905632672380028,-0.39076577999861756,0.02212399028013455,5.019297402636746,-0.0513535841924294,-0.3911700551556588,-0.05132315143697913,4.810696866961673,3.1415581025417576,0.014499600353961414,-0.25865254506563234,0.014644133867055499,3.3223330037699443,-0.03399155179263927,-0.2589201396289943,-0.03397140798769657,3.184257813422922,4.385401837615252,5.003262856735244,5.1875167896022365,2.902749945091657,3.311719545993754,3.4336794286492123,7.719100765478574e-05,,
