sample_name,porosity,nu,g,all_converged,total_iterations,iterations_x,iterations_y,iterations_z,K_star_xx,K_star_xy,K_star_xz,K_star_yx,K_star_yy,K_star_yz,K_star_zx,K_star_zy,K_star_zz,K_xx,K_xy,K_xz,K_yx,K_yy,K_yz,K_zx,K_zy,K_zz,K_star_eig1,K_star_eig2,K_star_eig3,K_eig1,K_eig2,K_eig3,symmetry_error,error_type,error_message
eps_0.02_coeffs_0.465_1.074_0.68_56.308_80.457_-1993.191_m_-0.416_rho_0.377_,0.6227359771728516,0.16666666666666666,1e-05,True,62500,22500,20000,20000,1.794197404559145,0.4537997279681167,-0.07971641716717152,0.4536491371987978,1.8419221512581552,-0.3958167606546908,-0.07964596210534448,-0.3957838630139878,2.472621701747937,1.117311273969133,0.28259741703699937,-0.049642280941317236,0.28250363874711437,1.147031190740068,-0.24648933722769156,-0.0495984060395436,-0.24646885068326174,1.5397904916168006,1.319095444137703,2.0392353026295846,2.750410510797949,0.8214481903893487,1.2699051888684099,1.7127795770682424,6.532174628896153e-05,,
