sample_name,porosity,nu,g,all_converged,total_iterations,iterations_x,iterations_y,iterations_z,K_star_xx,K_star_xy,K_star_xz,K_star_yx,K_star_yy,K_star_yz,K_star_zx,K_star_zy,K_star_zz,K_xx,K_xy,K_xz,K_yx,K_yy,K_yz,K_zx,K_zy,K_zz,K_star_eig1,K_star_eig2,K_star_eig3,K_eig1,K_eig2,K_eig3,symmetry_error,error_type,error_message
eps_0.02_coeffs_0.815_0.937_0.76_0.383_43.93_-588.525_m_-0.46_rho_0.378_,0.62249755859375,0.16666666666666666,1e-05,True,22500,7500,7500,7500,8.38233219328236,0.5351261806743706,2.1054724250519077,0.5312412544875618,12.235538204699713,0.3258504634907675,2.1024467359803602,0.3217722615831484,9.065623765543513,5.217981325640063,0.33311474100939364,1.310651444281275,0.3306963839427882,7.616592660506126,0.20284111798964466,1.3087679602211728,0.2003024472586994,5.643328661180316,6.587041245359969,10.637920131560538,12.458532786605076,4.100417093592915,6.622079310411738,7.755406243321855,0.0005120774657002441,,
