sample_name,porosity,nu,g,all_converged,total_iterations,iterations_x,iterations_y,iterations_z,K_star_xx,K_star_xy,K_star_xz,K_star_yx,K_star_yy,K_star_yz,K_star_zx,K_star_zy,K_star_zz,K_xx,K_xy,K_xz,K_yx,K_yy,K_yz,K_zx,K_zy,K_zz,K_star_eig1,K_star_eig2,K_star_eig3,K_eig1,K_eig2,K_eig3,symmetry_error,error_type,error_message
eps_0.02_coeffs_0.962_0.925_0.509_-36.097_39.85_-2822.915_m_-0.293_rho_0.605_,0.3952960968017578,0.16666666666666666,1e-05,True,55000,17500,17500,20000,1.073507739476772,0.007877446620603048,0.012297226923512677,0.007877158768727327,1.10187044549684,-0.023586023636198633,0.012297829674483745,-0.023586274530586815,1.088348547067219,0.4243534193016463,0.0031139239018885823,0.00486104580435005,0.003113810115165653,0.43556508628611484,-0.009323463082463323,0.004861284069456256,-0.009323562260035681,0.43021993261553587,1.0573958698016093,1.0866557346728285,1.1196751275663925,0.41798446010687607,0.42955077048341583,0.4426032076130053,5.353665717402363e-07,,
