sample_name,porosity,nu,g,all_converged,total_iterations,iterations_x,iterations_y,iterations_z,K_star_xx,K_star_xy,K_star_xz,K_star_yx,K_star_yy,K_star_yz,K_star_zx,K_star_zy,K_star_zz,K_xx,K_xy,K_xz,K_yx,K_yy,K_yz,K_zx,K_zy,K_zz,K_star_eig1,K_star_eig2,K_star_eig3,K_eig1,K_eig2,K_eig3,symmetry_error,error_type,error_message
eps_0.02_coeffs_0.3_1.164_0.669_74.45_69.569_-3721.955_m_-0.3_rho_0.636_,0.36394834518432617,0.16666666666666666,1e-05,True,190000,67500,57500,65000,0.3754026744136024,0.011264534845457256,-0.04197756651281844,0.011264504908355661,0.47589691767849523,-0.004772680735767693,-0.04197734871985365,-0.0047721224876638366,0.5221383840056542,0.136627182130601,0.004099708816275347,-0.015277665867205257,0.004099697920716763,0.17320189566740984,-0.001737009255875764,-0.015277586601816127,-0.0017368060824021632,0.19003140081607606,0.3634107125910603,0.47575466915814074,0.534272594348551,0.13226272746977313,0.17315012455382195,0.19444762659049183,1.0574357463075576e-06,,
