sample_name,porosity,nu,g,all_converged,total_iterations,iterations_x,iterations_y,iterations_z,K_star_xx,K_star_xy,K_star_xz,K_star_yx,K_star_yy,K_star_yz,K_star_zx,K_star_zy,K_star_zz,K_xx,K_xy,K_xz,K_yx,K_yy,K_yz,K_zx,K_zy,K_zz,K_star_eig1,K_star_eig2,K_star_eig3,K_eig1,K_eig2,K_eig3,symmetry_error,error_type,error_message
eps_0.02_coeffs_0.178_-0.213_0.29_114.192_88.096_-196.309_m_-0.381_rho_0.538_,0.4616518020629883,0.16666666666666666,1e-05,True,30000,12500,10000,7500,5.184996074448205,0.2912026179307969,2.077350020902748,0.29014889336353505,4.088212483770307,0.9865058245920569,2.078875796896345,0.9867312799864202,5.512546602798248,2.393662781458534,0.13443421333321223,0.95901238066534,0.13394775948785778,1.8873306603489675,0.4554221916685573,0.9597167579023285,0.4555262735576499,2.5448770731380153,3.0241321012072815,4.087536405622624,7.674086654186851,1.3960960341988728,1.887018547653755,3.542755933092888,0.00028696852120039666,,
