sample_name,porosity,nu,g,all_converged,total_iterations,iterations_x,iterations_y,iterations_z,K_star_xx,K_star_xy,K_star_xz,K_star_yx,K_star_yy,K_star_yz,K_star_zx,K_star_zy,K_star_zz,K_xx,K_xy,K_xz,K_yx,K_yy,K_yz,K_zx,K_zy,K_zz,K_star_eig1,K_star_eig2,K_star_eig3,K_eig1,K_eig2,K_eig3,symmetry_error,error_type,error_message
eps_0.02_coeffs_0.889_-0.29_0.44_2.275_84.401_236.878_m_-0.414_rho_0.503_,0.49684619903564453,0.16666666666666666,1e-05,True,32500,10000,12500,10000,4.741151303241262,-0.4051797328003278,-0.840054582775241,-0.4045723619544868,6.061447320831625,0.7285929397973302,-0.8406478990703464,0.7279590103062313,6.714078250642931,2.3556230040683133,-0.20131201016812095,-0.41737792643435273,-0.20101024027195977,3.0116070620099835,0.3619986327825097,-0.41767271338040174,0.3616836673244006,3.33586425885983,4.419675431066436,5.599860708526693,7.4971407351226915,2.195898938896582,2.782269508160539,3.724925877881006,0.0001448006664544301,,
