sample_name,porosity,nu,g,all_converged,total_iterations,iterations_x,iterations_y,iterations_z,K_star_xx,K_star_xy,K_star_xz,K_star_yx,K_star_yy,K_star_yz,K_star_zx,K_star_zy,K_star_zz,K_xx,K_xy,K_xz,K_yx,K_yy,K_yz,K_zx,K_zy,K_zz,K_star_eig1,K_star_eig2,K_star_eig3,K_eig1,K_eig2,K_eig3,symmetry_error,error_type,error_message
eps_0.02_coeffs_0.779_0.151_0.943_114.764_126.374_-2945.325_m_-0.416_rho_0.581_,0.41855764389038086,0.16666666666666666,1e-05,True,65000,20000,25000,20000,1.709339460542223,0.2267213655794445,-0.18123487337788993,0.22672828571010795,1.4462361912682131,0.02041757076665357,-0.18121162206579838,0.020430424119220813,1.3107762707152393,0.7154570972134074,0.09489596059654198,-0.07585724159182113,0.09489885707012789,0.6053332127262215,0.008545930314055636,-0.07584750957741472,0.008551310183022274,0.5486354275379905,1.1869194597295034,1.4001540883635868,1.8792783744325847,0.49679421255202466,0.5860451963089472,0.7865863286166476,1.477975465826286e-05,,
