sample_name,porosity,nu,g,all_converged,total_iterations,iterations_x,iterations_y,iterations_z,K_star_xx,K_star_xy,K_star_xz,K_star_yx,K_star_yy,K_star_yz,K_star_zx,K_star_zy,K_star_zz,K_xx,K_xy,K_xz,K_yx,K_yy,K_yz,K_zx,K_zy,K_zz,K_star_eig1,K_star_eig2,K_star_eig3,K_eig1,K_eig2,K_eig3,symmetry_error,error_type,error_message
eps_0.02_coeffs_0.869_-0.197_0.88_57.42_86.19_-1070.435_m_-0.464_rho_0.445_,0.5553336143493652,0.16666666666666666,1e-05,True,30000,10000,10000,10000,15.877767415371746,-1.8547883296982557,-2.444350375425312,-1.8552973776721116,2.2039492151098923,0.24591349432196766,-2.4396437143177696,0.24590221445445629,7.0775956351352525,8.81745796657697,-1.0300263069843545,-1.3574299287211664,-1.0303089984355531,1.2239270834694231,0.1365640296191004,-1.3548161615967973,0.13655776552950594,3.930426764962951,1.955376089819664,6.457682765378223,16.746253410419,1.0858860713718828,3.5861683104190916,9.299757433218371,0.00037081460717101043,,
