sample_name,porosity,nu,g,all_converged,total_iterations,iterations_x,iterations_y,iterations_z,K_star_xx,K_star_xy,K_star_xz,K_star_yx,K_star_yy,K_star_yz,K_star_zx,K_star_zy,K_star_zz,K_xx,K_xy,K_xz,K_yx,K_yy,K_yz,K_zx,K_zy,K_zz,K_star_eig1,K_star_eig2,K_star_eig3,K_eig1,K_eig2,K_eig3,symmetry_error,error_type,error_message
eps_0.02_coeffs_0.693_-0.564_0.86_65.742_149.705_-1528.799_m_-0.425_rho_0.517_,0.48281002044677734,0.16666666666666666,1e-05,True,95000,27500,32500,35000,0.8560158819304681,0.20602361757584187,-0.10732958052266632,0.20601318073717473,0.9710865161414033,-0.011175033293591107,-0.10733483683019385,-0.01117702022881748,0.6946001195342654,0.4132930454576154,0.09947026701431125,-0.05181979696669256,0.09946522800402097,0.4688503007138207,-0.00539541805297214,-0.0518223347646374,-0.005396377365209411,0.33535989791467263,0.6127102209757267,0.7689211283736352,1.1400711682567755,0.2958226343172401,0.37124282571203393,0.5504377840568351,1.1134986239271049e-05,,
