sample_name,porosity,nu,g,all_converged,total_iterations,iterations_x,iterations_y,iterations_z,K_star_xx,K_star_xy,K_star_xz,K_star_yx,K_star_yy,K_star_yz,K_star_zx,K_star_zy,K_star_zz,K_xx,K_xy,K_xz,K_yx,K_yy,K_yz,K_zx,K_zy,K_zz,K_star_eig1,K_star_eig2,K_star_eig3,K_eig1,K_eig2,K_eig3,symmetry_error,error_type,error_message
eps_0.02_coeffs_0.976_0.869_0.496_50.643_148.51_-2990.877_m_-0.578_rho_0.539_,0.46056318283081055,0.16666666666666666,1e-05,True,47500,17500,15000,15000,1.3473106217176782,-0.09611628891660999,-0.1585427465990013,-0.09616271701825516,1.8069403500437013,0.10725628260110369,-0.15858135462088876,0.10719559025471573,1.7025710919312778,0.6205216682000521,-0.044267623945319655,-0.0730189519883747,-0.044289007019586143,0.832210198801546,0.049398294893365204,-0.07303673342181799,0.04937034223313929,0.7841415610955978,1.281357255555629,1.6518107959505737,1.9236540121864547,0.5901459759620526,0.7607632376172909,0.8859642145178521,4.261870855827418e-05,,
