sample_name,porosity,nu,g,all_converged,total_iterations,iterations_x,iterations_y,iterations_z,K_star_xx,K_star_xy,K_star_xz,K_star_yx,K_star_yy,K_star_yz,K_star_zx,K_star_zy,K_star_zz,K_xx,K_xy,K_xz,K_yx,K_yy,K_yz,K_zx,K_zy,K_zz,K_star_eig1,K_star_eig2,K_star_eig3,K_eig1,K_eig2,K_eig3,symmetry_error,error_type,error_message
eps_0.02_coeffs_0.832_0.795_0.635_2.924_51.57_-1084.22_m_-0.487_rho_0.367_,0.6332240104675293,0.16666666666666666,1e-05,True,22500,7500,7500,7500,6.404417575327718,0.5330704375002124,0.7903101414394685,0.5336067807785467,8.839697067671315,-0.0015374412760911214,0.7912677191241912,-0.0028010697635653613,8.234410189010937,4.055430981757747,0.33755300029556495,0.5004433572754606,0.3378926257372591,5.597508428508889,-0.0009735447307047359,0.5010497184573149,-0.0017737046292841921,5.214226243720192,6.020271617911621,8.459827347250714,8.998425866847642,3.812180537997838,5.356965800688976,5.698019315300016,0.0001722743029181353,,
