sample_name,porosity,nu,g,all_converged,total_iterations,iterations_x,iterations_y,iterations_z,K_star_xx,K_star_xy,K_star_xz,K_star_yx,K_star_yy,K_star_yz,K_star_zx,K_star_zy,K_star_zz,K_xx,K_xy,K_xz,K_yx,K_yy,K_yz,K_zx,K_zy,K_zz,K_star_eig1,K_star_eig2,K_star_eig3,K_eig1,K_eig2,K_eig3,symmetry_error,error_type,error_message
eps_0.02_coeffs_0.173_0.655_0.591_45.368_90.794_-870.746_m_-0.289_rho_0.514_,0.4863109588623047,0.16666666666666666,1e-05,True,160000,55000,45000,60000,0.16665484828772298,-1.0683060201649377e-12,8.46404024798429e-13,-4.927428539262717e-13,0.1666547065889427,5.13856799050808e-13,1.1229866741561564e-12,1.2615742781185607e-12,0.16665604865328257,0.08104607906985448,-5.195289250247835e-13,4.116155528846379e-13,-2.396262497654337e-13,0.08104601016018478,2.4989419266431303e-13,5.461207262984709e-13,6.135173968678571e-13,0.08104666282078075,0.16665470658894266,0.16665484828772298,0.16665604865328262,0.08104601016018474,0.08104607906985448,0.08104666282078074,4.817431816327172e-12,,
