sample_name,porosity,nu,g,all_converged,total_iterations,iterations_x,iterations_y,iterations_z,K_star_xx,K_star_xy,K_star_xz,K_star_yx,K_star_yy,K_star_yz,K_star_zx,K_star_zy,K_star_zz,K_xx,K_xy,K_xz,K_yx,K_yy,K_yz,K_zx,K_zy,K_zz,K_star_eig1,K_star_eig2,K_star_eig3,K_eig1,K_eig2,K_eig3,symmetry_error,error_type,error_message
eps_0.02_coeffs_0.707_-0.411_0.777_102.792_93.108_-3246.612_m_-0.265_rho_0.615_,0.38529253005981445,0.16666666666666666,1e-05,True,95000,32500,30000,32500,1.0323624714400668,0.058950558127415745,-0.05919245138636109,0.05895061453019347,0.9690400859903484,0.028470634141596982,-0.0591907944492636,0.028472127309125145,0.8971058176244603,0.3977615485599463,0.02271320968935017,-0.022806409355093635,0.022713231420919102,0.3733639064606015,0.010969522660823235,-0.022805770949607194,0.010970097967117964,0.3456481702039068,0.8535434101233819,0.9690438442203222,1.0759211207111716,0.32886390000231974,0.37336535447853675,0.41454437074359834,1.8772675691293625e-06,,
