sample_name,porosity,nu,g,all_converged,total_iterations,iterations_x,iterations_y,iterations_z,K_star_xx,K_star_xy,K_star_xz,K_star_yx,K_star_yy,K_star_yz,K_star_zx,K_star_zy,K_star_zz,K_xx,K_xy,K_xz,K_yx,K_yy,K_yz,K_zx,K_zy,K_zz,K_star_eig1,K_star_eig2,K_star_eig3,K_eig1,K_eig2,K_eig3,symmetry_error,error_type,error_message
eps_0.02_coeffs_0.823_1.161_0.538_101.544_76.662_-3526.495_m_-0.262_rho_0.448_,0.5522546768188477,0.16666666666666666,1e-05,True,67500,22500,20000,25000,1.6316842076352545,-0.15186584794582483,-0.137310859946031,-0.15183942837044706,1.8896762178888067,-0.16315354095694343,-0.13732515737301454,-0.16317055018236765,1.721960693947835,0.901105234758025,-0.08386862477714176,-0.07583056458321341,-0.0838540344430798,1.0435825290024452,-0.09010230603302742,-0.07583846040413154,-0.09011169945731701,0.9509608465309202,1.4276908039421448,1.8138048180390038,2.0018254974907475,0.78844892352831,1.001682193598599,1.1055174931644813,1.5978434986220463e-05,,
