sample_name,porosity,nu,g,all_converged,total_iterations,iterations_x,iterations_y,iterations_z,K_star_xx,K_star_xy,K_star_xz,K_star_yx,K_star_yy,K_star_yz,K_star_zx,K_star_zy,K_star_zz,K_xx,K_xy,K_xz,K_yx,K_yy,K_yz,K_zx,K_zy,K_zz,K_star_eig1,K_star_eig2,K_star_eig3,K_eig1,K_eig2,K_eig3,symmetry_error,error_type,error_message
eps_0.02_coeffs_0.062_0.293_0.898_60.95_22.953_-3000.441_m_-0.44_rho_0.585_,0.4151735305786133,0.16666666666666666,1e-05,True,85000,30000,25000,30000,0.8590334046961153,-0.18879594952603845,0.080984019582391,-0.18879392566656494,1.2822472523444206,-0.2931927049394102,0.08096943743525363,-0.29320481945053406,1.25722680600713,0.3566479315126529,-0.07838308092366705,0.033622421330468825,-0.07838224067078405,0.5323551188305592,-0.12172585044958856,0.033616367208958386,-0.12173088007394309,0.5219672917880536,0.7843968400463797,1.0012885739497268,1.6128220490515592,0.3256608054567631,0.41570851237473305,0.6696010242997689,1.3126768097072913e-05,,
