sample_name,porosity,nu,g,all_converged,total_iterations,iterations_x,iterations_y,iterations_z,K_star_xx,K_star_xy,K_star_xz,K_star_yx,K_star_yy,K_star_yz,K_star_zx,K_star_zy,K_star_zz,K_xx,K_xy,K_xz,K_yx,K_yy,K_yz,K_zx,K_zy,K_zz,K_star_eig1,K_star_eig2,K_star_eig3,K_eig1,K_eig2,K_eig3,symmetry_error,error_type,error_message
eps_0.02_coeffs_0.955_1.323_0.898_-25.933_130.985_-572.92_m_-0.355_rho_0.393_,0.6072072982788086,0.16666666666666666,1e-05,True,40000,12500,15000,12500,2.215452097677508,0.007282733152656481,0.024154478258020973,0.007285203250248154,2.2808257213799137,0.036174132340128645,0.024154944646959765,0.036173268768714156,2.2702441949342655,1.3452386826968787,0.004422128721710052,0.014666775484387138,0.004423628582995177,1.384934024123912,0.021965197165829592,0.01466705867915461,0.02196467279896413,1.3785088440391842,2.2056997796642315,2.2441377778678966,2.31668445645956,1.3393170040240814,1.3626568370645746,1.4067077097713194,9.619783074017137e-07,,
