sample_name,porosity,nu,g,all_converged,total_iterations,iterations_x,iterations_y,iterations_z,K_star_xx,K_star_xy,K_star_xz,K_star_yx,K_star_yy,K_star_yz,K_star_zx,K_star_zy,K_star_zz,K_xx,K_xy,K_xz,K_yx,K_yy,K_yz,K_zx,K_zy,K_zz,K_star_eig1,K_star_eig2,K_star_eig3,K_eig1,K_eig2,K_eig3,symmetry_error,error_type,error_message
eps_0.02_coeffs_0.46_0.327_0.358_49.756_109.234_-822.736_m_-0.601_rho_0.691_,0.3094596862792969,0.16666666666666666,1e-05,True,210000,77500,62500,70000,0.37150419029814846,-0.023902841554275595,-0.013306736918350147,-0.02390283578218586,0.3374977169198814,-0.013715782521644541,-0.013306736855211877,-0.013715792263333382,0.3513519121530178,0.11496557018110923,-0.007396965848569866,-0.004117898632153774,-0.007396964062340788,0.10444193759800544,-0.0042444817562231835,-0.004117898612615025,-0.004244484770883156,0.10872925250850396,0.3156720235882041,0.35975123803710063,0.38493055774574303,0.0976877653867564,0.11132850526154982,0.11912048963931239,2.607268833355531e-08,,
