sample_name,porosity,nu,g,all_converged,total_iterations,iterations_x,iterations_y,iterations_z,K_star_xx,K_star_xy,K_star_xz,K_star_yx,K_star_yy,K_star_yz,K_star_zx,K_star_zy,K_star_zz,K_xx,K_xy,K_xz,K_yx,K_yy,K_yz,K_zx,K_zy,K_zz,K_star_eig1,K_star_eig2,K_star_eig3,K_eig1,K_eig2,K_eig3,symmetry_error,error_type,error_message
eps_0.02_coeffs_0.607_1.087_0.875_41.89_146.951_-2305.407_m_-0.529_rho_0.332_,0.668053150177002,0.16666666666666666,1e-05,True,25000,7500,10000,7500,5.384853438651449,-0.27378724274482075,1.8915929503643585,-0.27237458337746906,5.425197756724832,-0.6672262478713605,1.893130538526523,-0.667939812074657,5.378466562838758,3.597368302932562,-0.182904429993953,1.2636846293435189,-0.18196069845346668,3.624320451713228,-0.44574259677124356,1.2647118199589278,-0.4462192955851093,3.5931015304261043,3.446373353615841,5.251416451451908,7.490727953147291,2.3023605755691414,3.5082253032837807,5.004204406218977,0.00031922377348702783,,
