sample_name,porosity,nu,g,all_converged,total_iterations,iterations_x,iterations_y,iterations_z,K_star_xx,K_star_xy,K_star_xz,K_star_yx,K_star_yy,K_star_yz,K_star_zx,K_star_zy,K_star_zz,K_xx,K_xy,K_xz,K_yx,K_yy,K_yz,K_zx,K_zy,K_zz,K_star_eig1,K_star_eig2,K_star_eig3,K_eig1,K_eig2,K_eig3,symmetry_error,error_type,error_message
eps_0.02_coeffs_0.951_1.453_0.832_40.291_64.394_-310.664_m_-0.633_rho_0.312_,0.6878819465637207,0.16666666666666666,1e-05,True,65000,20000,22500,22500,74.6200959651854,3.4391751915616138,-4.990133831015399,2.8565223363372447,100.18900406276339,4.392862807752255,-4.913164846476118,4.448883170352285,7.076326715439566,51.32981686530337,2.36574652534506,-3.4326229732923497,1.9649501451224112,68.9182071389742,3.021771019183993,-3.379677398382436,3.0603064152565067,4.867677395537429,6.490466701460396,74.72769908742089,100.667260954507,4.4646748687075855,51.40383511048306,69.24719142062432,0.006649818366794679,,
