sample_name,porosity,nu,g,all_converged,total_iterations,iterations_x,iterations_y,iterations_z,K_star_xx,K_star_xy,K_star_xz,K_star_yx,K_star_yy,K_star_yz,K_star_zx,K_star_zy,K_star_zz,K_xx,K_xy,K_xz,K_yx,K_yy,K_yz,K_zx,K_zy,K_zz,K_star_eig1,K_star_eig2,K_star_eig3,K_eig1,K_eig2,K_eig3,symmetry_error,error_type,error_message
eps_0.02_coeffs_0.519_0.786_0.854_22.298_16.403_-2835.009_m_-0.529_rho_0.441_,0.5592541694641113,0.16666666666666666,1e-05,True,22500,7500,7500,7500,6.567700575474545,-0.9265104709644304,1.203974878225518,-0.9273846764852477,4.507839418621394,-0.25545811661076345,1.2043778545081005,-0.2555163898445724,5.633281014938592,3.6730139306259826,-0.5181548439390151,0.6733279705776666,-0.5186437470215007,2.5210279901386903,-0.1428660168380186,0.6735533367438961,-0.14289860638699445,3.1504358953674285,4.114289136996897,4.936680696882124,7.6578511751555105,2.300933354246414,2.7608592630443223,4.282685198841364,0.0001364254772706298,,
