sample_name,porosity,nu,g,all_converged,total_iterations,iterations_x,iterations_y,iterations_z,K_star_xx,K_star_xy,K_star_xz,K_star_yx,K_star_yy,K_star_yz,K_star_zx,K_star_zy,K_star_zz,K_xx,K_xy,K_xz,K_yx,K_yy,K_yz,K_zx,K_zy,K_zz,K_star_eig1,K_star_eig2,K_star_eig3,K_eig1,K_eig2,K_eig3,symmetry_error,error_type,error_message
eps_0.02_coeffs_0.757_0.621_0.744_-11.688_64.421_-308.323_m_-0.504_rho_0.36_,0.6404914855957031,0.16666666666666666,1e-05,True,22500,7500,7500,7500,9.06971608512285,1.7578605483557246,0.1163270233444045,1.7576430634877493,7.252263745976679,-0.1929422370940843,0.11423985731091338,-0.1929503582200957,7.570125304439722,5.80907592929158,1.1258947140864353,0.07450646799678368,1.1257554168802513,4.645013180592462,-0.12357786007054844,0.07316965592330806,-0.12358306158261219,4.848600802386222,6.147004708815986,7.605448320826153,10.139652105897111,3.9371041779133313,4.871224893627289,6.494360840729642,0.00021067023004258328,,
