sample_name,porosity,nu,g,all_converged,total_iterations,iterations_x,iterations_y,iterations_z,K_star_xx,K_star_xy,K_star_xz,K_star_yx,K_star_yy,K_star_yz,K_star_zx,K_star_zy,K_star_zz,K_xx,K_xy,K_xz,K_yx,K_yy,K_yz,K_zx,K_zy,K_zz,K_star_eig1,K_star_eig2,K_star_eig3,K_eig1,K_eig2,K_eig3,symmetry_error,error_type,error_message
eps_0.02_coeffs_0.937_0.221_0.788_-21.689_108.572_-3613.351_m_-0.53_rho_0.562_,0.43812131881713867,0.16666666666666666,1e-05,True,50000,17500,17500,15000,1.260927979931133,-0.004639467445228804,-0.017090011972887464,-0.004639615659665769,1.341171538186554,0.011289595776076355,-0.017088588716866235,0.011289659793726948,1.3092794681367548,0.5524394295008586,-0.0020326495957128246,-0.007487498584162145,-0.0020327145316174156,0.5875958430703035,0.004946212590326971,-0.00748687502535711,0.004946240637824476,0.5736232472802769,1.2554861165892899,1.309969516104271,1.3459233535608806,0.5500552331567075,0.5739255720058524,0.5896777146888793,8.966617456215882e-07,,
