sample_name,porosity,nu,g,all_converged,total_iterations,iterations_x,iterations_y,iterations_z,K_star_xx,K_star_xy,K_star_xz,K_star_yx,K_star_yy,K_star_yz,K_star_zx,K_star_zy,K_star_zz,K_xx,K_xy,K_xz,K_yx,K_yy,K_yz,K_zx,K_zy,K_zz,K_star_eig1,K_star_eig2,K_star_eig3,K_eig1,K_eig2,K_eig3,symmetry_error,error_type,error_message
eps_0.02_coeffs_0.395_0.921_0.843_8.722_35.079_-1954.014_m_-0.604_rho_0.567_,0.4329414367675781,0.16666666666666666,1e-05,True,32500,10000,10000,12500,3.7107690418647676,-0.18923664913640784,0.581960653962958,-0.18955839854342782,4.142695325940424,-0.06316404400801157,0.5818060731912524,-0.06295638611739185,2.764181692095412,1.6065456804975817,-0.08192838676619849,0.25195488166892244,-0.08206768541675283,1.7935444665029774,-0.02734633196487906,0.25188795724752355,-0.027256428259358038,1.1967287932624229,2.4871016399397923,3.852352715447871,4.278191704512942,1.0767693573825332,1.667843119561482,1.8522064633189663,9.312571201181619e-05,,
