sample_name,porosity,nu,g,all_converged,total_iterations,iterations_x,iterations_y,iterations_z,K_star_xx,K_star_xy,K_star_xz,K_star_yx,K_star_yy,K_star_yz,K_star_zx,K_star_zy,K_star_zz,K_xx,K_xy,K_xz,K_yx,K_yy,K_yz,K_zx,K_zy,K_zz,K_star_eig1,K_star_eig2,K_star_eig3,K_eig1,K_eig2,K_eig3,symmetry_error,error_type,error_message
eps_0.02_coeffs_0.591_1.338_0.541_104.429_122.19_-3495.838_m_-0.461_rho_0.496_,0.5037069320678711,0.16666666666666666,1e-05,True,195000,45000,75000,75000,0.5812917579962809,0.055606414571822915,-0.026488896684923928,0.05560622936486159,0.47754337379701994,0.0009097990899490964,-0.026489198358027242,0.0009100673165303474,0.5175473666606046,0.292800688056646,0.028009336487267084,-0.013342640883025832,0.028009243197236796,0.2405419077446375,0.00045827210839640044,-0.013342792837859191,0.0004584072159847414,0.26069219626041873,0.4512954201431723,0.5134815754320381,0.6116055028786949,0.22732063153659823,0.25864422903424905,0.30806993149085493,6.847443034805355e-07,,
