sample_name,porosity,nu,g,all_converged,total_iterations,iterations_x,iterations_y,iterations_z,K_star_xx,K_star_xy,K_star_xz,K_star_yx,K_star_yy,K_star_yz,K_star_zx,K_star_zy,K_star_zz,K_xx,K_xy,K_xz,K_yx,K_yy,K_yz,K_zx,K_zy,K_zz,K_star_eig1,K_star_eig2,K_star_eig3,K_eig1,K_eig2,K_eig3,symmetry_error,error_type,error_message
eps_0.02_coeffs_0.734_-0.526_0.852_55.349_148.041_-1112.556_m_-0.235_rho_0.532_,0.4679560661315918,0.16666666666666666,1e-05,True,102500,35000,37500,30000,0.6500510749698325,0.007346333540198699,-0.02767498123966701,0.007346727266358386,0.7684971834334383,0.019055821924573974,-0.027673151794479368,0.019056372994353428,0.7237884899224385,0.3041953438274953,0.0034377613439619532,-0.012950675351180177,0.0034379455905067732,0.35962291879272007,0.008917287464727775,-0.012949819251206965,0.008917545341173934,0.3387012144554296,0.6394837195463159,0.7272717560053739,0.7755812727740188,0.2992502857540921,0.34033122994889003,0.36293796137266293,2.223567927836693e-06,,
