sample_name,porosity,nu,g,all_converged,total_iterations,iterations_x,iterations_y,iterations_z,K_star_xx,K_star_xy,K_star_xz,K_star_yx,K_star_yy,K_star_yz,K_star_zx,K_star_zy,K_star_zz,K_xx,K_xy,K_xz,K_yx,K_yy,K_yz,K_zx,K_zy,K_zz,K_star_eig1,K_star_eig2,K_star_eig3,K_eig1,K_eig2,K_eig3,symmetry_error,error_type,error_message
eps_0.02_coeffs_0.568_0.38_0.589_65.835_90.116_-1608.712_m_-0.405_rho_0.393_,0.6065387725830078,0.16666666666666666,1e-05,True,60000,20000,20000,20000,2.169189291797593,0.2525385831989468,-0.3987475879992995,0.2524725688768441,3.3287363475789533,0.17093540218229408,-0.39863167264267546,0.17087909603872253,3.092896154289548,1.315697410547116,0.15317444228334098,-0.24185587259553,0.15313440203743992,2.019007658512983,0.10367894903063145,-0.24178556543739974,0.10364479717142068,1.8759614371494875,1.9568083621891337,3.2135491070662057,3.420464324410756,1.186880142182363,1.9491421310351569,2.074644232992067,4.026988840120595e-05,,
