sample_name,porosity,nu,g,all_converged,total_iterations,iterations_x,iterations_y,iterations_z,K_star_xx,K_star_xy,K_star_xz,K_star_yx,K_star_yy,K_star_yz,K_star_zx,K_star_zy,K_star_zz,K_xx,K_xy,K_xz,K_yx,K_yy,K_yz,K_zx,K_zy,K_zz,K_star_eig1,K_star_eig2,K_star_eig3,K_eig1,K_eig2,K_eig3,symmetry_error,error_type,error_message
eps_0.02_coeffs_0.525_-0.526_0.789_58.347_100.175_-3054.123_m_-0.404_rho_0.465_,0.534813404083252,0.16666666666666666,1e-05,True,50000,15000,17500,17500,1.490494553097599,-0.07672033051295131,0.06186528041801929,-0.0767248485294272,1.6276801335980444,-0.09848881606823119,0.06186232582708399,-0.09848552643248677,1.5010648817153265,0.7971364657096722,-0.041031061124023674,0.033086381214925846,-0.041033477419794843,0.8705051530082525,-0.05267313898558001,0.03308480106009006,-0.05267137964428934,0.8027896191399977,1.432278696274874,1.464723994507075,1.722236877629022,0.7660018451506876,0.783354025544747,0.9210753671624881,3.3404323211588577e-06,,
