sample_name,porosity,nu,g,all_converged,total_iterations,iterations_x,iterations_y,iterations_z,K_star_xx,K_star_xy,K_star_xz,K_star_yx,K_star_yy,K_star_yz,K_star_zx,K_star_zy,K_star_zz,K_xx,K_xy,K_xz,K_yx,K_yy,K_yz,K_zx,K_zy,K_zz,K_star_eig1,K_star_eig2,K_star_eig3,K_eig1,K_eig2,K_eig3,symmetry_error,error_type,error_message
eps_0.02_coeffs_0.67_0.979_0.848_38.499_10.97_-1716.178_m_-0.261_rho_0.494_,0.5058722496032715,0.16666666666666666,1e-05,True,32500,10000,12500,10000,5.129009372429523,0.8997199216755936,2.2166329955619637,0.8998429626901447,4.411116312249663,-0.0391704887586719,2.216724525069058,-0.039426722606915446,5.23767010229754,2.5946235094671866,0.45514334079091173,1.1213331200097691,0.4552055838257362,2.231461332139424,-0.019815263266409013,1.121379422247428,-0.019944884859644477,2.6495919573290534,2.691472884134564,4.56591328180745,7.520409621034712,1.3615414426433576,2.309768823361391,3.804366532930916,4.590113838912005e-05,,
