sample_name,porosity,nu,g,all_converged,total_iterations,iterations_x,iterations_y,iterations_z,K_star_xx,K_star_xy,K_star_xz,K_star_yx,K_star_yy,K_star_yz,K_star_zx,K_star_zy,K_star_zz,K_xx,K_xy,K_xz,K_yx,K_yy,K_yz,K_zx,K_zy,K_zz,K_star_eig1,K_star_eig2,K_star_eig3,K_eig1,K_eig2,K_eig3,symmetry_error,error_type,error_message
eps_0.02_coeffs_0.264_-0.035_0.389_54.223_36.355_-2940.183_m_-0.212_rho_0.373_,0.6266398429870605,0.16666666666666666,1e-05,True,70000,25000,25000,20000,1.3098447886552103,-0.08307848662103634,-0.01894177730892572,-0.08308060531721714,1.209830448546676,-0.13869813401553296,-0.018936444790927594,-0.13869989303918312,1.2292740046748782,0.8208009327003205,-0.052060289811808824,-0.011869672358761081,-0.0520616174712509,0.7581279623182541,-0.08691377692209186,-0.011866330790520008,-0.0869148791963958,0.7703120692775408,1.0583862938693165,1.3019865550054386,1.3885763930020099,0.6632270210099258,0.8158766503998718,0.8701372928863182,3.896999421842544e-06,,
