sample_name,porosity,nu,g,all_converged,total_iterations,iterations_x,iterations_y,iterations_z,K_star_xx,K_star_xy,K_star_xz,K_star_yx,K_star_yy,K_star_yz,K_star_zx,K_star_zy,K_star_zz,K_xx,K_xy,K_xz,K_yx,K_yy,K_yz,K_zx,K_zy,K_zz,K_star_eig1,K_star_eig2,K_star_eig3,K_eig1,K_eig2,K_eig3,symmetry_error,error_type,error_message
eps_0.02_coeffs_0.846_-0.128_0.836_37.913_146.916_-2154.247_m_-0.22_rho_0.683_,0.31653547286987305,0.16666666666666666,1e-05,True,82500,27500,25000,30000,0.6207097497324437,-0.028073364220196552,-0.002917119111291416,-0.02807334859699042,0.5813152896020816,0.01334682863230749,-0.0029171577396202935,0.013346653518955672,0.6027392635390507,0.19647665414649965,-0.00888621561848809,-0.0009233716773103722,-0.00888621067318915,0.1840069100806821,0.004224744712440612,-0.0009233839045467196,0.004224689282852989,0.19078835780157244,0.5638086424615109,0.6033528481219544,0.6376028122901107,0.17846543524967556,0.19098257908766753,0.20182390769141115,2.4399952319599874e-07,,
