sample_name,porosity,nu,g,all_converged,total_iterations,iterations_x,iterations_y,iterations_z,K_star_xx,K_star_xy,K_star_xz,K_star_yx,K_star_yy,K_star_yz,K_star_zx,K_star_zy,K_star_zz,K_xx,K_xy,K_xz,K_yx,K_yy,K_yz,K_zx,K_zy,K_zz,K_star_eig1,K_star_eig2,K_star_eig3,K_eig1,K_eig2,K_eig3,symmetry_error,error_type,error_message
eps_0.02_coeffs_0.256_0.393_0.948_17.205_71.252_-3545.292_m_-0.534_rho_0.627_,0.37300777435302734,0.16666666666666666,1e-05,True,72500,22500,25000,25000,0.7803093332953063,0.01190410386429619,-0.028266924437649013,0.011903926044881427,0.7845824891044417,-0.009160320757423877,-0.02826550991689726,-0.00916017886590716,0.7928025951260484,0.2910614477193768,0.004440323288088394,-0.010543782572292658,0.0044402569600642565,0.29265536805720616,-0.003416870858086518,-0.01054325494505527,-0.0034168179314476676,0.29572153150927155,0.7570815304059211,0.7792809286696896,0.821331958450186,0.2823972966604964,0.29067784479884123,0.3063632058265171,1.4876238508707493e-06,,
