sample_name,porosity,nu,g,all_converged,total_iterations,iterations_x,iterations_y,iterations_z,K_star_xx,K_star_xy,K_star_xz,K_star_yx,K_star_yy,K_star_yz,K_star_zx,K_star_zy,K_star_zz,K_xx,K_xy,K_xz,K_yx,K_yy,K_yz,K_zx,K_zy,K_zz,K_star_eig1,K_star_eig2,K_star_eig3,K_eig1,K_eig2,K_eig3,symmetry_error,error_type,error_message
eps_0.02_coeffs_0.69_0.455_0.564_55.961_134.277_-2633.219_m_-0.266_rho_0.637_,0.36330699920654297,0.16666666666666666,1e-05,True,90000,27500,30000,32500,0.6700635773083434,-0.007714680265300728,-0.010191874824728412,-0.007714934851776846,0.64979233095559,-0.009186023500504152,-0.010192374990891767,-0.009185850747817087,0.6319252374248374,0.24343878754949566,-0.0028027973370243443,-0.0037027794588607907,-0.0028028898300730214,0.23607410186690023,-0.003337346632608947,-0.0037029611727287036,-0.0033372838703486043,0.2295828617316999,0.6246395923088719,0.6532418312414112,0.673899722138488,0.22693593586733454,0.23732732946450402,0.24483248581625713,7.366039549716604e-07,,
