sample_name,porosity,nu,g,all_converged,total_iterations,iterations_x,iterations_y,iterations_z,K_star_xx,K_star_xy,K_star_xz,K_star_yx,K_star_yy,K_star_yz,K_star_zx,K_star_zy,K_star_zz,K_xx,K_xy,K_xz,K_yx,K_yy,K_yz,K_zx,K_zy,K_zz,K_star_eig1,K_star_eig2,K_star_eig3,K_eig1,K_eig2,K_eig3,symmetry_error,error_type,error_message
eps_0.02_coeffs_0.541_-0.649_0.623_81.051_93.69_-2726.962_m_-0.277_rho_0.606_,0.3944873809814453,0.16666666666666666,1e-05,True,90000,27500,32500,30000,0.7771773982708768,-0.026092771127832298,-0.02342356345727079,-0.026092089500078363,0.7625291344072069,-0.04061037351638479,-0.023424158504782668,-0.04061085614300713,0.741732618128664,0.30658667640185183,-0.010293268944766835,-0.009240300201511441,-0.010293000051219383,0.3008081211543476,-0.016020279889156882,-0.009240534940245963,-0.01602047027926912,0.29260415791408717,0.6955541326110257,0.7870718582222195,0.7988131599735023,0.2743873281045446,0.3104899159942828,0.3151217113714592,1.0990031786300844e-06,,
