sample_name,porosity,nu,g,all_converged,total_iterations,iterations_x,iterations_y,iterations_z,K_star_xx,K_star_xy,K_star_xz,K_star_yx,K_star_yy,K_star_yz,K_star_zx,K_star_zy,K_star_zz,K_xx,K_xy,K_xz,K_yx,K_yy,K_yz,K_zx,K_zy,K_zz,K_star_eig1,K_star_eig2,K_star_eig3,K_eig1,K_eig2,K_eig3,symmetry_error,error_type,error_message
eps_0.02_coeffs_0.228_0.728_0.434_39.728_113.807_-502.897_m_-0.632_rho_0.422_,0.5783209800720215,0.16666666666666666,1e-05,True,30000,10000,10000,10000,11.967249074590312,-3.427689891907826,1.3221079486757217,-3.431262617376467,23.48172999651786,-0.9172248935082901,1.3118189255687203,-0.88347403162195,14.814499403308481,6.920911213583061,-1.9823049776710953,0.7646027646391532,-1.9843711597656482,13.579977105372794,-0.5304503993601698,0.7586524067119285,-0.5109315678357862,8.567535814197738,10.7539819512577,14.934078294478578,24.575418228680384,6.2192533817281825,8.636690795735154,14.212479955690263,0.0016335321619743756,,
