sample_name,porosity,nu,g,all_converged,total_iterations,iterations_x,iterations_y,iterations_z,K_star_xx,K_star_xy,K_star_xz,K_star_yx,K_star_yy,K_star_yz,K_star_zx,K_star_zy,K_star_zz,K_xx,K_xy,K_xz,K_yx,K_yy,K_yz,K_zx,K_zy,K_zz,K_star_eig1,K_star_eig2,K_star_eig3,K_eig1,K_eig2,K_eig3,symmetry_error,error_type,error_message
eps_0.02_coeffs_0.45_-0.224_0.416_55.4_26.977_-3830.439_m_-0.294_rho_0.487_,0.5125174522399902,0.16666666666666666,1e-05,True,45000,15000,15000,15000,1.8058479451033742,-0.1136758604104852,0.00974635774626577,-0.11367227690526652,1.9356402818856857,-0.005639248025456206,0.009749058126596656,-0.005641115830905336,1.889179367093715,0.925528587957203,-0.05826086235877065,0.004995178440735625,-0.058259025749805876,0.9920494257251482,-0.0028902130305562103,0.004996562432782891,-0.0028911703134462787,0.968237396047228,1.7396412845289102,1.8885455376352318,2.0024807719186346,0.8915965189582608,0.9679125473880112,1.026306343383307,2.1108806607944895e-06,,
