sample_name,porosity,nu,g,all_converged,total_iterations,iterations_x,iterations_y,iterations_z,K_star_xx,K_star_xy,K_star_xz,K_star_yx,K_star_yy,K_star_yz,K_star_zx,K_star_zy,K_star_zz,K_xx,K_xy,K_xz,K_yx,K_yy,K_yz,K_zx,K_zy,K_zz,K_star_eig1,K_star_eig2,K_star_eig3,K_eig1,K_eig2,K_eig3,symmetry_error,error_type,error_message
eps_0.02_coeffs_0.914_-0.01_0.911_18.609_146.299_-2337.803_m_-0.442_rho_0.637_,0.3629918098449707,0.16666666666666666,1e-05,True,60000,20000,20000,20000,0.8786493656130026,-0.03727717569956634,-0.02573030131050782,-0.037277063555041984,0.9505297876365093,0.032727370100159546,-0.02572980740627728,0.03272754224997125,0.8284869719261491,0.31894252344299917,-0.013531309473094546,-0.009339888640557655,-0.013531268765550688,0.3450345279257322,0.011879767304123094,-0.009339709357367122,0.011879829793094808,0.3007339853724523,0.8153057785097956,0.8650628830860745,0.977297463579791,0.29594932011833364,0.31401074156112246,0.35475097506172776,4.915958243780672e-07,,
