sample_name,porosity,nu,g,all_converged,total_iterations,iterations_x,iterations_y,iterations_z,K_star_xx,K_star_xy,K_star_xz,K_star_yx,K_star_yy,K_star_yz,K_star_zx,K_star_zy,K_star_zz,K_xx,K_xy,K_xz,K_yx,K_yy,K_yz,K_zx,K_zy,K_zz,K_star_eig1,K_star_eig2,K_star_eig3,K_eig1,K_eig2,K_eig3,symmetry_error,error_type,error_message
eps_0.02_coeffs_0.951_1.349_0.703_15.017_46.878_-1693.776_m_-0.201_rho_0.337_,0.6626453399658203,0.16666666666666666,1e-05,True,25000,7500,7500,10000,5.157535192074412,0.06514101314847072,-0.17916918386188715,0.06514019559188687,5.212111474374228,0.03590706192202477,-0.17916655019870814,0.03589664940903065,4.970638815500199,3.417616660737831,0.04316538880348635,-0.11872562475155878,0.0431648470534259,3.4537813798764634,0.023793647254493868,-0.11872387956692616,0.02378674745128098,3.2937706477444317,4.850418275584009,5.2026488795546,5.287218326810228,3.2141070672007954,3.447511035515251,3.5035505856426803,1.7187829790883673e-06,,
