sample_name,porosity,nu,g,all_converged,total_iterations,iterations_x,iterations_y,iterations_z,K_star_xx,K_star_xy,K_star_xz,K_star_yx,K_star_yy,K_star_yz,K_star_zx,K_star_zy,K_star_zz,K_xx,K_xy,K_xz,K_yx,K_yy,K_yz,K_zx,K_zy,K_zz,K_star_eig1,K_star_eig2,K_star_eig3,K_eig1,K_eig2,K_eig3,symmetry_error,error_type,error_message
eps_0.02_coeffs_0.358_0.892_0.259_6.249_21.115_-1529.669_m_-0.54_rho_0.451_,0.5488986968994141,0.16666666666666666,1e-05,True,30000,10000,10000,10000,3.663984190885746,-0.09768705041341094,0.19109165626352198,-0.09777704641918142,3.6314575298686025,-0.12558146896784117,0.19118052758967546,-0.12553902583746815,3.5038125782473193,2.01115614783724,-0.05362029467586863,0.10488996111139796,-0.0536696933661622,1.993302305990441,-0.06893150467116223,0.10493874246651534,-0.06890820769220814,1.9232381583797298,3.3647307167474048,3.551093102888973,3.883430479365292,1.8468963058400818,1.949190376744253,2.1316099296230746,3.020700731104643e-05,,
