sample_name,porosity,nu,g,all_converged,total_iterations,iterations_x,iterations_y,iterations_z,K_star_xx,K_star_xy,K_star_xz,K_star_yx,K_star_yy,K_star_yz,K_star_zx,K_star_zy,K_star_zz,K_xx,K_xy,K_xz,K_yx,K_yy,K_yz,K_zx,K_zy,K_zz,K_star_eig1,K_star_eig2,K_star_eig3,K_eig1,K_eig2,K_eig3,symmetry_error,error_type,error_message
eps_0.02_coeffs_0.157_1.026_0.546_111.384_63.385_-2027.396_m_-0.339_rho_0.607_,0.3934922218322754,0.16666666666666666,1e-05,True,27500,10000,10000,7500,13.326103083617667,0.6164871437039368,0.5030657003448278,0.6054556496207847,11.671168920787503,0.8382264209556405,0.5141795701352566,0.8297141918970665,11.614676747967037,5.243717910738653,0.2425828959070953,0.19795244015629596,0.2382420887901862,4.5925141900204745,0.32983557678035114,0.2023256614732864,0.32648608085534764,4.570284959421216,10.811507559365303,12.000051063058528,13.800390129948385,4.254244130891093,4.721926754903656,5.430346174385592,0.001186432359939655,,
