sample_name,porosity,nu,g,all_converged,total_iterations,iterations_x,iterations_y,iterations_z,K_star_xx,K_star_xy,K_star_xz,K_star_yx,K_star_yy,K_star_yz,K_star_zx,K_star_zy,K_star_zz,K_xx,K_xy,K_xz,K_yx,K_yy,K_yz,K_zx,K_zy,K_zz,K_star_eig1,K_star_eig2,K_star_eig3,K_eig1,K_eig2,K_eig3,symmetry_error,error_type,error_message
eps_0.02_coeffs_0.736_-0.691_0.571_88.5_114.638_-2421.405_m_-0.48_rho_0.574_,0.42551708221435547,0.16666666666666666,1e-05,True,60000,20000,25000,15000,1.3083312524808457,-0.18675291777192884,0.32566254474796363,-0.18673039416716963,1.4934877462254794,-0.06087512107233736,0.32564074375015656,-0.06090956574599083,1.9740555503583044,0.5567172971255027,-0.07946655666532862,0.13857497582765546,-0.07945697248675053,0.6355045480967598,-0.02590340389814662,0.13856569913067923,-0.02591806069517747,0.8399943579175193,1.113721567870357,1.5291544068899106,2.1329985743043633,0.4739075519593916,0.6506813214750179,0.9076273297053727,2.3101792882490496e-05,,
