sample_name,porosity,nu,g,all_converged,total_iterations,iterations_x,iterations_y,iterations_z,K_star_xx,K_star_xy,K_star_xz,K_star_yx,K_star_yy,K_star_yz,K_star_zx,K_star_zy,K_star_zz,K_xx,K_xy,K_xz,K_yx,K_yy,K_yz,K_zx,K_zy,K_zz,K_star_eig1,K_star_eig2,K_star_eig3,K_eig1,K_eig2,K_eig3,symmetry_error,error_type,error_message
eps_0.02_coeffs_0.736_0.254_0.852_24.914_64.366_-2337.476_m_-0.231_rho_0.361_,0.6389861106872559,0.16666666666666666,1e-05,True,27500,10000,10000,7500,3.549629327051452,0.0936034589273152,0.10265515914732933,0.09362147693325583,3.4657153849690854,0.09199929788645457,0.10259401991341342,0.09202597222276601,3.7276878268544587,2.2681638380740288,0.05981131016683944,0.06559522088553324,0.05982282342237778,2.2145439945903815,0.058786273542423884,0.06555615376424292,0.058803318072838694,2.381940746337959,3.403118639216046,3.521899341736402,3.8180145579225453,2.1745455434799683,2.2504447626081503,2.4396582729142504,1.5735591590176333e-05,,
