sample_name,porosity,nu,g,all_converged,total_iterations,iterations_x,iterations_y,iterations_z,K_star_xx,K_star_xy,K_star_xz,K_star_yx,K_star_yy,K_star_yz,K_star_zx,K_star_zy,K_star_zz,K_xx,K_xy,K_xz,K_yx,K_yy,K_yz,K_zx,K_zy,K_zz,K_star_eig1,K_star_eig2,K_star_eig3,K_eig1,K_eig2,K_eig3,symmetry_error,error_type,error_message
eps_0.02_coeffs_0.955_0.35_0.37_38.577_83.105_-2102.946_m_-0.263_rho_0.515_,0.4853663444519043,0.16666666666666666,1e-05,True,42500,12500,15000,15000,1.8024482774951611,-0.007340195227330828,-0.031320828119201415,-0.007334259294229865,1.9906236630666845,0.050295517490996484,-0.03132188231553273,0.05029814704474976,1.8375832949180506,0.874847731511458,-0.0035626837250528785,-0.015202075849423204,-0.003559802622902753,0.9661817305221359,0.024411751466921778,-0.015202587520842867,0.024413027763814543,0.8919010864802598,1.7820620766011934,1.8416396343025978,2.006953524576105,0.8649529557062908,0.8938698970991937,0.9741076957083697,2.8576479231473425e-06,,
