sample_name,porosity,nu,g,all_converged,total_iterations,iterations_x,iterations_y,iterations_z,K_star_xx,K_star_xy,K_star_xz,K_star_yx,K_star_yy,K_star_yz,K_star_zx,K_star_zy,K_star_zz,K_xx,K_xy,K_xz,K_yx,K_yy,K_yz,K_zx,K_zy,K_zz,K_star_eig1,K_star_eig2,K_star_eig3,K_eig1,K_eig2,K_eig3,symmetry_error,error_type,error_message
eps_0.02_coeffs_0.986_0.041_0.394_70.829_120.721_-406.146_m_-0.527_rho_0.524_,0.47628021240234375,0.16666666666666666,1e-05,True,27500,12500,7500,7500,5.0535717634042925,0.2653194338995181,-1.7162418456825812,0.26336318553871435,6.076269243141738,1.6728626804491866,-1.7165704682567529,1.672769677488284,5.853008705828216,2.4069162328646834,0.1263663963321321,-0.8174120307954902,0.12543467394733673,2.8940068057373756,0.7967513927642927,-0.8175685472249169,0.79670709729432,2.78767222960463,3.104968654221803,5.8419012896822275,8.035979768470217,1.4788351301353782,2.782381987083377,3.827378150987932,0.0002698066034164134,,
