sample_name,porosity,nu,g,all_converged,total_iterations,iterations_x,iterations_y,iterations_z,K_star_xx,K_star_xy,K_star_xz,K_star_yx,K_star_yy,K_star_yz,K_star_zx,K_star_zy,K_star_zz,K_xx,K_xy,K_xz,K_yx,K_yy,K_yz,K_zx,K_zy,K_zz,K_star_eig1,K_star_eig2,K_star_eig3,K_eig1,K_eig2,K_eig3,symmetry_error,error_type,error_message
eps_0.02_coeffs_0.995_0.997_0.781_6.874_51.011_-1096.878_m_-0.592_rho_0.457_,0.5432109832763672,0.16666666666666666,1e-05,True,32500,10000,10000,12500,12.738156103586086,-3.09534362734074,1.7064609892444955,-3.093005850371386,19.74515216493445,0.41746146255712574,1.723607580522887,0.41562336104165304,14.558777324427606,6.919506302156856,-1.6814246553860004,0.9269683518902646,-1.6801547492597968,10.725783522455533,0.22676965155564663,0.9362825685984377,0.2257711746240649,7.908487745703998,10.753833521285944,15.365043486962527,20.923208584699665,5.841600481088096,8.346460380637057,11.365716708591231,0.0008759136225825778,,
