sample_name,porosity,nu,g,all_converged,total_iterations,iterations_x,iterations_y,iterations_z,K_star_xx,K_star_xy,K_star_xz,K_star_yx,K_star_yy,K_star_yz,K_star_zx,K_star_zy,K_star_zz,K_xx,K_xy,K_xz,K_yx,K_yy,K_yz,K_zx,K_zy,K_zz,K_star_eig1,K_star_eig2,K_star_eig3,K_eig1,K_eig2,K_eig3,symmetry_error,error_type,error_message
eps_0.02_coeffs_0.77_0.824_0.344_97.824_49.701_-3632.119_m_-0.207_rho_0.325_,0.6751151084899902,0.16666666666666666,1e-05,True,42500,15000,15000,12500,2.696196446092432,-0.07051826771199614,-0.4206228211906933,-0.07045256220119268,2.821653044409582,0.05188908865550665,-0.42064213172575343,0.051806781630577385,3.36617131536708,1.8202429562140183,-0.04760794795691045,-0.28396882156152065,-0.04756358917385598,1.9049406011976864,0.03503110771710909,-0.2839818583954928,0.03497554100104448,2.2725531127699394,2.488330254304252,2.818853949083158,3.576836602481685,1.6799093495935398,1.9030508896527127,2.4147764309353894,2.917853465291824e-05,,
