sample_name,porosity,nu,g,all_converged,total_iterations,iterations_x,iterations_y,iterations_z,K_star_xx,K_star_xy,K_star_xz,K_star_yx,K_star_yy,K_star_yz,K_star_zx,K_star_zy,K_star_zz,K_xx,K_xy,K_xz,K_yx,K_yy,K_yz,K_zx,K_zy,K_zz,K_star_eig1,K_star_eig2,K_star_eig3,K_eig1,K_eig2,K_eig3,symmetry_error,error_type,error_message
eps_0.02_coeffs_0.399_0.525_0.827_7.582_46.592_-3155.466_m_-0.496_rho_0.614_,0.3858933448791504,0.16666666666666666,1e-05,True,47500,15000,17500,15000,1.3491669403543458,0.0055946590912466475,0.02193016132960342,0.005592231363498628,1.405996227272126,-0.02180799383099611,0.02192817265205914,-0.021808921692221137,1.3408351734406159,0.5206345434137077,0.002158941710179717,0.00846270330922006,0.0021580048661985775,0.5425645870295068,-0.008415559684546966,0.00846193589179061,-0.008415917740018675,0.517419370010615,1.3178726840330135,1.3654854487440358,1.412640208290038,0.5085582981663637,0.5269317471996436,0.5451284550878227,1.9562697034004735e-06,,
