sample_name,porosity,nu,g,all_converged,total_iterations,iterations_x,iterations_y,iterations_z,K_star_xx,K_star_xy,K_star_xz,K_star_yx,K_star_yy,K_star_yz,K_star_zx,K_star_zy,K_star_zz,K_xx,K_xy,K_xz,K_yx,K_yy,K_yz,K_zx,K_zy,K_zz,K_star_eig1,K_star_eig2,K_star_eig3,K_eig1,K_eig2,K_eig3,symmetry_error,error_type,error_message
eps_0.02_coeffs_0.075_0.175_0.689_78.399_96.729_-512.018_m_-0.285_rho_0.468_,0.5315074920654297,0.16666666666666666,1e-05,True,165000,42500,52500,70000,0.16665648223503737,1.7402953324957756e-14,3.265711074082362e-13,-2.6474435779200625e-15,0.1666566192895271,-7.997907404253697e-13,7.331726093629919e-13,-1.7048446575719428e-12,0.16665687628435924,0.08857916890919156,9.249800076280028e-15,1.7357499027958168e-13,-1.4071360964850203e-15,0.08857924175467967,-4.250947706206413e-13,3.896867348535908e-13,-9.061377083072096e-13,0.08857937834935836,0.16665648223503737,0.16665661928952705,0.1666568762843592,0.08857916890919156,0.0885792417546797,0.08857937834935839,4.862018525877017e-12,,
