sample_name,porosity,nu,g,all_converged,total_iterations,iterations_x,iterations_y,iterations_z,K_star_xx,K_star_xy,K_star_xz,K_star_yx,K_star_yy,K_star_yz,K_star_zx,K_star_zy,K_star_zz,K_xx,K_xy,K_xz,K_yx,K_yy,K_yz,K_zx,K_zy,K_zz,K_star_eig1,K_star_eig2,K_star_eig3,K_eig1,K_eig2,K_eig3,symmetry_error,error_type,error_message
eps_0.02_coeffs_0.731_0.289_0.746_82.175_74.068_-3033.788_m_-0.259_rho_0.475_,0.5252237319946289,0.16666666666666666,1e-05,True,50000,15000,15000,20000,2.2727993987781336,0.21365621446356475,0.15157354296906658,0.2136530320643521,2.1065247579372315,0.12026859619582755,0.15153812251096646,0.12024580567874851,2.1738890567621088,1.1937281823014,0.11221731432439828,0.0796100219098614,0.11221564285280712,1.106396794902875,0.06316792093572758,0.07959141824466909,0.06315595081529324,1.1417781233348785,1.9590007729405097,2.069158594529002,2.5250538460079612,1.0289136969441774,1.0867711991072835,1.326218204487693,1.568991625161537e-05,,
