sample_name,porosity,nu,g,all_converged,total_iterations,iterations_x,iterations_y,iterations_z,K_star_xx,K_star_xy,K_star_xz,K_star_yx,K_star_yy,K_star_yz,K_star_zx,K_star_zy,K_star_zz,K_xx,K_xy,K_xz,K_yx,K_yy,K_yz,K_zx,K_zy,K_zz,K_star_eig1,K_star_eig2,K_star_eig3,K_eig1,K_eig2,K_eig3,symmetry_error,error_type,error_message
eps_0.02_coeffs_0.993_1.254_0.765_72.198_68.949_-3115.255_m_-0.279_rho_0.609_,0.3906126022338867,0.16666666666666666,1e-05,True,62500,20000,22500,20000,1.7403571545689305,0.17456670652801484,-0.0408616353919216,0.1745479296928441,1.8606565110726063,-0.07619296052067522,-0.04087222397465535,-0.07620620452596218,1.9945647922254692,0.6798054369625326,0.0681879555003071,-0.01596106973197078,0.06818062103185935,0.7267958816534954,-0.029761930580884742,-0.015965205765826378,-0.02976710385625388,0.7791021438152821,1.6155507125858357,1.9041370287800066,2.0758907165011626,0.6310544678839635,0.7437799198216597,0.8108690747256869,1.1018215701550617e-05,,
