sample_name,porosity,nu,g,all_converged,total_iterations,iterations_x,iterations_y,iterations_z,K_star_xx,K_star_xy,K_star_xz,K_star_yx,K_star_yy,K_star_yz,K_star_zx,K_star_zy,K_star_zz,K_xx,K_xy,K_xz,K_yx,K_yy,K_yz,K_zx,K_zy,K_zz,K_star_eig1,K_star_eig2,K_star_eig3,K_eig1,K_eig2,K_eig3,symmetry_error,error_type,error_message
eps_0.02_coeffs_0.884_0.495_0.869_-24.561_101.572_-1102.127_m_-0.485_rho_0.346_,0.6540408134460449,0.16666666666666666,1e-05,True,25000,10000,7500,7500,3.9228542609045145,-0.0043992660637785725,-0.0012934590589568954,-0.004421328856405554,4.588115167927501,0.12211032657565243,-0.0013683731784432979,0.12215898267875032,4.052907158757868,2.565706791832272,-0.002877299554919318,-0.0008459750150793236,-0.00289172952175596,3.00081457661544,0.07986513732370192,-0.0008949719067268046,0.07989696040095116,2.6507666949352946,3.9228220009824777,4.026344846934527,4.614709739672878,2.5656856925266216,2.6333938589033488,3.018208511953035,1.789174092666922e-05,,
