sample_name,porosity,nu,g,all_converged,total_iterations,iterations_x,iterations_y,iterations_z,K_star_xx,K_star_xy,K_star_xz,K_star_yx,K_star_yy,K_star_yz,K_star_zx,K_star_zy,K_star_zz,K_xx,K_xy,K_xz,K_yx,K_yy,K_yz,K_zx,K_zy,K_zz,K_star_eig1,K_star_eig2,K_star_eig3,K_eig1,K_eig2,K_eig3,symmetry_error,error_type,error_message
eps_0.02_coeffs_0.835_1.149_0.919_48.746_149.692_-4193.534_m_-0.63_rho_0.422_,0.578056812286377,0.16666666666666666,1e-05,True,27500,7500,10000,10000,4.983456217479808,0.30733233671309124,-0.7714948236917626,0.3075516714092698,3.674388251283127,0.21425641829900716,-0.7714709723261798,0.21432568444640152,4.052349354569376,2.8807208152451036,0.17765555087289298,-0.4459678384787007,0.17778233878818978,2.1240051596392395,0.12385238217382064,-0.4459540510343432,0.12389242194218278,2.3424881501731307,3.3008039628102828,3.974877627397845,5.434512233124181,1.9080522167243528,2.2977050905220353,3.141456817811085,4.3612271722349037e-05,,
