sample_name,porosity,nu,g,all_converged,total_iterations,iterations_x,iterations_y,iterations_z,K_star_xx,K_star_xy,K_star_xz,K_star_yx,K_star_yy,K_star_yz,K_star_zx,K_star_zy,K_star_zz,K_xx,K_xy,K_xz,K_yx,K_yy,K_yz,K_zx,K_zy,K_zz,K_star_eig1,K_star_eig2,K_star_eig3,K_eig1,K_eig2,K_eig3,symmetry_error,error_type,error_message
eps_0.02_coeffs_0.388_0.222_0.538_77.162_38.031_-3650.99_m_-0.225_rho_0.527_,0.4734458923339844,0.16666666666666666,1e-05,True,87500,30000,30000,27500,1.0715843025774392,-0.04912420904794862,0.10723276185973667,-0.049122923045483886,1.2233104905350156,-0.04356603379324825,0.10723420626431203,-0.043568664057682345,1.279930881736341,0.507337186344866,-0.023257654987907224,0.05076891062612067,-0.023257046135322763,0.5791713267928746,-0.020626159744696934,0.05076959447353375,-0.02062740503258901,0.6059780184294854,1.022037449312988,1.1999053688596715,1.3528828566761368,0.48387943218873686,0.5680902680761056,0.6405168313023833,2.2227439264761157e-06,,
