sample_name,porosity,nu,g,all_converged,total_iterations,iterations_x,iterations_y,iterations_z,K_star_xx,K_star_xy,K_star_xz,K_star_yx,K_star_yy,K_star_yz,K_star_zx,K_star_zy,K_star_zz,K_xx,K_xy,K_xz,K_yx,K_yy,K_yz,K_zx,K_zy,K_zz,K_star_eig1,K_star_eig2,K_star_eig3,K_eig1,K_eig2,K_eig3,symmetry_error,error_type,error_message
eps_0.02_coeffs_0.093_0.142_0.731_7.879_70.771_86.607_m_-0.428_rho_0.605_,0.395078182220459,0.16666666666666666,1e-05,True,122500,22500,52500,47500,2.483012968751822,1.5379801315290715,1.573207337853431,1.5382994426791394,2.901508008528299,1.6055973778102715,1.5732172770712436,1.6053213123667656,2.128027543645509,0.9809842501242951,0.607622394655688,0.621539895295021,0.6077485475244195,1.1463225097074645,0.6343364934032175,0.6215438220631271,0.6342274259696233,0.8407372536585361,0.6794464756123811,1.1646426493734083,5.668459395939841,0.2684344785010369,0.4601249008508658,2.239484634138394,0.00010247998999261956,,
