sample_name,porosity,nu,g,all_converged,total_iterations,iterations_x,iterations_y,iterations_z,K_star_xx,K_star_xy,K_star_xz,K_star_yx,K_star_yy,K_star_yz,K_star_zx,K_star_zy,K_star_zz,K_xx,K_xy,K_xz,K_yx,K_yy,K_yz,K_zx,K_zy,K_zz,K_star_eig1,K_star_eig2,K_star_eig3,K_eig1,K_eig2,K_eig3,symmetry_error,error_type,error_message
eps_0.02_coeffs_0.554_-0.609_0.76_-5.684_92.98_-1634.228_m_-0.438_rho_0.52_,0.4798297882080078,0.16666666666666666,1e-05,True,40000,12500,12500,15000,1.5002497421774814,-0.00809309187472665,-0.022690813885924147,-0.008088451189024765,1.500541938005312,-0.01952342542097386,-0.022689462207586834,-0.01952192598316311,1.49841373014019,0.7198645160481393,-0.0038833065601980377,-0.010887728421150307,-0.0038810798209605616,0.7200047203103225,-0.009367921084840723,-0.010887079845619988,-0.00936720160991356,0.7189835427811384,1.4652968153220964,1.5084001888453311,1.5255084061555555,0.70309306055787,0.7237753431465743,0.7319843754351557,2.7548233704148028e-06,,
