sample_name,porosity,nu,g,all_converged,total_iterations,iterations_x,iterations_y,iterations_z,K_star_xx,K_star_xy,K_star_xz,K_star_yx,K_star_yy,K_star_yz,K_star_zx,K_star_zy,K_star_zz,K_xx,K_xy,K_xz,K_yx,K_yy,K_yz,K_zx,K_zy,K_zz,K_star_eig1,K_star_eig2,K_star_eig3,K_eig1,K_eig2,K_eig3,symmetry_error,error_type,error_message
eps_0.02_coeffs_0.767_0.285_0.334_14.957_121.276_610.797_m_-0.33_rho_0.526_,0.47423696517944336,0.16666666666666666,1e-05,True,67500,25000,20000,22500,0.8104050964736178,0.04051974838499648,-0.11294795643060125,0.04053522588284074,1.6575955418302357,-0.12392254067406094,-0.11294368563272314,-0.12393529107909652,1.0605958805489544,0.3843240535176025,0.019215962503935383,-0.05356409608086833,0.019223302505541613,0.786093079252546,-0.058768649606592796,-0.05356207071064372,-0.058774696319981674,0.5029737716733556,0.7669094871022382,1.0749400143267427,1.6867470174238264,0.3636968277306889,0.509776290144262,0.7999177865685527,1.353570662016186e-05,,
