sample_name,porosity,nu,g,all_converged,total_iterations,iterations_x,iterations_y,iterations_z,K_star_xx,K_star_xy,K_star_xz,K_star_yx,K_star_yy,K_star_yz,K_star_zx,K_star_zy,K_star_zz,K_xx,K_xy,K_xz,K_yx,K_yy,K_yz,K_zx,K_zy,K_zz,K_star_eig1,K_star_eig2,K_star_eig3,K_eig1,K_eig2,K_eig3,symmetry_error,error_type,error_message
eps_0.02_coeffs_0.373_-0.621_0.398_31.385_88.608_152.143_m_-0.474_rho_0.379_,0.6211338043212891,0.16666666666666666,1e-05,True,22500,7500,7500,7500,11.683210180710848,0.4041006502972645,0.5781461103292557,0.4012779366286676,9.681630531282,1.2321772206430648,0.5859483154603243,1.2375769076142942,10.832314735968856,7.256836786230144,0.2510005742478467,0.3591060929623663,0.24924729136836146,6.013588003928332,0.7653469246560592,0.36395230631752207,0.768700852766643,6.728316861557896,8.891989695721916,10.942136425763739,12.363029326476056,5.523115387689456,6.796530825537183,7.679095438489735,0.0007465984876560524,,
