sample_name,porosity,nu,g,all_converged,total_iterations,iterations_x,iterations_y,iterations_z,K_star_xx,K_star_xy,K_star_xz,K_star_yx,K_star_yy,K_star_yz,K_star_zx,K_star_zy,K_star_zz,K_xx,K_xy,K_xz,K_yx,K_yy,K_yz,K_zx,K_zy,K_zz,K_star_eig1,K_star_eig2,K_star_eig3,K_eig1,K_eig2,K_eig3,symmetry_error,error_type,error_message
eps_0.02_coeffs_0.428_1.028_0.645_20.275_89.437_-1149.491_m_-0.359_rho_0.666_,0.3342304229736328,0.16666666666666666,1e-05,True,95000,27500,35000,32500,0.6837092309797594,0.07860669227700229,-0.1568829541444325,0.07860663796981857,0.41924879106564505,-0.06568455780553682,-0.15688240682227023,-0.06568446560429102,0.4906529411587452,0.2285164254613422,0.02627274800830067,-0.05243505612104672,0.026272729857187684,0.14012570076905476,-0.02195377753818061,-0.052434873189328914,-0.021953746721719222,0.16399114005674437,0.3786344871688162,0.4167904919357711,0.7981859840995624,0.126551164798838,0.13930406241108126,0.26677803907722214,8.073994789502232e-07,,
