sample_name,porosity,nu,g,all_converged,total_iterations,iterations_x,iterations_y,iterations_z,K_star_xx,K_star_xy,K_star_xz,K_star_yx,K_star_yy,K_star_yz,K_star_zx,K_star_zy,K_star_zz,K_xx,K_xy,K_xz,K_yx,K_yy,K_yz,K_zx,K_zy,K_zz,K_star_eig1,K_star_eig2,K_star_eig3,K_eig1,K_eig2,K_eig3,symmetry_error,error_type,error_message
eps_0.02_coeffs_0.768_0.345_0.841_89.495_88.065_-2498.921_m_-0.204_rho_0.361_,0.6389260292053223,0.16666666666666666,1e-05,True,55000,17500,20000,17500,2.5043513895808314,-0.07198446618851123,-0.11015002855428284,-0.07190272545632764,2.4734968341263537,-0.5850628670497802,-0.1101908056480841,-0.585076062332709,2.6141134822595027,1.6000952890797118,-0.04599274914629026,-0.0703777203610408,-0.04594052286485186,1.5803815104802867,-0.3738118944795974,-0.07040377390766578,-0.3738203252893234,1.6702251471121616,1.926593849695009,2.5303236608031754,3.135044195468506,1.2309509582770264,1.6166896492012477,2.0030613391938865,2.9228189415813213e-05,,
