sample_name,porosity,nu,g,all_converged,total_iterations,iterations_x,iterations_y,iterations_z,K_star_xx,K_star_xy,K_star_xz,K_star_yx,K_star_yy,K_star_yz,K_star_zx,K_star_zy,K_star_zz,K_xx,K_xy,K_xz,K_yx,K_yy,K_yz,K_zx,K_zy,K_zz,K_star_eig1,K_star_eig2,K_star_eig3,K_eig1,K_eig2,K_eig3,symmetry_error,error_type,error_message
eps_0.02_coeffs_0.987_1.451_0.761_30.003_85.934_-2464.575_m_-0.648_rho_0.418_,0.5824379920959473,0.16666666666666666,1e-05,True,22500,7500,7500,7500,11.705943184989966,0.38334411776039845,-0.8104153684585549,0.38675664050253566,10.729202814029742,0.5218215339010831,-0.8074404328517313,0.5212583176520991,11.787123786469923,6.817986044254794,0.22327417823015883,-0.472016699968698,0.22526176112407098,6.2490953437936705,0.3039286864377741,-0.4702839844472449,0.3036006478966001,6.865268710777921,10.18266219070594,11.47679732536096,12.56281026942273,5.930769320546088,6.684522789875376,7.3170579884049225,0.0003253541279836251,,
