sample_name,porosity,nu,g,all_converged,total_iterations,iterations_x,iterations_y,iterations_z,K_star_xx,K_star_xy,K_star_xz,K_star_yx,K_star_yy,K_star_yz,K_star_zx,K_star_zy,K_star_zz,K_xx,K_xy,K_xz,K_yx,K_yy,K_yz,K_zx,K_zy,K_zz,K_star_eig1,K_star_eig2,K_star_eig3,K_eig1,K_eig2,K_eig3,symmetry_error,error_type,error_message
eps_0.02_coeffs_0.266_0.008_0.475_-19.948_34.947_566.947_m_-0.38_rho_0.404_,0.5964622497558594,0.16666666666666666,1e-05,True,27500,7500,10000,10000,4.133645661843247,0.125651461765314,0.039342026121780026,0.12568147297965654,4.045492215917675,0.04604109269521808,0.039347962591020774,0.04595500839011318,4.298250210171696,2.4655635911565716,0.07494635356965153,0.023466033410550702,0.07496425412607619,2.412983388476073,0.02746177373020784,0.023469574290349644,0.027410427691916303,2.5637439903726054,3.9557244002119027,4.190942726540964,4.330720961179752,2.359440275164539,2.4997391272705785,2.583111567570133,1.7922631131840145e-05,,
