sample_name,porosity,nu,g,all_converged,total_iterations,iterations_x,iterations_y,iterations_z,K_star_xx,K_star_xy,K_star_xz,K_star_yx,K_star_yy,K_star_yz,K_star_zx,K_star_zy,K_star_zz,K_xx,K_xy,K_xz,K_yx,K_yy,K_yz,K_zx,K_zy,K_zz,K_star_eig1,K_star_eig2,K_star_eig3,K_eig1,K_eig2,K_eig3,symmetry_error,error_type,error_message
eps_0.02_coeffs_0.67_-0.219_0.733_19.372_94.712_779.229_m_-0.499_rho_0.459_,0.540992259979248,0.16666666666666666,1e-05,True,37500,12500,12500,12500,27.789228911141965,-7.336826421729566,-8.449042380180963,-7.360340207803478,34.92425643224192,-1.0321466563351138,-8.544421674812288,-0.9724348157786544,35.74230113611788,15.03375775171935,-3.9691663069669376,-4.570866531914544,-3.981887083235732,18.893752415373346,-0.5583833522407575,-4.622465992072371,-0.526079708670598,19.336308268487258,19.34784916238798,36.21184065112271,42.89609666599109,10.467036644097876,19.59032551185928,23.206456279622806,0.0027387286219307462,,
