sample_name,porosity,nu,g,all_converged,total_iterations,iterations_x,iterations_y,iterations_z,K_star_xx,K_star_xy,K_star_xz,K_star_yx,K_star_yy,K_star_yz,K_star_zx,K_star_zy,K_star_zz,K_xx,K_xy,K_xz,K_yx,K_yy,K_yz,K_zx,K_zy,K_zz,K_star_eig1,K_star_eig2,K_star_eig3,K_eig1,K_eig2,K_eig3,symmetry_error,error_type,error_message
eps_0.02_coeffs_0.794_0.462_0.884_23.537_69.579_-2983.645_m_-0.503_rho_0.318_,0.6818356513977051,0.16666666666666666,1e-05,True,22500,7500,7500,7500,6.371852385744157,0.13670790517115422,-0.13869721819392117,0.13710760004871259,6.770041958706763,0.08332671066957897,-0.13874717667242534,0.08321221256562403,6.061176679690887,4.344556122043889,0.09321232357358963,-0.09456870811430187,0.09348484979078997,4.616055968904621,0.05681512204822048,-0.0946027715860356,0.056737053158926555,4.132726349633615,5.987158144460427,6.401145520108629,6.814767359572757,4.082257873449249,4.364529225394769,4.646551341738107,5.334187621051839e-05,,
