sample_name,porosity,nu,g,all_converged,total_iterations,iterations_x,iterations_y,iterations_z,K_star_xx,K_star_xy,K_star_xz,K_star_yx,K_star_yy,K_star_yz,K_star_zx,K_star_zy,K_star_zz,K_xx,K_xy,K_xz,K_yx,K_yy,K_yz,K_zx,K_zy,K_zz,K_star_eig1,K_star_eig2,K_star_eig3,K_eig1,K_eig2,K_eig3,symmetry_error,error_type,error_message
eps_0.02_coeffs_0.432_-0.047_0.84_79.528_118.145_-2645.426_m_-0.346_rho_0.544_,0.45566272735595703,0.16666666666666666,1e-05,True,220000,85000,65000,70000,0.44549922920627066,-0.052402695372223425,-0.02619234240558451,-0.0524033133831523,0.4773157892553907,-0.039125969148423013,-0.02619123347817714,-0.03912568693203017,0.4903933932803585,0.20299739381510593,-0.023877955094110715,-0.011934874176369726,-0.023878236698656102,0.21749501434217253,-0.01782824581261546,-0.011934368879482845,-0.017828117217124195,0.2234539910594706,0.3872193044213097,0.4980646027713801,0.52792450454933,0.17644140433749056,0.22694947529826842,0.24055551958099006,2.235754048827501e-06,,
