sample_name,porosity,nu,g,all_converged,total_iterations,iterations_x,iterations_y,iterations_z,K_star_xx,K_star_xy,K_star_xz,K_star_yx,K_star_yy,K_star_yz,K_star_zx,K_star_zy,K_star_zz,K_xx,K_xy,K_xz,K_yx,K_yy,K_yz,K_zx,K_zy,K_zz,K_star_eig1,K_star_eig2,K_star_eig3,K_eig1,K_eig2,K_eig3,symmetry_error,error_type,error_message
eps_0.02_coeffs_0.629_-0.2_0.751_86.094_123.636_-2506.612_m_-0.312_rho_0.431_,0.5691342353820801,0.16666666666666666,1e-05,True,77500,25000,25000,27500,1.168419407999111,0.09401330942374556,0.05350024725297237,0.09401047723707366,1.1156359683750898,0.1595294760867868,0.05349382004924515,0.1595223744328404,1.489622549915927,0.6649874863771568,0.05350619297462233,0.030448822313072662,0.05350458108022636,0.6349466238259032,0.09079368639355724,0.03044516437139372,0.0907896445991685,0.8477951909543056,1.020760928164779,1.1868696155480114,1.566047382577338,0.5809499903589636,0.6754881311431409,0.8912911796552608,6.379182669289301e-06,,
