sample_name,porosity,nu,g,all_converged,total_iterations,iterations_x,iterations_y,iterations_z,K_star_xx,K_star_xy,K_star_xz,K_star_yx,K_star_yy,K_star_yz,K_star_zx,K_star_zy,K_star_zz,K_xx,K_xy,K_xz,K_yx,K_yy,K_yz,K_zx,K_zy,K_zz,K_star_eig1,K_star_eig2,K_star_eig3,K_eig1,K_eig2,K_eig3,symmetry_error,error_type,error_message
eps_0.02_coeffs_0.628_0.921_0.605_11.293_101.656_-1265.543_m_-0.58_rho_0.322_,0.6784582138061523,0.16666666666666666,1e-05,True,22500,7500,7500,7500,10.868825463042887,-1.4698543418109375,-0.920528560634357,-1.4726617837557232,8.894104082990506,-0.4740973281309603,-0.9206773882838849,-0.4737627788981694,7.733022231817717,7.374043909826904,-0.9972347513002664,-0.6245401630055342,-0.9991394833474901,6.034277969551745,-0.32165522641400063,-0.624641136346798,-0.3214282487390911,5.246532450722314,7.00280154236368,8.747589460593053,11.745560774894372,4.751108226071032,5.934873920543487,7.968872183486442,0.0002466552450906975,,
