sample_name,porosity,nu,g,all_converged,total_iterations,iterations_x,iterations_y,iterations_z,K_star_xx,K_star_xy,K_star_xz,K_star_yx,K_star_yy,K_star_yz,K_star_zx,K_star_zy,K_star_zz,K_xx,K_xy,K_xz,K_yx,K_yy,K_yz,K_zx,K_zy,K_zz,K_star_eig1,K_star_eig2,K_star_eig3,K_eig1,K_eig2,K_eig3,symmetry_error,error_type,error_message
eps_0.02_coeffs_0.811_0.537_0.922_110.341_130.085_-4043.641_m_-0.375_rho_0.651_,0.3493523597717285,0.16666666666666666,1e-05,True,122500,42500,45000,35000,0.5964999271005728,-0.0579063297229353,-0.002396074247379773,-0.05790609635858296,0.739964520981967,-0.019090220802166047,-0.0023965412282918267,-0.019090477285421285,0.6155767628804524,0.20838865713624913,-0.02022971293442723,-0.0008370741925103921,-0.02022963140804005,0.25850835155240687,-0.006669213685800049,-0.0008372373333939864,-0.006669303288830508,0.2150531947329278,0.5741783395457619,0.6154222322728932,0.7624406391443371,0.2005905578501247,0.21499920910052006,0.26636043647093927,7.243084736546391e-07,,
