sample_name,porosity,nu,g,all_converged,total_iterations,iterations_x,iterations_y,iterations_z,K_star_xx,K_star_xy,K_star_xz,K_star_yx,K_star_yy,K_star_yz,K_star_zx,K_star_zy,K_star_zz,K_xx,K_xy,K_xz,K_yx,K_yy,K_yz,K_zx,K_zy,K_zz,K_star_eig1,K_star_eig2,K_star_eig3,K_eig1,K_eig2,K_eig3,symmetry_error,error_type,error_message
eps_0.02_coeffs_0.241_0.565_0.565_111.43_131.689_-1779.939_m_-0.229_rho_0.514_,0.48561954498291016,0.16666666666666666,1e-05,True,57500,20000,20000,17500,0.1666449270674219,2.0092653635881168e-10,-1.4977346653058066e-09,2.0131299499539742e-10,0.1666441156204765,-6.310481516223812e-10,-1.2937696085091599e-09,-1.750396790912656e-10,0.1666437680472837,0.08092603365619166,9.757385316155829e-11,-7.27329226670937e-10,9.776152502881176e-11,0.08092563960169527,-3.0644931625316726e-10,-6.28279808596936e-10,-8.500268931425501e-11,0.08092547081335953,0.16664376804575157,0.1666441156205144,0.16664492706891615,0.08092547081261552,0.08092563960171369,0.08092603365691729,2.4475916396191674e-09,,
