sample_name,porosity,nu,g,all_converged,total_iterations,iterations_x,iterations_y,iterations_z,K_star_xx,K_star_xy,K_star_xz,K_star_yx,K_star_yy,K_star_yz,K_star_zx,K_star_zy,K_star_zz,K_xx,K_xy,K_xz,K_yx,K_yy,K_yz,K_zx,K_zy,K_zz,K_star_eig1,K_star_eig2,K_star_eig3,K_eig1,K_eig2,K_eig3,symmetry_error,error_type,error_message
eps_0.02_coeffs_0.448_1.371_0.828_21.932_0.147_-432.273_m_-0.342_rho_0.413_,0.5868425369262695,0.16666666666666666,1e-05,True,22500,7500,7500,7500,13.291408206108319,3.1786722580817597,-0.9647425427078782,3.179838416804802,8.00629753812654,1.492927613059114,-0.9665911063288419,1.4934850024249577,8.117170470649759,7.799963710995243,1.8653800919898536,-0.5661519612433912,1.8660644435333424,4.698435958660725,0.8761134278948906,-0.5672367770083871,0.876440527684398,4.763500911659106,5.377655242661265,9.244628399839872,14.79259257238348,3.155836845318189,5.42514118310267,8.680922552894215,0.0001747565958439878,,
