sample_name,porosity,nu,g,all_converged,total_iterations,iterations_x,iterations_y,iterations_z,K_star_xx,K_star_xy,K_star_xz,K_star_yx,K_star_yy,K_star_yz,K_star_zx,K_star_zy,K_star_zz,K_xx,K_xy,K_xz,K_yx,K_yy,K_yz,K_zx,K_zy,K_zz,K_star_eig1,K_star_eig2,K_star_eig3,K_eig1,K_eig2,K_eig3,symmetry_error,error_type,error_message
eps_0.02_coeffs_0.304_0.508_0.806_-26.931_105.901_-366.573_m_-0.201_rho_0.586_,0.41410207748413086,0.16666666666666666,1e-05,True,67500,25000,20000,22500,0.7351825041780585,0.003294877463727748,0.0036875324833823514,0.003294867162152568,0.7321821192243373,0.0018306221965693817,0.003687660181523446,0.001830587468484326,0.7410023602146014,0.30444060231011977,0.0013644156027853044,0.001527014862158848,0.001364411336881621,0.30319813666753165,0.0007580644546879439,0.0015270677422243662,0.0007580500737157754,0.30685061678551073,0.7300379748562666,0.7346752797027472,0.7436537290579837,0.3023102420302878,0.30423055960114254,0.3079485541317321,1.472251244704317e-07,,
