sample_name,porosity,nu,g,all_converged,total_iterations,iterations_x,iterations_y,iterations_z,K_star_xx,K_star_xy,K_star_xz,K_star_yx,K_star_yy,K_star_yz,K_star_zx,K_star_zy,K_star_zz,K_xx,K_xy,K_xz,K_yx,K_yy,K_yz,K_zx,K_zy,K_zz,K_star_eig1,K_star_eig2,K_star_eig3,K_eig1,K_eig2,K_eig3,symmetry_error,error_type,error_message
eps_0.02_coeffs_0.445_0.253_0.65_43.685_52.885_-1972.207_m_-0.235_rho_0.397_,0.602569580078125,0.16666666666666666,1e-05,True,35000,12500,10000,12500,2.756936252245962,0.14785975543712154,-0.205383637998626,0.14783996263331486,2.8860334020277008,0.11308374447327525,-0.20539389866011565,0.11314762798615008,2.688765623743199,1.661245919818009,0.08909579074420058,-0.12375793250374971,0.08908386420272223,1.739035935151274,0.06814082442092345,-0.12376411526623485,0.06817931868245036,1.6201683728274372,2.43993556657265,2.906524896473051,2.985274814971161,1.4702309497673633,1.7513834863543816,1.7988357916749744,1.9818016636671088e-05,,
