sample_name,porosity,nu,g,all_converged,total_iterations,iterations_x,iterations_y,iterations_z,K_star_xx,K_star_xy,K_star_xz,K_star_yx,K_star_yy,K_star_yz,K_star_zx,K_star_zy,K_star_zz,K_xx,K_xy,K_xz,K_yx,K_yy,K_yz,K_zx,K_zy,K_zz,K_star_eig1,K_star_eig2,K_star_eig3,K_eig1,K_eig2,K_eig3,symmetry_error,error_type,error_message
eps_0.02_coeffs_0.884_1.185_0.38_50.226_127.788_-1212.907_m_-0.231_rho_0.479_,0.5211353302001953,0.16666666666666666,1e-05,True,75000,25000,27500,22500,1.130136963145931,-0.00043756955595955683,0.052251154627319045,-0.00043747295667018367,1.2218312629890882,-0.12162853903630624,0.05225514894684536,-0.12162414866732929,1.189276296845971,0.5889542994605007,-0.00022803295503053648,0.027229922720049374,-0.0002279826137279719,0.6367394386867401,-0.0633849288524528,0.027232004301074645,-0.06338264087606629,0.6197738956560905,1.059727132279628,1.1471641525454883,1.3343532381558738,0.5522612490026502,0.5978277694306203,0.6953786153700611,4.086933399996891e-06,,
