sample_name,porosity,nu,g,all_converged,total_iterations,iterations_x,iterations_y,iterations_z,K_star_xx,K_star_xy,K_star_xz,K_star_yx,K_star_yy,K_star_yz,K_star_zx,K_star_zy,K_star_zz,K_xx,K_xy,K_xz,K_yx,K_yy,K_yz,K_zx,K_zy,K_zz,K_star_eig1,K_star_eig2,K_star_eig3,K_eig1,K_eig2,K_eig3,symmetry_error,error_type,error_message
eps_0.02_coeffs_0.97_0.343_0.481_115.48_121.413_-2237.525_m_-0.281_rho_0.633_,0.3670620918273926,0.16666666666666666,1e-05,True,160000,55000,57500,47500,0.5986444942402794,-0.037877001360541875,-0.01853075379583597,-0.037877595763762754,0.6791289422337276,0.06662230350941103,-0.018531779241831765,0.06661729227134507,0.7477435540986656,0.21973970031678844,-0.013903211351549495,-0.006801937251437947,-0.01390342953443914,0.24928249015683648,0.02445452208852385,-0.006802313653790219,0.024452682652996712,0.27446831311790526,0.583181483923956,0.6474206219808039,0.7949148846679127,0.21406381540413014,0.23764356779646545,0.29178312039093457,6.174389935368128e-06,,
