sample_name,porosity,nu,g,all_converged,total_iterations,iterations_x,iterations_y,iterations_z,K_star_xx,K_star_xy,K_star_xz,K_star_yx,K_star_yy,K_star_yz,K_star_zx,K_star_zy,K_star_zz,K_xx,K_xy,K_xz,K_yx,K_yy,K_yz,K_zx,K_zy,K_zz,K_star_eig1,K_star_eig2,K_star_eig3,K_eig1,K_eig2,K_eig3,symmetry_error,error_type,error_message
eps_0.02_coeffs_0.44_0.588_0.694_14.096_102.801_-1756.241_m_-0.277_rho_0.301_,0.6988258361816406,0.16666666666666666,1e-05,True,35000,12500,10000,12500,2.4549696631991607,-0.0019475520246825082,0.03995046205053199,-0.0019418072724170163,2.452893619891408,0.04480784165559258,0.03995084589621826,0.04481132977493828,2.4551297464519695,1.7155962276857142,-0.0013609996721560009,0.027918415048305917,-0.0013569850908504123,1.7141454349852245,0.03131287741246403,0.02791868328958859,0.03131531500038249,1.715708097998717,2.393445148170474,2.455979221735074,2.51356865963699,1.6726013070251227,1.7163017332737485,1.7565467203707852,2.239044155082384e-06,,
