sample_name,porosity,nu,g,all_converged,total_iterations,iterations_x,iterations_y,iterations_z,K_star_xx,K_star_xy,K_star_xz,K_star_yx,K_star_yy,K_star_yz,K_star_zx,K_star_zy,K_star_zz,K_xx,K_xy,K_xz,K_yx,K_yy,K_yz,K_zx,K_zy,K_zz,K_star_eig1,K_star_eig2,K_star_eig3,K_eig1,K_eig2,K_eig3,symmetry_error,error_type,error_message
eps_0.02_coeffs_0.675_-0.436_0.875_-7.646_70.088_-1771.266_m_-0.219_rho_0.67_,0.32994890213012695,0.16666666666666666,1e-05,True,57500,22500,17500,17500,0.931953267550746,-0.0022340488109457925,0.002350689939243982,-0.0022337372830388536,0.9041896861054497,-0.00668415697438032,0.002350132938110797,-0.006683985988285117,0.9445413892783928,0.30749695746495315,-0.0007371219524766798,0.0007756075647018867,-0.0007370191641858024,0.2983363942478772,-0.0022054302553622175,0.0007754237827895071,-0.002205373838687826,0.3116503944088706,0.9029949101407038,0.9315617425349664,0.9461276902589186,0.2979421792300179,0.30736777421584016,0.3121737926758431,5.819061248418639e-07,,
