sample_name,porosity,nu,g,all_converged,total_iterations,iterations_x,iterations_y,iterations_z,K_star_xx,K_star_xy,K_star_xz,K_star_yx,K_star_yy,K_star_yz,K_star_zx,K_star_zy,K_star_zz,K_xx,K_xy,K_xz,K_yx,K_yy,K_yz,K_zx,K_zy,K_zz,K_star_eig1,K_star_eig2,K_star_eig3,K_eig1,K_eig2,K_eig3,symmetry_error,error_type,error_message
eps_0.02_coeffs_0.349_-0.589_0.512_65.309_89.739_-372.105_m_-0.483_rho_0.475_,0.5250792503356934,0.16666666666666666,1e-05,True,37500,15000,12500,10000,3.918209980810515,-0.9705407156400914,0.09744476505100406,-0.9706876840193871,4.442490406591894,-1.5796079315954443,0.09737096001168441,-1.580748433582985,4.301871799163053,2.0573707593818167,-0.5096107913885665,0.05116622418211899,-0.5096879614349902,2.3326595323167814,-0.829419348546451,0.051127470687402025,-0.8300182024750753,2.2588236193447964,2.5005115634308788,3.9389143152895683,6.223146307845015,1.3129667371820173,2.0682421758087774,3.267644998052597,0.00020952390780548972,,
