sample_name,porosity,nu,g,all_converged,total_iterations,iterations_x,iterations_y,iterations_z,K_star_xx,K_star_xy,K_star_xz,K_star_yx,K_star_yy,K_star_yz,K_star_zx,K_star_zy,K_star_zz,K_xx,K_xy,K_xz,K_yx,K_yy,K_yz,K_zx,K_zy,K_zz,K_star_eig1,K_star_eig2,K_star_eig3,K_eig1,K_eig2,K_eig3,symmetry_error,error_type,error_message
eps_0.02_coeffs_0.46_-0.319_0.681_29.561_95.269_-261.76_m_-0.336_rho_0.412_,0.587770938873291,0.16666666666666666,1e-05,True,57500,17500,22500,17500,2.1022211491922187,0.3582528269427283,0.13187340309179008,0.3582162778814175,1.7509399392882603,-0.12591677439011204,0.13183464938135964,-0.12597500679263365,1.6846722726028753,1.2356244985799991,0.21057060044613807,0.07751135394767741,0.2105491179700565,1.0291516120262039,-0.07401022070317252,0.0774885756429129,-0.07404444801707549,0.9902014033615929,1.412164339682992,1.7967494720890183,2.3289195493113435,0.830029159778853,1.0560771241298519,1.3688712300590902,3.420677263280695e-05,,
