sample_name,porosity,nu,g,all_converged,total_iterations,iterations_x,iterations_y,iterations_z,K_star_xx,K_star_xy,K_star_xz,K_star_yx,K_star_yy,K_star_yz,K_star_zx,K_star_zy,K_star_zz,K_xx,K_xy,K_xz,K_yx,K_yy,K_yz,K_zx,K_zy,K_zz,K_star_eig1,K_star_eig2,K_star_eig3,K_eig1,K_eig2,K_eig3,symmetry_error,error_type,error_message
eps_0.02_coeffs_0.821_1.274_0.337_59.768_134.366_-1444.72_m_-0.276_rho_0.503_,0.4973478317260742,0.16666666666666666,1e-05,True,90000,27500,35000,27500,0.9504851703074968,0.02295138608982528,-0.06946670779096129,0.022950819461752238,1.011413088234833,-0.019027179882986887,-0.069463238054969,-0.01902555651579314,0.9732436253149315,0.4727217385402219,0.011414822106882584,-0.03454911649698338,0.011414540295639061,0.5030241064129667,-0.009463126658665506,-0.034547390831310955,-0.009462319280511602,0.484040606791605,0.8912406128798761,0.9908594618462636,1.053041809131121,0.4432565863620238,0.4928018048945041,0.5237280604882658,3.224194141263464e-06,,
