sample_name,porosity,nu,g,all_converged,total_iterations,iterations_x,iterations_y,iterations_z,K_star_xx,K_star_xy,K_star_xz,K_star_yx,K_star_yy,K_star_yz,K_star_zx,K_star_zy,K_star_zz,K_xx,K_xy,K_xz,K_yx,K_yy,K_yz,K_zx,K_zy,K_zz,K_star_eig1,K_star_eig2,K_star_eig3,K_eig1,K_eig2,K_eig3,symmetry_error,error_type,error_message
eps_0.02_coeffs_0.872_0.319_0.542_61.176_71.859_-1149.368_m_-0.423_rho_0.472_,0.5278348922729492,0.16666666666666666,1e-05,True,90000,35000,27500,27500,0.6872396305834237,-0.07973477054361693,-0.12195353914282145,-0.07976114963201615,2.9241762038093215,-0.009670654909803178,-0.12193441528041865,-0.009723417982764368,2.2192023342045473,0.3627490563747029,-0.042086794020298364,-0.06437133319575605,-0.04210071782358183,1.543482231524815,-0.005104509092524828,-0.06436123895390483,-0.0051323592834572876,1.1713724250067346,0.6747300796616156,2.228830250233913,2.9270578387017636,0.35614607891150735,1.1764543750269079,1.5450032589678377,2.3446293388507152e-05,,
