sample_name,porosity,nu,g,all_converged,total_iterations,iterations_x,iterations_y,iterations_z,K_star_xx,K_star_xy,K_star_xz,K_star_yx,K_star_yy,K_star_yz,K_star_zx,K_star_zy,K_star_zz,K_xx,K_xy,K_xz,K_yx,K_yy,K_yz,K_zx,K_zy,K_zz,K_star_eig1,K_star_eig2,K_star_eig3,K_eig1,K_eig2,K_eig3,symmetry_error,error_type,error_message
eps_0.02_coeffs_0.475_-0.462_0.643_46.395_130.464_-1805.824_m_-0.511_rho_0.392_,0.6084566116333008,0.16666666666666666,1e-05,True,37500,12500,10000,15000,2.5008745430476425,0.04844801290940413,-0.0920282886727895,0.04819982332384954,3.7783079254093668,-0.5218288557827593,-0.09189031484819137,-0.5212343604265599,2.7917273256115194,1.521673650582748,0.02947851377522245,-0.055995220700256775,0.029327501180953234,2.2989364380018293,-0.3175102174420601,-0.05591126961444771,-0.3171484928119953,1.6986449491456816,2.457723543037823,2.6061971185060555,4.006989132524648,1.4954181393281847,1.5857578679746667,2.4380790304274083,0.0001733489280506631,,
