sample_name,porosity,nu,g,all_converged,total_iterations,iterations_x,iterations_y,iterations_z,K_star_xx,K_star_xy,K_star_xz,K_star_yx,K_star_yy,K_star_yz,K_star_zx,K_star_zy,K_star_zz,K_xx,K_xy,K_xz,K_yx,K_yy,K_yz,K_zx,K_zy,K_zz,K_star_eig1,K_star_eig2,K_star_eig3,K_eig1,K_eig2,K_eig3,symmetry_error,error_type,error_message
eps_0.02_coeffs_0.576_-0.227_0.899_28.951_134.346_608.408_m_-0.338_rho_0.427_,0.5730690956115723,0.16666666666666666,1e-05,True,35000,10000,15000,10000,4.129346868058705,-0.1349752542518219,-1.9470743951597562,-0.13508158042237176,1.593888490967457,-0.7361770405756116,-1.9457420602305449,-0.7359210035953391,5.186488410947789,2.3664010751448803,-0.0773501468840336,-1.1158081627226506,-0.07741107912643044,0.9134082360244143,-0.42188031085266947,-1.1150446427497158,-0.4217335839719416,2.9722162230617504,1.3151372509262573,2.8704441820834923,6.724142336964203,0.7536645149934,1.6449628514300856,3.8533981678075593,0.0002590644447806276,,
