sample_name,porosity,nu,g,all_converged,total_iterations,iterations_x,iterations_y,iterations_z,K_star_xx,K_star_xy,K_star_xz,K_star_yx,K_star_yy,K_star_yz,K_star_zx,K_star_zy,K_star_zz,K_xx,K_xy,K_xz,K_yx,K_yy,K_yz,K_zx,K_zy,K_zz,K_star_eig1,K_star_eig2,K_star_eig3,K_eig1,K_eig2,K_eig3,symmetry_error,error_type,error_message
eps_0.02_coeffs_0.473_0.472_0.556_76.763_29.505_-3739.484_m_-0.242_rho_0.596_,0.40423059463500977,0.16666666666666666,1e-05,True,77500,30000,22500,25000,1.3649516491779226,-0.16986401931375972,0.10851700255795167,-0.1698692417694164,1.3188588040197622,-0.04732805656493288,0.10852390369985532,-0.04732952243015526,1.3879391419293157,0.5517552167952289,-0.06866423353429388,0.04386589247200968,-0.06866634461064942,0.5331230785885263,-0.019131448448162194,0.04386868212470505,-0.019132040995732694,0.5610474646592924,1.1636761538263072,1.3275159484737695,1.5805574928269235,0.47039350362378907,0.5366225612390106,0.6389096951802472,5.238873174458218e-06,,
