sample_name,porosity,nu,g,all_converged,total_iterations,iterations_x,iterations_y,iterations_z,K_star_xx,K_star_xy,K_star_xz,K_star_yx,K_star_yy,K_star_yz,K_star_zx,K_star_zy,K_star_zz,K_xx,K_xy,K_xz,K_yx,K_yy,K_yz,K_zx,K_zy,K_zz,K_star_eig1,K_star_eig2,K_star_eig3,K_eig1,K_eig2,K_eig3,symmetry_error,error_type,error_message
eps_0.02_coeffs_0.79_0.698_0.528_42.243_145.222_-2082.628_m_-0.275_rho_0.325_,0.6751852035522461,0.16666666666666666,1e-05,True,40000,12500,15000,12500,2.0441024151188105,-0.030872857659036728,-0.00036034644533305184,-0.030873807984852505,2.108332134940719,0.001267314833091971,-0.0003709416645464203,0.0012671268001494152,2.0251439294038582,1.380147705233632,-0.02084489668275623,-0.00024330058804152493,-0.0208455383286856,1.4235146616856909,0.0008556722235459832,-0.0002504543232827838,0.0008555452664853892,1.3673472161971396,2.025123324939383,2.031671468844768,2.120783685679238,1.3673333043675988,1.371754514243245,1.4319217645056173,4.217718755356444e-06,,
