sample_name,porosity,nu,g,all_converged,total_iterations,iterations_x,iterations_y,iterations_z,K_star_xx,K_star_xy,K_star_xz,K_star_yx,K_star_yy,K_star_yz,K_star_zx,K_star_zy,K_star_zz,K_xx,K_xy,K_xz,K_yx,K_yy,K_yz,K_zx,K_zy,K_zz,K_star_eig1,K_star_eig2,K_star_eig3,K_eig1,K_eig2,K_eig3,symmetry_error,error_type,error_message
eps_0.02_coeffs_0.157_0.697_0.824_76.3_37.806_-2298.868_m_-0.231_rho_0.43_,0.5697917938232422,0.16666666666666666,1e-05,True,232500,77500,62500,92500,0.5220695363589584,-0.05573408262758946,0.04308024996057805,-0.0557359700199756,0.37198738941927156,0.0045958645931151575,0.04307855579585212,0.004596405429189343,0.34553802614374535,0.29747093762243926,-0.031756822917466995,0.024546772903391426,-0.03175789833816035,0.21195536189683167,0.0026186859306798105,0.024545807582233205,0.0026189940946366856,0.19688473175058702,0.32645324905818734,0.3648950308738294,0.5482466719899588,0.18601038238029013,0.20791419419878654,0.3123864546907813,4.9893526687120285e-06,,
