sample_name,porosity,nu,g,all_converged,total_iterations,iterations_x,iterations_y,iterations_z,K_star_xx,K_star_xy,K_star_xz,K_star_yx,K_star_yy,K_star_yz,K_star_zx,K_star_zy,K_star_zz,K_xx,K_xy,K_xz,K_yx,K_yy,K_yz,K_zx,K_zy,K_zz,K_star_eig1,K_star_eig2,K_star_eig3,K_eig1,K_eig2,K_eig3,symmetry_error,error_type,error_message
eps_0.02_coeffs_0.69_-0.471_0.306_65.928_95.709_-875.404_m_-0.453_rho_0.565_,0.4352841377258301,0.16666666666666666,1e-05,True,50000,17500,15000,17500,1.5119919123263388,0.1086181044008518,0.03354974764379588,0.10860993719900311,1.424667094306953,0.2016717272404284,0.033525889171439366,0.2016590177371669,1.5297938329866398,0.6581460958053993,0.047279737915538966,0.01460367297404889,0.04727618286212462,0.6201349876917659,0.08778450389552866,0.014593287759481727,0.08777897165036057,0.665894989489882,1.2510676170433448,1.4878662305025383,1.72751899207405,0.5445698889214211,0.6476445691956786,0.7519616148699478,1.5356498996697522e-05,,
