sample_name,porosity,nu,g,all_converged,total_iterations,iterations_x,iterations_y,iterations_z,K_star_xx,K_star_xy,K_star_xz,K_star_yx,K_star_yy,K_star_yz,K_star_zx,K_star_zy,K_star_zz,K_xx,K_xy,K_xz,K_yx,K_yy,K_yz,K_zx,K_zy,K_zz,K_star_eig1,K_star_eig2,K_star_eig3,K_eig1,K_eig2,K_eig3,symmetry_error,error_type,error_message
eps_0.02_coeffs_0.708_0.516_0.471_17.732_137.633_818.031_m_-0.627_rho_0.668_,0.3323550224304199,0.16666666666666666,1e-05,True,60000,17500,20000,22500,0.7901087056876821,0.011709645382788049,0.004756295069887908,0.011709726604319374,0.7977125899476568,-0.010852853403546569,0.004756176821557123,-0.010852611715897657,0.8086684948587438,0.26259659660129964,0.0038917594538487852,0.0015807785546382914,0.0038917864482326506,0.26512378572508183,-0.0036070003363697788,0.001580739254211661,-0.003606920010265804,0.26876503574755173,0.7780366646744044,0.8028782592593652,0.8155748665603132,0.25858439313955073,0.26684062186504276,0.2710604030693397,2.872171366155149e-07,,
