sample_name,porosity,nu,g,all_converged,total_iterations,iterations_x,iterations_y,iterations_z,K_star_xx,K_star_xy,K_star_xz,K_star_yx,K_star_yy,K_star_yz,K_star_zx,K_star_zy,K_star_zz,K_xx,K_xy,K_xz,K_yx,K_yy,K_yz,K_zx,K_zy,K_zz,K_star_eig1,K_star_eig2,K_star_eig3,K_eig1,K_eig2,K_eig3,symmetry_error,error_type,error_message
eps_0.02_coeffs_0.89_0.693_0.51_50.778_90.398_-2169.748_m_-0.299_rho_0.408_,0.5922756195068359,0.16666666666666666,1e-05,True,35000,12500,12500,10000,2.6320678357867706,0.055941187413938005,-0.07645941016959566,0.05597283620963958,2.9775664543260496,-0.056274582372643184,-0.07646352476285977,-0.056253560164325964,2.8296329598449868,1.5589096080246265,0.03313260143153814,-0.045285044525324544,0.033151346241618945,1.763540016358734,-0.03333006313724571,-0.045287481498599055,-0.03331761219579123,1.6759226142691515,2.602525817348141,2.8238243041446496,3.012917128465018,1.5414125907524048,1.6724822891157323,1.7844773587843754,1.1072676565656635e-05,,
