sample_name,porosity,nu,g,all_converged,total_iterations,iterations_x,iterations_y,iterations_z,K_star_xx,K_star_xy,K_star_xz,K_star_yx,K_star_yy,K_star_yz,K_star_zx,K_star_zy,K_star_zz,K_xx,K_xy,K_xz,K_yx,K_yy,K_yz,K_zx,K_zy,K_zz,K_star_eig1,K_star_eig2,K_star_eig3,K_eig1,K_eig2,K_eig3,symmetry_error,error_type,error_message
eps_0.02_coeffs_0.793_0.924_0.317_24.549_27.3_-1616.105_m_-0.53_rho_0.398_,0.6022682189941406,0.16666666666666666,1e-05,True,22500,7500,7500,7500,7.421379575748633,-1.879660393330789,1.9382208213286383,-1.8771239154082873,10.74404014674276,-0.15193777431388614,1.9366584846452795,-0.14881370979244238,10.315796688388696,4.46966105956562,-1.13205971740516,1.1673288020789594,-1.130532077364257,6.470793923980308,-0.09150729273395788,1.1663878563472037,-0.08962576795860518,6.2128764990215135,5.89515800661228,10.370586424709694,12.215471979558108,3.5504663133314267,6.245874615934722,7.356990553301293,0.00035754143926424906,,
