sample_name,porosity,nu,g,all_converged,total_iterations,iterations_x,iterations_y,iterations_z,K_star_xx,K_star_xy,K_star_xz,K_star_yx,K_star_yy,K_star_yz,K_star_zx,K_star_zy,K_star_zz,K_xx,K_xy,K_xz,K_yx,K_yy,K_yz,K_zx,K_zy,K_zz,K_star_eig1,K_star_eig2,K_star_eig3,K_eig1,K_eig2,K_eig3,symmetry_error,error_type,error_message
eps_0.02_coeffs_0.932_-0.201_0.856_47.711_129.942_-4187.184_m_-0.233_rho_0.684_,0.31645917892456055,0.16666666666666666,1e-05,True,67500,25000,17500,25000,0.6725961492927253,-0.011809876590252488,-0.006491320743285181,-0.011809740403756474,0.6379069378249579,-0.003550244005402489,-0.00649148671029156,-0.0035502450196994518,0.6679450633664608,0.21284922515299698,-0.0037373438489516912,-0.0020542380325559964,-0.0037373007514849817,0.20187150577436686,-0.0011235073029315147,-0.0020542905543385636,-0.0011235076239150988,0.21137734631966373,0.6334377683739914,0.6661804038966737,0.6788299782134785,0.20045719607943943,0.2108189036327735,0.2148219775348147,2.656960479758466e-07,,
