sample_name,porosity,nu,g,all_converged,total_iterations,iterations_x,iterations_y,iterations_z,K_star_xx,K_star_xy,K_star_xz,K_star_yx,K_star_yy,K_star_yz,K_star_zx,K_star_zy,K_star_zz,K_xx,K_xy,K_xz,K_yx,K_yy,K_yz,K_zx,K_zy,K_zz,K_star_eig1,K_star_eig2,K_star_eig3,K_eig1,K_eig2,K_eig3,symmetry_error,error_type,error_message
eps_0.02_coeffs_0.705_0.976_0.819_-17.398_65.674_-114.736_m_-0.629_rho_0.32_,0.680427074432373,0.16666666666666666,1e-05,True,30000,10000,10000,10000,20.670237505587703,-3.3800894548569786,-0.7792934631836899,-3.3796653811246378,19.51076608416709,3.2857797843333296,-0.7718199288195761,3.273085821877829,17.20572216329584,14.064589233749354,-2.2999043790880487,-0.5302523712783503,-2.299615827839008,13.275653486584181,2.235733525882961,-0.5251671761553065,2.2270962101464105,11.707239195067629,14.519326909120348,18.286505358250515,24.580893485679763,9.879343131499986,12.44263334250631,16.72550544139486,0.0006146896597689654,,
