sample_name,porosity,nu,g,all_converged,total_iterations,iterations_x,iterations_y,iterations_z,K_star_xx,K_star_xy,K_star_xz,K_star_yx,K_star_yy,K_star_yz,K_star_zx,K_star_zy,K_star_zz,K_xx,K_xy,K_xz,K_yx,K_yy,K_yz,K_zx,K_zy,K_zz,K_star_eig1,K_star_eig2,K_star_eig3,K_eig1,K_eig2,K_eig3,symmetry_error,error_type,error_message
eps_0.02_coeffs_0.486_1.232_0.559_49.748_89.379_-3389.628_m_-0.276_rho_0.692_,0.3077855110168457,0.16666666666666666,1e-05,True,75000,22500,25000,27500,0.6600158588886931,-0.021465083597392177,-0.0042505599656274306,-0.02146518170723408,0.6401668448746314,0.01708315670725108,-0.0042504551147432455,0.0170830462520609,0.607464075837925,0.20314331840727873,-0.006606641724042663,-0.0013082607711283848,-0.00660667192083049,0.19703407948578022,0.005257948116922128,-0.0013082284995454153,0.0052579141204149756,0.18696864100615168,0.5997643097937085,0.6316598109703921,0.6762226588371487,0.18459876457952235,0.19441573770832632,0.20813153661136194,2.323362125952944e-07,,
