sample_name,porosity,nu,g,all_converged,total_iterations,iterations_x,iterations_y,iterations_z,K_star_xx,K_star_xy,K_star_xz,K_star_yx,K_star_yy,K_star_yz,K_star_zx,K_star_zy,K_star_zz,K_xx,K_xy,K_xz,K_yx,K_yy,K_yz,K_zx,K_zy,K_zz,K_star_eig1,K_star_eig2,K_star_eig3,K_eig1,K_eig2,K_eig3,symmetry_error,error_type,error_message
eps_0.02_coeffs_0.976_1.316_0.425_79.191_110.177_-2808.668_m_-0.62_rho_0.305_,0.6946430206298828,0.16666666666666666,1e-05,True,22500,7500,7500,7500,8.772056347664373,1.8376756462306716,-1.8888566080593998,1.8379153378823625,14.750792560851032,0.6860550771747413,-1.8890524247202325,0.6875429987722308,10.745488079853496,6.093447718477117,1.2765285618356457,-1.3120810597590962,1.276695061968596,10.246535101154365,0.4765633711271297,-1.3122170824358665,0.4775969454800702,7.464278297931832,7.137408830010342,11.854840494654479,15.276087663704077,4.957951229148781,8.234882210292241,10.61142767812229,0.00010427573821759179,,
