sample_name,porosity,nu,g,all_converged,total_iterations,iterations_x,iterations_y,iterations_z,K_star_xx,K_star_xy,K_star_xz,K_star_yx,K_star_yy,K_star_yz,K_star_zx,K_star_zy,K_star_zz,K_xx,K_xy,K_xz,K_yx,K_yy,K_yz,K_zx,K_zy,K_zz,K_star_eig1,K_star_eig2,K_star_eig3,K_eig1,K_eig2,K_eig3,symmetry_error,error_type,error_message
eps_0.02_coeffs_0.899_0.689_0.9_-6.793_72.428_-1601.167_m_-0.222_rho_0.623_,0.37743139266967773,0.16666666666666666,1e-05,True,50000,15000,17500,17500,1.187039981424266,0.0027545681290734535,-0.024434361918418197,0.002754921215846673,1.201245322725702,-0.0005835372421458176,-0.02443356425971574,-0.0005832617105057567,1.1964517436190079,0.4480261533435491,0.001039660485159702,-0.009222295247863518,0.0010397937511922516,0.4533876950942982,-0.0002202452739777189,-0.009221994186428575,-0.00022014127968708616,0.45157844785618634,1.1667738642925516,1.201023996175156,1.2169391873012696,0.4403770845305191,0.4533041595060903,0.45931105225742386,6.249925293628064e-07,,
