sample_name,porosity,nu,g,all_converged,total_iterations,iterations_x,iterations_y,iterations_z,K_star_xx,K_star_xy,K_star_xz,K_star_yx,K_star_yy,K_star_yz,K_star_zx,K_star_zy,K_star_zz,K_xx,K_xy,K_xz,K_yx,K_yy,K_yz,K_zx,K_zy,K_zz,K_star_eig1,K_star_eig2,K_star_eig3,K_eig1,K_eig2,K_eig3,symmetry_error,error_type,error_message
eps_0.02_coeffs_0.231_-0.002_0.829_73.534_28.921_-3082.239_m_-0.283_rho_0.443_,0.5570888519287109,0.16666666666666666,1e-05,True,65000,22500,20000,22500,1.7857206756412543,-0.0421670634414079,-0.14962844043180304,-0.04219478128997181,1.74371381163243,-0.021701971752353295,-0.14959967483394268,-0.021692694632580743,1.4709198587422236,0.9948050810583483,-0.023490800961779048,-0.08335633609603667,-0.023506242266213447,0.971403525414547,-0.012089926528107812,-0.0833403111021496,-0.012084758348104517,0.819433055385847,1.4073338752743776,1.738558524387129,1.8544619463544008,0.7840100128569868,0.9685315723616995,1.0331000766400555,1.996064496540231e-05,,
