sample_name,porosity,nu,g,all_converged,total_iterations,iterations_x,iterations_y,iterations_z,K_star_xx,K_star_xy,K_star_xz,K_star_yx,K_star_yy,K_star_yz,K_star_zx,K_star_zy,K_star_zz,K_xx,K_xy,K_xz,K_yx,K_yy,K_yz,K_zx,K_zy,K_zz,K_star_eig1,K_star_eig2,K_star_eig3,K_eig1,K_eig2,K_eig3,symmetry_error,error_type,error_message
eps_0.02_coeffs_0.471_0.009_0.633_14.284_71.925_-569.633_m_-0.321_rho_0.434_,0.5658979415893555,0.16666666666666666,1e-05,True,35000,12500,12500,10000,2.8008087622707696,-0.09883398864490706,-0.030388625185692516,-0.09887676362069543,2.7167786722309173,0.2090843112302314,-0.030394754525779874,0.20912002786391992,3.127130195428733,1.5849719133544589,-0.05592995073321864,-0.01719686044031384,-0.05595415700396881,1.5374194583693384,0.11832038134381612,-0.017200329021252576,0.11834059331330095,1.769636540675039,2.5969443791191784,2.822241064963347,3.225532185847892,1.4696054785655908,1.5971004093317085,1.8253220245015367,1.5820943893511045e-05,,
