sample_name,porosity,nu,g,all_converged,total_iterations,iterations_x,iterations_y,iterations_z,K_star_xx,K_star_xy,K_star_xz,K_star_yx,K_star_yy,K_star_yz,K_star_zx,K_star_zy,K_star_zz,K_xx,K_xy,K_xz,K_yx,K_yy,K_yz,K_zx,K_zy,K_zz,K_star_eig1,K_star_eig2,K_star_eig3,K_eig1,K_eig2,K_eig3,symmetry_error,error_type,error_message
eps_0.02_coeffs_0.799_0.502_0.469_6.029_53.085_860.1_m_-0.509_rho_0.561_,0.43897294998168945,0.16666666666666666,1e-05,True,45000,15000,15000,15000,38.070211193497535,9.84930084106659,-19.73224697226935,10.009534557646043,56.98427729899217,-10.028046297954377,-19.71964582150779,-10.080412989095695,32.23448293202308,16.71179291403555,4.323576645460136,-8.661922663184336,4.393914912713549,25.01455630851321,-4.402041065965993,-8.65639109886137,-4.4250286268570775,14.150066063804589,15.185538527531488,41.860870907791025,70.24256198919026,6.666040644491102,18.375789991195713,30.83458465066653,0.0028752460964050915,,
