sample_name,porosity,nu,g,all_converged,total_iterations,iterations_x,iterations_y,iterations_z,K_star_xx,K_star_xy,K_star_xz,K_star_yx,K_star_yy,K_star_yz,K_star_zx,K_star_zy,K_star_zz,K_xx,K_xy,K_xz,K_yx,K_yy,K_yz,K_zx,K_zy,K_zz,K_star_eig1,K_star_eig2,K_star_eig3,K_eig1,K_eig2,K_eig3,symmetry_error,error_type,error_message
eps_0.02_coeffs_0.625_0.681_0.817_0.155_76.355_-1374.423_m_-0.325_rho_0.397_,0.6025218963623047,0.16666666666666666,1e-05,True,30000,10000,10000,10000,2.7755552776768613,-0.0357313879461953,-0.006143685374946776,-0.035726348926316445,2.8024259867361883,0.09465879821068936,-0.006152991362461998,0.09467550750035382,2.907463678616355,1.6723328293642656,-0.021528943624998787,-0.0037017049627662887,-0.02152590750518557,1.688523019943291,0.057033998605281286,-0.0037073120240114837,0.05704406631817678,1.7518105292444486,2.729263665028002,2.790035788878648,2.966145489122754,1.6444411191254056,1.6810576544338616,1.7871676049927376,5.705886286709454e-06,,
