sample_name,porosity,nu,g,all_converged,total_iterations,iterations_x,iterations_y,iterations_z,K_star_xx,K_star_xy,K_star_xz,K_star_yx,K_star_yy,K_star_yz,K_star_zx,K_star_zy,K_star_zz,K_xx,K_xy,K_xz,K_yx,K_yy,K_yz,K_zx,K_zy,K_zz,K_star_eig1,K_star_eig2,K_star_eig3,K_eig1,K_eig2,K_eig3,symmetry_error,error_type,error_message
eps_0.02_coeffs_0.936_0.776_0.94_56.246_112.947_-2468.514_m_-0.454_rho_0.32_,0.6802577972412109,0.16666666666666666,1e-05,True,25000,10000,7500,7500,5.631756857544216,-0.01252657882735868,0.6967320502806238,-0.012888356696925642,6.345343557797889,1.3957197118683737,0.69663261242839,1.3965003451988074,7.067208964173518,3.8310465145111126,-0.008521302920067407,0.4739574097912498,-0.008767405136709646,4.316469431366301,0.9494492167617176,0.4738897664169268,0.9499802486715314,4.807524002612017,4.94384625111551,5.837029317853917,8.263433810546198,3.3630899606830553,3.970684706195672,5.621265281610703,0.00010877799766729122,,
