sample_name,porosity,nu,g,all_converged,total_iterations,iterations_x,iterations_y,iterations_z,K_star_xx,K_star_xy,K_star_xz,K_star_yx,K_star_yy,K_star_yz,K_star_zx,K_star_zy,K_star_zz,K_xx,K_xy,K_xz,K_yx,K_yy,K_yz,K_zx,K_zy,K_zz,K_star_eig1,K_star_eig2,K_star_eig3,K_eig1,K_eig2,K_eig3,symmetry_error,error_type,error_message
eps_0.02_coeffs_0.343_0.745_0.567_32.163_15.062_-1852.668_m_-0.207_rho_0.503_,0.4974098205566406,0.16666666666666666,1e-05,True,40000,12500,12500,15000,2.8808764018333717,0.037818873741069556,0.4819568782267208,0.037749881596103686,3.5231631795843716,0.3961300702848313,0.48201495982475256,0.39620186256307127,3.058647651947025,1.4329762140817979,0.018811479201199657,0.2397300843147919,0.018777161830752363,1.7524559649488258,0.1970389871774674,0.23975897467204652,0.19707469736170408,1.5214013797009598,2.4287086072643684,3.1915060430734705,3.842472583026932,1.2080635125237378,1.587486448190609,1.9112835980172367,2.935064464161032e-05,,
