sample_name,porosity,nu,g,all_converged,total_iterations,iterations_x,iterations_y,iterations_z,K_star_xx,K_star_xy,K_star_xz,K_star_yx,K_star_yy,K_star_yz,K_star_zx,K_star_zy,K_star_zz,K_xx,K_xy,K_xz,K_yx,K_yy,K_yz,K_zx,K_zy,K_zz,K_star_eig1,K_star_eig2,K_star_eig3,K_eig1,K_eig2,K_eig3,symmetry_error,error_type,error_message
eps_0.02_coeffs_0.675_-0.003_0.919_116.595_137.396_-3133.718_m_-0.414_rho_0.613_,0.3867783546447754,0.16666666666666666,1e-05,True,172500,67500,52500,52500,0.47590943934718566,-0.030472567196443378,0.052204911442012045,-0.030472461435193766,0.616189027481492,-0.02952654015954936,0.05220510232708088,-0.029526964407870147,0.4614372543581338,0.184071469910622,-0.011786129402042727,0.020191729751917627,-0.011786088495880616,0.23832857819945574,-0.011420226621263385,0.020191803582130477,-0.01142039071133086,0.1784739420124417,0.4159414471263851,0.5052087394372762,0.6323855346231503,0.16087714854811005,0.19540380499171076,0.24459303658269874,7.41402743272326e-07,,
