sample_name,porosity,nu,g,all_converged,total_iterations,iterations_x,iterations_y,iterations_z,K_star_xx,K_star_xy,K_star_xz,K_star_yx,K_star_yy,K_star_yz,K_star_zx,K_star_zy,K_star_zz,K_xx,K_xy,K_xz,K_yx,K_yy,K_yz,K_zx,K_zy,K_zz,K_star_eig1,K_star_eig2,K_star_eig3,K_eig1,K_eig2,K_eig3,symmetry_error,error_type,error_message
eps_0.02_coeffs_0.625_0.838_0.862_110.557_44.121_-4016.775_m_-0.208_rho_0.539_,0.4613618850708008,0.16666666666666666,1e-05,True,92500,30000,30000,32500,1.293157882175803,-0.20309487293257517,0.17843795708270813,-0.2030911069224862,1.3363012614760488,-0.15531593793323314,0.1784379707368413,-0.15531621599826298,0.7928120708792322,0.5966137582147929,-0.09370023342438763,0.08232447224786087,-0.09369849593087379,0.616518469017079,-0.07165685390641593,0.0823244785473575,-0.07165698219502227,0.3657732715277279,0.7215391421672083,1.1123195906211192,1.5884124817427558,0.33289065878263174,0.513181863130141,0.7328329768468267,2.5811360166985688e-06,,
