sample_name,porosity,nu,g,all_converged,total_iterations,iterations_x,iterations_y,iterations_z,K_star_xx,K_star_xy,K_star_xz,K_star_yx,K_star_yy,K_star_yz,K_star_zx,K_star_zy,K_star_zz,K_xx,K_xy,K_xz,K_yx,K_yy,K_yz,K_zx,K_zy,K_zz,K_star_eig1,K_star_eig2,K_star_eig3,K_eig1,K_eig2,K_eig3,symmetry_error,error_type,error_message
eps_0.02_coeffs_0.755_1.292_0.649_108.915_79.28_-4107.543_m_-0.295_rho_0.57_,0.43047285079956055,0.16666666666666666,1e-05,True,122500,42500,42500,37500,0.9009369991544866,-0.009715408470541417,0.08789592921463156,-0.009714994966795136,0.7564639900111519,-0.17589797494662096,0.08789984250089786,-0.17589780334488,0.7983784411627203,0.3878289184168331,-0.004182219580996162,0.03783681122269883,-0.004182041578859684,0.32563721030731085,-0.0757193027251416,0.037838495786193874,-0.07571922885525097,0.3436802435842254,0.5914332977946443,0.8574456128898547,1.00690051964386,0.254595977759446,0.3691070573862722,0.4334433371626513,3.844936088214324e-06,,
