sample_name,porosity,nu,g,all_converged,total_iterations,iterations_x,iterations_y,iterations_z,K_star_xx,K_star_xy,K_star_xz,K_star_yx,K_star_yy,K_star_yz,K_star_zx,K_star_zy,K_star_zz,K_xx,K_xy,K_xz,K_yx,K_yy,K_yz,K_zx,K_zy,K_zz,K_star_eig1,K_star_eig2,K_star_eig3,K_eig1,K_eig2,K_eig3,symmetry_error,error_type,error_message
eps_0.02_coeffs_0.186_1.421_0.921_3.093_65.191_-2541.759_m_-0.401_rho_0.621_,0.37867212295532227,0.16666666666666666,1e-05,True,72500,25000,22500,25000,0.8093170085165027,0.0008543121878287635,-0.008732140806052011,0.0008547159315340236,0.8258445482144942,-0.0016278397240604948,-0.008732009294512538,-0.0016272968865209737,0.8785829497383705,0.3064657897587947,0.0003235042098317239,-0.003306618296972514,0.00032365709631772456,0.3127243083034615,-0.0006164175241409936,-0.0033065684972186688,-0.0006162119666974832,0.33269487076977794,0.8082093184757039,0.8258134691823753,0.8797217188112881,0.30604633841946893,0.3127125395403896,0.3331260908721755,6.711268989248678e-07,,
