sample_name,porosity,nu,g,all_converged,total_iterations,iterations_x,iterations_y,iterations_z,K_star_xx,K_star_xy,K_star_xz,K_star_yx,K_star_yy,K_star_yz,K_star_zx,K_star_zy,K_star_zz,K_xx,K_xy,K_xz,K_yx,K_yy,K_yz,K_zx,K_zy,K_zz,K_star_eig1,K_star_eig2,K_star_eig3,K_eig1,K_eig2,K_eig3,symmetry_error,error_type,error_message
eps_0.02_coeffs_0.613_0.356_0.695_-5.146_86.514_43.197_m_-0.256_rho_0.436_,0.5644521713256836,0.16666666666666666,1e-05,True,35000,12500,10000,12500,2.814913692572773,0.08028507179675962,0.24745524149963946,0.08030170762740474,2.1813717603149754,0.08919374921665581,0.24749310924637372,0.08919492600396214,2.361821208429227,1.5888841458670995,0.045317083100719364,0.1396766483703929,0.04532647323144881,1.2312800265783166,0.05034560541401986,0.13969802290226027,0.05034626965417011,1.3331351093809272,2.1437641632694824,2.274585531408591,2.939756966638904,1.2100523367676468,1.2838947420695623,1.659352202989134,1.3637472300041778e-05,,
