sample_name,porosity,nu,g,all_converged,total_iterations,iterations_x,iterations_y,iterations_z,K_star_xx,K_star_xy,K_star_xz,K_star_yx,K_star_yy,K_star_yz,K_star_zx,K_star_zy,K_star_zz,K_xx,K_xy,K_xz,K_yx,K_yy,K_yz,K_zx,K_zy,K_zz,K_star_eig1,K_star_eig2,K_star_eig3,K_eig1,K_eig2,K_eig3,symmetry_error,error_type,error_message
eps_0.02_coeffs_0.329_0.519_0.434_14.874_19.267_-2974.747_m_-0.319_rho_0.337_,0.6633939743041992,0.16666666666666666,1e-05,True,30000,10000,10000,10000,3.1674214469210504,-0.06500891902589973,0.08093262485334825,-0.06502094296804864,3.138322188042627,0.08104030710025614,0.08094806670039777,0.08101996503365233,3.1197661603494806,2.1012483019693127,-0.04312652515781149,0.0536902156523335,-0.04313450176858046,2.0819440289726487,0.05376165140607174,0.05370045968061828,0.05374815660166187,2.0696340720139936,2.987646226460976,3.209415269929214,3.228448298922967,1.9819865039868907,2.1291067511109247,2.1417331478581385,7.331447418651236e-06,,
