sample_name,porosity,nu,g,all_converged,total_iterations,iterations_x,iterations_y,iterations_z,K_star_xx,K_star_xy,K_star_xz,K_star_yx,K_star_yy,K_star_yz,K_star_zx,K_star_zy,K_star_zz,K_xx,K_xy,K_xz,K_yx,K_yy,K_yz,K_zx,K_zy,K_zz,K_star_eig1,K_star_eig2,K_star_eig3,K_eig1,K_eig2,K_eig3,symmetry_error,error_type,error_message
eps_0.02_coeffs_0.629_1.424_0.601_115.004_55.752_-3935.201_m_-0.32_rho_0.308_,0.6922926902770996,0.16666666666666666,1e-05,True,55000,15000,17500,22500,2.428564969090833,0.18790596078542302,0.06735972001710445,0.18798124266045657,1.10939288154793,0.15493113674372044,0.06722519733556964,0.1549349659672254,1.7884412320746625,1.681277775964614,0.13008592311124367,0.04663264178695344,0.13013804020303976,0.7680245825410801,0.10725769346399942,0.046539512717850416,0.10726034440744134,1.2381247919554588,1.0546007936866753,1.8052850892653434,2.4665131997614065,0.7300924206297131,1.249785671164639,1.7075490586668014,6.744439687043215e-05,,
