sample_name,porosity,nu,g,all_converged,total_iterations,iterations_x,iterations_y,iterations_z,K_star_xx,K_star_xy,K_star_xz,K_star_yx,K_star_yy,K_star_yz,K_star_zx,K_star_zy,K_star_zz,K_xx,K_xy,K_xz,K_yx,K_yy,K_yz,K_zx,K_zy,K_zz,K_star_eig1,K_star_eig2,K_star_eig3,K_eig1,K_eig2,K_eig3,symmetry_error,error_type,error_message
eps_0.02_coeffs_0.706_1.077_0.729_58.856_76.835_-3360.991_m_-0.502_rho_0.52_,0.48000574111938477,0.16666666666666666,1e-05,True,37500,10000,15000,12500,4.027739136022011,0.7810243050059986,-0.049709396147872315,0.7814027235914351,3.1819704194357805,-0.6228643475876962,-0.04983112245936855,-0.6229396676077943,2.660949808742041,1.933337909021796,0.3748961503566568,-0.02386079553855654,0.3750777934502126,1.5273640694012314,-0.2989784627806742,-0.023919224866920018,-0.2990146168227425,1.2772711850267084,2.148110469751182,3.1551344992734096,4.56741439517524,1.0311053580392258,1.514482673655072,2.192385131755438,9.612644983560531e-05,,
