sample_name,porosity,nu,g,all_converged,total_iterations,iterations_x,iterations_y,iterations_z,K_star_xx,K_star_xy,K_star_xz,K_star_yx,K_star_yy,K_star_yz,K_star_zx,K_star_zy,K_star_zz,K_xx,K_xy,K_xz,K_yx,K_yy,K_yz,K_zx,K_zy,K_zz,K_star_eig1,K_star_eig2,K_star_eig3,K_eig1,K_eig2,K_eig3,symmetry_error,error_type,error_message
eps_0.02_coeffs_0.309_0.124_0.441_4.953_41.119_-53.543_m_-0.437_rho_0.577_,0.42267799377441406,0.16666666666666666,1e-05,True,52500,17500,20000,15000,9.899368083479082,-0.4139828869862071,-2.9448846651459357,-0.41788640211546235,3.7949508971407058,0.917329391578615,-2.933723785802913,0.9192556159215691,12.36334614965057,4.1842450411594045,-0.17498145612827,-1.2447379421609213,-0.1766313860717717,1.6040422316758463,0.3877349468627529,-1.2400204840714542,0.38854911950359217,5.2257143468729295,3.6952758437961526,7.955441375698981,14.406947910775216,1.5619117800988132,3.362590000270411,6.089499839338954,0.001004318208849119,,
