sample_name,porosity,nu,g,all_converged,total_iterations,iterations_x,iterations_y,iterations_z,K_star_xx,K_star_xy,K_star_xz,K_star_yx,K_star_yy,K_star_yz,K_star_zx,K_star_zy,K_star_zz,K_xx,K_xy,K_xz,K_yx,K_yy,K_yz,K_zx,K_zy,K_zz,K_star_eig1,K_star_eig2,K_star_eig3,K_eig1,K_eig2,K_eig3,symmetry_error,error_type,error_message
eps_0.02_coeffs_0.277_1.334_0.682_53.403_113.962_-395.591_m_-0.407_rho_0.466_,0.534123420715332,0.16666666666666666,1e-05,True,42500,12500,15000,15000,2.3457753029742285,-0.354454343889814,0.6138410114839532,-0.3544656099173899,1.6843768434239306,0.023709113346980146,0.6138497912533206,0.023688868479872033,0.7865983708792146,1.2529335290541392,-0.1893223666458361,0.3278668608291685,-0.1893283840950228,0.899665121383283,0.012663592723016572,0.3278715503096161,0.012652779465344858,0.4201406125831135,0.5561052827231203,1.5923824154003956,2.668262819153857,0.29702885588593986,0.8505287428006022,1.4251816643339943,1.1099969883027583e-05,,
