sample_name,porosity,nu,g,all_converged,total_iterations,iterations_x,iterations_y,iterations_z,K_star_xx,K_star_xy,K_star_xz,K_star_yx,K_star_yy,K_star_yz,K_star_zx,K_star_zy,K_star_zz,K_xx,K_xy,K_xz,K_yx,K_yy,K_yz,K_zx,K_zy,K_zz,K_star_eig1,K_star_eig2,K_star_eig3,K_eig1,K_eig2,K_eig3,symmetry_error,error_type,error_message
eps_0.02_coeffs_0.492_0.571_0.365_-13.236_75.066_685.426_m_-0.25_rho_0.512_,0.48807382583618164,0.16666666666666666,1e-05,True,60000,20000,20000,20000,1.1331987467465487,0.006328075253416669,-0.061575399185996874,0.0063282518951834,1.008817658492861,0.11104052288654498,-0.06157493611235022,0.1110408136443306,1.0021325172258837,0.5530846477573543,0.003088567899114338,-0.0300533406580996,0.003088654113337229,0.49237749415170917,0.054195972828086095,-0.030053114643973235,0.05419611473935092,0.48911465167728024,0.8846341140800156,1.0899823303755622,1.1695324780097154,0.4317667565242349,0.5319918460802376,0.5708181909818718,4.447520864094497e-07,,
