sample_name,porosity,nu,g,all_converged,total_iterations,iterations_x,iterations_y,iterations_z,K_star_xx,K_star_xy,K_star_xz,K_star_yx,K_star_yy,K_star_yz,K_star_zx,K_star_zy,K_star_zz,K_xx,K_xy,K_xz,K_yx,K_yy,K_yz,K_zx,K_zy,K_zz,K_star_eig1,K_star_eig2,K_star_eig3,K_eig1,K_eig2,K_eig3,symmetry_error,error_type,error_message
eps_0.02_coeffs_0.101_1.238_0.541_99.106_6.345_-3157.23_m_-0.255_rho_0.366_,0.6338887214660645,0.16666666666666666,1e-05,True,115000,42500,37500,35000,0.5428691418281093,0.0621767474965157,0.2037509249994988,0.062192699505922634,0.45214326149531986,0.21670869294306977,0.2037627549697396,0.21667079819487098,0.5095159591772399,0.34411862623679984,0.03941313897548466,0.12915541334546027,0.03942325077433244,0.28660851394876474,0.13736919630026445,0.1291629122301712,0.13734517524677842,0.3229764199294161,0.2294181731389357,0.44028864416552893,0.8348215451962051,0.1454255924521202,0.279094005726114,0.5291839619367468,6.229279929070455e-05,,
