sample_name,porosity,nu,g,all_converged,total_iterations,iterations_x,iterations_y,iterations_z,K_star_xx,K_star_xy,K_star_xz,K_star_yx,K_star_yy,K_star_yz,K_star_zx,K_star_zy,K_star_zz,K_xx,K_xy,K_xz,K_yx,K_yy,K_yz,K_zx,K_zy,K_zz,K_star_eig1,K_star_eig2,K_star_eig3,K_eig1,K_eig2,K_eig3,symmetry_error,error_type,error_message
eps_0.02_coeffs_0.409_1.035_0.535_-17.254_36.394_137.849_m_-0.645_rho_0.514_,0.48568010330200195,0.16666666666666666,1e-05,True,25000,7500,10000,7500,8.536514550333543,0.03778677728715586,0.3769614525085839,0.03789945018089472,8.65984996113247,0.9873056974626385,0.3782147400551606,0.987632285046324,6.980765921414644,4.146015268645038,0.018352285896275602,0.18308267719524174,0.018407008878946023,4.205916823702656,0.47951473313430937,0.1836913740203302,0.4796733502256909,3.390419113839759,6.471797455979699,8.526779068439776,9.178553908461184,3.1432232569698533,4.141286938793179,4.457841010424417,0.0001303837439044637,,
