sample_name,porosity,nu,g,all_converged,total_iterations,iterations_x,iterations_y,iterations_z,K_star_xx,K_star_xy,K_star_xz,K_star_yx,K_star_yy,K_star_yz,K_star_zx,K_star_zy,K_star_zz,K_xx,K_xy,K_xz,K_yx,K_yy,K_yz,K_zx,K_zy,K_zz,K_star_eig1,K_star_eig2,K_star_eig3,K_eig1,K_eig2,K_eig3,symmetry_error,error_type,error_message
eps_0.02_coeffs_0.889_-0.539_0.743_75.625_128.645_-3375.373_m_-0.322_rho_0.695_,0.30521249771118164,0.16666666666666666,1e-05,True,85000,25000,30000,30000,0.6205775666219552,-0.024436102307936476,0.011363734004354474,-0.02443620756566541,0.6099779325309368,-0.0012500968454227572,0.01136350232960514,-0.0012503741326922054,0.6557937009948257,0.18940802913221416,-0.007458203819731262,0.003468353638794517,-0.007458235945705613,0.18617288833646986,-0.0003815451805723487,0.0034682829287656157,-0.0003816298121124405,0.2001564334638906,0.5896831495978196,0.6358235466404881,0.6608425039094104,0.17997866694694686,0.1940612927737254,0.20169739121190242,4.881697000881551e-07,,
