sample_name,porosity,nu,g,all_converged,total_iterations,iterations_x,iterations_y,iterations_z,K_star_xx,K_star_xy,K_star_xz,K_star_yx,K_star_yy,K_star_yz,K_star_zx,K_star_zy,K_star_zz,K_xx,K_xy,K_xz,K_yx,K_yy,K_yz,K_zx,K_zy,K_zz,K_star_eig1,K_star_eig2,K_star_eig3,K_eig1,K_eig2,K_eig3,symmetry_error,error_type,error_message
eps_0.02_coeffs_0.303_0.175_0.34_34.219_75.607_-1670.562_m_-0.563_rho_0.529_,0.47071027755737305,0.16666666666666666,1e-05,True,60000,15000,22500,22500,2.254182055044042,-0.08943544737099328,-0.22478857649563977,-0.08946683443739453,1.299311576771279,-0.02788980965409619,-0.22478664594262798,-0.027887014191719944,1.1526390939977411,1.0610666607946306,-0.042098184255468074,-0.10581029323398938,-0.04211295847020552,0.6115993129355168,-0.01312802004330192,-0.10580938450284536,-0.013126704190430896,0.5425590678591558,1.0983527115469585,1.3027267255407704,2.3050532887253334,0.5170059097081616,0.6132068585607039,1.0850122733204377,1.5575612735804287e-05,,
