sample_name,porosity,nu,g,all_converged,total_iterations,iterations_x,iterations_y,iterations_z,K_star_xx,K_star_xy,K_star_xz,K_star_yx,K_star_yy,K_star_yz,K_star_zx,K_star_zy,K_star_zz,K_xx,K_xy,K_xz,K_yx,K_yy,K_yz,K_zx,K_zy,K_zz,K_star_eig1,K_star_eig2,K_star_eig3,K_eig1,K_eig2,K_eig3,symmetry_error,error_type,error_message
eps_0.02_coeffs_0.565_1.09_0.793_63.906_74.962_-2630.063_m_-0.371_rho_0.366_,0.6341676712036133,0.16666666666666666,1e-05,True,47500,12500,20000,15000,2.5835188822348014,0.30500564312316847,-0.026566302937022463,0.3050140915066844,1.9143871200296343,-0.046335527130204675,-0.02649612907346275,-0.046354072201239,2.2572651380422526,1.6383841530574061,0.1934247184033801,-0.01684749046606125,0.19343007609507984,1.2140424216913852,-0.02938449333415374,-0.016802988470428225,-0.029396254018663887,1.431484575881358,1.7937659007531024,2.2558745041563535,2.705530735397232,1.1375483439650462,1.4306026808284404,1.715760125836662,2.6142176972522636e-05,,
