sample_name,porosity,nu,g,all_converged,total_iterations,iterations_x,iterations_y,iterations_z,K_star_xx,K_star_xy,K_star_xz,K_star_yx,K_star_yy,K_star_yz,K_star_zx,K_star_zy,K_star_zz,K_xx,K_xy,K_xz,K_yx,K_yy,K_yz,K_zx,K_zy,K_zz,K_star_eig1,K_star_eig2,K_star_eig3,K_eig1,K_eig2,K_eig3,symmetry_error,error_type,error_message
eps_0.02_coeffs_0.232_0.033_0.927_52.723_61.877_-2883.125_m_-0.331_rho_0.39_,0.610074520111084,0.16666666666666666,1e-05,True,57500,17500,22500,17500,1.7472597986088452,-0.011957965684657224,-0.019040655015864848,-0.011959240950333109,1.5421039357990485,0.1040780848159901,-0.01902875146111378,0.10408236990334005,1.4510462027941677,1.0659586831456804,-0.007295250176572066,-0.011616218471404451,-0.007296028183667295,0.9407983185940184,0.06349538764819586,-0.011608956415952077,0.06349800187080451,0.8852463158286625,1.3827278949372135,1.6072094342609926,1.7504726080038548,0.8435670569480298,0.9805175243247817,1.0679187362955493,6.540466951415242e-06,,
