sample_name,porosity,nu,g,all_converged,total_iterations,iterations_x,iterations_y,iterations_z,K_star_xx,K_star_xy,K_star_xz,K_star_yx,K_star_yy,K_star_yz,K_star_zx,K_star_zy,K_star_zz,K_xx,K_xy,K_xz,K_yx,K_yy,K_yz,K_zx,K_zy,K_zz,K_star_eig1,K_star_eig2,K_star_eig3,K_eig1,K_eig2,K_eig3,symmetry_error,error_type,error_message
eps_0.02_coeffs_0.33_-0.504_0.853_23.629_105.361_-948.716_m_-0.411_rho_0.463_,0.5372519493103027,0.16666666666666666,1e-05,True,87500,30000,27500,30000,0.9174811027945974,-0.11754839806793096,0.13442725381923698,-0.1175579593946148,1.3053372538037276,-0.06186463570448941,0.13445064379434446,-0.06185696156270234,1.2416855040869608,0.4929185109317637,-0.06315310600029933,0.07222130415481591,-0.06315824284169821,0.7012949841134101,-0.03323689612560869,0.07223387046453672,-0.0332327731779743,0.6670979575010656,0.850442429242839,1.209575166023354,1.4044862654190935,0.45690185288690444,0.6498466157833801,0.7545629838759551,1.8313339334790334e-05,,
