sample_name,porosity,nu,g,all_converged,total_iterations,iterations_x,iterations_y,iterations_z,K_star_xx,K_star_xy,K_star_xz,K_star_yx,K_star_yy,K_star_yz,K_star_zx,K_star_zy,K_star_zz,K_xx,K_xy,K_xz,K_yx,K_yy,K_yz,K_zx,K_zy,K_zz,K_star_eig1,K_star_eig2,K_star_eig3,K_eig1,K_eig2,K_eig3,symmetry_error,error_type,error_message
eps_0.02_coeffs_0.685_-0.498_0.547_87.086_135.033_652.825_m_-0.439_rho_0.542_,0.45830535888671875,0.16666666666666666,1e-05,True,42500,12500,17500,12500,1.3309413406159551,-0.4328198862325144,-0.7636389433159428,-0.43282889616839343,0.639520817901143,0.30362697646839365,-0.7601194859579529,0.30198784927302935,23.972649341667175,0.6099775487681659,-0.19836367329310128,-0.34997981997628785,-0.19836780259499787,0.29309581796371126,0.13915387041803645,-0.3483668338087478,0.13840264964050406,10.986793659998236,0.4311411649592591,1.509546873974781,24.00242346125023,0.19759430633749314,0.6918334218333367,11.000439298559282,0.00022826333215402274,,
