sample_name,porosity,nu,g,all_converged,total_iterations,iterations_x,iterations_y,iterations_z,K_star_xx,K_star_xy,K_star_xz,K_star_yx,K_star_yy,K_star_yz,K_star_zx,K_star_zy,K_star_zz,K_xx,K_xy,K_xz,K_yx,K_yy,K_yz,K_zx,K_zy,K_zz,K_star_eig1,K_star_eig2,K_star_eig3,K_eig1,K_eig2,K_eig3,symmetry_error,error_type,error_message
eps_0.02_coeffs_0.466_0.952_0.712_74.896_87.01_-1311.899_m_-0.314_rho_0.326_,0.673865795135498,0.16666666666666666,1e-05,True,205000,75000,95000,35000,0.16666564731844988,2.288751127161557e-12,-3.303418226577809e-13,3.558928654692008e-12,0.16666550396224233,-6.011325950371042e-12,-6.86175848880302e-14,-1.4798848479667855e-12,0.16666523825389956,0.11231027895201971,1.5423110981719902e-12,-2.2260605499179522e-13,2.398240287724538e-12,0.11231018234917493,-4.050826941365436e-12,-4.623904340085e-14,-9.972437797841136e-13,0.11231000329741125,0.16666523825389953,0.1666655039622424,0.16666564731844996,0.11231000329741124,0.11231018234917493,0.11231027895201975,2.3090844852657908e-11,,
