sample_name,porosity,nu,g,all_converged,total_iterations,iterations_x,iterations_y,iterations_z,K_star_xx,K_star_xy,K_star_xz,K_star_yx,K_star_yy,K_star_yz,K_star_zx,K_star_zy,K_star_zz,K_xx,K_xy,K_xz,K_yx,K_yy,K_yz,K_zx,K_zy,K_zz,K_star_eig1,K_star_eig2,K_star_eig3,K_eig1,K_eig2,K_eig3,symmetry_error,error_type,error_message
eps_0.02_coeffs_0.291_-0.012_0.613_104.161_42.57_-3759.942_m_-0.484_rho_0.526_,0.474306583404541,0.16666666666666666,1e-05,True,67500,22500,22500,22500,1.5606030095540258,-0.08334370311578021,0.06621684286431757,-0.08334798181475354,1.6235796862564003,0.03590933497793913,0.06623218730733986,0.03593929448784548,1.9393257835713542,0.7402042815124142,-0.039530467073128114,0.03140708450280983,-0.03953249648821957,0.7700745338732898,0.017032033985715487,0.031414362473153976,0.017046243978499645,0.9198349865140634,1.4904790883891428,1.6809630480746702,1.9520663429179674,0.7069440440497693,0.7972918401615798,0.9258779176884181,1.6123307465160992e-05,,
