sample_name,porosity,nu,g,all_converged,total_iterations,iterations_x,iterations_y,iterations_z,K_star_xx,K_star_xy,K_star_xz,K_star_yx,K_star_yy,K_star_yz,K_star_zx,K_star_zy,K_star_zz,K_xx,K_xy,K_xz,K_yx,K_yy,K_yz,K_zx,K_zy,K_zz,K_star_eig1,K_star_eig2,K_star_eig3,K_eig1,K_eig2,K_eig3,symmetry_error,error_type,error_message
eps_0.02_coeffs_0.968_1.293_0.569_18.841_113.782_-265.611_m_-0.397_rho_0.56_,0.4400496482849121,0.16666666666666666,1e-05,True,207500,112500,52500,42500,1.6967871874017015,-0.46656843458619374,0.8397051621864492,-0.46584922501416237,7.2030032205119605,4.5735998727071845,0.8395619812161874,4.571198155677641,9.836746593740898,0.746670605030464,-0.20531327554049658,0.36951196128317204,-0.20499678762128104,3.1696790337813776,2.0126110153807155,0.36944895454756727,2.011554140646585,4.328656878843489,1.3633773150486306,4.08292618286071,13.290233503745219,0.5999537079667777,1.7966902307411154,5.848362578947439,0.00025419796895355206,,
