sample_name,porosity,nu,g,all_converged,total_iterations,iterations_x,iterations_y,iterations_z,K_star_xx,K_star_xy,K_star_xz,K_star_yx,K_star_yy,K_star_yz,K_star_zx,K_star_zy,K_star_zz,K_xx,K_xy,K_xz,K_yx,K_yy,K_yz,K_zx,K_zy,K_zz,K_star_eig1,K_star_eig2,K_star_eig3,K_eig1,K_eig2,K_eig3,symmetry_error,error_type,error_message
eps_0.02_coeffs_0.884_1.022_0.712_-14.629_77.167_608.018_m_-0.292_rho_0.507_,0.49304866790771484,0.16666666666666666,1e-05,True,70000,22500,20000,27500,0.5742925569943959,-0.030703822870854266,0.09964903655987825,-0.030703467628938497,0.78946796677134,0.0065664042837722016,0.09964939113002454,0.006565886331625998,0.6139310054790039,0.2831541802154023,-0.015138478966149125,0.049131824734135146,-0.01513830381459577,0.38924612937242126,0.0032375568850573962,0.049131999554473456,0.003237301509441671,0.30269786443866686,0.489903472916138,0.6936324230662009,0.7941556332624005,0.24154625472466507,0.34199454221039083,0.39155737709143434,8.772794682507325e-07,,
