sample_name,porosity,nu,g,all_converged,total_iterations,iterations_x,iterations_y,iterations_z,K_star_xx,K_star_xy,K_star_xz,K_star_yx,K_star_yy,K_star_yz,K_star_zx,K_star_zy,K_star_zz,K_xx,K_xy,K_xz,K_yx,K_yy,K_yz,K_zx,K_zy,K_zz,K_star_eig1,K_star_eig2,K_star_eig3,K_eig1,K_eig2,K_eig3,symmetry_error,error_type,error_message
eps_0.02_coeffs_0.666_-0.558_0.878_-18.431_47.938_-2114.965_m_-0.273_rho_0.591_,0.4089083671569824,0.16666666666666666,1e-05,True,47500,17500,12500,17500,1.4650758768774135,0.0007917642181031425,-0.013938345668760638,0.0007925230589111124,1.4971774643704991,-0.037003082046065866,-0.013940567395265897,-0.03700288009523905,1.4847848586342818,0.5990817845750274,0.00032375901359788087,-0.005699506168282511,0.00032406930995359997,0.612208392299972,-0.015130869859232645,-0.005700414650840046,-0.015130787279849804,0.6071409521235551,1.4472981864570007,1.469786722668991,1.5299532907562028,0.591812338213394,0.6010080888355898,0.6256107019495708,1.2975863895544158e-06,,
