sample_name,porosity,nu,g,all_converged,total_iterations,iterations_x,iterations_y,iterations_z,K_star_xx,K_star_xy,K_star_xz,K_star_yx,K_star_yy,K_star_yz,K_star_zx,K_star_zy,K_star_zz,K_xx,K_xy,K_xz,K_yx,K_yy,K_yz,K_zx,K_zy,K_zz,K_star_eig1,K_star_eig2,K_star_eig3,K_eig1,K_eig2,K_eig3,symmetry_error,error_type,error_message
eps_0.02_coeffs_0.249_0.735_0.51_30.711_40.191_-2262.738_m_-0.407_rho_0.548_,0.45235776901245117,0.16666666666666666,1e-05,True,55000,20000,15000,20000,1.472821312229115,0.024079614665836187,0.011573232446955866,0.024082141723565834,1.660328354278788,0.0807498752834026,0.011572280730565598,0.08075641351386699,1.674452312440654,0.6662421629539532,0.010892600768917158,0.005235241609967466,0.010893743903113906,0.7510624301696672,0.036527833431233676,0.005234811093664433,0.03653079105057983,0.7574515123733941,1.469766980284452,1.5871613862941822,1.7506736123699234,0.664860512169642,0.7179647837667456,0.7919308095606271,3.594907606823757e-06,,
