sample_name,porosity,nu,g,all_converged,total_iterations,iterations_x,iterations_y,iterations_z,K_star_xx,K_star_xy,K_star_xz,K_star_yx,K_star_yy,K_star_yz,K_star_zx,K_star_zy,K_star_zz,K_xx,K_xy,K_xz,K_yx,K_yy,K_yz,K_zx,K_zy,K_zz,K_star_eig1,K_star_eig2,K_star_eig3,K_eig1,K_eig2,K_eig3,symmetry_error,error_type,error_message
eps_0.02_coeffs_0.725_-0.186_0.378_41.592_47.344_-3474.404_m_-0.249_rho_0.601_,0.3993196487426758,0.16666666666666666,1e-05,True,45000,15000,17500,12500,1.2309888046809496,0.0282905970076958,-0.04796230011178269,0.028290317144682102,1.2219879995003535,-0.036338526981748526,-0.0479631614191558,-0.036339449177169365,1.2262819279703043,0.49155801709136315,0.011296991259833682,-0.01915228883352786,0.011296879505033355,0.48796381872824623,-0.014510687830178068,-0.019152632770485553,-0.014511056080929589,0.48967846873659315,1.1785357149717968,1.1981888904043232,1.3025341267754882,0.47061246773323606,0.47846036684363036,0.5201274699793355,8.59660201650312e-07,,
