sample_name,porosity,nu,g,all_converged,total_iterations,iterations_x,iterations_y,iterations_z,K_star_xx,K_star_xy,K_star_xz,K_star_yx,K_star_yy,K_star_yz,K_star_zx,K_star_zy,K_star_zz,K_xx,K_xy,K_xz,K_yx,K_yy,K_yz,K_zx,K_zy,K_zz,K_star_eig1,K_star_eig2,K_star_eig3,K_eig1,K_eig2,K_eig3,symmetry_error,error_type,error_message
eps_0.02_coeffs_0.966_1.442_0.934_87.199_82.487_-3100.473_m_-0.554_rho_0.525_,0.475344181060791,0.16666666666666666,1e-05,True,32500,10000,12500,10000,4.625119389740953,0.06983046065970964,-0.9372212364156408,0.06885022815923891,12.01509656925015,0.48219836498581076,-0.938771796493023,0.47633326785552493,5.5404637525619975,2.198523588624799,0.033193503135387464,-0.4455026610967748,0.03272755532020204,5.711306239076532,0.22921018691303263,-0.4462397108069436,0.2264222471207949,2.6336272051585796,4.0262063958357395,6.104520951004853,12.0499523647125,1.9138337820102589,2.9017485122238447,5.7278747386258075,0.0006165663999890827,,
