sample_name,porosity,nu,g,all_converged,total_iterations,iterations_x,iterations_y,iterations_z,K_star_xx,K_star_xy,K_star_xz,K_star_yx,K_star_yy,K_star_yz,K_star_zx,K_star_zy,K_star_zz,K_xx,K_xy,K_xz,K_yx,K_yy,K_yz,K_zx,K_zy,K_zz,K_star_eig1,K_star_eig2,K_star_eig3,K_eig1,K_eig2,K_eig3,symmetry_error,error_type,error_message
eps_0.02_coeffs_0.394_-0.455_0.644_81.085_136.258_-2373.236_m_-0.532_rho_0.359_,0.6414103507995605,0.16666666666666666,1e-05,True,32500,12500,10000,10000,3.753409738700976,-0.13730220055719744,-0.12620079161520015,-0.1373448193856782,4.182396831267874,0.0932841809529719,-0.1265590865338385,0.09279142119257373,5.744589352961882,2.40747585719468,-0.08806705262494363,-0.08094649402108776,-0.08809438878267013,2.6826326187264975,0.05983343922909539,-0.08117630809054129,0.059517378018318495,3.6846390720827014,3.708668255654115,4.212585006641545,5.7591426606350735,2.3787782068583,2.701995626882922,3.6939737142626567,0.00010740575654962313,,
