sample_name,porosity,nu,g,all_converged,total_iterations,iterations_x,iterations_y,iterations_z,K_star_xx,K_star_xy,K_star_xz,K_star_yx,K_star_yy,K_star_yz,K_star_zx,K_star_zy,K_star_zz,K_xx,K_xy,K_xz,K_yx,K_yy,K_yz,K_zx,K_zy,K_zz,K_star_eig1,K_star_eig2,K_star_eig3,K_eig1,K_eig2,K_eig3,symmetry_error,error_type,error_message
eps_0.02_coeffs_0.314_1.248_0.637_36.755_44.561_-3009.306_m_-0.529_rho_0.58_,0.41992998123168945,0.16666666666666666,1e-05,True,67500,22500,20000,25000,1.929630409884973,0.06623735133309928,0.024274221236528035,0.06626056543704041,1.8359729748888378,0.0755137120291047,0.024276955146073087,0.0755234071989139,1.6337072510840849,0.810309661807094,0.0278150497021452,0.010193473268269096,0.027824798000377512,0.7709800968869587,0.03171047167511714,0.010194621318853039,0.03171454296759316,0.6860426552858148,1.6086041593457747,1.8169256769143787,1.9737807995977419,0.6755011144432888,0.7629815654060295,0.8288497341305487,1.1440805596543869e-05,,
