sample_name,porosity,nu,g,all_converged,total_iterations,iterations_x,iterations_y,iterations_z,K_star_xx,K_star_xy,K_star_xz,K_star_yx,K_star_yy,K_star_yz,K_star_zx,K_star_zy,K_star_zz,K_xx,K_xy,K_xz,K_yx,K_yy,K_yz,K_zx,K_zy,K_zz,K_star_eig1,K_star_eig2,K_star_eig3,K_eig1,K_eig2,K_eig3,symmetry_error,error_type,error_message
eps_0.02_coeffs_0.678_-0.043_0.377_-21.372_113.404_786.83_m_-0.284_rho_0.551_,0.44938182830810547,0.16666666666666666,1e-05,True,55000,20000,20000,15000,1.0090174505023912,0.007242925566415645,-0.021526288954638154,0.007243427819141816,0.9811678441450399,0.004842380524815121,-0.021526747153668858,0.004843139982873619,0.9961012546007322,0.4534341067015479,0.003254839133335383,-0.00967352308712387,0.0032550648365837426,0.4409189996790203,0.0021760778136049827,-0.009673728993442017,0.0021764191002558333,0.4476298029724747,0.9723230482920329,0.9887292222005702,1.0252342787555597,0.4369443091475843,0.44431694557414325,0.4607216546313153,8.358738590547849e-07,,
