sample_name,porosity,nu,g,all_converged,total_iterations,iterations_x,iterations_y,iterations_z,K_star_xx,K_star_xy,K_star_xz,K_star_yx,K_star_yy,K_star_yz,K_star_zx,K_star_zy,K_star_zz,K_xx,K_xy,K_xz,K_yx,K_yy,K_yz,K_zx,K_zy,K_zz,K_star_eig1,K_star_eig2,K_star_eig3,K_eig1,K_eig2,K_eig3,symmetry_error,error_type,error_message
eps_0.02_coeffs_0.323_-0.542_0.832_-3.42_46.144_-2753.248_m_-0.259_rho_0.62_,0.38001251220703125,0.16666666666666666,1e-05,True,65000,20000,22500,22500,0.8722667726374108,-0.00550298348620859,0.01651682421571979,-0.005502725912754693,0.8810963929378389,0.018504170963523366,0.016516644477564568,0.018504292330926434,0.8964383079913081,0.33147228758466185,-0.0020912025792279333,0.006276599863897605,-0.00209110469809264,0.33482765377686174,0.0070318164941569165,0.006276531561149701,0.007031862615288657,0.34065777345839743,0.8556611625271148,0.882119567438623,0.91202074360082,0.32516194796991776,0.335216472889331,0.3465792939606723,3.111593853724194e-07,,
