sample_name,porosity,nu,g,all_converged,total_iterations,iterations_x,iterations_y,iterations_z,K_star_xx,K_star_xy,K_star_xz,K_star_yx,K_star_yy,K_star_yz,K_star_zx,K_star_zy,K_star_zz,K_xx,K_xy,K_xz,K_yx,K_yy,K_yz,K_zx,K_zy,K_zz,K_star_eig1,K_star_eig2,K_star_eig3,K_eig1,K_eig2,K_eig3,symmetry_error,error_type,error_message
eps_0.02_coeffs_0.826_1.096_0.638_17.221_32.326_-647.583_m_-0.524_rho_0.398_,0.6021366119384766,0.16666666666666666,1e-05,True,30000,10000,10000,10000,7.596634169079031,4.576016658498164,-2.3412755952832236,4.565364943435681,23.375372116296393,1.9964499516308103,-2.3324433231443082,2.0082827551017903,16.263382445558797,4.5742115607053115,2.755387166922113,-1.40976775455808,2.748973379303056,14.075167368907847,1.2021356097797116,-1.404449520136635,1.2092605739714613,9.792778004428468,5.640388503155016,16.775027398171133,24.819972829608076,3.396284423306496,10.100858162709883,14.945014348025246,0.0008446154390803239,,
