sample_name,porosity,nu,g,all_converged,total_iterations,iterations_x,iterations_y,iterations_z,K_star_xx,K_star_xy,K_star_xz,K_star_yx,K_star_yy,K_star_yz,K_star_zx,K_star_zy,K_star_zz,K_xx,K_xy,K_xz,K_yx,K_yy,K_yz,K_zx,K_zy,K_zz,K_star_eig1,K_star_eig2,K_star_eig3,K_eig1,K_eig2,K_eig3,symmetry_error,error_type,error_message
eps_0.02_coeffs_0.742_0.231_0.733_-18.416_91.224_-101.262_m_-0.512_rho_0.486_,0.5137667655944824,0.16666666666666666,1e-05,True,32500,10000,12500,10000,3.4685880750713647,0.21545086931831126,0.19738819877960803,0.2156920721401527,2.1751840652548555,0.06476093921069107,0.19760917174786868,0.06467706571543724,3.8014056891103953,1.782045276509007,0.11069149627418828,0.10141149645351998,0.11081541826781803,1.1175372817786446,0.03327201827513764,0.10152502502070707,0.03322892686076198,1.9530359056067124,2.1395282763047927,3.3989681448655236,3.9066814082663006,1.099218522415051,1.7462768701462381,2.007123071333075,8.523840676383888e-05,,
