sample_name,porosity,nu,g,all_converged,total_iterations,iterations_x,iterations_y,iterations_z,K_star_xx,K_star_xy,K_star_xz,K_star_yx,K_star_yy,K_star_yz,K_star_zx,K_star_zy,K_star_zz,K_xx,K_xy,K_xz,K_yx,K_yy,K_yz,K_zx,K_zy,K_zz,K_star_eig1,K_star_eig2,K_star_eig3,K_eig1,K_eig2,K_eig3,symmetry_error,error_type,error_message
eps_0.02_coeffs_0.441_-0.078_0.671_27.562_34.78_-4119.853_m_-0.216_rho_0.619_,0.38066530227661133,0.16666666666666666,1e-05,True,57500,17500,22500,17500,1.0191908575647917,0.0017391885845960918,0.0005276947934044238,0.0017384647757987836,1.0051637019301598,-0.05157854962517472,0.000528296243456927,-0.05157888590069335,1.0166791209300408,0.38797059587246013,0.0006620487482713031,0.00020087509804108894,0.0006617732193766853,0.38263094443272194,-0.019634164184056332,0.00020110404920712936,-0.01963429219247828,0.38701446488715346,0.9589770527735328,1.0192225314310008,1.0628340962204583,0.3650492896703706,0.38798265301431495,0.4045840625076498,8.042554504664919e-07,,
