sample_name,porosity,nu,g,all_converged,total_iterations,iterations_x,iterations_y,iterations_z,K_star_xx,K_star_xy,K_star_xz,K_star_yx,K_star_yy,K_star_yz,K_star_zx,K_star_zy,K_star_zz,K_xx,K_xy,K_xz,K_yx,K_yy,K_yz,K_zx,K_zy,K_zz,K_star_eig1,K_star_eig2,K_star_eig3,K_eig1,K_eig2,K_eig3,symmetry_error,error_type,error_message
eps_0.02_coeffs_0.567_0.465_0.665_52.328_81.98_-1274.613_m_-0.235_rho_0.391_,0.6089792251586914,0.16666666666666666,1e-05,True,65000,20000,25000,20000,1.9252515543930344,-0.06383632955463342,0.06217864842092838,-0.06384094998406568,1.4856169287802874,-0.06423905165346065,0.0621435346849042,-0.06422607403074758,2.0484253510033144,1.1724381998298363,-0.03887499850915553,0.037865505136791655,-0.03887781225469109,0.9047098461712543,-0.039120247900853625,0.03784412160103522,-0.03911234479822941,1.2474484830494188,1.4712261679038,1.9019081535978184,2.0861595126750174,0.8959461717632473,1.1582225537009971,1.2704278035862653,1.675680576056602e-05,,
