sample_name,porosity,nu,g,all_converged,total_iterations,iterations_x,iterations_y,iterations_z,K_star_xx,K_star_xy,K_star_xz,K_star_yx,K_star_yy,K_star_yz,K_star_zx,K_star_zy,K_star_zz,K_xx,K_xy,K_xz,K_yx,K_yy,K_yz,K_zx,K_zy,K_zz,K_star_eig1,K_star_eig2,K_star_eig3,K_eig1,K_eig2,K_eig3,symmetry_error,error_type,error_message
eps_0.02_coeffs_0.377_0.17_0.824_66.869_48.444_-2942.769_m_-0.519_rho_0.419_,0.5809779167175293,0.16666666666666666,1e-05,True,37500,17500,10000,10000,2.542032641657218,0.01871739031656014,-0.4030303657572221,0.018976884023500062,4.721456287801699,0.00636074240300949,-0.40294951102501575,0.006214644155885694,4.498830327144798,1.4768648283779682,0.010874390432503966,-0.23415174227153476,0.011025150545763232,2.7430618379599103,0.0036954508700773048,-0.23410476745766076,0.003610571014827239,2.6137210711302257,2.4621306415882938,4.578517731868111,4.72167088314731,1.4304435308363608,2.6600176935150026,2.743186513116741,6.213973868263133e-05,,
