sample_name,porosity,nu,g,all_converged,total_iterations,iterations_x,iterations_y,iterations_z,K_star_xx,K_star_xy,K_star_xz,K_star_yx,K_star_yy,K_star_yz,K_star_zx,K_star_zy,K_star_zz,K_xx,K_xy,K_xz,K_yx,K_yy,K_yz,K_zx,K_zy,K_zz,K_star_eig1,K_star_eig2,K_star_eig3,K_eig1,K_eig2,K_eig3,symmetry_error,error_type,error_message
eps_0.02_coeffs_0.715_1.401_0.881_3.279_74.37_211.329_m_-0.387_rho_0.398_,0.6017875671386719,0.16666666666666666,1e-05,True,55000,17500,20000,17500,0.6922294556295668,0.16175922761660105,-0.2730002537278602,0.1617616459132245,0.8482339479729477,-0.22933415220072562,-0.2730006895698787,-0.22933521118416594,1.008822218463487,0.41657508000504423,0.09734469204962501,-0.16428815851912912,0.09734614735046666,0.510456643915071,-0.13801044151468456,-0.1642884208034371,-0.13801107879775276,0.6070966685245796,0.5315446988310171,0.6888646600585421,1.3288762631764424,0.319876991134976,0.41455018786443815,0.7997012134452806,2.3823245260319923e-06,,
