sample_name,porosity,nu,g,all_converged,total_iterations,iterations_x,iterations_y,iterations_z,K_star_xx,K_star_xy,K_star_xz,K_star_yx,K_star_yy,K_star_yz,K_star_zx,K_star_zy,K_star_zz,K_xx,K_xy,K_xz,K_yx,K_yy,K_yz,K_zx,K_zy,K_zz,K_star_eig1,K_star_eig2,K_star_eig3,K_eig1,K_eig2,K_eig3,symmetry_error,error_type,error_message
eps_0.02_coeffs_0.691_0.438_0.79_114.991_114.049_-3513.111_m_-0.42_rho_0.595_,0.4049415588378906,0.16666666666666666,1e-05,True,102500,35000,27500,40000,0.7626124385504096,-0.042780812356322785,0.05371762650773058,-0.04277648949963864,1.0634875921470461,-0.03406797123757384,0.0537172541219961,-0.03406188358050906,0.6894582253112511,0.30881346965576795,-0.017323728843920642,0.021752499415112016,-0.01732197833959633,0.43065032336877973,-0.013795537379387572,0.021752348620652208,-0.01379307223404609,0.27919028851114364,0.6607787940560927,0.7808370777560917,1.0739423841965228,0.26757679491209574,0.31619338346497494,0.4348839031586209,7.1282568649721535e-06,,
