sample_name,porosity,nu,g,all_converged,total_iterations,iterations_x,iterations_y,iterations_z,K_star_xx,K_star_xy,K_star_xz,K_star_yx,K_star_yy,K_star_yz,K_star_zx,K_star_zy,K_star_zz,K_xx,K_xy,K_xz,K_yx,K_yy,K_yz,K_zx,K_zy,K_zz,K_star_eig1,K_star_eig2,K_star_eig3,K_eig1,K_eig2,K_eig3,symmetry_error,error_type,error_message
eps_0.02_coeffs_0.162_0.45_0.835_70.039_6.326_-4143.185_m_-0.294_rho_0.652_,0.3475656509399414,0.16666666666666666,1e-05,True,112500,37500,35000,40000,0.7556775840381597,-0.018742597652156714,0.09469681237875326,-0.018741179355872148,0.9070531386269773,0.06372575463625757,0.09469709966798692,0.06372477236949568,0.8232904361514652,0.2626475713969452,-0.006514283153277266,0.03291335923635888,-0.006513790202205895,0.3152605145640023,0.02214888339178985,0.03291345908822838,0.02214854198960336,0.28614747635361226,0.6767556011380673,0.8619636154888067,0.9473019421897286,0.23521700103680362,0.29958894510391226,0.32924961617384374,1.7075009471957388e-06,,
