sample_name,porosity,nu,g,all_converged,total_iterations,iterations_x,iterations_y,iterations_z,K_star_xx,K_star_xy,K_star_xz,K_star_yx,K_star_yy,K_star_yz,K_star_zx,K_star_zy,K_star_zz,K_xx,K_xy,K_xz,K_yx,K_yy,K_yz,K_zx,K_zy,K_zz,K_star_eig1,K_star_eig2,K_star_eig3,K_eig1,K_eig2,K_eig3,symmetry_error,error_type,error_message
eps_0.02_coeffs_0.934_0.846_0.44_117.394_54.746_-3594.697_m_-0.298_rho_0.567_,0.4325728416442871,0.16666666666666666,1e-05,True,97500,30000,22500,45000,0.8088757408222925,-0.08315591441339136,0.06338244163327203,-0.08315860548628423,1.714766099299273,0.01198629981051013,0.06338623718744174,0.01199786853152504,0.7943682986580987,0.349897677744627,-0.035970990197329834,0.027417522887657652,-0.035972154282378176,0.7417612443291763,0.005184947769832747,0.02741916474131046,0.005189952084356356,0.34362215226267145,0.7335097185699517,0.8621221767228345,1.7223782434868775,0.3172963833355053,0.372930639829555,0.7450540511714147,8.556005850724597e-06,,
