sample_name,porosity,nu,g,all_converged,total_iterations,iterations_x,iterations_y,iterations_z,K_star_xx,K_star_xy,K_star_xz,K_star_yx,K_star_yy,K_star_yz,K_star_zx,K_star_zy,K_star_zz,K_xx,K_xy,K_xz,K_yx,K_yy,K_yz,K_zx,K_zy,K_zz,K_star_eig1,K_star_eig2,K_star_eig3,K_eig1,K_eig2,K_eig3,symmetry_error,error_type,error_message
eps_0.02_coeffs_0.093_1.03_0.674_2.682_16.191_-1595.987_m_-0.265_rho_0.66_,0.34044790267944336,0.16666666666666666,1e-05,True,182500,62500,57500,62500,0.45679808659638294,0.009242601087116482,-0.013870166082127216,0.009242687119274881,0.4703121042945338,-0.028410795113738053,-0.013870211154781506,-0.028410637588277363,0.5031794702467555,0.1555159505297213,0.0031466241554115493,-0.004722068952475763,0.0031466534448794394,0.16011676951182965,-0.009672395609927498,-0.004722084297366384,-0.009672341980714786,0.17130639531686126,0.4520735894746358,0.4545130678944577,0.5237030037685786,0.15390750539340736,0.15473802070506756,0.1782935892599372,3.161653287835569e-07,,
