sample_name,porosity,nu,g,all_converged,total_iterations,iterations_x,iterations_y,iterations_z,K_star_xx,K_star_xy,K_star_xz,K_star_yx,K_star_yy,K_star_yz,K_star_zx,K_star_zy,K_star_zz,K_xx,K_xy,K_xz,K_yx,K_yy,K_yz,K_zx,K_zy,K_zz,K_star_eig1,K_star_eig2,K_star_eig3,K_eig1,K_eig2,K_eig3,symmetry_error,error_type,error_message
eps_0.02_coeffs_0.3_-0.247_0.488_99.955_113.495_-1419.81_m_-0.534_rho_0.37_,0.6300249099731445,0.16666666666666666,1e-05,True,22500,7500,7500,7500,7.267453582732909,-0.3630693556630993,0.8701787726302549,-0.3648247774772835,9.751885494792877,0.8094078904367398,0.8706905873855753,0.808920637755778,9.353017906126494,4.578676789195308,-0.2287427381156517,0.5482343028869178,-0.22984869758609802,6.143930780925296,0.5099471333039598,0.5485567589320614,0.5096401519775027,5.8926342642845535,6.814796902849969,9.148436927611318,10.409123153190993,4.293491805203317,5.763743151713311,6.5580068774885305,0.00017329264678567457,,
