sample_name,porosity,nu,g,all_converged,total_iterations,iterations_x,iterations_y,iterations_z,K_star_xx,K_star_xy,K_star_xz,K_star_yx,K_star_yy,K_star_yz,K_star_zx,K_star_zy,K_star_zz,K_xx,K_xy,K_xz,K_yx,K_yy,K_yz,K_zx,K_zy,K_zz,K_star_eig1,K_star_eig2,K_star_eig3,K_eig1,K_eig2,K_eig3,symmetry_error,error_type,error_message
eps_0.02_coeffs_0.835_1.139_0.82_37.232_108.882_-1891.354_m_-0.368_rho_0.567_,0.43265676498413086,0.16666666666666666,1e-05,True,67500,20000,22500,25000,1.1870353506391316,-0.034900404469673116,-0.08064083234274405,-0.034905500754336904,0.9133624216698963,-0.02016011380850756,-0.08063842448370262,-0.020157513470987057,1.2001479508997088,0.5135788747293302,-0.015099896094486472,-0.03488980164703931,-0.015102101036522545,0.39517243061776897,-0.008722409622100786,-0.034888759870535906,-0.0087212845684813,0.5192521299386016,0.905679479449154,1.120147908350643,1.2747183354089398,0.39184835369098264,0.48463957033072996,0.5515155112639881,4.5638275509677966e-06,,
