sample_name,porosity,nu,g,all_converged,total_iterations,iterations_x,iterations_y,iterations_z,K_star_xx,K_star_xy,K_star_xz,K_star_yx,K_star_yy,K_star_yz,K_star_zx,K_star_zy,K_star_zz,K_xx,K_xy,K_xz,K_yx,K_yy,K_yz,K_zx,K_zy,K_zz,K_star_eig1,K_star_eig2,K_star_eig3,K_eig1,K_eig2,K_eig3,symmetry_error,error_type,error_message
eps_0.02_coeffs_0.504_-0.241_0.836_67.777_116.366_-1421.519_m_-0.296_rho_0.611_,0.38936471939086914,0.16666666666666666,1e-05,True,232500,92500,70000,70000,0.3805936190061824,0.022728978553267904,-0.017190084168267512,0.022728925276686032,0.3407358233792558,0.024191596758265814,-0.01719012472806,0.02419134678362133,0.3667750665859448,0.14818972766629757,0.00884986235643424,-0.006693212298482902,0.00884984161241289,0.1326705082564807,0.009419354283399229,-0.006693228091035122,0.009419256952091924,0.14280927088080372,0.314174628225831,0.38057832005193365,0.3933515606936184,0.12232851595888125,0.1481837707932695,0.15315722005143118,5.799204636087986e-07,,
