sample_name,porosity,nu,g,all_converged,total_iterations,iterations_x,iterations_y,iterations_z,K_star_xx,K_star_xy,K_star_xz,K_star_yx,K_star_yy,K_star_yz,K_star_zx,K_star_zy,K_star_zz,K_xx,K_xy,K_xz,K_yx,K_yy,K_yz,K_zx,K_zy,K_zz,K_star_eig1,K_star_eig2,K_star_eig3,K_eig1,K_eig2,K_eig3,symmetry_error,error_type,error_message
eps_0.02_coeffs_0.718_1.144_0.602_3.03_139.376_691.839_m_-0.605_rho_0.358_,0.6424107551574707,0.16666666666666666,1e-05,True,37500,12500,12500,12500,21.571624897228247,1.56559199679985,-2.311454067562808,1.599708022758401,23.55349562518607,0.6603312489927076,-2.3140123893238513,0.685982974500186,27.25190536763669,13.857843840202095,1.005753136932684,-1.4849029530548308,1.0276696389316888,15.131018911173966,0.4242038963194811,-1.4865464464692784,0.44068284067383245,17.506917106703415,19.91794492705198,24.380896565633726,28.07818439736531,12.79550204177238,15.662550174144947,18.037727642162157,0.0014335833759664212,,
