sample_name,porosity,nu,g,all_converged,total_iterations,iterations_x,iterations_y,iterations_z,K_star_xx,K_star_xy,K_star_xz,K_star_yx,K_star_yy,K_star_yz,K_star_zx,K_star_zy,K_star_zz,K_xx,K_xy,K_xz,K_yx,K_yy,K_yz,K_zx,K_zy,K_zz,K_star_eig1,K_star_eig2,K_star_eig3,K_eig1,K_eig2,K_eig3,symmetry_error,error_type,error_message
eps_0.02_coeffs_0.418_0.776_0.687_-10.773_66.664_-2091.063_m_-0.293_rho_0.638_,0.3618130683898926,0.16666666666666666,1e-05,True,62500,20000,22500,20000,0.7501335213616941,-0.00588899885766283,-0.0028979795692841274,-0.005889010771519281,0.7502536285038751,-0.00888313386469965,-0.002898061548716455,-0.008883115356129092,0.7555029215016581,0.27140811106598955,-0.002130716746435561,-0.0010485268800939094,-0.0021307210570245196,0.2714515673996376,-0.0032140339205051455,-0.0010485565413238648,-0.0032140272238624402,0.27335083020604306,0.7396282811342274,0.7539747712324715,0.7622870190005285,0.26760717786511695,0.27279792546818776,0.2758054053383655,9.216055953386932e-08,,
