sample_name,porosity,nu,g,all_converged,total_iterations,iterations_x,iterations_y,iterations_z,K_star_xx,K_star_xy,K_star_xz,K_star_yx,K_star_yy,K_star_yz,K_star_zx,K_star_zy,K_star_zz,K_xx,K_xy,K_xz,K_yx,K_yy,K_yz,K_zx,K_zy,K_zz,K_star_eig1,K_star_eig2,K_star_eig3,K_eig1,K_eig2,K_eig3,symmetry_error,error_type,error_message
eps_0.02_coeffs_0.652_-0.363_0.762_81.373_137.461_59.251_m_-0.304_rho_0.459_,0.5406718254089355,0.16666666666666666,1e-05,True,22500,7500,7500,7500,5.575200581774704,-1.2377918521419797,-1.690922478248771,-1.2401465903331703,7.448971559419431,-2.1759867315702923,-1.6899357106044508,-2.178661406951148,5.739477241766477,3.0143538755690886,-0.6692391801739114,-0.9142341429397641,-0.6705123207701026,4.027449050450549,-1.1764947182237333,-0.9137006254762551,-1.1779408398442768,3.103173637198924,2.717651013169244,7.109269861457546,8.936728508333825,1.4693573341146575,3.8437819133189817,4.831837315784922,0.000445499061210722,,
