sample_name,porosity,nu,g,all_converged,total_iterations,iterations_x,iterations_y,iterations_z,K_star_xx,K_star_xy,K_star_xz,K_star_yx,K_star_yy,K_star_yz,K_star_zx,K_star_zy,K_star_zz,K_xx,K_xy,K_xz,K_yx,K_yy,K_yz,K_zx,K_zy,K_zz,K_star_eig1,K_star_eig2,K_star_eig3,K_eig1,K_eig2,K_eig3,symmetry_error,error_type,error_message
eps_0.02_coeffs_0.469_0.675_0.842_62.984_76.468_-2035.386_m_-0.434_rho_0.61_,0.39026784896850586,0.16666666666666666,1e-05,True,110000,27500,47500,35000,1.117390907181948,-0.04726829786387357,-0.008926242996180953,-0.04726957963542457,0.6364086540703885,-0.05373794440624862,-0.00892278222817367,-0.05374006310106552,0.8755892863000202,0.4360817458028662,-0.018447296931736558,-0.0034836256534897313,-0.018447797165962638,0.24836983648899247,-0.0209721919714158,-0.00348227502700375,-0.020973018829884612,0.3417143473441781,0.6202371589815135,0.8871031396805227,1.1220485488903202,0.2420586218860525,0.3462078341363256,0.4378994736136588,3.860101094410353e-06,,
