sample_name,porosity,nu,g,all_converged,total_iterations,iterations_x,iterations_y,iterations_z,K_star_xx,K_star_xy,K_star_xz,K_star_yx,K_star_yy,K_star_yz,K_star_zx,K_star_zy,K_star_zz,K_xx,K_xy,K_xz,K_yx,K_yy,K_yz,K_zx,K_zy,K_zz,K_star_eig1,K_star_eig2,K_star_eig3,K_eig1,K_eig2,K_eig3,symmetry_error,error_type,error_message
eps_0.02_coeffs_0.826_0.856_0.422_42.007_18.074_-1533.724_m_-0.253_rho_0.494_,0.5055136680603027,0.16666666666666666,1e-05,True,32500,12500,10000,10000,4.370855335366491,-0.7033106712972381,-0.26361964329199383,-0.7033424465595847,3.445085972779901,1.0134143279614205,-0.263716784269338,1.0131507819067804,3.6516673089216307,2.2095271131420593,-0.3555331572334207,-0.13326333285328437,-0.3555492200628431,1.741538046883064,0.5122947941926443,-0.1333124389450606,0.5121615680598604,1.8459677358688682,2.4598738332095875,3.8449027089795553,5.162832074878877,1.2434998443913359,1.9436508717512495,2.6098821797514056,5.800913791005311e-05,,
