sample_name,porosity,nu,g,all_converged,total_iterations,iterations_x,iterations_y,iterations_z,K_star_xx,K_star_xy,K_star_xz,K_star_yx,K_star_yy,K_star_yz,K_star_zx,K_star_zy,K_star_zz,K_xx,K_xy,K_xz,K_yx,K_yy,K_yz,K_zx,K_zy,K_zz,K_star_eig1,K_star_eig2,K_star_eig3,K_eig1,K_eig2,K_eig3,symmetry_error,error_type,error_message
eps_0.02_coeffs_0.555_1.287_0.943_83.008_111.405_-1130.942_m_-0.341_rho_0.471_,0.5287690162658691,0.16666666666666666,1e-05,True,130000,67500,12500,50000,0.16666495625978378,-1.5325855027405975e-11,1.7246861176282132e-12,9.528812861480658e-13,0.613363172651054,1.0716988112098156e-12,4.757687158904441e-13,5.372740337742152e-11,0.16666460881605719,0.08812726496747998,-8.103837286274783e-12,9.119605817856714e-13,5.038541002946689e-13,0.3243274414164103,5.666811261367156e-13,2.515717558714659e-13,2.8409386230398713e-11,0.08812708125000246,0.16666460881605713,0.16666495625978378,0.6133631726510533,0.08812708125000247,0.08812726496747998,0.32432744141641023,1.1864997750559784e-10,,
