sample_name,porosity,nu,g,all_converged,total_iterations,iterations_x,iterations_y,iterations_z,K_star_xx,K_star_xy,K_star_xz,K_star_yx,K_star_yy,K_star_yz,K_star_zx,K_star_zy,K_star_zz,K_xx,K_xy,K_xz,K_yx,K_yy,K_yz,K_zx,K_zy,K_zz,K_star_eig1,K_star_eig2,K_star_eig3,K_eig1,K_eig2,K_eig3,symmetry_error,error_type,error_message
eps_0.02_coeffs_0.385_1.015_0.66_15.367_42.348_313.008_m_-0.36_rho_0.472_,0.5275683403015137,0.16666666666666666,1e-05,True,120000,40000,55000,25000,0.1666651233727357,3.214295304782478e-13,-1.327631753494338e-10,7.456111283629458e-13,0.16666514243830033,-1.2544476665901025e-10,-8.699610310406332e-14,-3.8190896469566116e-13,0.1666652195707651,0.08792724252390119,1.69576043918304e-13,-7.004164807225962e-11,3.933608255007782e-13,0.08792725258228948,-6.618068734580469e-11,-4.589638972731005e-14,-2.0148307865075934e-13,0.0879272932749359,0.16666512337273567,0.16666514243830044,0.16666521957076513,0.08792724252390118,0.08792725258228946,0.0879272932749359,8.932341308171486e-10,,
