sample_name,porosity,nu,g,all_converged,total_iterations,iterations_x,iterations_y,iterations_z,K_star_xx,K_star_xy,K_star_xz,K_star_yx,K_star_yy,K_star_yz,K_star_zx,K_star_zy,K_star_zz,K_xx,K_xy,K_xz,K_yx,K_yy,K_yz,K_zx,K_zy,K_zz,K_star_eig1,K_star_eig2,K_star_eig3,K_eig1,K_eig2,K_eig3,symmetry_error,error_type,error_message
eps_0.02_coeffs_0.769_0.751_0.825_69.755_124.386_-1787.967_m_-0.383_rho_0.354_,0.6464252471923828,0.16666666666666666,1e-05,True,50000,15000,20000,15000,2.2713012710547873,0.38345382689189345,-0.2854307955558236,0.3834085239233845,2.116228798039164,-0.5178764668724283,-0.28543987204509386,-0.5179044840987116,2.177365249648352,1.468226485589964,0.2478742348354574,-0.18450967257349177,0.24784494985284045,1.3679837238881059,-0.3347684231131273,-0.1845155398453119,-0.33478653415555315,1.4075038697320403,1.6125578586462777,1.9719895178902105,2.980347942205814,1.0423981123874397,1.2747438115629668,1.9265721552597028,1.949061896896723e-05,,
