sample_name,porosity,nu,g,all_converged,total_iterations,iterations_x,iterations_y,iterations_z,K_star_xx,K_star_xy,K_star_xz,K_star_yx,K_star_yy,K_star_yz,K_star_zx,K_star_zy,K_star_zz,K_xx,K_xy,K_xz,K_yx,K_yy,K_yz,K_zx,K_zy,K_zz,K_star_eig1,K_star_eig2,K_star_eig3,K_eig1,K_eig2,K_eig3,symmetry_error,error_type,error_message
eps_0.02_coeffs_0.509_-0.356_0.286_61.398_87.301_-2100.457_m_-0.285_rho_0.652_,0.34793949127197266,0.16666666666666666,1e-05,True,142500,47500,47500,47500,0.4741485074461042,-0.004806820518733661,0.0011080822740006896,-0.00480694328422711,0.4661902360689487,-0.02375185070346323,0.001108099578790917,-0.023751750562935336,0.4757434426174943,0.16497499046816264,-0.0016724826859238697,0.00038554558270329056,-0.001672525400887206,0.16220599357379084,-0.008264206850530842,0.00038555160372319886,-0.008264172007686511,0.1655299314003079,0.4464077029918602,0.4737740575389759,0.4959004256017111,0.15532286907887768,0.1648447045579696,0.17254334180541403,2.7542034966940607e-07,,
