sample_name,porosity,nu,g,all_converged,total_iterations,iterations_x,iterations_y,iterations_z,K_star_xx,K_star_xy,K_star_xz,K_star_yx,K_star_yy,K_star_yz,K_star_zx,K_star_zy,K_star_zz,K_xx,K_xy,K_xz,K_yx,K_yy,K_yz,K_zx,K_zy,K_zz,K_star_eig1,K_star_eig2,K_star_eig3,K_eig1,K_eig2,K_eig3,symmetry_error,error_type,error_message
eps_0.02_coeffs_0.978_0.938_0.621_52.732_141.48_452.688_m_-0.484_rho_0.325_,0.6745138168334961,0.16666666666666666,1e-05,True,50000,17500,17500,15000,53.22053012630037,-4.8624706814115015,3.199463918057751,-4.8439729701662495,53.61067874027343,-8.006973634858305,3.4276735023347435,-7.829688526471867,46.18520917555723,35.89798290939293,-3.2798036585598425,2.1580826191901856,-3.2673266967451235,36.161143540136194,-5.400814347733447,2.3120131369188455,-5.2812330926079705,31.152561722258515,41.22311508316279,49.399697481591645,62.39360547737664,27.80556069651059,33.32077849872841,42.085348976548616,0.004568800780167161,,
