sample_name,porosity,nu,g,all_converged,total_iterations,iterations_x,iterations_y,iterations_z,K_star_xx,K_star_xy,K_star_xz,K_star_yx,K_star_yy,K_star_yz,K_star_zx,K_star_zy,K_star_zz,K_xx,K_xy,K_xz,K_yx,K_yy,K_yz,K_zx,K_zy,K_zz,K_star_eig1,K_star_eig2,K_star_eig3,K_eig1,K_eig2,K_eig3,symmetry_error,error_type,error_message
eps_0.02_coeffs_0.465_0.685_0.514_28.664_77.885_-2674.374_m_-0.605_rho_0.417_,0.5833191871643066,0.16666666666666666,1e-05,True,30000,10000,10000,10000,2.9785264261219457,-0.03146499699190143,0.01057819076756579,-0.03167885618633183,3.4315029172975073,-0.45319710298976784,0.010593942584452997,-0.4534627196152282,2.865480572149045,1.7374316138328607,-0.018354136469443297,0.00617046164020545,-0.01847888464090605,2.0016614924699287,-0.2643585657412099,0.006179649977228456,-0.2645135050152708,1.6714897981810932,2.6138580255546318,2.977101079092853,3.684550810921015,1.5247135388294275,1.7366001815624232,2.1492691840920317,8.923311717008611e-05,,
