sample_name,porosity,nu,g,all_converged,total_iterations,iterations_x,iterations_y,iterations_z,K_star_xx,K_star_xy,K_star_xz,K_star_yx,K_star_yy,K_star_yz,K_star_zx,K_star_zy,K_star_zz,K_xx,K_xy,K_xz,K_yx,K_yy,K_yz,K_zx,K_zy,K_zz,K_star_eig1,K_star_eig2,K_star_eig3,K_eig1,K_eig2,K_eig3,symmetry_error,error_type,error_message
eps_0.02_coeffs_0.957_0.716_0.787_-10.529_63.9_-2072.028_m_-0.287_rho_0.68_,0.3203096389770508,0.16666666666666666,1e-05,True,55000,20000,17500,17500,0.909183270387019,-0.015236614668796233,0.0029671026011150667,-0.015237015127612516,0.921760805032512,0.010279782479020502,0.0029669502753275363,0.010279631165309633,0.9116480318169764,0.2912201651016404,-0.0048804345437945575,0.0009503915629710353,-0.004880562814613426,0.29524887068315964,0.003292713414617669,0.0009503427715530246,0.0032926649473775686,0.2920096519454346,0.8947127634380113,0.9136282324802336,0.9342511113182622,0.2865851222449889,0.29264392930498456,0.29924963618026107,4.057618481714214e-07,,
