sample_name,porosity,nu,g,all_converged,total_iterations,iterations_x,iterations_y,iterations_z,K_star_xx,K_star_xy,K_star_xz,K_star_yx,K_star_yy,K_star_yz,K_star_zx,K_star_zy,K_star_zz,K_xx,K_xy,K_xz,K_yx,K_yy,K_yz,K_zx,K_zy,K_zz,K_star_eig1,K_star_eig2,K_star_eig3,K_eig1,K_eig2,K_eig3,symmetry_error,error_type,error_message
eps_0.02_coeffs_0.957_0.221_0.456_18.706_82.383_-2605.556_m_-0.377_rho_0.616_,0.3838644027709961,0.16666666666666666,1e-05,True,55000,17500,17500,20000,1.2094951020892364,-0.03369794756364872,-0.028851502932246097,-0.03369784224521388,1.187573691369715,-0.01736636935100304,-0.028850161649682293,-0.017366262974751776,1.222139343636888,0.46428211501792965,-0.012935442516128357,-0.011075064942132291,-0.012935402088130269,0.4558672657841829,-0.006666330999223312,-0.011074550071501989,-0.006666290165167153,0.46913578924811117,1.1494845784304955,1.2227962811764312,1.2469272774889122,0.44124621119369223,0.46938796418438594,0.47865099467214534,9.128812708034047e-07,,
