sample_name,porosity,nu,g,all_converged,total_iterations,iterations_x,iterations_y,iterations_z,K_star_xx,K_star_xy,K_star_xz,K_star_yx,K_star_yy,K_star_yz,K_star_zx,K_star_zy,K_star_zz,K_xx,K_xy,K_xz,K_yx,K_yy,K_yz,K_zx,K_zy,K_zz,K_star_eig1,K_star_eig2,K_star_eig3,K_eig1,K_eig2,K_eig3,symmetry_error,error_type,error_message
eps_0.02_coeffs_0.721_0.366_0.556_-32.334_72.945_827.327_m_-0.426_rho_0.392_,0.6079554557800293,0.16666666666666666,1e-05,True,25000,7500,7500,10000,4.793823056888945,-0.0479525512164804,0.012160200618020566,-0.04777285104701284,6.1162144464104085,0.33431392949245087,0.012491735467749458,0.33440878463158524,3.1937531661180683,2.9144308814797317,-0.02915301513063054,0.007392860309105288,-0.029043765432198144,3.7183859414158396,0.20324797737819555,0.007594418729779179,0.20330564507754106,1.9416596617562218,3.1557830855671445,4.792457359854214,6.155550223996063,1.918575544128881,2.9136005985165236,3.742300342006387,6.534738590341144e-05,,
