sample_name,porosity,nu,g,all_converged,total_iterations,iterations_x,iterations_y,iterations_z,K_star_xx,K_star_xy,K_star_xz,K_star_yx,K_star_yy,K_star_yz,K_star_zx,K_star_zy,K_star_zz,K_xx,K_xy,K_xz,K_yx,K_yy,K_yz,K_zx,K_zy,K_zz,K_star_eig1,K_star_eig2,K_star_eig3,K_eig1,K_eig2,K_eig3,symmetry_error,error_type,error_message
eps_0.02_coeffs_0.801_0.034_0.656_27.805_96.941_-4062.673_m_-0.474_rho_0.651_,0.3489065170288086,0.16666666666666666,1e-05,True,60000,20000,22500,17500,0.8883769024214689,-0.007717406145438741,-0.015091168531252423,-0.007716823110227201,0.8863351508481777,0.028876563996070408,-0.01509171714425576,0.02887723553786585,0.9150930228422895,0.3099604908327165,-0.0026926532987017545,-0.005265407050134043,-0.0026924498739167905,0.30924811040264133,0.010075221367628421,-0.0052655984647862345,0.010075455672937307,0.31928191935726724,0.8683324753069432,0.8828197868262848,0.9386528139787081,0.3029668595823494,0.3080215769856743,0.3275020840246011,9.510275178290789e-07,,
