sample_name,porosity,nu,g,all_converged,total_iterations,iterations_x,iterations_y,iterations_z,K_star_xx,K_star_xy,K_star_xz,K_star_yx,K_star_yy,K_star_yz,K_star_zx,K_star_zy,K_star_zz,K_xx,K_xy,K_xz,K_yx,K_yy,K_yz,K_zx,K_zy,K_zz,K_star_eig1,K_star_eig2,K_star_eig3,K_eig1,K_eig2,K_eig3,symmetry_error,error_type,error_message
eps_0.02_coeffs_0.938_0.281_0.265_99.016_145.72_-146.829_m_-0.215_rho_0.512_,0.48751068115234375,0.16666666666666666,1e-05,True,237500,120000,57500,60000,0.24463205362236595,0.0598627754998584,0.026429610916826225,0.0598624659406701,0.4349582316831564,0.1147389532958629,0.026430280892029468,0.11474161296248502,0.3946318714645254,0.11926073909313631,0.029183742459605803,0.012884717620653373,0.02918359154619506,0.21204678380067452,0.055936465275973075,0.012885044240721061,0.055937761891859665,0.19238725246209493,0.22698441560825638,0.30271514103944697,0.5445226001223445,0.11065732706414777,0.14757686460326852,0.26546058368848946,5.886952484777177e-06,,
