sample_name,porosity,nu,g,all_converged,total_iterations,iterations_x,iterations_y,iterations_z,K_star_xx,K_star_xy,K_star_xz,K_star_yx,K_star_yy,K_star_yz,K_star_zx,K_star_zy,K_star_zz,K_xx,K_xy,K_xz,K_yx,K_yy,K_yz,K_zx,K_zy,K_zz,K_star_eig1,K_star_eig2,K_star_eig3,K_eig1,K_eig2,K_eig3,symmetry_error,error_type,error_message
eps_0.02_coeffs_0.65_0.511_0.762_-24.827_48.3_-2131.26_m_-0.307_rho_0.345_,0.6550736427307129,0.16666666666666666,1e-05,True,32500,10000,10000,12500,2.9713826367716676,-0.027007629189532163,0.003647951035037829,-0.027012300805945893,2.9577914673049985,0.0231168222080403,0.003641795214747665,0.023115868286426804,2.9769140851698745,1.946474447816807,-0.017691986034707164,0.002389676573025505,-0.017695046287488747,1.9375712309253057,0.0151432209321792,0.0023856440574040317,0.015142596043272968,1.9500979538685974,2.9278348300062245,2.978087112389954,3.0001662468503603,1.9179474274060357,1.9508663730826774,1.965329832121997,2.141425688115065e-06,,
