sample_name,porosity,nu,g,all_converged,total_iterations,iterations_x,iterations_y,iterations_z,K_star_xx,K_star_xy,K_star_xz,K_star_yx,K_star_yy,K_star_yz,K_star_zx,K_star_zy,K_star_zz,K_xx,K_xy,K_xz,K_yx,K_yy,K_yz,K_zx,K_zy,K_zz,K_star_eig1,K_star_eig2,K_star_eig3,K_eig1,K_eig2,K_eig3,symmetry_error,error_type,error_message
eps_0.02_coeffs_0.98_0.535_0.536_10.002_19.413_-2896.56_m_-0.309_rho_0.555_,0.4452810287475586,0.16666666666666666,1e-05,True,42500,12500,15000,15000,2.366871644016454,0.0048546276746207085,0.058521245356608124,0.004855144389126217,2.226117271326884,-0.018983325400662544,0.05851809770938719,-0.018977614705773974,2.3763942497592985,1.053923040561072,0.002161673605141477,0.02605840033597875,0.0021619036883080587,0.9912477886891429,-0.008452914663456677,0.02605699874838608,-0.008450371799361832,1.0581632762426032,2.2225809093995292,2.3158964796492487,2.4309057760538577,0.9896731138121074,1.0312247669310666,1.0824362247496444,2.2974382689267728e-06,,
