sample_name,porosity,nu,g,all_converged,total_iterations,iterations_x,iterations_y,iterations_z,K_star_xx,K_star_xy,K_star_xz,K_star_yx,K_star_yy,K_star_yz,K_star_zx,K_star_zy,K_star_zz,K_xx,K_xy,K_xz,K_yx,K_yy,K_yz,K_zx,K_zy,K_zz,K_star_eig1,K_star_eig2,K_star_eig3,K_eig1,K_eig2,K_eig3,symmetry_error,error_type,error_message
eps_0.02_coeffs_0.48_0.034_0.579_50.635_83.751_-3580.669_m_-0.361_rho_0.603_,0.39681434631347656,0.16666666666666666,1e-05,True,72500,25000,22500,25000,0.8407126657690364,-0.000310431006946009,0.005646259197456121,-0.00031061391327988775,0.8653878070386515,-0.007284146750635426,0.005646502559587316,-0.007285090476089697,0.82619401398088,0.33360684690460046,-0.00012318347709671485,0.0022405166525550054,-0.00012325605695402955,0.34339829695769547,-0.002890453931304831,0.0022406132221400132,-0.002890828415104067,0.3278456375859302,0.8231554542893623,0.8423736646638305,0.8667653678353748,0.32663989350820605,0.33426595509526563,0.34394493284475447,9.589740831983651e-07,,
