sample_name,porosity,nu,g,all_converged,total_iterations,iterations_x,iterations_y,iterations_z,K_star_xx,K_star_xy,K_star_xz,K_star_yx,K_star_yy,K_star_yz,K_star_zx,K_star_zy,K_star_zz,K_xx,K_xy,K_xz,K_yx,K_yy,K_yz,K_zx,K_zy,K_zz,K_star_eig1,K_star_eig2,K_star_eig3,K_eig1,K_eig2,K_eig3,symmetry_error,error_type,error_message
eps_0.02_coeffs_0.638_0.257_0.437_33.928_59.523_-920.351_m_-0.334_rho_0.369_,0.6310038566589355,0.16666666666666666,1e-05,True,32500,12500,10000,10000,4.249627484949786,-0.34350972685517,0.652788707945001,-0.34319132384154155,4.01894998265877,0.2813939362585093,0.6529951472898989,0.2814578355629068,4.295476135316169,2.6815313323671277,-0.2167559624454698,0.4119121922966991,-0.2165550489158984,2.5359729387770455,0.17756065901955803,0.4120424563194959,0.1776009797270707,2.7104620075709223,3.3333561482681784,4.303050862451123,4.927646592205425,2.103360585174994,2.715241689606218,3.1093640039338837,7.411962977008493e-05,,
