sample_name,porosity,nu,g,all_converged,total_iterations,iterations_x,iterations_y,iterations_z,K_star_xx,K_star_xy,K_star_xz,K_star_yx,K_star_yy,K_star_yz,K_star_zx,K_star_zy,K_star_zz,K_xx,K_xy,K_xz,K_yx,K_yy,K_yz,K_zx,K_zy,K_zz,K_star_eig1,K_star_eig2,K_star_eig3,K_eig1,K_eig2,K_eig3,symmetry_error,error_type,error_message
eps_0.02_coeffs_0.566_-0.312_0.685_81.713_76.772_-3727.819_m_-0.218_rho_0.361_,0.6391730308532715,0.16666666666666666,1e-05,True,45000,15000,15000,15000,1.878558499224556,0.09280146257394122,-0.1160754743143756,0.09280097683976321,1.7206243784911193,0.07968518804937197,-0.11608582612846416,0.07966158599255108,1.8665642295489318,1.2007239295845327,0.059316192101002446,-0.07419231272525052,0.059315881632815703,1.0997766989601951,0.05093262315962997,-0.07419892932563633,0.050917537361437386,1.1930575158830923,1.6152641406938515,1.8609284014608523,1.989554565109903,1.0324332764358943,1.1894552465626664,1.2716696214292593,1.1510301445711957e-05,,
