sample_name,porosity,nu,g,all_converged,total_iterations,iterations_x,iterations_y,iterations_z,K_star_xx,K_star_xy,K_star_xz,K_star_yx,K_star_yy,K_star_yz,K_star_zx,K_star_zy,K_star_zz,K_xx,K_xy,K_xz,K_yx,K_yy,K_yz,K_zx,K_zy,K_zz,K_star_eig1,K_star_eig2,K_star_eig3,K_eig1,K_eig2,K_eig3,symmetry_error,error_type,error_message
eps_0.02_coeffs_0.175_0.124_0.475_47.087_33.435_-1795.758_m_-0.555_rho_0.335_,0.6649656295776367,0.16666666666666666,1e-05,True,35000,15000,10000,10000,2.7201806595610876,0.44324049377684877,-0.8550333099433187,0.44319643887967547,4.52522700315067,0.9853585627822997,-0.8550034386890512,0.9847651820539806,4.283041705069054,1.8088266448499497,0.2947396939986248,-0.5685677632563095,0.29471039900619,3.0091204231318076,0.6552295770602472,-0.5685478998989092,0.6548349992706612,2.848075523918518,2.0588980573846447,4.048962585906263,5.420588724489908,1.3690964429649521,2.692420955073451,3.60450519386187,0.00011913215445197612,,
