sample_name,porosity,nu,g,all_converged,total_iterations,iterations_x,iterations_y,iterations_z,K_star_xx,K_star_xy,K_star_xz,K_star_yx,K_star_yy,K_star_yz,K_star_zx,K_star_zy,K_star_zz,K_xx,K_xy,K_xz,K_yx,K_yy,K_yz,K_zx,K_zy,K_zz,K_star_eig1,K_star_eig2,K_star_eig3,K_eig1,K_eig2,K_eig3,symmetry_error,error_type,error_message
eps_0.02_coeffs_0.948_0.427_0.503_20.03_117.523_-2464.141_m_-0.55_rho_0.574_,0.42623281478881836,0.16666666666666666,1e-05,True,45000,15000,12500,17500,1.4006036695084847,-0.02021315882779366,-0.013670600934681974,-0.0202032572033273,1.4696792267122936,-0.08808194426435619,-0.013671801358911538,-0.08809129639742892,1.611766345800378,0.5969832444581493,-0.008615511582943942,-0.005826858716244149,-0.008611291185676667,0.6264255136382348,-0.037543415035868354,-0.005827370376442457,-0.03754740122187222,0.686987706352383,1.3864093864501952,1.4416956848009568,1.6539441707700042,0.5909331752363053,0.6144980098016047,0.7049652794108571,7.450180648343449e-06,,
