sample_name,porosity,nu,g,all_converged,total_iterations,iterations_x,iterations_y,iterations_z,K_star_xx,K_star_xy,K_star_xz,K_star_yx,K_star_yy,K_star_yz,K_star_zx,K_star_zy,K_star_zz,K_xx,K_xy,K_xz,K_yx,K_yy,K_yz,K_zx,K_zy,K_zz,K_star_eig1,K_star_eig2,K_star_eig3,K_eig1,K_eig2,K_eig3,symmetry_error,error_type,error_message
eps_0.02_coeffs_0.776_1.114_0.814_-14.482_83.86_595.831_m_-0.483_rho_0.588_,0.4124784469604492,0.16666666666666666,1e-05,True,35000,10000,12500,12500,6.923310673769748,3.191582872758364,-0.8851301849613477,3.1810196527925085,28.067211411964788,0.1841506731560457,-0.8845183046431487,0.18470477510796676,1.2881388712921955,2.855716434541247,1.316459146700939,-0.36509712405067185,1.3121020461345214,11.577119773717833,0.07595818367012701,-0.3648447366072955,0.07618673878271318,0.5313295210999908,1.1351042670161895,6.608033824872086,28.535522865138468,0.4682060451970166,2.7256715295453535,11.770288154616702,0.0005111652139352561,,
