sample_name,porosity,nu,g,all_converged,total_iterations,iterations_x,iterations_y,iterations_z,K_star_xx,K_star_xy,K_star_xz,K_star_yx,K_star_yy,K_star_yz,K_star_zx,K_star_zy,K_star_zz,K_xx,K_xy,K_xz,K_yx,K_yy,K_yz,K_zx,K_zy,K_zz,K_star_eig1,K_star_eig2,K_star_eig3,K_eig1,K_eig2,K_eig3,symmetry_error,error_type,error_message
eps_0.02_coeffs_0.733_1.012_0.307_25.545_30.277_-69.815_m_-0.542_rho_0.307_,0.6933388710021973,0.16666666666666666,1e-05,True,60000,20000,20000,20000,46.668512961845586,-18.24480819372284,32.715659558874776,-18.61217251072204,37.21894153501215,-10.314471031673166,32.973952889914365,-10.158696965708533,50.01936480995054,32.357094088317425,-12.649834714687431,22.68303846264248,-12.904542675482151,25.80533890378211,-7.151423700085142,22.862123269172866,-7.043419485057801,34.68036992557814,13.016862898350725,31.61535468339343,89.27460172506412,9.025097025932878,21.92015432251803,61.89755156922679,0.007042254837272726,,
