sample_name,porosity,nu,g,all_converged,total_iterations,iterations_x,iterations_y,iterations_z,K_star_xx,K_star_xy,K_star_xz,K_star_yx,K_star_yy,K_star_yz,K_star_zx,K_star_zy,K_star_zz,K_xx,K_xy,K_xz,K_yx,K_yy,K_yz,K_zx,K_zy,K_zz,K_star_eig1,K_star_eig2,K_star_eig3,K_eig1,K_eig2,K_eig3,symmetry_error,error_type,error_message
eps_0.02_coeffs_0.409_1.357_0.455_-38.268_26.367_-2045.544_m_-0.518_rho_0.539_,0.4608168601989746,0.16666666666666666,1e-05,True,47500,17500,15000,15000,1.2490996734876427,0.017902520251428584,0.020127332920658835,0.017902062439361578,1.2343575852917121,-0.012568109576496412,0.020127748327239143,-0.01256821355759764,1.271944669478248,0.5756061896121399,0.008249783171911877,0.009275014360677462,0.008249572204392598,0.5688127868169148,-0.005791596793677741,0.009275205787033506,-0.005791644709922329,0.5861335489357887,1.213994949168438,1.2576541261714216,1.283752852917743,0.5594293407732136,0.5795482256385992,0.5915749589530305,4.0877307327823566e-07,,
