sample_name,porosity,nu,g,all_converged,total_iterations,iterations_x,iterations_y,iterations_z,K_star_xx,K_star_xy,K_star_xz,K_star_yx,K_star_yy,K_star_yz,K_star_zx,K_star_zy,K_star_zz,K_xx,K_xy,K_xz,K_yx,K_yy,K_yz,K_zx,K_zy,K_zz,K_star_eig1,K_star_eig2,K_star_eig3,K_eig1,K_eig2,K_eig3,symmetry_error,error_type,error_message
eps_0.02_coeffs_0.785_1.282_0.831_-4.385_23.932_-825.44_m_-0.595_rho_0.546_,0.4542384147644043,0.16666666666666666,1e-05,True,22500,7500,7500,7500,11.134801433243357,-1.6570769863499553,0.5578060429322184,-1.6530557709846185,9.334203597730367,-0.8347397701385898,0.5591724598647686,-0.835426121545486,7.321344164812736,5.05785455175288,-0.7527080234221801,0.25337693268753614,-0.7508814329292033,4.239953845321241,-0.37917086992855625,0.25399761174888497,-0.3794826371035961,3.3256357673691586,7.019361984331082,8.486645183944225,12.284342027511157,3.188463860420075,3.8549602550227884,5.580020049000417,0.00036876232319535293,,
