sample_name,porosity,nu,g,all_converged,total_iterations,iterations_x,iterations_y,iterations_z,K_star_xx,K_star_xy,K_star_xz,K_star_yx,K_star_yy,K_star_yz,K_star_zx,K_star_zy,K_star_zz,K_xx,K_xy,K_xz,K_yx,K_yy,K_yz,K_zx,K_zy,K_zz,K_star_eig1,K_star_eig2,K_star_eig3,K_eig1,K_eig2,K_eig3,symmetry_error,error_type,error_message
eps_0.02_coeffs_0.234_1.227_0.938_88.266_88.018_-1508.95_m_-0.389_rho_0.368_,0.6321425437927246,0.16666666666666666,1e-05,True,30000,10000,10000,10000,17.07351007564957,-0.017726401774891522,-0.9167947682650671,-0.014303748588725363,2.3213578905924415,0.044735543062361355,-0.8823263428350365,0.04727772666831392,7.961768050854447,10.792892090691833,-0.011205612710271795,-0.579544976946941,-0.009042008018648446,1.4674290820124192,0.02827923998939008,-0.5577560188150716,0.029886262400845093,5.032972308754773,2.3209583724770635,7.877491150121909,17.15818649449749,1.4671765296146722,4.979697294342737,10.846419657501613,0.002581874438587302,,
