sample_name,porosity,nu,g,all_converged,total_iterations,iterations_x,iterations_y,iterations_z,K_star_xx,K_star_xy,K_star_xz,K_star_yx,K_star_yy,K_star_yz,K_star_zx,K_star_zy,K_star_zz,K_xx,K_xy,K_xz,K_yx,K_yy,K_yz,K_zx,K_zy,K_zz,K_star_eig1,K_star_eig2,K_star_eig3,K_eig1,K_eig2,K_eig3,symmetry_error,error_type,error_message
eps_0.02_coeffs_0.736_0.312_0.911_53.418_103.605_-2517.963_m_-0.207_rho_0.668_,0.33239126205444336,0.16666666666666666,1e-05,True,72500,25000,22500,25000,0.8094319019029319,-0.02297067663557161,0.015592351334900651,-0.02296985858858662,0.8777635418740074,-0.012178795591794972,0.015591956223442309,-0.012179435074238673,0.9079904400065408,0.26904809142064395,-0.007635252197142163,0.005182761338603912,-0.007634980285472401,0.29176093146887955,-0.004048125237059822,0.005182630007007622,-0.004048337795436345,0.30180808828714345,0.801183073101892,0.8767993795101647,0.9172034311714236,0.26630625280499526,0.2914404523239365,0.3048704060477352,1.046981664677493e-06,,
