sample_name,porosity,nu,g,all_converged,total_iterations,iterations_x,iterations_y,iterations_z,K_star_xx,K_star_xy,K_star_xz,K_star_yx,K_star_yy,K_star_yz,K_star_zx,K_star_zy,K_star_zz,K_xx,K_xy,K_xz,K_yx,K_yy,K_yz,K_zx,K_zy,K_zz,K_star_eig1,K_star_eig2,K_star_eig3,K_eig1,K_eig2,K_eig3,symmetry_error,error_type,error_message
eps_0.02_coeffs_0.184_-0.492_0.866_17.087_60.051_-1918.733_m_-0.25_rho_0.43_,0.5703682899475098,0.16666666666666666,1e-05,True,57500,17500,22500,17500,1.2449429393208982,-0.042767764291169456,-0.008564933153287367,-0.04276466284801981,1.2477106765014725,0.05658052308476609,-0.008563299389935542,0.05658372370112479,1.202811621367731,0.7100759753826871,-0.024393376583632494,-0.004885166276155249,-0.024391607618806863,0.7116546049053954,0.03227173619619363,-0.0048842344293460885,0.03227356172627292,0.6860456076085043,1.1603849418067078,1.2238416679051025,1.31123862747829,0.6618467749391327,0.6980404792895416,0.7478889336679124,3.1423928793318543e-06,,
