sample_name,porosity,nu,g,all_converged,total_iterations,iterations_x,iterations_y,iterations_z,K_star_xx,K_star_xy,K_star_xz,K_star_yx,K_star_yy,K_star_yz,K_star_zx,K_star_zy,K_star_zz,K_xx,K_xy,K_xz,K_yx,K_yy,K_yz,K_zx,K_zy,K_zz,K_star_eig1,K_star_eig2,K_star_eig3,K_eig1,K_eig2,K_eig3,symmetry_error,error_type,error_message
eps_0.02_coeffs_0.465_0.299_0.785_46.415_68.608_-2460.892_m_-0.289_rho_0.655_,0.34500646591186523,0.16666666666666666,1e-05,True,70000,25000,22500,22500,0.9727942357730625,-0.0823771697627462,-0.07226701629333603,-0.08237742390817368,0.9790112531054369,0.0030500000906249773,-0.07226602593967586,0.003048696045726937,0.9600897943685357,0.3356203013434981,-0.028420656211666832,-0.024932587893359046,-0.028420743893482595,0.3377652125218534,0.0010522697522973921,-0.02493224621494275,0.0010518198483757289,0.3312371869131379,0.8633210479891895,0.9653461828993732,1.083228052358472,0.2978513437140782,0.33305067494362184,0.37372068212078935,1.3880052017918903e-06,,
