sample_name,porosity,nu,g,all_converged,total_iterations,iterations_x,iterations_y,iterations_z,K_star_xx,K_star_xy,K_star_xz,K_star_yx,K_star_yy,K_star_yz,K_star_zx,K_star_zy,K_star_zz,K_xx,K_xy,K_xz,K_yx,K_yy,K_yz,K_zx,K_zy,K_zz,K_star_eig1,K_star_eig2,K_star_eig3,K_eig1,K_eig2,K_eig3,symmetry_error,error_type,error_message
eps_0.02_coeffs_0.443_0.241_0.704_53.519_78.304_-3374.225_m_-0.497_rho_0.375_,0.6247334480285645,0.16666666666666666,1e-05,True,32500,12500,10000,10000,2.6699936007838314,0.15911943540852463,-0.038891595584113654,0.15907837790074947,2.866592279606765,0.06457780487665853,-0.03881759101467283,0.06454806012118738,2.9913528654559083,1.6680343084318854,0.09940723353112604,-0.024296880608595816,0.0993815835327262,1.790856078930797,0.040343914706710726,-0.02425064747875918,0.04032533216306447,1.8687981899063961,2.5710476019449326,2.9348242165616956,3.0220669273398775,1.6062194334086295,1.8334828521703177,1.8879862916901307,2.5705702078667527e-05,,
