sample_name,porosity,nu,g,all_converged,total_iterations,iterations_x,iterations_y,iterations_z,K_star_xx,K_star_xy,K_star_xz,K_star_yx,K_star_yy,K_star_yz,K_star_zx,K_star_zy,K_star_zz,K_xx,K_xy,K_xz,K_yx,K_yy,K_yz,K_zx,K_zy,K_zz,K_star_eig1,K_star_eig2,K_star_eig3,K_eig1,K_eig2,K_eig3,symmetry_error,error_type,error_message
eps_0.02_coeffs_0.384_-0.669_0.737_-26.594_73.844_-1019.448_m_-0.448_rho_0.673_,0.32674646377563477,0.16666666666666666,1e-05,True,67500,25000,17500,25000,0.6154522938879637,0.002687520109229391,-0.005156813415443949,0.0026875254707999286,0.6268400011906585,-0.008122547986378568,-0.005156893185086944,-0.008122554016275435,0.6261591331484335,0.20109686065049487,0.0008781376920166111,-0.0016849705478470635,0.0008781394438908246,0.20481775374216235,-0.0026540138313971,-0.001684996612295829,-0.002654015801644578,0.2045952825170675,0.6133379228994257,0.6190012186704438,0.6361122866571863,0.20040599740688025,0.20225645927337593,0.20784744022946847,1.0509679896041093e-07,,
