sample_name,porosity,nu,g,all_converged,total_iterations,iterations_x,iterations_y,iterations_z,K_star_xx,K_star_xy,K_star_xz,K_star_yx,K_star_yy,K_star_yz,K_star_zx,K_star_zy,K_star_zz,K_xx,K_xy,K_xz,K_yx,K_yy,K_yz,K_zx,K_zy,K_zz,K_star_eig1,K_star_eig2,K_star_eig3,K_eig1,K_eig2,K_eig3,symmetry_error,error_type,error_message
eps_0.02_coeffs_0.556_0.036_0.939_93.69_95.02_-3454.271_m_-0.388_rho_0.423_,0.5766434669494629,0.16666666666666666,1e-05,True,47500,15000,15000,17500,2.1618107388668713,-0.03411601927417557,0.1950285065566022,-0.034153958242919925,2.5191836635544576,0.3377335481839363,0.19497777892566434,0.3377170534138496,1.9155258724417759,1.2465940393487727,-0.0196727796327753,0.11246191417477515,-0.01969465689124453,1.4526708016344916,0.19475184412992852,0.112432662417801,0.1947423325285192,1.1045754801162202,1.6865249101093573,2.2347374650967784,2.675257899656969,0.9725235712620911,1.2886467595952609,1.5426699902421328,2.3905467014291187e-05,,
