sample_name,porosity,nu,g,all_converged,total_iterations,iterations_x,iterations_y,iterations_z,K_star_xx,K_star_xy,K_star_xz,K_star_yx,K_star_yy,K_star_yz,K_star_zx,K_star_zy,K_star_zz,K_xx,K_xy,K_xz,K_yx,K_yy,K_yz,K_zx,K_zy,K_zz,K_star_eig1,K_star_eig2,K_star_eig3,K_eig1,K_eig2,K_eig3,symmetry_error,error_type,error_message
eps_0.02_coeffs_0.391_-0.4_0.89_48.856_93.087_-1391.016_m_-0.452_rho_0.401_,0.5990371704101562,0.16666666666666666,1e-05,True,47500,12500,20000,15000,2.6374683960685883,0.2770370416148154,0.48446571256844173,0.277241256624383,1.89062476051591,0.1420323764229607,0.4846789342913749,0.14207162026334555,2.2502912641242996,1.5799416050271404,0.16595548550773973,0.2902129696177394,0.16607781788922638,1.1325545068468301,0.08508267287904057,0.29034069735531526,0.08510618139814073,1.348008111459714,1.797299419427374,1.9326246488602195,3.048460352421205,1.076649158593591,1.157714001118148,1.8261410636219462,0.00010446236980271718,,
