sample_name,porosity,nu,g,all_converged,total_iterations,iterations_x,iterations_y,iterations_z,K_star_xx,K_star_xy,K_star_xz,K_star_yx,K_star_yy,K_star_yz,K_star_zx,K_star_zy,K_star_zz,K_xx,K_xy,K_xz,K_yx,K_yy,K_yz,K_zx,K_zy,K_zz,K_star_eig1,K_star_eig2,K_star_eig3,K_eig1,K_eig2,K_eig3,symmetry_error,error_type,error_message
eps_0.02_coeffs_0.407_0.634_0.943_45.86_53.289_-2595.43_m_-0.296_rho_0.605_,0.3945002555847168,0.16666666666666666,1e-05,True,50000,15000,17500,17500,1.4925852092911311,0.0647504290313269,-0.024654342419231517,0.06473896230341841,1.5945194516704966,-0.19185939191358498,-0.024649821049872667,-0.19185436765370575,1.5614689767258798,0.5888252465473193,0.02554406080207853,-0.009726144385659958,0.02553953717498791,0.6290383312188134,-0.07568857914623763,-0.0097243607042923,-0.07568659707443114,0.6159999104059658,1.3790599628331681,1.4846973017090932,1.7848163731452462,0.544039507804335,0.5857134649901765,0.704110515377587,6.9710428972517694e-06,,
