sample_name,porosity,nu,g,all_converged,total_iterations,iterations_x,iterations_y,iterations_z,K_star_xx,K_star_xy,K_star_xz,K_star_yx,K_star_yy,K_star_yz,K_star_zx,K_star_zy,K_star_zz,K_xx,K_xy,K_xz,K_yx,K_yy,K_yz,K_zx,K_zy,K_zz,K_star_eig1,K_star_eig2,K_star_eig3,K_eig1,K_eig2,K_eig3,symmetry_error,error_type,error_message
eps_0.02_coeffs_0.278_-0.173_0.336_19.142_81.512_163.618_m_-0.557_rho_0.405_,0.594794750213623,0.16666666666666666,1e-05,True,22500,7500,7500,7500,15.946502218817026,0.9880462555657198,0.9489099553723043,0.9879893520642076,11.86293043090578,0.48918539856466253,0.9519940245032656,0.4951968568782491,14.05391552212922,9.484895804022258,0.5876847257787179,0.5644066598808899,0.5876508798747496,7.056008742452192,0.2909649069474201,0.5662410480092817,0.2945404907934694,8.359195172508208,11.603539644531715,13.660597350823847,16.59921117649647,6.901724464463112,8.125251589052148,9.873123665467396,0.00039114774234076877,,
