sample_name,porosity,nu,g,all_converged,total_iterations,iterations_x,iterations_y,iterations_z,K_star_xx,K_star_xy,K_star_xz,K_star_yx,K_star_yy,K_star_yz,K_star_zx,K_star_zy,K_star_zz,K_xx,K_xy,K_xz,K_yx,K_yy,K_yz,K_zx,K_zy,K_zz,K_star_eig1,K_star_eig2,K_star_eig3,K_eig1,K_eig2,K_eig3,symmetry_error,error_type,error_message
eps_0.02_coeffs_0.774_0.522_0.802_-7.25_32.232_-3261.764_m_-0.285_rho_0.578_,0.42240095138549805,0.16666666666666666,1e-05,True,42500,12500,15000,15000,1.5966313080296655,0.0036571957632836995,0.023197047326120733,0.0036567016421848067,1.5850582373548396,0.006341057831605258,0.023198661127298868,0.0063397609327095605,1.5576308368060796,0.6744185835236028,0.0015448029698140473,0.00979845485988782,0.0015445942525917754,0.6695301074601049,0.0026784688608605246,0.009799136531040812,0.002677921049533131,0.6579447473742774,1.5463618017411058,1.5840015687470232,1.6089570117024559,0.653184696241636,0.6690837696348639,0.6796249724814852,1.0999500367707295e-06,,
