sample_name,porosity,nu,g,all_converged,total_iterations,iterations_x,iterations_y,iterations_z,K_star_xx,K_star_xy,K_star_xz,K_star_yx,K_star_yy,K_star_yz,K_star_zx,K_star_zy,K_star_zz,K_xx,K_xy,K_xz,K_yx,K_yy,K_yz,K_zx,K_zy,K_zz,K_star_eig1,K_star_eig2,K_star_eig3,K_eig1,K_eig2,K_eig3,symmetry_error,error_type,error_message
eps_0.02_coeffs_0.944_1.283_0.876_105.885_99.409_-3632.516_m_-0.216_rho_0.687_,0.3126258850097656,0.16666666666666666,1e-05,True,145000,45000,42500,57500,0.7042771239272717,-0.00656893303655863,-0.009027831969661159,-0.006568387045318125,0.6556731957127917,0.005549341474359347,-0.009028042529634522,0.005549128364647829,0.6253280218480072,0.2201752591598957,-0.0020536185041240287,-0.002822333959234775,-0.0020534478131292583,0.20498041308689277,0.0017348677896429885,-0.002822399785732796,0.0017348011660308208,0.1954937262516393,0.6235834653174466,0.6553835437282199,0.7063113324424038,0.19494833272232323,0.20488986037887125,0.22081120539723328,7.673888904917354e-07,,
