sample_name,porosity,nu,g,all_converged,total_iterations,iterations_x,iterations_y,iterations_z,K_star_xx,K_star_xy,K_star_xz,K_star_yx,K_star_yy,K_star_yz,K_star_zx,K_star_zy,K_star_zz,K_xx,K_xy,K_xz,K_yx,K_yy,K_yz,K_zx,K_zy,K_zz,K_star_eig1,K_star_eig2,K_star_eig3,K_eig1,K_eig2,K_eig3,symmetry_error,error_type,error_message
eps_0.02_coeffs_0.145_0.296_0.321_90.106_67.092_-3379.664_m_-0.585_rho_0.377_,0.6226210594177246,0.16666666666666666,1e-05,True,82500,22500,27500,32500,1.3169447150561224,0.047257672036890755,0.008460300806455733,0.04726201009343472,0.9130829464060128,0.01624694435585913,0.008423683972590872,0.0162100113280281,1.0802266389388775,0.8199575136828164,0.0294236218292243,0.005267561451108098,0.029426322794585517,0.5685046714275692,0.010115689707145832,0.005244763039214635,0.010092694426230174,0.6725718543473718,0.9063065284675066,1.081113815215374,1.3228339567181324,0.5642855309116387,0.6731242289805344,0.8236242795655841,3.8163695315738614e-05,,
