sample_name,porosity,nu,g,all_converged,total_iterations,iterations_x,iterations_y,iterations_z,K_star_xx,K_star_xy,K_star_xz,K_star_yx,K_star_yy,K_star_yz,K_star_zx,K_star_zy,K_star_zz,K_xx,K_xy,K_xz,K_yx,K_yy,K_yz,K_zx,K_zy,K_zz,K_star_eig1,K_star_eig2,K_star_eig3,K_eig1,K_eig2,K_eig3,symmetry_error,error_type,error_message
eps_0.02_coeffs_0.797_0.336_0.42_45.408_101.456_-2667.505_m_-0.578_rho_0.459_,0.54132080078125,0.16666666666666666,1e-05,True,32500,12500,10000,10000,2.4130132514998777,-0.09931971026088937,0.3452715767483041,-0.09939836331219583,3.7534141869939064,-0.2234681456447592,0.34525409946408264,-0.22356722503466017,3.18633261583429,1.3062142655976816,-0.053763825091786364,0.1869026864123968,-0.053806401624503467,2.0318011733672456,-0.12096795554952205,0.18689322559490656,-0.12102158928420417,1.724828123158833,2.2811813673104466,3.208534840303445,3.8630438467141848,1.2348509244797576,1.736846649087601,2.0911459885564017,3.274395683593045e-05,,
