sample_name,porosity,nu,g,all_converged,total_iterations,iterations_x,iterations_y,iterations_z,K_star_xx,K_star_xy,K_star_xz,K_star_yx,K_star_yy,K_star_yz,K_star_zx,K_star_zy,K_star_zz,K_xx,K_xy,K_xz,K_yx,K_yy,K_yz,K_zx,K_zy,K_zz,K_star_eig1,K_star_eig2,K_star_eig3,K_eig1,K_eig2,K_eig3,symmetry_error,error_type,error_message
eps_0.02_coeffs_0.681_1.026_0.662_109.582_143.274_-3301.517_m_-0.305_rho_0.438_,0.5618176460266113,0.16666666666666666,1e-05,True,135000,50000,37500,47500,0.6212206915715484,0.11338022538007621,-0.12748553690454523,0.11338678680095327,0.9974242394528925,-0.3492653161111118,-0.12748614442973144,-0.3492506846050212,0.9591772516136731,0.34901274660175086,0.06369901132900106,-0.07162362424615029,0.06370269765103281,0.5603705382993072,-0.1962234177362851,-0.0716239655645203,-0.19621519749797547,0.5388827056238685,0.5784091621920837,0.632569933929516,1.366843086516515,0.324960473942981,0.35538895122748954,0.767916565354456,1.4066010382388866e-05,,
