sample_name,porosity,nu,g,all_converged,total_iterations,iterations_x,iterations_y,iterations_z,K_star_xx,K_star_xy,K_star_xz,K_star_yx,K_star_yy,K_star_yz,K_star_zx,K_star_zy,K_star_zz,K_xx,K_xy,K_xz,K_yx,K_yy,K_yz,K_zx,K_zy,K_zz,K_star_eig1,K_star_eig2,K_star_eig3,K_eig1,K_eig2,K_eig3,symmetry_error,error_type,error_message
eps_0.02_coeffs_0.967_0.01_0.508_-33.943_145.243_601.346_m_-0.286_rho_0.622_,0.37751340866088867,0.16666666666666666,1e-05,True,70000,22500,25000,22500,0.7402178676225829,-0.004405221005988314,0.006113004776124902,-0.004405252846545755,0.7525067540978279,0.003817447028555283,0.006113124773527932,0.0038173425541213803,0.7459653356694156,0.27944217035789576,-0.0016630299978751975,0.0023077412701952046,-0.0016630420181125705,0.2840813897798121,0.0014411374401322858,0.0023077865708238526,0.0014410979996326253,0.2816119166114251,0.7344872871282229,0.7497061034573359,0.7544965668042678,0.2772787993818643,0.2830241066100518,0.2848325707572169,1.7752646343502353e-07,,
