sample_name,porosity,nu,g,all_converged,total_iterations,iterations_x,iterations_y,iterations_z,K_star_xx,K_star_xy,K_star_xz,K_star_yx,K_star_yy,K_star_yz,K_star_zx,K_star_zy,K_star_zz,K_xx,K_xy,K_xz,K_yx,K_yy,K_yz,K_zx,K_zy,K_zz,K_star_eig1,K_star_eig2,K_star_eig3,K_eig1,K_eig2,K_eig3,symmetry_error,error_type,error_message
eps_0.02_coeffs_0.762_1.29_0.868_16.401_50.906_783.586_m_-0.571_rho_0.551_,0.4488191604614258,0.16666666666666666,1e-05,True,37500,12500,12500,12500,47.35028045842473,-5.208249369379684,-1.185417239824758,-5.187178857844409,17.503014215820993,6.254870797262378,-1.2357789212333403,6.260057621528309,23.18083959385516,21.251713122963242,-2.33756210943874,-0.5320379703746485,-2.328105260140985,7.855688145889179,2.8073058600219896,-0.5546412579438742,2.809633806134485,10.404004965305052,13.05854325138422,26.537788536989,48.43780247972765,5.860924418935489,11.910667971674256,21.739813843547736,0.001366458098170689,,
