sample_name,porosity,nu,g,all_converged,total_iterations,iterations_x,iterations_y,iterations_z,K_star_xx,K_star_xy,K_star_xz,K_star_yx,K_star_yy,K_star_yz,K_star_zx,K_star_zy,K_star_zz,K_xx,K_xy,K_xz,K_yx,K_yy,K_yz,K_zx,K_zy,K_zz,K_star_eig1,K_star_eig2,K_star_eig3,K_eig1,K_eig2,K_eig3,symmetry_error,error_type,error_message
eps_0.02_coeffs_0.187_-0.074_0.55_-7.346_66.745_374.498_m_-0.201_rho_0.473_,0.5267210006713867,0.16666666666666666,1e-05,True,50000,17500,17500,15000,1.268675877520298,0.013049245740166774,0.07104329780931112,0.013047571247005209,1.3275217642223511,-0.003991266999577103,0.07104494933686599,-0.003992266890871504,1.3322638978462746,0.668238227735141,0.006873311774267474,0.03741999691311569,0.006872429783553797,0.6992335920642415,-0.0021022841479639348,0.03742086680736203,-0.0021028108117070845,0.7017313734319519,1.2210174575944344,1.3288586728635259,1.378585409130963,0.6431355371013728,0.6999377699215271,0.7261298862084338,1.5914914586822785e-06,,
