sample_name,porosity,nu,g,all_converged,total_iterations,iterations_x,iterations_y,iterations_z,K_star_xx,K_star_xy,K_star_xz,K_star_yx,K_star_yy,K_star_yz,K_star_zx,K_star_zy,K_star_zz,K_xx,K_xy,K_xz,K_yx,K_yy,K_yz,K_zx,K_zy,K_zz,K_star_eig1,K_star_eig2,K_star_eig3,K_eig1,K_eig2,K_eig3,symmetry_error,error_type,error_message
eps_0.02_coeffs_0.271_0.612_0.804_9.147_18.879_-84.164_m_-0.487_rho_0.429_,0.5714054107666016,0.16666666666666666,1e-05,True,30000,10000,10000,10000,22.465436651872555,-1.062503388521111,-4.063702497405275,-1.0484728514630237,10.86387051645931,1.2022214033924028,-4.063561144706855,1.197617881117163,16.510399658486712,12.836872058114302,-0.6071201851588115,-2.322021594763126,-0.5991030603678591,6.207674394972604,0.6869558148378361,-2.3219408250664224,0.6843253373011795,9.434131698778359,10.615083741293086,14.54084633645342,24.68377674907206,6.06551628551545,8.308718273775204,14.10444359257461,0.000683544092092935,,
