sample_name,porosity,nu,g,all_converged,total_iterations,iterations_x,iterations_y,iterations_z,K_star_xx,K_star_xy,K_star_xz,K_star_yx,K_star_yy,K_star_yz,K_star_zx,K_star_zy,K_star_zz,K_xx,K_xy,K_xz,K_yx,K_yy,K_yz,K_zx,K_zy,K_zz,K_star_eig1,K_star_eig2,K_star_eig3,K_eig1,K_eig2,K_eig3,symmetry_error,error_type,error_message
eps_0.02_coeffs_0.976_1.229_0.606_78.369_142.696_-2496.761_m_-0.294_rho_0.593_,0.4069375991821289,0.16666666666666666,1e-05,True,90000,30000,30000,30000,0.7096379233620752,0.035310033423883724,-0.050808274512225436,0.03530934196292885,0.7389858456673859,-0.05088867617980034,-0.050808415211812334,-0.05088732525117803,0.8157713413225789,0.28877835282155445,0.01436898022855597,-0.02067579724859157,0.014368698847095065,0.30072112586546124,-0.020708515710164743,-0.020675854504543668,-0.020707965966514513,0.33196803111939527,0.6832594891001524,0.7158482784832626,0.8652873427686247,0.278043976112824,0.29130557982463895,0.3521179538689481,1.6396831377579442e-06,,
