sample_name,porosity,nu,g,all_converged,total_iterations,iterations_x,iterations_y,iterations_z,K_star_xx,K_star_xy,K_star_xz,K_star_yx,K_star_yy,K_star_yz,K_star_zx,K_star_zy,K_star_zz,K_xx,K_xy,K_xz,K_yx,K_yy,K_yz,K_zx,K_zy,K_zz,K_star_eig1,K_star_eig2,K_star_eig3,K_eig1,K_eig2,K_eig3,symmetry_error,error_type,error_message
eps_0.02_coeffs_0.847_0.185_0.348_5.289_84.599_979.28_m_-0.3_rho_0.578_,0.42202138900756836,0.16666666666666666,1e-05,True,160000,35000,62500,62500,0.16666307183652604,-1.421688707126668e-10,1.7524471062894636e-10,-3.0095093084869542e-09,0.16666272151566314,-2.0256905973612975e-08,3.7161833995034788e-09,-2.0258216962245113e-08,0.16666296850017187,0.07033538107271886,-5.999830429179705e-11,7.395701619585732e-11,-1.270077298598871e-09,0.0703352332298217,-8.548847595979856e-09,1.5683088800653255e-09,-8.549400861223364e-09,0.07033533746256715,0.16666271984438974,0.16666296999773206,0.1666630720102392,0.07033523252450857,0.07033533809456954,0.07033538114602954,2.232173269910258e-08,,
