sample_name,porosity,nu,g,all_converged,total_iterations,iterations_x,iterations_y,iterations_z,K_star_xx,K_star_xy,K_star_xz,K_star_yx,K_star_yy,K_star_yz,K_star_zx,K_star_zy,K_star_zz,K_xx,K_xy,K_xz,K_yx,K_yy,K_yz,K_zx,K_zy,K_zz,K_star_eig1,K_star_eig2,K_star_eig3,K_eig1,K_eig2,K_eig3,symmetry_error,error_type,error_message
eps_0.02_coeffs_0.38_0.676_0.51_99.509_148.419_437.162_m_-0.512_rho_0.352_,0.6475415229797363,0.16666666666666666,1e-05,True,70000,22500,22500,25000,71.5441835021978,1.908428815278861,-8.530301553498052,1.5267547990626098,87.54109708285617,-0.7743713095587724,-9.602286324129727,0.7410821236332511,117.41430449025522,46.32782954535489,1.2357869015440877,-5.523724459428539,0.9886371278016237,56.686495328349636,-0.5014375771435003,-6.217879110414457,0.47988144699053265,76.03063754922636,69.46585521789616,87.68472592178907,119.34900393562401,44.98202568288635,56.77950096545603,77.28343577458851,0.016389507513178844,,
