sample_name,porosity,nu,g,all_converged,total_iterations,iterations_x,iterations_y,iterations_z,K_star_xx,K_star_xy,K_star_xz,K_star_yx,K_star_yy,K_star_yz,K_star_zx,K_star_zy,K_star_zz,K_xx,K_xy,K_xz,K_yx,K_yy,K_yz,K_zx,K_zy,K_zz,K_star_eig1,K_star_eig2,K_star_eig3,K_eig1,K_eig2,K_eig3,symmetry_error,error_type,error_message
eps_0.02_coeffs_0.371_0.602_0.376_-27.294_68.256_713.617_m_-0.336_rho_0.551_,0.44861364364624023,0.16666666666666666,1e-05,True,57500,17500,20000,20000,0.9359886301718522,-0.0065135160144122245,0.014996131016154088,-0.006512382155005592,0.94547839271367,0.006161484779117822,0.014997046472281618,0.006161689960394935,0.8977715476793892,0.41989726979284786,-0.0029220521521736045,0.006727468975753281,-0.0029215434873738127,0.4241545067440703,0.002764126137030896,0.00672787966186225,0.0027642181841512296,0.4027525651663751,0.8914124649223855,0.9389860138971065,0.9488400917454198,0.39989979388050756,0.4212419370272401,0.4256626107955458,1.2965808526020168e-06,,
