sample_name,porosity,nu,g,all_converged,total_iterations,iterations_x,iterations_y,iterations_z,K_star_xx,K_star_xy,K_star_xz,K_star_yx,K_star_yy,K_star_yz,K_star_zx,K_star_zy,K_star_zz,K_xx,K_xy,K_xz,K_yx,K_yy,K_yz,K_zx,K_zy,K_zz,K_star_eig1,K_star_eig2,K_star_eig3,K_eig1,K_eig2,K_eig3,symmetry_error,error_type,error_message
eps_0.02_coeffs_0.685_0.848_0.755_46.883_102.171_273.057_m_-0.482_rho_0.393_,0.6074881553649902,0.16666666666666666,1e-05,True,40000,12500,12500,15000,14.306999822505068,4.543618090523209,1.746321371506829,4.5528237871652495,9.435436323714237,0.3846115480099031,1.9487716520968832,0.4038074819710512,34.74826111400788,8.691332930980847,2.7601941724949435,1.0608695486511435,2.765786524166866,5.7319158073569865,0.2336469598326094,1.18385569615992,0.24530826234517544,21.109157046289667,6.69227871950635,16.837955808204235,34.9604627325166,4.065480054501295,10.228858714043213,21.238067016082994,0.007313057237968599,,
