sample_name,porosity,nu,g,all_converged,total_iterations,iterations_x,iterations_y,iterations_z,K_star_xx,K_star_xy,K_star_xz,K_star_yx,K_star_yy,K_star_yz,K_star_zx,K_star_zy,K_star_zz,K_xx,K_xy,K_xz,K_yx,K_yy,K_yz,K_zx,K_zy,K_zz,K_star_eig1,K_star_eig2,K_star_eig3,K_eig1,K_eig2,K_eig3,symmetry_error,error_type,error_message
eps_0.02_coeffs_0.222_-0.664_0.737_105.819_95.904_602.479_m_-0.441_rho_0.359_,0.6410012245178223,0.16666666666666666,1e-05,True,32500,12500,10000,10000,28.801652376320995,4.3835504085027654,-5.717209568947582,4.349773417286409,15.775883426882737,2.264709075939276,-5.712037735152111,2.211756977791977,23.011114505861578,18.461894441358403,2.8098611795858726,-3.6647383345204108,2.7882100868556603,10.112360594482253,1.4516812908537018,-3.6614231827245116,1.417738931100495,14.750152575777093,12.842256262875257,22.020756577285432,32.72563746890463,8.231901990074705,14.115331930848852,20.97717369069419,0.0021481028588270306,,
