sample_name,porosity,nu,g,all_converged,total_iterations,iterations_x,iterations_y,iterations_z,K_star_xx,K_star_xy,K_star_xz,K_star_yx,K_star_yy,K_star_yz,K_star_zx,K_star_zy,K_star_zz,K_xx,K_xy,K_xz,K_yx,K_yy,K_yz,K_zx,K_zy,K_zz,K_star_eig1,K_star_eig2,K_star_eig3,K_eig1,K_eig2,K_eig3,symmetry_error,error_type,error_message
eps_0.02_coeffs_0.736_-0.305_0.683_95.149_67.927_-3571.244_m_-0.242_rho_0.474_,0.5261573791503906,0.16666666666666666,1e-05,True,50000,17500,17500,15000,2.061239740463439,0.18105509256529023,0.04957646293229051,0.18101115549591448,2.180137917810919,-0.053190077574733874,0.04958975232182367,-0.05320326637863317,2.2343750518279473,1.0845364996428746,0.09526347298598449,0.026085021804000463,0.09524035517271419,1.1470956530217828,-0.02798635181352794,0.02609201411436774,-0.027993291200021725,1.175632921308811,1.9142305713277754,2.2473602602036657,2.314161878570864,1.0071865404993776,1.1824651845155005,1.2176133489585903,1.800645660668642e-05,,
