sample_name,porosity,nu,g,all_converged,total_iterations,iterations_x,iterations_y,iterations_z,K_star_xx,K_star_xy,K_star_xz,K_star_yx,K_star_yy,K_star_yz,K_star_zx,K_star_zy,K_star_zz,K_xx,K_xy,K_xz,K_yx,K_yy,K_yz,K_zx,K_zy,K_zz,K_star_eig1,K_star_eig2,K_star_eig3,K_eig1,K_eig2,K_eig3,symmetry_error,error_type,error_message
eps_0.02_coeffs_0.392_0.72_0.657_8.637_78.523_-133.159_m_-0.373_rho_0.39_,0.6104154586791992,0.16666666666666666,1e-05,True,45000,10000,17500,17500,8.034296070113243,0.2585829387435492,0.2685977085902665,0.25973302072492827,2.59234323637638,0.7262613211393616,0.2701750116389529,0.7262691571900751,2.0154099820706426,4.904258520802663,0.15784302315975887,0.1639561934893094,0.15854505097994104,1.5824063856866077,0.4433211374642446,0.16491900365324944,0.4433259207107351,1.230237408632288,1.5214779798750322,3.0583432919428115,8.06222801674242,0.9287336789557193,1.8668600233497246,4.921308612816116,0.0003152906329781535,,
