sample_name,porosity,nu,g,all_converged,total_iterations,iterations_x,iterations_y,iterations_z,K_star_xx,K_star_xy,K_star_xz,K_star_yx,K_star_yy,K_star_yz,K_star_zx,K_star_zy,K_star_zz,K_xx,K_xy,K_xz,K_yx,K_yy,K_yz,K_zx,K_zy,K_zz,K_star_eig1,K_star_eig2,K_star_eig3,K_eig1,K_eig2,K_eig3,symmetry_error,error_type,error_message
eps_0.02_coeffs_0.182_0.05_0.493_63.051_88.556_-613.686_m_-0.413_rho_0.353_,0.646552562713623,0.16666666666666666,1e-05,True,37500,17500,10000,10000,1.8111421953826197,0.12561667742530122,1.2011612039555373,0.1259281343297439,3.009335498947401,-0.3420910903516913,1.2019846027015477,-0.3428542746172117,3.308594078760079,1.1709986278634101,0.08121778470889902,0.7766138546496335,0.08141915796864128,1.9456935789095215,-0.22117987114838356,0.7771462252190017,-0.2216733098910785,2.139179980601448,1.1032233647225798,2.9927780124655383,4.033070395901984,0.7132918937069301,1.934988293592577,2.6075920000748734,0.00032045735402757517,,
