sample_name,porosity,nu,g,all_converged,total_iterations,iterations_x,iterations_y,iterations_z,K_star_xx,K_star_xy,K_star_xz,K_star_yx,K_star_yy,K_star_yz,K_star_zx,K_star_zy,K_star_zz,K_xx,K_xy,K_xz,K_yx,K_yy,K_yz,K_zx,K_zy,K_zz,K_star_eig1,K_star_eig2,K_star_eig3,K_eig1,K_eig2,K_eig3,symmetry_error,error_type,error_message
eps_0.02_coeffs_0.457_-0.028_0.601_15.319_89.477_-834.664_m_-0.346_rho_0.581_,0.4186558723449707,0.16666666666666666,1e-05,True,57500,20000,17500,20000,1.0357040725880544,0.014248278452769006,0.05012350922122554,0.0142464883595247,1.0441263351921264,-0.003116980291759458,0.050125473973242345,-0.0031164089742786844,1.1378222171980115,0.4336035920005908,0.005965125445058058,0.020984501478003362,0.005964376012009284,0.43712962169821695,-0.001304942103128637,0.0209853240329729,-0.001304702917710338,0.4763559529145222,1.0092814746158791,1.0500009877020342,1.158370162660278,0.4225416161969294,0.43958907946947623,0.48495847094692446,2.0660682544804187e-06,,
