sample_name,porosity,nu,g,all_converged,total_iterations,iterations_x,iterations_y,iterations_z,K_star_xx,K_star_xy,K_star_xz,K_star_yx,K_star_yy,K_star_yz,K_star_zx,K_star_zy,K_star_zz,K_xx,K_xy,K_xz,K_yx,K_yy,K_yz,K_zx,K_zy,K_zz,K_star_eig1,K_star_eig2,K_star_eig3,K_eig1,K_eig2,K_eig3,symmetry_error,error_type,error_message
eps_0.02_coeffs_0.438_0.076_0.944_9.858_35.285_-3706.081_m_-0.297_rho_0.627_,0.3726015090942383,0.16666666666666666,1e-05,True,60000,20000,20000,20000,1.1505260397960646,0.025094192484861978,0.05703905347670505,0.02509397243648973,1.122391936926063,-0.0008924856151459326,0.05703908036046418,-0.0008924229564871886,1.1075406511455441,0.4286877386802313,0.009350133989360866,0.02125283740272726,0.009350051999005293,0.41820492949385624,-0.00033254148704827405,0.02125284741965648,-0.0003325181403374682,0.41267131800004503,1.0639958086276224,1.1208083809684564,1.195654438271593,0.39644644396459644,0.41761489415431685,0.44550264805521933,1.6673565474645385e-07,,
