sample_name,porosity,nu,g,all_converged,total_iterations,iterations_x,iterations_y,iterations_z,K_star_xx,K_star_xy,K_star_xz,K_star_yx,K_star_yy,K_star_yz,K_star_zx,K_star_zy,K_star_zz,K_xx,K_xy,K_xz,K_yx,K_yy,K_yz,K_zx,K_zy,K_zz,K_star_eig1,K_star_eig2,K_star_eig3,K_eig1,K_eig2,K_eig3,symmetry_error,error_type,error_message
eps_0.02_coeffs_0.916_1.322_0.587_59.885_85.182_-2419.811_m_-0.309_rho_0.626_,0.3740568161010742,0.16666666666666666,1e-05,True,87500,22500,32500,32500,1.2924939745503838,-0.08101759023021607,-0.008842182718849291,-0.08101654590006314,0.9410622838844764,-0.1027606892956224,-0.008833739816997309,-0.10276131424758093,1.1910880576834515,0.48346618095013943,-0.03030518184969612,-0.0033074787151967057,-0.03030479121088416,0.3520107616626325,-0.038438336258272254,-0.0033043205902112995,-0.03843857002581208,0.4455346065530845,0.8886548487005836,1.2238125271183597,1.3121769402993684,0.33240740331772234,0.45777541739850325,0.4908287284496311,6.024790905557276e-06,,
