sample_name,porosity,nu,g,all_converged,total_iterations,iterations_x,iterations_y,iterations_z,K_star_xx,K_star_xy,K_star_xz,K_star_yx,K_star_yy,K_star_yz,K_star_zx,K_star_zy,K_star_zz,K_xx,K_xy,K_xz,K_yx,K_yy,K_yz,K_zx,K_zy,K_zz,K_star_eig1,K_star_eig2,K_star_eig3,K_eig1,K_eig2,K_eig3,symmetry_error,error_type,error_message
eps_0.02_coeffs_0.166_0.726_0.583_14.604_21.413_-696.702_m_-0.546_rho_0.586_,0.4143385887145996,0.16666666666666666,1e-05,True,55000,25000,12500,17500,2.276784481417738,-0.439826411280377,0.14970874957246025,-0.43982702117591593,4.8791846575039495,-0.7925010804212167,0.14979071453924955,-0.7926942479404496,5.164376332483344,0.943359668837927,-0.18223705452931846,0.062030112016080594,-0.18223730723257534,2.0216344850681134,-0.3283637792165223,0.06206407326474412,-0.3284438159738268,2.1398004011922285,2.204324958720868,4.24453381382189,5.871486698862274,0.9133368924647723,1.7586741501703587,2.4327835124631374,3.918657586265116e-05,,
