sample_name,porosity,nu,g,all_converged,total_iterations,iterations_x,iterations_y,iterations_z,K_star_xx,K_star_xy,K_star_xz,K_star_yx,K_star_yy,K_star_yz,K_star_zx,K_star_zy,K_star_zz,K_xx,K_xy,K_xz,K_yx,K_yy,K_yz,K_zx,K_zy,K_zz,K_star_eig1,K_star_eig2,K_star_eig3,K_eig1,K_eig2,K_eig3,symmetry_error,error_type,error_message
eps_0.02_coeffs_0.494_0.797_0.834_41.165_53.994_-4043.462_m_-0.522_rho_0.392_,0.6083030700683594,0.16666666666666666,1e-05,True,30000,12500,7500,10000,3.750787679650135,-0.1946574155179994,-0.12497940695096499,-0.1945535948493116,4.203673206162639,-0.0911291689073539,-0.12496820269981658,-0.0911967456834396,4.291967045099135,2.2816156607057554,-0.11841070347117133,-0.07602535694359486,-0.11834754903967198,2.5571073168728367,-0.05543415321912146,-0.07601854136322346,-0.05547526037947971,2.6108167301660283,3.6443193859035814,4.252948864945604,4.34915968006272,2.2168506707547873,2.587081851390157,2.645607185599677,2.480608963291466e-05,,
