sample_name,porosity,nu,g,all_converged,total_iterations,iterations_x,iterations_y,iterations_z,K_star_xx,K_star_xy,K_star_xz,K_star_yx,K_star_yy,K_star_yz,K_star_zx,K_star_zy,K_star_zz,K_xx,K_xy,K_xz,K_yx,K_yy,K_yz,K_zx,K_zy,K_zz,K_star_eig1,K_star_eig2,K_star_eig3,K_eig1,K_eig2,K_eig3,symmetry_error,error_type,error_message
eps_0.02_coeffs_0.955_0.829_0.313_93.022_50.72_-2578.764_m_-0.331_rho_0.354_,0.6462192535400391,0.16666666666666666,1e-05,True,37500,10000,12500,15000,4.044742290274884,-1.0410884790074397,-0.2560936800023606,-1.0410105089336592,3.002892211473431,0.3575412564619873,-0.25615167285872664,0.35754547268951636,2.0935800596490606,2.613790343583264,-0.6727714197733223,-0.16549266672744709,-0.6727210340104455,1.9405267633595575,0.2310500438606331,-0.16553014282779863,0.23105276846803968,1.3529117433727265,1.9610740230569659,2.429969078739731,4.750171459600678,1.267283791316634,1.5702928041885647,3.069652254810348,2.4197256821605952e-05,,
