sample_name,porosity,nu,g,all_converged,total_iterations,iterations_x,iterations_y,iterations_z,K_star_xx,K_star_xy,K_star_xz,K_star_yx,K_star_yy,K_star_yz,K_star_zx,K_star_zy,K_star_zz,K_xx,K_xy,K_xz,K_yx,K_yy,K_yz,K_zx,K_zy,K_zz,K_star_eig1,K_star_eig2,K_star_eig3,K_eig1,K_eig2,K_eig3,symmetry_error,error_type,error_message
eps_0.02_coeffs_0.295_0.34_0.659_108.415_62.954_-2853.129_m_-0.462_rho_0.424_,0.5764656066894531,0.16666666666666666,1e-05,True,30000,10000,10000,10000,4.7417853435271295,-0.03775040874529345,0.6591882974046039,-0.036657018258794215,7.435876423792445,-2.8107598537952,0.6579986329300176,-2.8112162621911767,4.927987835292783,2.7334761648475236,-0.021761812280130428,0.3799993817859327,-0.021131510269982168,4.286527013909313,-1.6203063843764085,0.37931358113283337,-1.6205694881192934,2.8408154972302992,2.944156025254293,4.8677927348808385,9.293700842477222,1.6972046892866257,2.8061150921515945,5.357498894548913,0.00021791197238501788,,
