sample_name,porosity,nu,g,all_converged,total_iterations,iterations_x,iterations_y,iterations_z,K_star_xx,K_star_xy,K_star_xz,K_star_yx,K_star_yy,K_star_yz,K_star_zx,K_star_zy,K_star_zz,K_xx,K_xy,K_xz,K_yx,K_yy,K_yz,K_zx,K_zy,K_zz,K_star_eig1,K_star_eig2,K_star_eig3,K_eig1,K_eig2,K_eig3,symmetry_error,error_type,error_message
eps_0.02_coeffs_0.624_0.385_0.374_-10.392_52.998_783.2_m_-0.61_rho_0.391_,0.6090621948242188,0.16666666666666666,1e-05,True,62500,20000,20000,22500,74.8976186446139,0.11104005404562388,-6.010114843038628,-0.4013334960254928,57.38368247239556,0.8478940242302926,-6.66954155329929,0.37427222622646256,126.41919016898206,45.61730799879587,0.06763029903042755,-3.6605337374467215,-0.2444370599457635,34.95023159373329,0.5164201953760413,-4.062165616923794,0.2279550635672358,76.99714943222051,57.37375321733585,74.05562098612981,127.27111708252588,34.94418405985367,45.10447905688271,77.51602590801328,0.008592757287073698,,
