sample_name,porosity,nu,g,all_converged,total_iterations,iterations_x,iterations_y,iterations_z,K_star_xx,K_star_xy,K_star_xz,K_star_yx,K_star_yy,K_star_yz,K_star_zx,K_star_zy,K_star_zz,K_xx,K_xy,K_xz,K_yx,K_yy,K_yz,K_zx,K_zy,K_zz,K_star_eig1,K_star_eig2,K_star_eig3,K_eig1,K_eig2,K_eig3,symmetry_error,error_type,error_message
eps_0.02_coeffs_0.861_0.792_0.831_4.149_105.476_-2738.733_m_-0.498_rho_0.386_,0.6142001152038574,0.16666666666666666,1e-05,True,27500,7500,10000,10000,3.5832707397352435,-0.17329813827631535,-0.06278117615495064,-0.17326134507915392,3.321465938150152,0.004220948776278644,-0.0627998685927906,0.004266367220104625,3.306906014212264,2.2008453011519977,-0.1064397364939269,-0.03856020562700435,-0.10641713810799162,2.0400447618575117,0.0025925072246599243,-0.03857168652447909,0.0026204032380902215,2.0311020548975014,3.2271217049096,3.3058813249617405,3.67863966222632,1.9820985229323442,2.0304726906417816,2.259420904332884,1.4695807906370278e-05,,
