sample_name,porosity,nu,g,all_converged,total_iterations,iterations_x,iterations_y,iterations_z,K_star_xx,K_star_xy,K_star_xz,K_star_yx,K_star_yy,K_star_yz,K_star_zx,K_star_zy,K_star_zz,K_xx,K_xy,K_xz,K_yx,K_yy,K_yz,K_zx,K_zy,K_zz,K_star_eig1,K_star_eig2,K_star_eig3,K_eig1,K_eig2,K_eig3,symmetry_error,error_type,error_message
eps_0.02_coeffs_0.279_1.292_0.802_19.881_60.786_-2993.09_m_-0.493_rho_0.372_,0.6276326179504395,0.16666666666666666,1e-05,True,30000,10000,12500,7500,3.1037318378674232,-0.05578089353752878,-0.005325575893045654,-0.05577889221985902,3.3700978356317934,-0.09080056663662038,-0.005339359390309282,-0.09078622908915912,3.56858847071025,1.9480033388168598,-0.03500990824257394,-0.0033425051398459932,-0.03500865215032552,2.1151833273266925,-0.05698939734952538,-0.0033511561123180772,-0.05698039863707728,2.2397625242596293,3.0913366042963037,3.3467599600089386,3.6043215799042243,1.9402236859205109,2.1005357153521187,2.262189789130552,4.866060551652164e-06,,
