sample_name,porosity,nu,g,all_converged,total_iterations,iterations_x,iterations_y,iterations_z,K_star_xx,K_star_xy,K_star_xz,K_star_yx,K_star_yy,K_star_yz,K_star_zx,K_star_zy,K_star_zz,K_xx,K_xy,K_xz,K_yx,K_yy,K_yz,K_zx,K_zy,K_zz,K_star_eig1,K_star_eig2,K_star_eig3,K_eig1,K_eig2,K_eig3,symmetry_error,error_type,error_message
eps_0.02_coeffs_0.599_-0.632_0.377_46.759_47.091_-3846.947_m_-0.288_rho_0.672_,0.32810115814208984,0.16666666666666666,1e-05,True,65000,22500,22500,20000,0.7108819512530347,0.02551995575131449,-0.007602526359387802,0.025520037155535358,0.6905552482688777,-0.009761339672786608,-0.007602290485695544,-0.009761181175105226,0.7269589103770294,0.23324119150842934,0.00837312703774117,-0.002494397703320904,0.008373153746560315,0.22657197671811716,-0.0032027068516596144,-0.0024943203128892986,-0.00320265484838679,0.23851606041641504,0.6729669845171707,0.7159646541672464,0.739464471214525,0.22080124701147363,0.23490883222107437,0.2426191494104137,3.3994895661308975e-07,,
