sample_name,porosity,nu,g,all_converged,total_iterations,iterations_x,iterations_y,iterations_z,K_star_xx,K_star_xy,K_star_xz,K_star_yx,K_star_yy,K_star_yz,K_star_zx,K_star_zy,K_star_zz,K_xx,K_xy,K_xz,K_yx,K_yy,K_yz,K_zx,K_zy,K_zz,K_star_eig1,K_star_eig2,K_star_eig3,K_eig1,K_eig2,K_eig3,symmetry_error,error_type,error_message
eps_0.02_coeffs_0.983_0.343_0.482_101.817_124.24_-3847.151_m_-0.261_rho_0.584_,0.4160161018371582,0.16666666666666666,1e-05,True,72500,22500,25000,25000,1.0236993334373856,-0.0004996330080461146,-0.03326466324794099,-0.000499154832026837,1.0316442596999456,0.029355515063057745,-0.033265736163894936,0.029356311371978104,0.9999649985677876,0.42587540614991837,-0.00020785537635651812,-0.013838635533334191,-0.00020765644743298622,0.42918062340305224,0.012212366943955262,-0.013839081883646952,0.012212698221288168,0.4160015406777705,0.9672463137393799,1.0274474845394268,1.0606147934263117,0.4023900409582177,0.4274346973604863,0.44123283191203716,1.1369150036318228e-06,,
