sample_name,porosity,nu,g,all_converged,total_iterations,iterations_x,iterations_y,iterations_z,K_star_xx,K_star_xy,K_star_xz,K_star_yx,K_star_yy,K_star_yz,K_star_zx,K_star_zy,K_star_zz,K_xx,K_xy,K_xz,K_yx,K_yy,K_yz,K_zx,K_zy,K_zz,K_star_eig1,K_star_eig2,K_star_eig3,K_eig1,K_eig2,K_eig3,symmetry_error,error_type,error_message
eps_0.02_coeffs_0.828_1.407_0.601_-17.07_72.81_-1857.003_m_-0.47_rho_0.594_,0.4055914878845215,0.16666666666666666,1e-05,True,47500,17500,15000,15000,1.3587194822206095,0.00047996232334627083,-0.006196409316714447,0.0004773274067301898,1.3053776242059814,0.006366772173956245,-0.0061968641142604135,0.006370285580169013,1.329216480571555,0.5510850564115436,0.00019466863285452578,-0.0025132108743077235,0.00019359993310375784,0.5294500528528657,0.002582308599056683,-0.0025133953363210785,0.0025837336067100623,0.5391188900756441,1.3037099934376417,1.329623652296927,1.3599799412635771,0.5287736760082927,0.5392840354615622,0.5515962878701984,2.707846176603596e-06,,
