sample_name,porosity,nu,g,all_converged,total_iterations,iterations_x,iterations_y,iterations_z,K_star_xx,K_star_xy,K_star_xz,K_star_yx,K_star_yy,K_star_yz,K_star_zx,K_star_zy,K_star_zz,K_xx,K_xy,K_xz,K_yx,K_yy,K_yz,K_zx,K_zy,K_zz,K_star_eig1,K_star_eig2,K_star_eig3,K_eig1,K_eig2,K_eig3,symmetry_error,error_type,error_message
eps_0.02_coeffs_0.315_1.096_0.632_4.962_26.025_-2117.801_m_-0.617_rho_0.554_,0.4455533027648926,0.16666666666666666,1e-05,True,32500,10000,12500,10000,2.928972279110495,0.11358155596700965,0.1289839442819529,0.1136327374394226,2.7064590530222348,-0.08470982562521015,0.12903226978162866,-0.08465557274053874,3.020031773829816,1.3050132726644958,0.05060663739427664,0.057469222378466994,0.0506294414683506,1.2058717698720003,-0.037742742583950516,0.05749075396445529,-0.037718570032000645,1.3455851312847917,2.615935895221689,2.9281594482745357,3.1113677624663203,1.1655388779372604,1.304651113200945,1.3862801826830828,2.508782112261112e-05,,
