sample_name,porosity,nu,g,all_converged,total_iterations,iterations_x,iterations_y,iterations_z,K_star_xx,K_star_xy,K_star_xz,K_star_yx,K_star_yy,K_star_yz,K_star_zx,K_star_zy,K_star_zz,K_xx,K_xy,K_xz,K_yx,K_yy,K_yz,K_zx,K_zy,K_zz,K_star_eig1,K_star_eig2,K_star_eig3,K_eig1,K_eig2,K_eig3,symmetry_error,error_type,error_message
eps_0.02_coeffs_0.336_0.136_0.516_77.332_47.248_-2282.14_m_-0.209_rho_0.553_,0.44701671600341797,0.16666666666666666,1e-05,True,155000,55000,62500,37500,0.5183732067163551,0.045849088537985264,0.17015982020962453,0.04584951474197611,0.7132026868745546,0.008944042821040398,0.17015978613003493,0.0089486103918859,0.7481428892486849,0.231721488530506,0.020495308990000124,0.07606428402583838,0.020495499510308463,0.3188135229314774,0.003998136649655425,0.07606426879169216,0.004000178430174894,0.33443237745325594,0.42337005242419484,0.7110663663958912,0.8452823640195091,0.18925349048885848,0.3178585519667744,0.37785534645960656,5.484412162957194e-06,,
