sample_name,porosity,nu,g,all_converged,total_iterations,iterations_x,iterations_y,iterations_z,K_star_xx,K_star_xy,K_star_xz,K_star_yx,K_star_yy,K_star_yz,K_star_zx,K_star_zy,K_star_zz,K_xx,K_xy,K_xz,K_yx,K_yy,K_yz,K_zx,K_zy,K_zz,K_star_eig1,K_star_eig2,K_star_eig3,K_eig1,K_eig2,K_eig3,symmetry_error,error_type,error_message
eps_0.02_coeffs_0.192_1.01_0.741_112.665_116.873_-2930.663_m_-0.314_rho_0.613_,0.38661909103393555,0.16666666666666666,1e-05,True,217500,80000,72500,65000,0.16665783441166185,9.973924059041382e-12,1.3907086810275391e-11,6.2256339653239294e-12,0.16666017861661334,-3.2327133337385333e-12,6.829988454051616e-12,-2.0211914779423827e-12,0.16665847896921576,0.06443310045392085,3.85610945374808e-12,5.376745261518706e-12,2.4069489447835335e-12,0.06443400676830839,-1.2498286906632752e-12,2.64060392787771e-12,-7.814312120076208e-13,0.06443334965217647,0.16665783441166176,0.16665847896921582,0.16666017861661325,0.06443310045392082,0.0644333496521765,0.06443400676830839,3.968141756698607e-11,,
