sample_name,porosity,nu,g,all_converged,total_iterations,iterations_x,iterations_y,iterations_z,K_star_xx,K_star_xy,K_star_xz,K_star_yx,K_star_yy,K_star_yz,K_star_zx,K_star_zy,K_star_zz,K_xx,K_xy,K_xz,K_yx,K_yy,K_yz,K_zx,K_zy,K_zz,K_star_eig1,K_star_eig2,K_star_eig3,K_eig1,K_eig2,K_eig3,symmetry_error,error_type,error_message
eps_0.02_coeffs_0.255_1.353_0.786_19.591_22.832_-109.099_m_-0.287_rho_0.615_,0.38500070571899414,0.16666666666666666,1e-05,True,112500,55000,22500,35000,0.16666533566200292,2.238114650020795e-13,1.7491141429987901e-12,-7.645854050314273e-16,0.16666483176590843,-4.1868834890897297e-13,3.9422358476353044e-13,-1.2809960525354486e-12,0.16666534632349755,0.06416627184876417,8.616757197380257e-14,6.734101794376079e-13,-2.943659205195425e-16,0.06416607784841218,-1.6119530980627503e-13,1.5177635834503092e-13,-4.931843842493934e-13,0.06416627595344712,0.1666648317659084,0.16666533566200292,0.16666534632349753,0.06416607784841219,0.06416627184876417,0.06416627595344711,7.944484266504847e-12,,
