sample_name,porosity,nu,g,all_converged,total_iterations,iterations_x,iterations_y,iterations_z,K_star_xx,K_star_xy,K_star_xz,K_star_yx,K_star_yy,K_star_yz,K_star_zx,K_star_zy,K_star_zz,K_xx,K_xy,K_xz,K_yx,K_yy,K_yz,K_zx,K_zy,K_zz,K_star_eig1,K_star_eig2,K_star_eig3,K_eig1,K_eig2,K_eig3,symmetry_error,error_type,error_message
eps_0.02_coeffs_0.552_0.197_0.864_-0.409_85.774_-566.192_m_-0.636_rho_0.488_,0.5121736526489258,0.16666666666666666,1e-05,True,22500,7500,7500,7500,10.536627041738349,0.6582274783558794,-0.6922923051446468,0.6547123694902606,10.357146579743691,-2.4837676357914638,-0.6974270091062377,-2.486897592194791,9.573081059779417,5.396582758566575,0.3371267718634225,-0.35457387862667844,0.33532642571625987,5.304657594767655,-1.2721203423545007,-0.35720373870995736,-1.2737234235582247,4.903079893491474,7.443737634768084,10.152678261361297,12.870438785132077,3.812486293759446,5.19993430929076,6.591899643775497,0.0005471610493832391,,
