sample_name,porosity,nu,g,all_converged,total_iterations,iterations_x,iterations_y,iterations_z,K_star_xx,K_star_xy,K_star_xz,K_star_yx,K_star_yy,K_star_yz,K_star_zx,K_star_zy,K_star_zz,K_xx,K_xy,K_xz,K_yx,K_yy,K_yz,K_zx,K_zy,K_zz,K_star_eig1,K_star_eig2,K_star_eig3,K_eig1,K_eig2,K_eig3,symmetry_error,error_type,error_message
eps_0.02_coeffs_0.375_0.92_0.833_-8.34_32.159_564.136_m_-0.433_rho_0.457_,0.543391227722168,0.16666666666666666,1e-05,True,317500,100000,105000,112500,0.16666595171460113,-4.330228287878691e-09,-4.312173295735171e-09,-5.547279729939441e-09,0.1666659361418764,6.569277635553185e-09,-8.009900662180801e-09,9.136633994549851e-09,0.1666659869182193,0.09056481612168067,-2.3530080656676633e-09,-2.3431971413202816e-09,-3.014343142970089e-09,0.09056480765959865,3.5696878396310255e-09,-4.3525097547550314e-09,4.964766763546539e-09,0.09056483525101797,0.1666659335496269,0.16666595068275575,0.16666599054231412,0.090564806250993,0.09056481556098493,0.0905648372203193,2.2845168638991055e-08,,
