sample_name,porosity,nu,g,all_converged,total_iterations,iterations_x,iterations_y,iterations_z,K_star_xx,K_star_xy,K_star_xz,K_star_yx,K_star_yy,K_star_yz,K_star_zx,K_star_zy,K_star_zz,K_xx,K_xy,K_xz,K_yx,K_yy,K_yz,K_zx,K_zy,K_zz,K_star_eig1,K_star_eig2,K_star_eig3,K_eig1,K_eig2,K_eig3,symmetry_error,error_type,error_message
eps_0.02_coeffs_0.666_-0.293_0.526_69.268_111.271_-1084.738_m_-0.403_rho_0.524_,0.47609949111938477,0.16666666666666666,1e-05,True,55000,20000,15000,20000,1.468808042357238,0.22515136548659073,-0.09828838649926132,0.22513286278675185,2.0118927828022364,0.7905167635944231,-0.09829852092278084,0.7904068086175412,1.7631020550882441,0.6992987615183408,0.10719445053300046,-0.04679505079524372,0.10718564140702283,0.9578611300789076,0.37636462886864785,-0.04679987578912415,0.3763122793601083,0.8394119912190545,0.9849757453378031,1.5615942095261264,2.6972329253837897,0.46894645112026473,0.7434742084903667,1.2841512232056713,4.844097749708257e-05,,
