sample_name,porosity,nu,g,all_converged,total_iterations,iterations_x,iterations_y,iterations_z,K_star_xx,K_star_xy,K_star_xz,K_star_yx,K_star_yy,K_star_yz,K_star_zx,K_star_zy,K_star_zz,K_xx,K_xy,K_xz,K_yx,K_yy,K_yz,K_zx,K_zy,K_zz,K_star_eig1,K_star_eig2,K_star_eig3,K_eig1,K_eig2,K_eig3,symmetry_error,error_type,error_message
eps_0.02_coeffs_0.707_1.331_0.81_37.633_112.342_524.279_m_-0.297_rho_0.579_,0.42128658294677734,0.16666666666666666,1e-05,True,82500,20000,32500,30000,0.16665921215869178,-6.233520045296424e-13,1.6405210233675595e-14,-7.920751010175985e-11,0.16665927879613238,4.788880507490603e-13,5.984258779583554e-10,4.062606957888471e-13,0.16665828812582864,0.07021129000693727,-2.626098359613171e-13,6.911294961868694e-15,-3.3369061274492756e-11,0.0702113180803969,2.017491105141145e-13,2.5210879327200076e-10,1.711521803144636e-13,0.07021090072428983,0.1666582881254411,0.1666592121589852,0.16665927879622647,0.07021090072412656,0.07021129000706088,0.07021131808043657,2.9569032826385305e-09,,
