sample_name,porosity,nu,g,all_converged,total_iterations,iterations_x,iterations_y,iterations_z,K_star_xx,K_star_xy,K_star_xz,K_star_yx,K_star_yy,K_star_yz,K_star_zx,K_star_zy,K_star_zz,K_xx,K_xy,K_xz,K_yx,K_yy,K_yz,K_zx,K_zy,K_zz,K_star_eig1,K_star_eig2,K_star_eig3,K_eig1,K_eig2,K_eig3,symmetry_error,error_type,error_message
eps_0.02_coeffs_0.735_1.348_0.523_96.87_58.41_-2722.063_m_-0.267_rho_0.325_,0.6747393608093262,0.16666666666666666,1e-05,True,120000,42500,37500,40000,0.4264332010264531,0.172615174272272,0.295404530576869,0.17262610060456018,1.1928509299811207,0.2370821574920805,0.29540631914908305,0.23707130693875084,0.7242149035440544,0.28773126548846384,0.11647025235446325,0.19932106414161563,0.11647762478092737,0.8048634740362717,0.1599686634055024,0.1993222709616881,0.1599613421100843,0.4886563011059031,0.24388959233086085,0.724152497423221,1.3754569447975462,0.1645619076373722,0.4886141932398213,0.9280749397534449,1.3933300189550982e-05,,
