sample_name,porosity,nu,g,all_converged,total_iterations,iterations_x,iterations_y,iterations_z,K_star_xx,K_star_xy,K_star_xz,K_star_yx,K_star_yy,K_star_yz,K_star_zx,K_star_zy,K_star_zz,K_xx,K_xy,K_xz,K_yx,K_yy,K_yz,K_zx,K_zy,K_zz,K_star_eig1,K_star_eig2,K_star_eig3,K_eig1,K_eig2,K_eig3,symmetry_error,error_type,error_message
eps_0.02_coeffs_0.703_0.478_0.859_9.251_125.831_-76.574_m_-0.555_rho_0.352_,0.6479520797729492,0.16666666666666666,1e-05,True,32500,12500,10000,10000,29.324611987848503,0.07019310632097488,4.6681629320879265,0.16628527808057972,18.87053142979563,3.632848123811677,4.7293737555023405,3.6327616533393283,14.666895342555076,19.000943326061197,0.04548176922639942,3.024745880565361,0.10774489176793484,12.227200086356884,2.3539114973230326,3.064407560901345,2.3538554686006354,9.503445341020743,11.625534678309648,20.393882216136237,30.842621865753333,7.532789373283281,13.21425839659004,19.984540983565513,0.004157802975812515,,
