sample_name,porosity,nu,g,all_converged,total_iterations,iterations_x,iterations_y,iterations_z,K_star_xx,K_star_xy,K_star_xz,K_star_yx,K_star_yy,K_star_yz,K_star_zx,K_star_zy,K_star_zz,K_xx,K_xy,K_xz,K_yx,K_yy,K_yz,K_zx,K_zy,K_zz,K_star_eig1,K_star_eig2,K_star_eig3,K_eig1,K_eig2,K_eig3,symmetry_error,error_type,error_message
eps_0.02_coeffs_0.557_0.243_0.525_-36.192_7.46_742.145_m_-0.619_rho_0.303_,0.6972160339355469,0.16666666666666666,1e-05,True,37500,12500,12500,12500,18.645058746429182,10.96237138083753,-4.027264775557434,10.972375808744486,19.987891137844315,1.0180293088955885,-4.044467078743826,0.9918641454250853,29.516991161708624,12.999633911680634,7.643141096676087,-2.8078735744224845,7.650116344223169,13.93587818586328,0.7097863571783279,-2.819867296024657,0.6915435856761485,20.579719511477077,7.715485374927369,28.194182731961423,32.240272939093316,5.379360112994582,19.657436264432228,22.478435231594176,0.0010683449987674831,,
