sample_name,porosity,nu,g,all_converged,total_iterations,iterations_x,iterations_y,iterations_z,K_star_xx,K_star_xy,K_star_xz,K_star_yx,K_star_yy,K_star_yz,K_star_zx,K_star_zy,K_star_zz,K_xx,K_xy,K_xz,K_yx,K_yy,K_yz,K_zx,K_zy,K_zz,K_star_eig1,K_star_eig2,K_star_eig3,K_eig1,K_eig2,K_eig3,symmetry_error,error_type,error_message
eps_0.02_coeffs_0.256_0.369_0.923_11.263_5.47_-2079.387_m_-0.23_rho_0.463_,0.5368409156799316,0.16666666666666666,1e-05,True,32500,10000,12500,10000,3.5747025290724177,0.32997731886667736,-0.5447486687896979,0.33001798255735165,3.188070826632121,-0.30819148355472725,-0.5448411584228615,-0.3081491884747422,3.7878344679962717,1.9190465789906042,0.17714532601399585,-0.2924433741684852,0.17716715594693236,1.7114868618216645,-0.16544979823627637,-0.2924930263878437,-0.16542709250680845,2.0334645242431253,2.9988707725521686,3.1498370060931586,4.401900045055484,1.60991653154269,1.6909613825935859,2.363120050919118,2.5032053343614655e-05,,
