sample_name,porosity,nu,g,all_converged,total_iterations,iterations_x,iterations_y,iterations_z,K_star_xx,K_star_xy,K_star_xz,K_star_yx,K_star_yy,K_star_yz,K_star_zx,K_star_zy,K_star_zz,K_xx,K_xy,K_xz,K_yx,K_yy,K_yz,K_zx,K_zy,K_zz,K_star_eig1,K_star_eig2,K_star_eig3,K_eig1,K_eig2,K_eig3,symmetry_error,error_type,error_message
eps_0.02_coeffs_0.86_0.274_0.849_28.99_134.932_-3051.296_m_-0.555_rho_0.341_,0.6587271690368652,0.16666666666666666,1e-05,True,25000,10000,7500,7500,4.341458544566068,-0.12772702426485377,-0.13168677312650992,-0.12742350186643997,4.61660974516998,0.03438434001602043,-0.13143403853490324,0.034522680765477536,4.285780087612807,2.8598366965529154,-0.08413726110349012,-0.08674565526122582,-0.08393732265324372,3.041086267983825,0.022649898957954138,-0.08657917211917907,0.022741027768206457,2.8231597842277525,4.171990111637158,4.387844619511245,4.6840136462004525,2.748203235488541,2.890392464384284,3.085487048891668,7.731465102129786e-05,,
