sample_name,porosity,nu,g,all_converged,total_iterations,iterations_x,iterations_y,iterations_z,K_star_xx,K_star_xy,K_star_xz,K_star_yx,K_star_yy,K_star_yz,K_star_zx,K_star_zy,K_star_zz,K_xx,K_xy,K_xz,K_yx,K_yy,K_yz,K_zx,K_zy,K_zz,K_star_eig1,K_star_eig2,K_star_eig3,K_eig1,K_eig2,K_eig3,symmetry_error,error_type,error_message
eps_0.02_coeffs_0.663_-0.223_0.596_111.293_119.879_-2113.123_m_-0.397_rho_0.586_,0.4138474464416504,0.16666666666666666,1e-05,True,150000,50000,50000,50000,0.9963935354571974,0.03948728655452033,-0.19680244010645603,0.03948851237619583,0.8361777639642076,0.07575252757664684,-0.19679884272354187,0.0757491962419817,0.7521623515243798,0.4123549202999292,0.016341712707497954,-0.08144618729154267,0.01634222001066815,0.3460500323878764,0.031349990099095996,-0.08144469852380977,0.03134861143475159,0.3112804684879116,0.6103756467872945,0.8684514258952832,1.1059065782632067,0.25260240279309276,0.35940640496537324,0.45767661341725124,4.662552898807903e-06,,
