sample_name,porosity,nu,g,all_converged,total_iterations,iterations_x,iterations_y,iterations_z,K_star_xx,K_star_xy,K_star_xz,K_star_yx,K_star_yy,K_star_yz,K_star_zx,K_star_zy,K_star_zz,K_xx,K_xy,K_xz,K_yx,K_yy,K_yz,K_zx,K_zy,K_zz,K_star_eig1,K_star_eig2,K_star_eig3,K_eig1,K_eig2,K_eig3,symmetry_error,error_type,error_message
eps_0.02_coeffs_0.587_-0.666_0.647_15.35_77.98_-708.353_m_-0.248_rho_0.479_,0.5210666656494141,0.16666666666666666,1e-05,True,40000,15000,12500,12500,2.2619495708338646,-0.09158320384395909,-0.017945195185920672,-0.0915675968190247,2.199335145979214,0.017331258018354168,-0.017928863277623983,0.017337505553782433,2.193549587608974,1.178626520741525,-0.04772095465646236,-0.009350643019955602,-0.04771282235601909,1.1460002311609565,0.009030740827133477,-0.009342133006955754,0.00903399620958761,1.1429855695520552,2.1336325520729207,2.1893844992107216,2.3318172531384103,1.1117647996296864,1.1408152808282432,1.2150322409966074,8.620902146292994e-06,,
