sample_name,porosity,nu,g,all_converged,total_iterations,iterations_x,iterations_y,iterations_z,K_star_xx,K_star_xy,K_star_xz,K_star_yx,K_star_yy,K_star_yz,K_star_zx,K_star_zy,K_star_zz,K_xx,K_xy,K_xz,K_yx,K_yy,K_yz,K_zx,K_zy,K_zz,K_star_eig1,K_star_eig2,K_star_eig3,K_eig1,K_eig2,K_eig3,symmetry_error,error_type,error_message
eps_0.02_coeffs_0.364_1.417_0.924_30.531_39.706_-275.35_m_-0.249_rho_0.432_,0.5684695243835449,0.16666666666666666,1e-05,True,67500,20000,20000,27500,0.1666661029378249,2.9034648747426194e-12,3.67741487227415e-12,2.904457473067189e-12,0.16666606662064132,-1.8762181540027683e-13,1.6855644438858764e-11,-5.419816255989451e-13,0.16666611491957875,0.09474460026792426,1.6505312964092657e-12,2.090498283402661e-12,1.6510955583067377e-12,0.09474457962271218,-1.0665728416457264e-13,9.581920177336186e-12,-3.0810003692885283e-13,0.09474460707918617,0.16666606662064118,0.1666661029378014,0.16666611491960256,0.09474457962271203,0.09474460026791093,0.09474460707919963,6.458343421292155e-11,,
