sample_name,porosity,nu,g,all_converged,total_iterations,iterations_x,iterations_y,iterations_z,K_star_xx,K_star_xy,K_star_xz,K_star_yx,K_star_yy,K_star_yz,K_star_zx,K_star_zy,K_star_zz,K_xx,K_xy,K_xz,K_yx,K_yy,K_yz,K_zx,K_zy,K_zz,K_star_eig1,K_star_eig2,K_star_eig3,K_eig1,K_eig2,K_eig3,symmetry_error,error_type,error_message
eps_0.02_coeffs_0.999_-0.04_0.675_17.179_109.939_-10.129_m_-0.437_rho_0.487_,0.5133013725280762,0.16666666666666666,1e-05,True,85000,22500,32500,30000,7.242341100327411,0.9842580134378697,0.8291266953678887,0.9857656045610098,9.033244438550858,1.852063820708671,0.8282686644105853,1.854220601186107,7.827719668730757,3.7175036271145574,0.5052209892194162,0.4255918707320054,0.5059948378121352,4.636776768689766,0.9506669011793536,0.42515144226394996,0.9517739795586633,4.017979249724515,6.458101059900073,6.806130576885458,10.839073570823484,3.3149521379717313,3.4935961667206135,5.563711340836499,0.000273047315370632,,
