sample_name,porosity,nu,g,all_converged,total_iterations,iterations_x,iterations_y,iterations_z,K_star_xx,K_star_xy,K_star_xz,K_star_yx,K_star_yy,K_star_yz,K_star_zx,K_star_zy,K_star_zz,K_xx,K_xy,K_xz,K_yx,K_yy,K_yz,K_zx,K_zy,K_zz,K_star_eig1,K_star_eig2,K_star_eig3,K_eig1,K_eig2,K_eig3,symmetry_error,error_type,error_message
eps_0.02_coeffs_0.528_0.064_0.922_99.602_99.247_-2220.098_m_-0.314_rho_0.332_,0.667513370513916,0.16666666666666666,1e-05,True,52500,17500,17500,17500,2.6088895604166864,0.5909710735716185,-0.2892154576717921,0.5908569877693856,2.2986866155080037,-0.4097813425445373,-0.2892662187541499,-0.40976764829037987,2.4525233236272665,1.7414686637723111,0.3944810931960185,-0.19305518495522273,0.3944049393976422,1.5344040504729737,-0.27353452513562165,-0.19308906865639833,-0.27352538403787235,1.6370921100184284,1.7968819051282812,2.2324963920251313,3.3307212023985437,1.199442696907646,1.4902211913008523,2.223300936055215,4.043078793687577e-05,,
