sample_name,porosity,nu,g,all_converged,total_iterations,iterations_x,iterations_y,iterations_z,K_star_xx,K_star_xy,K_star_xz,K_star_yx,K_star_yy,K_star_yz,K_star_zx,K_star_zy,K_star_zz,K_xx,K_xy,K_xz,K_yx,K_yy,K_yz,K_zx,K_zy,K_zz,K_star_eig1,K_star_eig2,K_star_eig3,K_eig1,K_eig2,K_eig3,symmetry_error,error_type,error_message
eps_0.02_coeffs_0.788_0.572_0.742_-4.716_99.724_-30.258_m_-0.223_rho_0.534_,0.4655294418334961,0.16666666666666666,1e-05,True,47500,15000,15000,17500,1.2481349811713345,0.07617933358927631,-0.04835746751550204,0.07617791926771214,1.3567980439676515,-0.026974509729463938,-0.048357786800856145,-0.02697586465192772,1.229997686004075,0.5810435811175525,0.0354637226450635,-0.022511824860973084,0.03546306423673516,0.6316294360890401,-0.012557428458089557,-0.022511973497705767,-0.012558059214387848,0.5726001362219689,1.1833108114131028,1.2433292109370089,1.4082906887929485,0.5508660215526833,0.578806353582787,0.6556007782930913,1.2640388911172936e-06,,
