sample_name,porosity,nu,g,all_converged,total_iterations,iterations_x,iterations_y,iterations_z,K_star_xx,K_star_xy,K_star_xz,K_star_yx,K_star_yy,K_star_yz,K_star_zx,K_star_zy,K_star_zz,K_xx,K_xy,K_xz,K_yx,K_yy,K_yz,K_zx,K_zy,K_zz,K_star_eig1,K_star_eig2,K_star_eig3,K_eig1,K_eig2,K_eig3,symmetry_error,error_type,error_message
eps_0.02_coeffs_0.708_1.145_0.944_6.494_115.377_950.781_m_-0.362_rho_0.38_,0.620391845703125,0.16666666666666666,1e-05,True,172500,50000,62500,60000,17.635693873314217,-3.8510446442131796,-4.771602666953077,-3.890087683363214,16.05953070723297,12.908234666386365,-4.74636342038661,12.909033246336232,17.38264039308159,10.941040672320701,-2.3891566947085487,-2.9602633855129734,-2.413378677828698,9.963201896586275,8.008163529448499,-2.9446051627514462,8.008658961937538,10.784048356657582,3.778868674955191,15.08174428421026,32.21725201446331,2.3443793119251715,9.356591172903759,19.987320440735633,0.001838256336726712,,
