sample_name,porosity,nu,g,all_converged,total_iterations,iterations_x,iterations_y,iterations_z,K_star_xx,K_star_xy,K_star_xz,K_star_yx,K_star_yy,K_star_yz,K_star_zx,K_star_zy,K_star_zz,K_xx,K_xy,K_xz,K_yx,K_yy,K_yz,K_zx,K_zy,K_zz,K_star_eig1,K_star_eig2,K_star_eig3,K_eig1,K_eig2,K_eig3,symmetry_error,error_type,error_message
eps_0.02_coeffs_0.621_-0.079_0.623_62.097_95.043_-1482.826_m_-0.308_rho_0.408_,0.5921497344970703,0.16666666666666666,1e-05,True,47500,15000,17500,15000,2.1877360342792787,0.12104256409816934,-0.05828540543445892,0.1210780734510554,2.2904536398644573,-0.10450736540551793,-0.05826259588512334,-0.10446353660921756,2.2682819824893725,1.2954673118481483,0.07167532219357559,-0.03451368735306895,0.07169634904745922,1.3562915147235868,-0.061884008677865754,-0.03450018068448589,-0.06185805546777316,1.3431625736955701,2.1068065177263944,2.1903642310992764,2.4493009078074386,1.2475449201083813,1.297023597897316,1.4503528822616083,2.2045256103876218e-05,,
