sample_name,porosity,nu,g,all_converged,total_iterations,iterations_x,iterations_y,iterations_z,K_star_xx,K_star_xy,K_star_xz,K_star_yx,K_star_yy,K_star_yz,K_star_zx,K_star_zy,K_star_zz,K_xx,K_xy,K_xz,K_yx,K_yy,K_yz,K_zx,K_zy,K_zz,K_star_eig1,K_star_eig2,K_star_eig3,K_eig1,K_eig2,K_eig3,symmetry_error,error_type,error_message
eps_0.02_coeffs_0.324_-0.268_0.43_62.126_65.23_-2120.911_m_-0.321_rho_0.428_,0.5722308158874512,0.16666666666666666,1e-05,True,72500,22500,25000,25000,1.0593847224048674,0.020706317921492,-0.0834140640932451,0.02070656282612869,1.2318037711829515,0.007142854017793472,-0.08341430711669993,0.007150445980293712,1.132122067083698,0.6062125840404382,0.011848793198240318,-0.04773209795256579,0.011848933340220387,0.7048760769972595,0.004087361182366917,-0.04773223701807563,0.0040917055372626165,0.6478351341314922,1.0027842643636646,1.1861538798524904,1.234372416455362,0.5738240577559173,0.6787538024360562,0.7063459349772163,5.417236517868193e-06,,
