sample_name,porosity,nu,g,all_converged,total_iterations,iterations_x,iterations_y,iterations_z,K_star_xx,K_star_xy,K_star_xz,K_star_yx,K_star_yy,K_star_yz,K_star_zx,K_star_zy,K_star_zz,K_xx,K_xy,K_xz,K_yx,K_yy,K_yz,K_zx,K_zy,K_zz,K_star_eig1,K_star_eig2,K_star_eig3,K_eig1,K_eig2,K_eig3,symmetry_error,error_type,error_message
eps_0.02_coeffs_0.935_0.964_0.449_53.107_39.009_-2334.659_m_-0.252_rho_0.647_,0.3532238006591797,0.16666666666666666,1e-05,True,67500,25000,20000,22500,1.4758676820292367,-0.10510319417393028,-0.007340987329808472,-0.10509992781407788,1.9571554248949414,-0.150137504046177,-0.007333023458959229,-0.1501420795085236,1.7073094233183643,0.5213115919164207,-0.03712494970753541,-0.0025930114452258316,-0.037123795951494024,0.6913138776621229,-0.05303213980067361,-0.0025901984164965032,-0.05303375596287344,0.603062323405745,1.4474012814506334,1.6502616622719033,2.0426695865200046,0.5112565817129598,0.5829116964298172,0.7215195148415113,4.5976828901185436e-06,,
