sample_name,porosity,nu,g,all_converged,total_iterations,iterations_x,iterations_y,iterations_z,K_star_xx,K_star_xy,K_star_xz,K_star_yx,K_star_yy,K_star_yz,K_star_zx,K_star_zy,K_star_zz,K_xx,K_xy,K_xz,K_yx,K_yy,K_yz,K_zx,K_zy,K_zz,K_star_eig1,K_star_eig2,K_star_eig3,K_eig1,K_eig2,K_eig3,symmetry_error,error_type,error_message
eps_0.02_coeffs_0.675_0.576_0.592_-0.476_53.549_-1187.3_m_-0.326_rho_0.692_,0.30775928497314453,0.16666666666666666,1e-05,True,75000,27500,22500,25000,0.8225905784324884,0.002805989028131161,0.007717544428285706,0.0028062021588828754,0.7956913732753094,-0.003782624288124682,0.007717759305378007,-0.003782691849674302,0.8084884368377295,0.253159888244028,0.0008635691769401349,0.0023751459549976846,0.0008636347699078883,0.24488140809850864,-0.001164137746235302,0.002375212085417968,-0.0011641585389295047,0.24881982323023497,0.793789876522028,0.8069502347433971,0.8260302772801019,0.24429620481734005,0.248346427253539,0.2542184875018925,3.1296033753113076e-07,,
