sample_name,porosity,nu,g,all_converged,total_iterations,iterations_x,iterations_y,iterations_z,K_star_xx,K_star_xy,K_star_xz,K_star_yx,K_star_yy,K_star_yz,K_star_zx,K_star_zy,K_star_zz,K_xx,K_xy,K_xz,K_yx,K_yy,K_yz,K_zx,K_zy,K_zz,K_star_eig1,K_star_eig2,K_star_eig3,K_eig1,K_eig2,K_eig3,symmetry_error,error_type,error_message
eps_0.02_coeffs_0.826_1.255_0.448_-29.974_12.377_-3482.015_m_-0.257_rho_0.536_,0.46350860595703125,0.16666666666666666,1e-05,True,47500,15000,17500,15000,1.3944038229070268,0.01748093680586304,0.0008413395799229703,0.01748091707976049,1.4072219713823153,0.0050405874142298475,0.000840668443570339,0.005040483256579088,1.3636191458262585,0.6463181720967911,0.008102564649708535,0.00038996813582657024,0.008102555506490241,0.6522594942275223,0.0023363556455742334,0.000389657058351355,0.00233630736760673,0.6320492093382468,1.3629906436842998,1.3824429496551813,1.419811346776119,0.6317578931865864,0.6407742044097996,0.6580947780661737,3.9951629814464706e-07,,
