sample_name,porosity,nu,g,all_converged,total_iterations,iterations_x,iterations_y,iterations_z,K_star_xx,K_star_xy,K_star_xz,K_star_yx,K_star_yy,K_star_yz,K_star_zx,K_star_zy,K_star_zz,K_xx,K_xy,K_xz,K_yx,K_yy,K_yz,K_zx,K_zy,K_zz,K_star_eig1,K_star_eig2,K_star_eig3,K_eig1,K_eig2,K_eig3,symmetry_error,error_type,error_message
eps_0.02_coeffs_0.515_0.653_0.328_2.98_15.51_-563.863_m_-0.586_rho_0.498_,0.5019326210021973,0.16666666666666666,1e-05,True,30000,10000,10000,10000,13.444880367212543,-2.8125508361795255,-0.8403000547216241,-2.82502599996237,13.146136563121036,-1.7663249829070624,-0.851903240248859,-1.7630340168423035,14.46923204559835,6.7484240417759755,-1.4117110129055108,-0.42177400889471456,-1.4179727045604655,6.598474781180159,-0.8865761282122031,-0.42759802621837434,-0.8849242849896894,7.262579564536164,9.724487812059126,14.94560518458605,16.390155979286757,4.8810376554107595,7.501686782763302,8.226753949318239,0.001013289901169032,,
