sample_name,porosity,nu,g,all_converged,total_iterations,iterations_x,iterations_y,iterations_z,K_star_xx,K_star_xy,K_star_xz,K_star_yx,K_star_yy,K_star_yz,K_star_zx,K_star_zy,K_star_zz,K_xx,K_xy,K_xz,K_yx,K_yy,K_yz,K_zx,K_zy,K_zz,K_star_eig1,K_star_eig2,K_star_eig3,K_eig1,K_eig2,K_eig3,symmetry_error,error_type,error_message
eps_0.02_coeffs_0.23_0.005_0.317_27.688_34.604_-1657.754_m_-0.232_rho_0.549_,0.4509425163269043,0.16666666666666666,1e-05,True,65000,22500,20000,22500,1.0747879837532446,-0.018482182872194747,-0.0209256970067838,-0.01848163814091735,1.1693541468719895,0.0339444030978316,-0.020923753297103376,0.03394540633819067,1.0790326314267968,0.484667597911608,-0.00833440205160151,-0.009436286464133456,-0.008334156409108558,0.5273115014677554,0.015306974548150947,-0.009435409962799157,0.015307426951882946,0.48658169001444085,1.0548770953618285,1.0822824576304162,1.1860152090597857,0.4756889317980788,0.48804717482032606,0.5348246827753993,1.6593696173158937e-06,,
