sample_name,porosity,nu,g,all_converged,total_iterations,iterations_x,iterations_y,iterations_z,K_star_xx,K_star_xy,K_star_xz,K_star_yx,K_star_yy,K_star_yz,K_star_zx,K_star_zy,K_star_zz,K_xx,K_xy,K_xz,K_yx,K_yy,K_yz,K_zx,K_zy,K_zz,K_star_eig1,K_star_eig2,K_star_eig3,K_eig1,K_eig2,K_eig3,symmetry_error,error_type,error_message
eps_0.02_coeffs_0.301_0.837_0.943_67.519_60.727_-3927.264_m_-0.63_rho_0.34_,0.6602263450622559,0.16666666666666666,1e-05,True,27500,7500,12500,7500,7.936313105260991,0.8554249267035434,0.8603688576624846,0.8550095188933713,4.691857295197327,-0.5978267048514696,0.8625160107100733,-0.5974465424711013,6.962494779647137,5.239762994756147,0.5647740728326286,0.5680381862998904,0.5644998096524083,3.097687793561813,-0.39470094032469777,0.5694557933087893,-0.394449947105777,4.596822480881466,4.241813378040645,6.852187304477538,8.496664497587272,2.8005569430199584,4.523994579717196,5.609721746462273,0.0002680684815108815,,
