sample_name,porosity,nu,g,all_converged,total_iterations,iterations_x,iterations_y,iterations_z,K_star_xx,K_star_xy,K_star_xz,K_star_yx,K_star_yy,K_star_yz,K_star_zx,K_star_zy,K_star_zz,K_xx,K_xy,K_xz,K_yx,K_yy,K_yz,K_zx,K_zy,K_zz,K_star_eig1,K_star_eig2,K_star_eig3,K_eig1,K_eig2,K_eig3,symmetry_error,error_type,error_message
eps_0.02_coeffs_0.969_-0.131_0.412_51.495_147.393_-984.401_m_-0.389_rho_0.32_,0.6803069114685059,0.16666666666666666,1e-05,True,32500,10000,12500,10000,2.937062510653503,0.11477962717127908,-0.03328827384991202,0.11484927972704301,2.7349209065153866,0.016555832473447735,-0.03328609012435119,0.01654544922398422,2.631823413062551,1.9981039254126203,0.07808537366039947,-0.022646242770951477,0.07813275877548712,1.8605855950221288,0.011263047256801223,-0.022644757167359694,0.011255983460427691,1.790447657671086,2.6176526852804187,2.6956200981117875,2.9905340468392354,1.7808072136203628,1.833848983438861,2.0344809810466113,2.0748529456080397e-05,,
