sample_name,porosity,nu,g,all_converged,total_iterations,iterations_x,iterations_y,iterations_z,K_star_xx,K_star_xy,K_star_xz,K_star_yx,K_star_yy,K_star_yz,K_star_zx,K_star_zy,K_star_zz,K_xx,K_xy,K_xz,K_yx,K_yy,K_yz,K_zx,K_zy,K_zz,K_star_eig1,K_star_eig2,K_star_eig3,K_eig1,K_eig2,K_eig3,symmetry_error,error_type,error_message
eps_0.02_coeffs_0.407_0.472_0.61_24.27_49.565_-1155.037_m_-0.289_rho_0.31_,0.6896548271179199,0.16666666666666666,1e-05,True,30000,10000,10000,10000,5.16702909208106,-0.4408993191266266,-0.19666778155520018,-0.4409568511737741,4.742904502667443,-0.046640712936601846,-0.19649553872999073,-0.04695516182292127,4.840933807305461,3.5634665552124263,-0.3040683437086823,-0.13563288488811642,-0.3041080209627115,3.2709669848239193,-0.03216599281694868,-0.1355140967922743,-0.03238285400928072,3.338573367966542,4.414485695591734,4.859636160964159,5.476745545498069,3.044471369207848,3.35147153644573,3.7770640023493085,6.0063435863399895e-05,,
