sample_name,porosity,nu,g,all_converged,total_iterations,iterations_x,iterations_y,iterations_z,K_star_xx,K_star_xy,K_star_xz,K_star_yx,K_star_yy,K_star_yz,K_star_zx,K_star_zy,K_star_zz,K_xx,K_xy,K_xz,K_yx,K_yy,K_yz,K_zx,K_zy,K_zz,K_star_eig1,K_star_eig2,K_star_eig3,K_eig1,K_eig2,K_eig3,symmetry_error,error_type,error_message
eps_0.02_coeffs_0.993_1.337_0.724_53.114_92.099_-3696.77_m_-0.218_rho_0.564_,0.4361238479614258,0.16666666666666666,1e-05,True,50000,15000,17500,17500,1.563827530508814,0.03968064559186036,-0.0022393877547690387,0.0396850766343855,1.6702625709540972,0.10718816823704469,-0.0022412806979920695,0.10719139391044549,1.5138367460832687,0.682022480153518,0.017305675845115727,-0.000976650404687571,0.017307608328432273,0.7284413395504449,0.0467473163874766,-0.0009774759623699717,0.04674872318057243,0.660220306887239,1.4555166005492697,1.5605781700607322,1.731832076936179,0.634785500603281,0.6806053565714867,0.7552932694164346,2.9837623073690276e-06,,
