sample_name,porosity,nu,g,all_converged,total_iterations,iterations_x,iterations_y,iterations_z,K_star_xx,K_star_xy,K_star_xz,K_star_yx,K_star_yy,K_star_yz,K_star_zx,K_star_zy,K_star_zz,K_xx,K_xy,K_xz,K_yx,K_yy,K_yz,K_zx,K_zy,K_zz,K_star_eig1,K_star_eig2,K_star_eig3,K_eig1,K_eig2,K_eig3,symmetry_error,error_type,error_message
eps_0.02_coeffs_0.072_1.16_0.362_108.869_79.338_-2138.249_m_-0.271_rho_0.642_,0.35812854766845703,0.16666666666666666,1e-05,True,70000,22500,22500,25000,0.16660981086719065,1.3645501107486524e-12,-6.5405926644747184e-12,1.3668185693890265e-12,0.16661419457317592,3.280843243770416e-12,-1.290130823211017e-11,6.555511905072612e-12,0.16661166206305558,0.0596677295931833,4.886843493832471e-13,-2.3423729518192944e-12,4.894967491815702e-13,0.05966929952344121,1.1749636260193686e-12,-4.620326780188724e-12,2.347715957786934e-12,0.05966839255926985,0.16660981086719057,0.16661166206305558,0.1666141945731759,0.05966772959318326,0.05966839255926986,0.059669299523441216,3.505965978521e-11,,
