sample_name,porosity,nu,g,all_converged,total_iterations,iterations_x,iterations_y,iterations_z,K_star_xx,K_star_xy,K_star_xz,K_star_yx,K_star_yy,K_star_yz,K_star_zx,K_star_zy,K_star_zz,K_xx,K_xy,K_xz,K_yx,K_yy,K_yz,K_zx,K_zy,K_zz,K_star_eig1,K_star_eig2,K_star_eig3,K_eig1,K_eig2,K_eig3,symmetry_error,error_type,error_message
eps_0.02_coeffs_0.825_-0.058_0.778_116.377_140.067_-3887.663_m_-0.439_rho_0.623_,0.3770613670349121,0.16666666666666666,1e-05,True,115000,37500,42500,35000,0.7616736586503952,0.15177988559769948,-0.15599553599242466,0.15178092367131799,0.7722387550296734,-0.08828340417944568,-0.15599625268517353,-0.08828306024387468,0.7124942215406445,0.287197710965201,0.057230331151871136,-0.058819890052647476,0.05723072256932881,0.29118140064882725,-0.033288261066397457,-0.05882016028979511,-0.03328813138158089,0.26865404517859093,0.5701561467465354,0.6585508198479676,1.0176996686262099,0.2149838561156066,0.24831407239383682,0.3837352282831757,1.380336648660156e-06,,
