sample_name,porosity,nu,g,all_converged,total_iterations,iterations_x,iterations_y,iterations_z,K_star_xx,K_star_xy,K_star_xz,K_star_yx,K_star_yy,K_star_yz,K_star_zx,K_star_zy,K_star_zz,K_xx,K_xy,K_xz,K_yx,K_yy,K_yz,K_zx,K_zy,K_zz,K_star_eig1,K_star_eig2,K_star_eig3,K_eig1,K_eig2,K_eig3,symmetry_error,error_type,error_message
eps_0.02_coeffs_0.869_-0.517_0.452_81.16_119.025_-49.989_m_-0.433_rho_0.353_,0.6468238830566406,0.16666666666666666,1e-05,True,22500,7500,7500,7500,10.544248435451225,0.07416442944553464,-0.9088108454885618,0.07484406992657086,8.446020959832165,-0.298721946147657,-0.9073830890598,-0.29916217088328034,7.14311956591832,6.820271716932469,0.04797132423864097,-0.5878405600429002,0.04841093193366731,5.463088073616416,-0.1932204891614642,-0.5869170530855894,-0.19350523703437766,4.620340334765153,6.8690825381293585,8.484014766486332,10.78029165658602,4.4430866403493985,5.487663375168567,6.9729501097960735,0.0001513021803594125,,
