sample_name,porosity,nu,g,all_converged,total_iterations,iterations_x,iterations_y,iterations_z,K_star_xx,K_star_xy,K_star_xz,K_star_yx,K_star_yy,K_star_yz,K_star_zx,K_star_zy,K_star_zz,K_xx,K_xy,K_xz,K_yx,K_yy,K_yz,K_zx,K_zy,K_zz,K_star_eig1,K_star_eig2,K_star_eig3,K_eig1,K_eig2,K_eig3,symmetry_error,error_type,error_message
eps_0.02_coeffs_0.875_0.507_0.282_-26.493_83.798_12.565_m_-0.615_rho_0.507_,0.492983341217041,0.16666666666666666,1e-05,True,32500,10000,12500,10000,3.027045010449833,0.22357876668119536,-0.02242549537978527,0.22362367649531442,2.932552781444511,0.046690450624626734,-0.02238775930957933,0.046697230864301345,2.9219030316414925,1.4922827632659317,0.11022060742368094,-0.011055395640773858,0.11024274721389879,1.4456996684918422,0.023017614351857767,-0.011036792386799334,0.02302095689706681,1.4404495192508244,2.737458985425971,2.935169411747824,3.2088724263620425,1.3495216770799061,1.4469896236414992,1.5819206502871925,1.6251143322057297e-05,,
