sample_name,porosity,nu,g,all_converged,total_iterations,iterations_x,iterations_y,iterations_z,K_star_xx,K_star_xy,K_star_xz,K_star_yx,K_star_yy,K_star_yz,K_star_zx,K_star_zy,K_star_zz,K_xx,K_xy,K_xz,K_yx,K_yy,K_yz,K_zx,K_zy,K_zz,K_star_eig1,K_star_eig2,K_star_eig3,K_eig1,K_eig2,K_eig3,symmetry_error,error_type,error_message
eps_0.02_coeffs_0.418_0.353_0.684_4.552_55.123_-1036.857_m_-0.563_rho_0.508_,0.4919013977050781,0.16666666666666666,1e-05,True,27500,10000,10000,7500,4.636969055772992,0.0714177499631797,0.6056727827100843,0.07116933587898944,2.5868813182585515,-1.222634501950228,0.606738346210187,-1.2233822752265187,5.2925038236378645,2.280931559649931,0.03513049102783989,0.29793128836701455,0.03500829579261707,1.2724905361485366,-0.6014156203917692,0.2984554405420586,-0.6017834511115431,2.603390028206936,2.083050124105141,4.449273280934845,5.984030792629422,1.0246552675370555,2.1886037456637086,2.9435531108046398,0.00024207701415820715,,
