sample_name,porosity,nu,g,all_converged,total_iterations,iterations_x,iterations_y,iterations_z,K_star_xx,K_star_xy,K_star_xz,K_star_yx,K_star_yy,K_star_yz,K_star_zx,K_star_zy,K_star_zz,K_xx,K_xy,K_xz,K_yx,K_yy,K_yz,K_zx,K_zy,K_zz,K_star_eig1,K_star_eig2,K_star_eig3,K_eig1,K_eig2,K_eig3,symmetry_error,error_type,error_message
eps_0.02_coeffs_0.99_1.117_0.324_1.438_4.19_209.294_m_-0.444_rho_0.57_,0.43049001693725586,0.16666666666666666,1e-05,True,25000,7500,10000,7500,10.940644451742353,0.14469205823328019,0.28754831967491146,0.14454247108205429,20.275777303574568,2.8438457234734225,0.28212119971950184,2.8501142790226233,11.001196021445187,4.7098382153350595,0.0622884865995312,0.1237866810071321,0.062224090824266366,8.728519714831844,1.2242471936650163,0.12145036004560729,1.226945744249564,4.73590506160201,10.128638996769025,11.002772158284166,21.086206621708907,4.360277973270449,4.736583572776518,9.077401445721952,0.0004536792122546564,,
