sample_name,porosity,nu,g,all_converged,total_iterations,iterations_x,iterations_y,iterations_z,K_star_xx,K_star_xy,K_star_xz,K_star_yx,K_star_yy,K_star_yz,K_star_zx,K_star_zy,K_star_zz,K_xx,K_xy,K_xz,K_yx,K_yy,K_yz,K_zx,K_zy,K_zz,K_star_eig1,K_star_eig2,K_star_eig3,K_eig1,K_eig2,K_eig3,symmetry_error,error_type,error_message
eps_0.02_coeffs_0.77_1.265_0.683_32.928_50.247_747.39_m_-0.455_rho_0.555_,0.4447331428527832,0.16666666666666666,1e-05,True,65000,25000,20000,20000,150.28223148126568,-3.3778133175915417,-3.377792656158864,-3.569998689918368,10.393004968530347,10.226338742096909,-3.5699986870153286,10.226338301773923,10.393005408393853,66.83548912159276,-1.5022255327024727,-1.502216343878582,-1.5876967373477144,4.622113763339092,4.547991768649935,-1.5876967360566365,4.547991572823711,4.622113958960972,0.16666688668817567,20.423055618378413,150.47851935312332,0.07412228832631992,9.082809711818621,66.92278484374788,0.0025313987427273647,,
