sample_name,porosity,nu,g,all_converged,total_iterations,iterations_x,iterations_y,iterations_z,K_star_xx,K_star_xy,K_star_xz,K_star_yx,K_star_yy,K_star_yz,K_star_zx,K_star_zy,K_star_zz,K_xx,K_xy,K_xz,K_yx,K_yy,K_yz,K_zx,K_zy,K_zz,K_star_eig1,K_star_eig2,K_star_eig3,K_eig1,K_eig2,K_eig3,symmetry_error,error_type,error_message
eps_0.02_coeffs_0.519_-0.136_0.571_41.724_101.663_-2535.206_m_-0.363_rho_0.534_,0.4660511016845703,0.16666666666666666,1e-05,True,55000,20000,15000,20000,1.0374231245299677,-0.0057721574023187625,0.01091759237007962,-0.005772151616180291,1.1199367222313878,0.04932498353684756,0.010917875363254592,0.04932733553609246,1.1029056886135917,0.4834921901002406,-0.0026901203164474067,0.005088155951818666,-0.0026901176198111977,0.5219477432129449,0.0229879629179211,0.00508828784109963,0.022989059069760346,0.5140104112325441,1.0323496515777109,1.0663818403710081,1.1615340434262287,0.48112769244147435,0.49698843152132777,0.5413342205829275,1.7775972634648877e-06,,
