sample_name,porosity,nu,g,all_converged,total_iterations,iterations_x,iterations_y,iterations_z,K_star_xx,K_star_xy,K_star_xz,K_star_yx,K_star_yy,K_star_yz,K_star_zx,K_star_zy,K_star_zz,K_xx,K_xy,K_xz,K_yx,K_yy,K_yz,K_zx,K_zy,K_zz,K_star_eig1,K_star_eig2,K_star_eig3,K_eig1,K_eig2,K_eig3,symmetry_error,error_type,error_message
eps_0.02_coeffs_0.923_0.306_0.835_-33.257_98.252_-2405.356_m_-0.318_rho_0.47_,0.530144214630127,0.16666666666666666,1e-05,True,42500,15000,15000,12500,1.5826417024892019,-0.021232813660116107,-0.005897322762758835,-0.0212318940399915,1.595663676624974,0.006492504778916306,-0.005896871324886227,0.006493675920486751,1.5529291946076904,0.839028342407025,-0.011256453322230084,-0.0031264315444831533,-0.011255965790941368,0.8459318666581678,0.003441963847000931,-0.003126192217306725,0.0034425847209290155,0.8232764282514896,1.5516039840402698,1.5669941138914183,1.6126364757901772,0.8225738755360048,0.8307328638389978,0.8549298979416796,8.05464074223212e-07,,
