sample_name,porosity,nu,g,all_converged,total_iterations,iterations_x,iterations_y,iterations_z,K_star_xx,K_star_xy,K_star_xz,K_star_yx,K_star_yy,K_star_yz,K_star_zx,K_star_zy,K_star_zz,K_xx,K_xy,K_xz,K_yx,K_yy,K_yz,K_zx,K_zy,K_zz,K_star_eig1,K_star_eig2,K_star_eig3,K_eig1,K_eig2,K_eig3,symmetry_error,error_type,error_message
eps_0.02_coeffs_0.498_1.186_0.63_92.635_112.252_-2698.818_m_-0.554_rho_0.383_,0.6168994903564453,0.16666666666666666,1e-05,True,62500,12500,22500,27500,1.4432056892084373,0.09125624894187984,-0.07035270573285428,0.09155138134500732,1.5138840096672477,0.007821067500237302,-0.07031017637304174,0.00790207144922252,1.4717574674172156,0.8903128541522074,0.056295933464086574,-0.043400548311794775,0.05647800049316359,0.933914274022497,0.004824812554939749,-0.04337431197140123,0.00487478384978559,0.9079264315779729,1.3476984119249238,1.4931249075692359,1.5880238467987418,0.8313944634706761,0.921107994517976,0.9796511017640254,0.00017051279522094806,,
