sample_name,porosity,nu,g,all_converged,total_iterations,iterations_x,iterations_y,iterations_z,K_star_xx,K_star_xy,K_star_xz,K_star_yx,K_star_yy,K_star_yz,K_star_zx,K_star_zy,K_star_zz,K_xx,K_xy,K_xz,K_yx,K_yy,K_yz,K_zx,K_zy,K_zz,K_star_eig1,K_star_eig2,K_star_eig3,K_eig1,K_eig2,K_eig3,symmetry_error,error_type,error_message
eps_0.02_coeffs_0.123_0.564_0.325_33.376_10.404_-1874.419_m_-0.495_rho_0.357_,0.6432867050170898,0.16666666666666666,1e-05,True,35000,12500,12500,10000,3.9607571147508835,-0.3041979765419698,-0.7361959729278753,-0.3041429329407007,5.143784141034664,0.05587645772832813,-0.7357869686766493,0.055918106819531674,4.820015499548696,2.5479023937210914,-0.19568651400254974,-0.4735850816716236,-0.1956511051856571,3.3089279514053507,0.035944582380082905,-0.4733219746745144,0.035971374686730194,3.100651888835983,3.503925703124744,5.009797478850507,5.410833573358995,2.2540288201878056,3.2227361129726666,3.4807173008019534,7.185054933671284e-05,,
