sample_name,porosity,nu,g,all_converged,total_iterations,iterations_x,iterations_y,iterations_z,K_star_xx,K_star_xy,K_star_xz,K_star_yx,K_star_yy,K_star_yz,K_star_zx,K_star_zy,K_star_zz,K_xx,K_xy,K_xz,K_yx,K_yy,K_yz,K_zx,K_zy,K_zz,K_star_eig1,K_star_eig2,K_star_eig3,K_eig1,K_eig2,K_eig3,symmetry_error,error_type,error_message
eps_0.02_coeffs_0.548_0.698_0.67_-6.397_62.058_-1118.146_m_-0.342_rho_0.578_,0.4217047691345215,0.16666666666666666,1e-05,True,47500,15000,15000,17500,1.264542466392146,0.015807121842517986,0.027147477443181498,0.015808260766925767,1.2719189825743524,0.02561888784351883,0.027146650988787033,0.025619559352205716,1.2844417233119347,0.5332635888506984,0.006665938667280299,0.011448220707761483,0.006666418957134744,0.5363743009043328,0.010803607183534307,0.011447872188001865,0.010803890361950083,0.5416552003960063,1.2453144914696526,1.2539876377647494,1.3216010430440308,0.5251550601250838,0.5288125672811278,0.5573254627448258,9.992067270370228e-07,,
