sample_name,porosity,nu,g,all_converged,total_iterations,iterations_x,iterations_y,iterations_z,K_star_xx,K_star_xy,K_star_xz,K_star_yx,K_star_yy,K_star_yz,K_star_zx,K_star_zy,K_star_zz,K_xx,K_xy,K_xz,K_yx,K_yy,K_yz,K_zx,K_zy,K_zz,K_star_eig1,K_star_eig2,K_star_eig3,K_eig1,K_eig2,K_eig3,symmetry_error,error_type,error_message
eps_0.02_coeffs_0.699_1.446_0.815_53.705_104.701_-2158.423_m_-0.239_rho_0.435_,0.5645260810852051,0.16666666666666666,1e-05,True,57500,22500,17500,17500,1.5943129645504193,-0.08377513664809626,-0.058391458887769435,-0.08377662586823814,1.7678510938555254,0.11718358032444616,-0.05839885672176414,0.11717529367342097,1.6342973159773095,0.9000312499009837,-0.047293249584327325,-0.03296350145476035,-0.04729409028793789,0.9979980499564528,0.06615318736809293,-0.0329676777249939,0.06614850933746437,0.9226034591167397,1.55257900173852,1.5707582194314549,1.873124153213279,0.8764713394266266,0.8867339819480137,1.0574274375995365,5.473275922011552e-06,,
