sample_name,porosity,nu,g,all_converged,total_iterations,iterations_x,iterations_y,iterations_z,K_star_xx,K_star_xy,K_star_xz,K_star_yx,K_star_yy,K_star_yz,K_star_zx,K_star_zy,K_star_zz,K_xx,K_xy,K_xz,K_yx,K_yy,K_yz,K_zx,K_zy,K_zz,K_star_eig1,K_star_eig2,K_star_eig3,K_eig1,K_eig2,K_eig3,symmetry_error,error_type,error_message
eps_0.02_coeffs_0.492_1.435_0.85_16.708_106.632_-1207.485_m_-0.51_rho_0.449_,0.5510959625244141,0.16666666666666666,1e-05,True,30000,10000,10000,10000,3.5999708369595798,-0.6731536010392667,0.15726019982001443,-0.6724707315970515,4.002440650844981,-0.9914326515450074,0.1572307282224364,-0.9913690886294728,4.414079966771766,1.98392939345406,-0.3709722316915101,0.08666546118659255,-0.370595905098974,2.205728882924257,-0.5463745313813279,0.08664921950815814,-0.5463395021152104,2.4325816479478197,2.889467009884971,3.732062269364308,5.394962175327047,1.5923736029950981,2.056724448536372,2.9731418727946646,0.0001354293377228291,,
