sample_name,porosity,nu,g,all_converged,total_iterations,iterations_x,iterations_y,iterations_z,K_star_xx,K_star_xy,K_star_xz,K_star_yx,K_star_yy,K_star_yz,K_star_zx,K_star_zy,K_star_zz,K_xx,K_xy,K_xz,K_yx,K_yy,K_yz,K_zx,K_zy,K_zz,K_star_eig1,K_star_eig2,K_star_eig3,K_eig1,K_eig2,K_eig3,symmetry_error,error_type,error_message
eps_0.02_coeffs_0.86_0.442_0.939_-16.094_147.129_-1137.437_m_-0.326_rho_0.434_,0.5656499862670898,0.16666666666666666,1e-05,True,40000,15000,15000,10000,1.7523385456279539,-4.302991605749572e-05,-0.02209694990091186,-4.641237446119138e-05,1.7360533138755394,0.036062300532666895,-0.022097263153488016,0.03606674434716425,1.7244511983067357,0.9912102742697443,-2.4339871426996483e-05,-0.012499139407995366,-2.6253158976595937e-05,0.9819985331526346,0.020398639801062695,-0.012499316599310768,0.020401153444672096,0.9754357966404716,1.6890709934372354,1.7471208156956843,1.7766512486773096,0.9554229842419121,0.9882588654052105,1.004962754415728,2.627757421027496e-06,,
