sample_name,porosity,nu,g,all_converged,total_iterations,iterations_x,iterations_y,iterations_z,K_star_xx,K_star_xy,K_star_xz,K_star_yx,K_star_yy,K_star_yz,K_star_zx,K_star_zy,K_star_zz,K_xx,K_xy,K_xz,K_yx,K_yy,K_yz,K_zx,K_zy,K_zz,K_star_eig1,K_star_eig2,K_star_eig3,K_eig1,K_eig2,K_eig3,symmetry_error,error_type,error_message
eps_0.02_coeffs_0.494_-0.488_0.827_18.877_119.535_428.322_m_-0.239_rho_0.302_,0.6981191635131836,0.16666666666666666,1e-05,True,65000,25000,25000,15000,1.0977350802072194,0.14797267958555926,-0.12523485264921624,0.14796110383061475,1.5933061681898704,-0.08250851086672953,-0.12540232226916243,-0.08319079941635489,3.2663149207659723,0.7663498959533416,0.10330256329507498,-0.08742885057416765,0.10329448203871608,1.1123175693571081,-0.057600772588999635,-0.08754576432515834,-0.058077091300538716,2.280277040255771,1.0524695188441493,1.626341249516533,3.278545400802379,0.7347491401186005,1.1353799926994683,2.288815372748152,0.00026094008840847686,,
