sample_name,porosity,nu,g,all_converged,total_iterations,iterations_x,iterations_y,iterations_z,K_star_xx,K_star_xy,K_star_xz,K_star_yx,K_star_yy,K_star_yz,K_star_zx,K_star_zy,K_star_zz,K_xx,K_xy,K_xz,K_yx,K_yy,K_yz,K_zx,K_zy,K_zz,K_star_eig1,K_star_eig2,K_star_eig3,K_eig1,K_eig2,K_eig3,symmetry_error,error_type,error_message
eps_0.02_coeffs_0.864_1.048_0.344_60.559_100.233_-2137.661_m_-0.521_rho_0.418_,0.5822467803955078,0.16666666666666666,1e-05,True,30000,10000,10000,10000,3.3696689288110377,0.3447244392725802,-0.5677725348708436,0.34443516178715233,4.406304855751976,-0.26760315633155385,-0.5679640306121058,-0.267752522820666,4.064999384324844,1.9619788847990063,0.20071469489010657,-0.33058373042554484,0.2005462640055753,2.565556815702681,-0.15581107619772297,-0.3306952282043542,-0.15589804435510748,2.366832803832862,3.0285570446828536,4.00699966499038,4.805416459214626,1.7633675885107256,2.333062653986527,2.7979382618372965,7.684325365816073e-05,,
