sample_name,porosity,nu,g,all_converged,total_iterations,iterations_x,iterations_y,iterations_z,K_star_xx,K_star_xy,K_star_xz,K_star_yx,K_star_yy,K_star_yz,K_star_zx,K_star_zy,K_star_zz,K_xx,K_xy,K_xz,K_yx,K_yy,K_yz,K_zx,K_zy,K_zz,K_star_eig1,K_star_eig2,K_star_eig3,K_eig1,K_eig2,K_eig3,symmetry_error,error_type,error_message
eps_0.02_coeffs_0.983_0.912_0.84_-35.601_83.28_-1025.771_m_-0.547_rho_0.468_,0.5321526527404785,0.16666666666666666,1e-05,True,25000,7500,10000,7500,3.783002092702447,0.09560190771105734,0.12845821792950016,0.09553412001071529,3.689840593975823,0.17394592513378496,0.1283733309592596,0.17385833611310383,3.8334954220001882,2.0131345989543887,0.05087480879548957,0.068359381437498,0.050838735390929375,1.963558460273737,0.09256578549334034,0.06831420861110139,0.09251917476363394,2.0400047580858804,3.573101693023183,3.6865438393108807,4.046692576344392,1.9014355444537825,1.9618040835333541,2.153458189326871,3.0188762373386462e-05,,
