sample_name,porosity,nu,g,all_converged,total_iterations,iterations_x,iterations_y,iterations_z,K_star_xx,K_star_xy,K_star_xz,K_star_yx,K_star_yy,K_star_yz,K_star_zx,K_star_zy,K_star_zz,K_xx,K_xy,K_xz,K_yx,K_yy,K_yz,K_zx,K_zy,K_zz,K_star_eig1,K_star_eig2,K_star_eig3,K_eig1,K_eig2,K_eig3,symmetry_error,error_type,error_message
eps_0.02_coeffs_0.573_1.176_0.471_14.775_107.144_-838.313_m_-0.617_rho_0.475_,0.5251545906066895,0.16666666666666666,1e-05,True,30000,10000,10000,10000,5.39072419595338,0.524058165377844,0.22268510629072988,0.5240117685421339,6.091192829105009,-1.114769162976452,0.22285378010269127,-1.1149499849441724,4.997391809300689,2.8309635581994725,0.27521155129309444,0.11694410582831538,0.27518718578183166,3.1988178764750437,-0.5854261434038606,0.11703268565498204,-0.5855211028902915,2.6244032497145264,4.125012141060447,5.491165476407746,6.863131216890884,2.166269062186222,2.883710757716497,3.6042048644863227,3.6646179181263605e-05,,
