sample_name,porosity,nu,g,all_converged,total_iterations,iterations_x,iterations_y,iterations_z,K_star_xx,K_star_xy,K_star_xz,K_star_yx,K_star_yy,K_star_yz,K_star_zx,K_star_zy,K_star_zz,K_xx,K_xy,K_xz,K_yx,K_yy,K_yz,K_zx,K_zy,K_zz,K_star_eig1,K_star_eig2,K_star_eig3,K_eig1,K_eig2,K_eig3,symmetry_error,error_type,error_message
eps_0.02_coeffs_0.291_1.337_0.616_45.859_126.097_-85.03_m_-0.51_rho_0.456_,0.5435328483581543,0.16666666666666666,1e-05,True,30000,10000,10000,10000,12.007886714330429,-1.2612992367003293,2.813665012706377,-1.257236548420302,13.511186010828185,-1.0874158294723615,2.8114816485102097,-1.0835310781226535,11.16383807434383,6.526680868602057,-0.6855575667556958,1.5293193586819795,-0.6833493622228614,7.343773417162292,-0.5910462231428576,1.5281326285214334,-0.5889347331765876,6.067912707157315,8.742882576344941,12.248036787963716,15.691991435193794,4.752043869581646,6.657210322157376,8.529112801182643,0.000392235408612316,,
