sample_name,porosity,nu,g,all_converged,total_iterations,iterations_x,iterations_y,iterations_z,K_star_xx,K_star_xy,K_star_xz,K_star_yx,K_star_yy,K_star_yz,K_star_zx,K_star_zy,K_star_zz,K_xx,K_xy,K_xz,K_yx,K_yy,K_yz,K_zx,K_zy,K_zz,K_star_eig1,K_star_eig2,K_star_eig3,K_eig1,K_eig2,K_eig3,symmetry_error,error_type,error_message
eps_0.02_coeffs_0.117_1.215_0.321_66.298_62.131_-1135.817_m_-0.454_rho_0.354_,0.6457009315490723,0.16666666666666666,1e-05,True,22500,7500,7500,7500,8.703717666574166,1.1239476199861402,-2.0825592835809155,1.1179901360146194,6.737922466124663,-1.786331493738595,-2.082042695638353,-1.787302592061865,8.431662785772335,5.619998605247057,0.7257340252374134,-1.3447104694143657,0.7218872722873138,4.350682813082117,-1.1534359095624565,-1.344376908098626,-1.1540629486544178,5.444332515280843,5.590441238153419,6.751744936487106,11.531116743830644,3.609753115246012,4.359607995071459,7.4456528232925505,0.0005914742177242837,,
