sample_name,porosity,nu,g,all_converged,total_iterations,iterations_x,iterations_y,iterations_z,K_star_xx,K_star_xy,K_star_xz,K_star_yx,K_star_yy,K_star_yz,K_star_zx,K_star_zy,K_star_zz,K_xx,K_xy,K_xz,K_yx,K_yy,K_yz,K_zx,K_zy,K_zz,K_star_eig1,K_star_eig2,K_star_eig3,K_eig1,K_eig2,K_eig3,symmetry_error,error_type,error_message
eps_0.02_coeffs_0.697_-0.118_0.272_110.084_114.14_346.265_m_-0.458_rho_0.593_,0.40691423416137695,0.16666666666666666,1e-05,True,30000,10000,10000,10000,4.738240864583785,-0.532395754696304,-0.6237375415377,-0.5343644390435976,2.7339694574906073,0.031854502885388436,-0.6240716609296576,0.03184706151279303,1.432327767632467,1.9280576526842517,-0.21663941079301482,-0.25380768403251325,-0.21744049647649932,1.1124910880153858,0.012962050646199208,-0.25394364196901015,0.01295902264576844,0.58283455663424,1.3153250869402524,2.6111853404577645,4.97802766230884,0.5352245004255394,1.0625284830657857,2.0256303138425515,0.0004891756375838842,,
