sample_name,porosity,nu,g,all_converged,total_iterations,iterations_x,iterations_y,iterations_z,K_star_xx,K_star_xy,K_star_xz,K_star_yx,K_star_yy,K_star_yz,K_star_zx,K_star_zy,K_star_zz,K_xx,K_xy,K_xz,K_yx,K_yy,K_yz,K_zx,K_zy,K_zz,K_star_eig1,K_star_eig2,K_star_eig3,K_eig1,K_eig2,K_eig3,symmetry_error,error_type,error_message
eps_0.02_coeffs_0.304_-0.523_0.891_57.724_80.079_-2140.523_m_-0.284_rho_0.521_,0.4788832664489746,0.16666666666666666,1e-05,True,120000,35000,47500,37500,0.802300025084969,0.07192991716843587,-0.10344588561913004,0.07193119611513603,0.7368120902347085,-0.05364130626010971,-0.10344599462721431,-0.053642572035401494,0.7590005931412073,0.38420805668478425,0.03444603368902475,-0.049538503605996,0.034446646155198136,0.35284698053069385,-0.02568792395843117,-0.04953855580814347,-0.02568853011703749,0.3634726832801705,0.6743980088872495,0.6953942818503864,0.9283204177232492,0.32295792138261065,0.3330126851624518,0.44455711395058595,1.9001397145164623e-06,,
