sample_name,porosity,nu,g,all_converged,total_iterations,iterations_x,iterations_y,iterations_z,K_star_xx,K_star_xy,K_star_xz,K_star_yx,K_star_yy,K_star_yz,K_star_zx,K_star_zy,K_star_zz,K_xx,K_xy,K_xz,K_yx,K_yy,K_yz,K_zx,K_zy,K_zz,K_star_eig1,K_star_eig2,K_star_eig3,K_eig1,K_eig2,K_eig3,symmetry_error,error_type,error_message
eps_0.02_coeffs_0.765_1.015_0.682_60.529_100.676_-1416.415_m_-0.232_rho_0.308_,0.6923484802246094,0.16666666666666666,1e-05,True,62500,25000,20000,17500,1.3086968843725553,0.24520539330503885,-0.06231192971763061,0.2451773212571729,1.76854135472634,0.32271479097322586,-0.06232617311057101,0.3227069504759282,1.58675044146551,0.90607429897002,0.16976758139762124,-0.043141569839864224,0.16974814575794447,1.2244469191591534,0.22343109507631542,-0.04315143123131975,0.22342566671992717,1.0985842566443738,1.1116563916416407,1.5030697908668906,2.0492624980558745,0.7696536132850629,1.0406480853782127,1.4188037761102708,1.6539137148507786e-05,,
