sample_name,porosity,nu,g,all_converged,total_iterations,iterations_x,iterations_y,iterations_z,K_star_xx,K_star_xy,K_star_xz,K_star_yx,K_star_yy,K_star_yz,K_star_zx,K_star_zy,K_star_zz,K_xx,K_xy,K_xz,K_yx,K_yy,K_yz,K_zx,K_zy,K_zz,K_star_eig1,K_star_eig2,K_star_eig3,K_eig1,K_eig2,K_eig3,symmetry_error,error_type,error_message
eps_0.02_coeffs_0.925_1.457_0.89_18.682_9.12_-1428.477_m_-0.207_rho_0.426_,0.5737519264221191,0.16666666666666666,1e-05,True,25000,10000,7500,7500,5.654580484619383,1.4587422373833188,1.8055376149610267,1.4589791146338147,6.711216291771618,0.25865027242049005,1.805086330889183,0.25878831626439985,6.40028278397319,3.244326446159291,0.8369561688519913,1.0359306848114875,0.837092077630789,3.8505732760394764,0.14840109207086208,1.0356717597059035,0.14848029499223606,3.6721745769509417,3.82111955664912,6.33026481036645,8.614695193348616,2.1923747067166666,3.632001629709902,4.942697962723141,6.577723754384307e-05,,
