sample_name,porosity,nu,g,all_converged,total_iterations,iterations_x,iterations_y,iterations_z,K_star_xx,K_star_xy,K_star_xz,K_star_yx,K_star_yy,K_star_yz,K_star_zx,K_star_zy,K_star_zz,K_xx,K_xy,K_xz,K_yx,K_yy,K_yz,K_zx,K_zy,K_zz,K_star_eig1,K_star_eig2,K_star_eig3,K_eig1,K_eig2,K_eig3,symmetry_error,error_type,error_message
eps_0.02_coeffs_0.999_1.166_0.609_7.519_130.355_-2333.976_m_-0.581_rho_0.529_,0.47052669525146484,0.16666666666666666,1e-05,True,40000,15000,12500,12500,2.0637561400978033,0.05289308722186846,0.030739497689280124,0.05287992815731023,1.9243590094580316,-0.020619264009394605,0.030729969460995713,-0.020634839965268097,2.2744703788625507,0.9710523564051384,0.02488760953215325,0.014463754261427016,0.024881417840994065,0.90546228519767,-0.009701914152857913,0.014459270975660752,-0.009709243055900449,1.0701990308135432,1.9042236621003266,2.0790098243074357,2.2793520420106237,0.8959880667477089,0.9782296220267063,1.0724959836419368,8.779492093546686e-06,,
