sample_name,porosity,nu,g,all_converged,total_iterations,iterations_x,iterations_y,iterations_z,K_star_xx,K_star_xy,K_star_xz,K_star_yx,K_star_yy,K_star_yz,K_star_zx,K_star_zy,K_star_zz,K_xx,K_xy,K_xz,K_yx,K_yy,K_yz,K_zx,K_zy,K_zz,K_star_eig1,K_star_eig2,K_star_eig3,K_eig1,K_eig2,K_eig3,symmetry_error,error_type,error_message
eps_0.02_coeffs_0.516_0.207_0.708_53.444_123.773_515.026_m_-0.251_rho_0.532_,0.46837711334228516,0.16666666666666666,1e-05,True,22500,7500,7500,7500,10.804940344279762,-1.7789620165467033,-2.34690287229555,-1.7777452148887203,9.770552737461319,-1.9574852845287956,-2.3468627388158296,-1.9568232634846068,10.152453677932268,5.0607867682893515,-0.8332250940557154,-1.0992355926205075,-0.8326551720076392,4.5763032869306945,-0.916841306977599,-1.0992167950171277,-0.91653123147195,4.755176947011182,6.16911832787095,11.708754727359912,12.850073704442492,2.889473834275182,5.484112740033669,6.018680427922379,0.00010624287951492786,,
