sample_name,porosity,nu,g,all_converged,total_iterations,iterations_x,iterations_y,iterations_z,K_star_xx,K_star_xy,K_star_xz,K_star_yx,K_star_yy,K_star_yz,K_star_zx,K_star_zy,K_star_zz,K_xx,K_xy,K_xz,K_yx,K_yy,K_yz,K_zx,K_zy,K_zz,K_star_eig1,K_star_eig2,K_star_eig3,K_eig1,K_eig2,K_eig3,symmetry_error,error_type,error_message
eps_0.02_coeffs_0.676_0.537_0.746_79.573_89.673_-2554.425_m_-0.214_rho_0.523_,0.47675228118896484,0.16666666666666666,1e-05,True,87500,32500,25000,30000,1.1548105401871225,0.01612172449216639,0.09023285245982209,0.016122428230102456,1.3240687521827579,0.06471416984329796,0.09022355614430932,0.06470918043193498,1.1917044597660316,0.5505585593752714,0.007686068928340333,0.04301871824840748,0.00768640443700671,0.631252798054156,0.030852628098042418,0.04301428620878012,0.030850249384793325,0.5681478196965185,1.0776085884129483,1.2291095601779172,1.363865603545048,0.5137523527546934,0.5859807866459871,0.6502260377252654,7.024384629192677e-06,,
