sample_name,porosity,nu,g,all_converged,total_iterations,iterations_x,iterations_y,iterations_z,K_star_xx,K_star_xy,K_star_xz,K_star_yx,K_star_yy,K_star_yz,K_star_zx,K_star_zy,K_star_zz,K_xx,K_xy,K_xz,K_yx,K_yy,K_yz,K_zx,K_zy,K_zz,K_star_eig1,K_star_eig2,K_star_eig3,K_eig1,K_eig2,K_eig3,symmetry_error,error_type,error_message
eps_0.02_coeffs_0.453_-0.373_0.417_89.052_56.489_-3246.625_m_-0.479_rho_0.443_,0.5572671890258789,0.16666666666666666,1e-05,True,42500,12500,15000,15000,2.910159767324655,0.32600089515621095,0.19074389687811943,0.3259438402283626,2.536992185702807,-0.02070178703622751,0.19066000404039674,-0.02073847612211534,2.054437538831448,1.6217365531532164,0.18166960246362193,0.10629531523711173,0.1816378076243598,1.4137825039072238,-0.011536426669490885,0.1062485645112546,-0.011556872293251527,1.144870632293846,1.996127516889571,2.383587792327038,3.1218741826423004,1.1123763702742586,1.3282952688264895,1.7397180502535377,3.462919612532481e-05,,
