sample_name,porosity,nu,g,all_converged,total_iterations,iterations_x,iterations_y,iterations_z,K_star_xx,K_star_xy,K_star_xz,K_star_yx,K_star_yy,K_star_yz,K_star_zx,K_star_zy,K_star_zz,K_xx,K_xy,K_xz,K_yx,K_yy,K_yz,K_zx,K_zy,K_zz,K_star_eig1,K_star_eig2,K_star_eig3,K_eig1,K_eig2,K_eig3,symmetry_error,error_type,error_message
eps_0.02_coeffs_0.976_1.076_0.906_-0.434_130.954_848.154_m_-0.447_rho_0.305_,0.6953215599060059,0.16666666666666666,1e-05,True,55000,27500,15000,12500,24.653026616913262,-8.790617904543339,-3.9732955024764305,-8.864513123458353,39.30360419899207,-3.692976311741851,-3.9957522551178024,-3.6855792996772343,20.21640799789935,17.14178092367641,-6.112306153924739,-2.762718026749429,-6.1636870928103225,27.328643381571407,-2.567806049776272,-2.778332691026451,-2.5626627478088593,14.056904344795628,15.112428034936066,25.462864664362435,43.59774611450616,10.507997035219004,17.704878778100007,30.314452836724456,0.0020824775068238946,,
