sample_name,porosity,nu,g,all_converged,total_iterations,iterations_x,iterations_y,iterations_z,K_star_xx,K_star_xy,K_star_xz,K_star_yx,K_star_yy,K_star_yz,K_star_zx,K_star_zy,K_star_zz,K_xx,K_xy,K_xz,K_yx,K_yy,K_yz,K_zx,K_zy,K_zz,K_star_eig1,K_star_eig2,K_star_eig3,K_eig1,K_eig2,K_eig3,symmetry_error,error_type,error_message
eps_0.02_coeffs_0.709_0.816_0.831_24.371_47.744_-469.596_m_-0.574_rho_0.317_,0.6834402084350586,0.16666666666666666,1e-05,True,50000,17500,17500,15000,46.900909031414514,15.50598456988256,3.172927090314208,15.333916104630177,44.643697572748636,-1.2409323454586727,3.3033542776408074,-1.1820047369907205,19.172280082218354,32.053967044223654,10.59741332643134,2.1685059519535863,10.47981481867415,30.51129797443105,-0.8481030608340814,2.2576451360456757,-0.8078295638201647,13.103107095566633,18.30895052511141,31.197688429454807,61.210247731815286,12.513072963109316,21.3217546829186,41.83354446819342,0.004449680314355776,,
