sample_name,porosity,nu,g,all_converged,total_iterations,iterations_x,iterations_y,iterations_z,K_star_xx,K_star_xy,K_star_xz,K_star_yx,K_star_yy,K_star_yz,K_star_zx,K_star_zy,K_star_zz,K_xx,K_xy,K_xz,K_yx,K_yy,K_yz,K_zx,K_zy,K_zz,K_star_eig1,K_star_eig2,K_star_eig3,K_eig1,K_eig2,K_eig3,symmetry_error,error_type,error_message
eps_0.02_coeffs_0.842_0.034_0.615_5.566_110.05_-2686.021_m_-0.485_rho_0.538_,0.46200084686279297,0.16666666666666666,1e-05,True,42500,17500,12500,12500,1.4169578890631185,0.03430931776445231,0.0017933435424135557,0.0343100651423527,1.4033895019203622,0.018686271063650173,0.0017912760165020288,0.018682873629302883,1.4863695252120053,0.6546357447160762,0.015850933862461634,0.0008285262353109838,0.01585127915168454,0.6483671383655606,0.008633073056114084,0.0008275710365889476,0.008631503438568474,0.686703979398994,1.3735963742166535,1.4414610596373332,1.4916594823414986,0.6346026881357566,0.6659562302721872,0.6891479440726878,2.30029773903265e-06,,
