sample_name,porosity,nu,g,all_converged,total_iterations,iterations_x,iterations_y,iterations_z,K_star_xx,K_star_xy,K_star_xz,K_star_yx,K_star_yy,K_star_yz,K_star_zx,K_star_zy,K_star_zz,K_xx,K_xy,K_xz,K_yx,K_yy,K_yz,K_zx,K_zy,K_zz,K_star_eig1,K_star_eig2,K_star_eig3,K_eig1,K_eig2,K_eig3,symmetry_error,error_type,error_message
eps_0.02_coeffs_0.846_1.416_0.603_4.401_69.682_-4105.232_m_-0.435_rho_0.408_,0.5915403366088867,0.16666666666666666,1e-05,True,37500,12500,12500,12500,2.3750083932323895,0.03744776933139578,-0.03119091956843899,0.03744799432964342,2.361951673581471,-0.02631425553300585,-0.031188710158854625,-0.02630604575041029,2.404607676743118,1.404913264381619,0.0221518660755458,-0.018450687060655113,0.02215199917108495,1.3971896880443067,-0.01556594357560654,-0.01844938010576587,-0.015561087158046476,1.422422434512937,2.3304671698732107,2.3647382032699253,2.4463623704138424,1.3785653341227593,1.3988380327541854,1.4471220200619184,2.9164779440583347e-06,,
