sample_name,porosity,nu,g,all_converged,total_iterations,iterations_x,iterations_y,iterations_z,K_star_xx,K_star_xy,K_star_xz,K_star_yx,K_star_yy,K_star_yz,K_star_zx,K_star_zy,K_star_zz,K_xx,K_xy,K_xz,K_yx,K_yy,K_yz,K_zx,K_zy,K_zz,K_star_eig1,K_star_eig2,K_star_eig3,K_eig1,K_eig2,K_eig3,symmetry_error,error_type,error_message
eps_0.02_coeffs_0.232_0.718_0.5_47.648_33.461_-3382.484_m_-0.313_rho_0.343_,0.6569924354553223,0.16666666666666666,1e-05,True,45000,15000,15000,15000,2.2326161588329367,-0.009915871687568202,-0.019124254743118557,-0.009900484713103388,2.2822292058459794,0.0850005022381902,-0.019102494881500304,0.0850014265791753,2.3214388525857443,1.4668119276285576,-0.0065146526896779095,-0.012564490699949459,-0.006504543563849982,1.499407324216016,0.055844686980394145,-0.012550194635469712,0.05584529426542914,1.525167765520917,2.2135604583429145,2.2308560925219014,2.3918676663998455,1.4542924765543106,1.4656555773763076,1.571438963434872,9.548891409578594e-06,,
