sample_name,porosity,nu,g,all_converged,total_iterations,iterations_x,iterations_y,iterations_z,K_star_xx,K_star_xy,K_star_xz,K_star_yx,K_star_yy,K_star_yz,K_star_zx,K_star_zy,K_star_zz,K_xx,K_xy,K_xz,K_yx,K_yy,K_yz,K_zx,K_zy,K_zz,K_star_eig1,K_star_eig2,K_star_eig3,K_eig1,K_eig2,K_eig3,symmetry_error,error_type,error_message
eps_0.02_coeffs_0.166_0.49_0.404_18.621_20.361_-2638.7_m_-0.38_rho_0.536_,0.46392393112182617,0.16666666666666666,1e-05,True,47500,15000,17500,15000,1.5780255996888781,-0.04291710406915705,-0.03419791142651772,-0.04291671780918076,1.452563628223901,-0.009967615318016241,-0.03419568646248624,-0.009968173369367148,1.4416622145858282,0.7320838396185415,-0.01991027163212786,-0.01586522950514612,-0.019910092436881223,0.673879028610215,-0.004624215282244226,-0.01586419729108603,-0.004624474175620707,0.6688216019404551,1.4182466664441595,1.456928343059661,1.597076432994786,0.6579585687972002,0.6759039242750466,0.740921977096965,1.2723763257358043e-06,,
