sample_name,porosity,nu,g,all_converged,total_iterations,iterations_x,iterations_y,iterations_z,K_star_xx,K_star_xy,K_star_xz,K_star_yx,K_star_yy,K_star_yz,K_star_zx,K_star_zy,K_star_zz,K_xx,K_xy,K_xz,K_yx,K_yy,K_yz,K_zx,K_zy,K_zz,K_star_eig1,K_star_eig2,K_star_eig3,K_eig1,K_eig2,K_eig3,symmetry_error,error_type,error_message
eps_0.02_coeffs_0.272_-0.346_0.811_-7.079_78.184_450.772_m_-0.548_rho_0.459_,0.541450023651123,0.16666666666666666,1e-05,True,27500,10000,10000,7500,5.01654836564408,-0.49444814150770117,0.6390383948572971,-0.49423167405086277,4.6577494974860105,0.15543679076370043,0.6385889814232811,0.15566837826896107,4.1615500829928385,2.7162102312249896,-0.2677189579135986,0.3460073540094592,-0.26760175160397376,2.521938575574807,0.08416125403526026,0.34576401909498217,0.08428664709546094,2.2532713908618054,3.6700150256481514,4.641110979797153,5.524721940677626,1.9871297224371671,2.5129296497786546,2.991360825445778,9.607802077742408e-05,,
