sample_name,porosity,nu,g,all_converged,total_iterations,iterations_x,iterations_y,iterations_z,K_star_xx,K_star_xy,K_star_xz,K_star_yx,K_star_yy,K_star_yz,K_star_zx,K_star_zy,K_star_zz,K_xx,K_xy,K_xz,K_yx,K_yy,K_yz,K_zx,K_zy,K_zz,K_star_eig1,K_star_eig2,K_star_eig3,K_eig1,K_eig2,K_eig3,symmetry_error,error_type,error_message
eps_0.02_coeffs_0.34_1.465_0.547_9.049_58.299_-992.922_m_-0.272_rho_0.471_,0.5289874076843262,0.16666666666666666,1e-05,True,50000,15000,20000,15000,1.3220925625938587,0.0422596918989466,-0.06112607951878657,0.042259283815096554,1.2470545733562248,0.008058176241166002,-0.06112768990739319,0.008056407957476898,1.2231320797650365,0.699370317405253,0.02235484486716208,-0.032334926346548894,0.022354628995944127,0.6596761660005928,0.0042626737604778316,-0.03233577822184327,0.004261738360673081,0.6470214681304451,1.1826445875512608,1.2475636446489795,1.3620709835148803,0.6256040945806406,0.6599454583040737,0.7205183986515771,1.5644628520193362e-06,,
