sample_name,porosity,nu,g,all_converged,total_iterations,iterations_x,iterations_y,iterations_z,K_star_xx,K_star_xy,K_star_xz,K_star_yx,K_star_yy,K_star_yz,K_star_zx,K_star_zy,K_star_zz,K_xx,K_xy,K_xz,K_yx,K_yy,K_yz,K_zx,K_zy,K_zz,K_star_eig1,K_star_eig2,K_star_eig3,K_eig1,K_eig2,K_eig3,symmetry_error,error_type,error_message
eps_0.02_coeffs_0.385_0.86_0.73_90.484_48.278_-4132.909_m_-0.348_rho_0.327_,0.6728072166442871,0.16666666666666666,1e-05,True,50000,15000,20000,15000,2.4724091937251313,-0.1657722338623446,-0.009591116206197766,-0.16568604662000877,2.266252016109369,0.1613695463277911,-0.009547506632636281,0.161325545371872,2.1511061929820614,1.6634547480359516,-0.11153275526182992,-0.0064529721992038335,-0.11147476786320369,1.5247507111730487,0.10857059531595248,-0.006423631363396886,0.10854099115527086,1.4472797704065494,2.0181492106850136,2.2877499208788885,2.583868271252658,1.3578253532138496,1.5392146566447131,1.7384452197569873,3.75466386518246e-05,,
