sample_name,porosity,nu,g,all_converged,total_iterations,iterations_x,iterations_y,iterations_z,K_star_xx,K_star_xy,K_star_xz,K_star_yx,K_star_yy,K_star_yz,K_star_zx,K_star_zy,K_star_zz,K_xx,K_xy,K_xz,K_yx,K_yy,K_yz,K_zx,K_zy,K_zz,K_star_eig1,K_star_eig2,K_star_eig3,K_eig1,K_eig2,K_eig3,symmetry_error,error_type,error_message
eps_0.02_coeffs_0.524_-0.152_0.512_1.54_57.707_-2181.181_m_-0.45_rho_0.424_,0.5763392448425293,0.16666666666666666,1e-05,True,40000,12500,12500,15000,2.4911224554855336,0.049517168182978,0.019157019011935613,0.04951746852075043,2.5010988873263154,0.062392375078131675,0.019157005237888897,0.06239517232748688,2.5037067553822085,1.4357316348047997,0.02853868731731806,0.011040941870772947,0.02853886041376302,1.441481443998139,0.03595917433646226,0.011040933932249265,0.03596078650104327,1.4429844607041213,2.4291926652813225,2.4773430483682484,2.5893923845444857,1.400039066285249,1.427790021712446,1.492368451509365,9.190073307008703e-07,,
