sample_name,porosity,nu,g,all_converged,total_iterations,iterations_x,iterations_y,iterations_z,K_star_xx,K_star_xy,K_star_xz,K_star_yx,K_star_yy,K_star_yz,K_star_zx,K_star_zy,K_star_zz,K_xx,K_xy,K_xz,K_yx,K_yy,K_yz,K_zx,K_zy,K_zz,K_star_eig1,K_star_eig2,K_star_eig3,K_eig1,K_eig2,K_eig3,symmetry_error,error_type,error_message
eps_0.02_coeffs_0.436_-0.334_0.528_-35.781_23.686_972.841_m_-0.567_rho_0.353_,0.6466646194458008,0.16666666666666666,1e-05,True,50000,17500,15000,17500,68.26767917838072,3.7911207734480503,-11.159236171636843,3.885690988198946,71.75990888498649,15.381828180999667,-10.877022173638489,15.413806333970088,66.99304676890603,44.146292776335585,2.4515836722348534,-7.216283212237354,2.512738884167649,46.40459417057512,9.946884067046843,-7.03378540461947,9.967563207168041,43.32203309432935,47.926674315543124,72.92860150626164,86.16535901046849,30.992484607563497,47.16034633976113,55.720089093915405,0.0034514859609625125,,
