sample_name,porosity,nu,g,all_converged,total_iterations,iterations_x,iterations_y,iterations_z,K_star_xx,K_star_xy,K_star_xz,K_star_yx,K_star_yy,K_star_yz,K_star_zx,K_star_zy,K_star_zz,K_xx,K_xy,K_xz,K_yx,K_yy,K_yz,K_zx,K_zy,K_zz,K_star_eig1,K_star_eig2,K_star_eig3,K_eig1,K_eig2,K_eig3,symmetry_error,error_type,error_message
eps_0.02_coeffs_0.439_-0.085_0.551_93.715_61.287_-2906.366_m_-0.296_rho_0.45_,0.5498418807983398,0.16666666666666666,1e-05,True,75000,25000,25000,25000,1.5604979225259819,-0.11132068222206969,-0.19791790671718595,-0.11131330331684969,1.2465304196207854,0.06139341112641778,-0.19790032371768737,0.061404544180023564,1.3911874106549142,0.8580271127035879,-0.06120877328473711,-0.1088235540730479,-0.06120471605361271,0.6853946303966364,0.033756668642375275,-0.10881388620353352,0.03376279006150891,0.7649331024174704,1.2110350259465983,1.262489196583285,1.724691530271798,0.6658777763791444,0.6941694343369382,0.9483076348016125,1.2711191518831695e-05,,
