sample_name,porosity,nu,g,all_converged,total_iterations,iterations_x,iterations_y,iterations_z,K_star_xx,K_star_xy,K_star_xz,K_star_yx,K_star_yy,K_star_yz,K_star_zx,K_star_zy,K_star_zz,K_xx,K_xy,K_xz,K_yx,K_yy,K_yz,K_zx,K_zy,K_zz,K_star_eig1,K_star_eig2,K_star_eig3,K_eig1,K_eig2,K_eig3,symmetry_error,error_type,error_message
eps_0.02_coeffs_0.655_0.847_0.607_47.426_110.601_-243.044_m_-0.403_rho_0.377_,0.6230630874633789,0.16666666666666666,1e-05,True,30000,10000,10000,10000,18.32649208791056,0.5790650365326392,-7.258087188320822,0.5783727295551422,18.100064279366173,-3.4523861472545656,-7.265872296024976,-3.4495731172547326,12.013729552755409,11.418560742666738,0.3607940495041205,-4.522246212633566,0.36036269858124875,11.277481933187506,-2.151054372024229,-4.527096825875951,-2.149301676867406,7.485311427089823,6.654589018698206,17.68734622677311,24.098350674560834,4.146228779789998,11.02033254908699,15.014792774067068,0.0003836135447683164,,
