sample_name,porosity,nu,g,all_converged,total_iterations,iterations_x,iterations_y,iterations_z,K_star_xx,K_star_xy,K_star_xz,K_star_yx,K_star_yy,K_star_yz,K_star_zx,K_star_zy,K_star_zz,K_xx,K_xy,K_xz,K_yx,K_yy,K_yz,K_zx,K_zy,K_zz,K_star_eig1,K_star_eig2,K_star_eig3,K_eig1,K_eig2,K_eig3,symmetry_error,error_type,error_message
eps_0.02_coeffs_0.695_1.368_0.929_107.707_146.772_-3768.444_m_-0.473_rho_0.363_,0.6371612548828125,0.16666666666666666,1e-05,True,72500,27500,17500,27500,0.9793439735310256,-0.001935303518259671,-0.1464952344909641,-0.001978866651915598,2.5298181988109207,0.42183125310317476,-0.1465099587758137,0.4221156894452299,1.5932869425243377,0.6240000351369482,-0.001233100418273454,-0.09334108744261456,-0.0012608571591802922,1.6119021381797427,0.26877453057600814,-0.09335046918642657,0.2689557623926463,1.0151807076872066,0.9399666339860284,1.4687495987259116,2.693732882154342,0.5989103200585112,0.9358303374328294,1.716342223512557,0.00012698526012645012,,
