sample_name,porosity,nu,g,all_converged,total_iterations,iterations_x,iterations_y,iterations_z,K_star_xx,K_star_xy,K_star_xz,K_star_yx,K_star_yy,K_star_yz,K_star_zx,K_star_zy,K_star_zz,K_xx,K_xy,K_xz,K_yx,K_yy,K_yz,K_zx,K_zy,K_zz,K_star_eig1,K_star_eig2,K_star_eig3,K_eig1,K_eig2,K_eig3,symmetry_error,error_type,error_message
eps_0.02_coeffs_0.546_-0.109_0.48_-16.929_32.663_662.877_m_-0.505_rho_0.351_,0.6493053436279297,0.16666666666666666,1e-05,True,45000,15000,15000,15000,40.42290635408511,1.7244778747704097,0.5167143158223574,1.6734412787922122,45.32899169638874,0.44472379124406997,0.26080821582340236,0.4044609217282246,57.785706265828,26.246809100678853,1.1197126990565627,0.33550536639250633,1.0865743645673394,29.432356529731262,0.2887615340932465,0.16934416819620152,0.26261863776681404,37.52056786371606,39.90552067287171,45.82747917267527,57.80460447075485,25.91086781315041,29.756027111815698,37.53283856916005,0.004452061223877068,,
