sample_name,porosity,nu,g,all_converged,total_iterations,iterations_x,iterations_y,iterations_z,K_star_xx,K_star_xy,K_star_xz,K_star_yx,K_star_yy,K_star_yz,K_star_zx,K_star_zy,K_star_zz,K_xx,K_xy,K_xz,K_yx,K_yy,K_yz,K_zx,K_zy,K_zz,K_star_eig1,K_star_eig2,K_star_eig3,K_eig1,K_eig2,K_eig3,symmetry_error,error_type,error_message
eps_0.02_coeffs_0.91_1.128_0.667_22.729_86.152_-202.661_m_-0.366_rho_0.38_,0.6204171180725098,0.16666666666666666,1e-05,True,32500,10000,12500,10000,9.980941261817307,1.3638976463871453,0.7419410725804022,1.3749088786926706,18.250281035490406,2.38649023076289,0.7476442359988472,2.4146064275938275,5.0624980269293856,6.192346813307693,0.8461854471173916,0.4603129420299599,0.8530170041308126,11.322786764052337,1.480619391278111,0.4638512822419282,1.4980631610871207,3.1408604361152963,4.587311066650299,9.781127167635157,18.92528208995164,2.846046311673309,6.068378728844934,11.741568972957081,0.001994600717323361,,
