sample_name,porosity,nu,g,all_converged,total_iterations,iterations_x,iterations_y,iterations_z,K_star_xx,K_star_xy,K_star_xz,K_star_yx,K_star_yy,K_star_yz,K_star_zx,K_star_zy,K_star_zz,K_xx,K_xy,K_xz,K_yx,K_yy,K_yz,K_zx,K_zy,K_zz,K_star_eig1,K_star_eig2,K_star_eig3,K_eig1,K_eig2,K_eig3,symmetry_error,error_type,error_message
eps_0.02_coeffs_0.417_0.308_0.261_103.353_71.494_-3491.061_m_-0.344_rho_0.335_,0.6647720336914062,0.16666666666666666,1e-05,True,120000,42500,40000,37500,0.775258633193918,-0.006155195507209453,0.015268658983750105,-0.00615614804476987,0.8778921162152858,0.018468831840786418,0.015266700819645262,0.01847046093538221,0.7359633260163647,0.5153702582251408,-0.0040918018350958344,0.010150177484368117,-0.004092435055427041,0.5835981274580879,0.012277562902704185,0.01014887575163384,0.012278645879231706,0.4892478369581902,0.728197196472938,0.7804924839192213,0.8804243950334083,0.4840851312276958,0.5188495758158381,0.585281515597885,2.779499713918011e-06,,
