sample_name,porosity,nu,g,all_converged,total_iterations,iterations_x,iterations_y,iterations_z,K_star_xx,K_star_xy,K_star_xz,K_star_yx,K_star_yy,K_star_yz,K_star_zx,K_star_zy,K_star_zz,K_xx,K_xy,K_xz,K_yx,K_yy,K_yz,K_zx,K_zy,K_zz,K_star_eig1,K_star_eig2,K_star_eig3,K_eig1,K_eig2,K_eig3,symmetry_error,error_type,error_message
eps_0.02_coeffs_0.622_1.352_0.331_-13.455_39.988_850.828_m_-0.289_rho_0.59_,0.41049623489379883,0.16666666666666666,1e-05,True,75000,25000,22500,27500,0.16666047851144708,4.842310823496279e-12,-2.0894193490683192e-11,2.121667575577513e-12,0.1666602205761713,-6.754841225083787e-11,-2.8583068786295834e-11,-3.2301610353962473e-10,0.1666606732545893,0.06841349893454789,1.9877503612307133e-12,-8.57698775906797e-12,8.709365514708235e-13,0.06841339305308834,-2.7728368902023102e-11,-1.1733242118484904e-11,-1.3259689431308144e-10,0.06841357887587454,0.16666022057594082,0.1666604785114429,0.1666606732548241,0.06841339305299374,0.06841349893454618,0.06841357887597088,1.2522152856415603e-09,,
