sample_name,porosity,nu,g,all_converged,total_iterations,iterations_x,iterations_y,iterations_z,K_star_xx,K_star_xy,K_star_xz,K_star_yx,K_star_yy,K_star_yz,K_star_zx,K_star_zy,K_star_zz,K_xx,K_xy,K_xz,K_yx,K_yy,K_yz,K_zx,K_zy,K_zz,K_star_eig1,K_star_eig2,K_star_eig3,K_eig1,K_eig2,K_eig3,symmetry_error,error_type,error_message
eps_0.02_coeffs_0.891_0.269_0.624_-3.696_40.915_-3581.812_m_-0.223_rho_0.578_,0.4216938018798828,0.16666666666666666,1e-05,True,45000,15000,15000,15000,1.3669085971218482,0.019193859995978352,0.007896677158336748,0.019195151466910226,1.3617172230575203,-0.009209651069973334,0.007895913216569931,-0.009209974546252872,1.364153316232707,0.5764168831426092,0.008093931794454303,0.0033299798131170527,0.008094476399741583,0.5742277128764421,-0.0038836527736841858,0.0033296576636089887,-0.0038837891816263224,0.5752549982692203,1.3390751038551805,1.370020425907668,1.383683606649227,0.56467967154739,0.5777291220541009,0.5834908006867808,9.185807475305391e-07,,
