sample_name,porosity,nu,g,all_converged,total_iterations,iterations_x,iterations_y,iterations_z,K_star_xx,K_star_xy,K_star_xz,K_star_yx,K_star_yy,K_star_yz,K_star_zx,K_star_zy,K_star_zz,K_xx,K_xy,K_xz,K_yx,K_yy,K_yz,K_zx,K_zy,K_zz,K_star_eig1,K_star_eig2,K_star_eig3,K_eig1,K_eig2,K_eig3,symmetry_error,error_type,error_message
eps_0.02_coeffs_0.535_1.028_0.815_53.258_63.871_-1374.206_m_-0.385_rho_0.354_,0.6458992958068848,0.16666666666666666,1e-05,True,42500,15000,12500,15000,3.835678099545431,0.8417031989842978,0.7959422443167377,0.8414490771388768,4.40466087596763,2.1071220351385493,0.7946917369337335,2.1065658140709793,6.671203063882364,2.477461783438284,0.5436555035023601,0.5140985351071323,0.5434913663813536,2.8449673580556283,1.3609886386751588,0.5132908332690486,1.3606293758793024,4.3089253611463505,2.9817282522618735,3.715255316394146,8.214558470739401,1.9258961784234383,2.3996807926017647,5.305777531615059,0.00020730617049613794,,
