sample_name,porosity,nu,g,all_converged,total_iterations,iterations_x,iterations_y,iterations_z,K_star_xx,K_star_xy,K_star_xz,K_star_yx,K_star_yy,K_star_yz,K_star_zx,K_star_zy,K_star_zz,K_xx,K_xy,K_xz,K_yx,K_yy,K_yz,K_zx,K_zy,K_zz,K_star_eig1,K_star_eig2,K_star_eig3,K_eig1,K_eig2,K_eig3,symmetry_error,error_type,error_message
eps_0.02_coeffs_0.402_-0.436_0.42_104.791_131.55_-2118.862_m_-0.353_rho_0.491_,0.5094013214111328,0.16666666666666666,1e-05,True,240000,30000,97500,112500,0.7097313970978014,-3.9464864316555525e-09,-3.822884316102278e-09,-4.200448855119353e-09,0.16663370742941622,-1.5177012169173316e-08,-4.670285905562448e-08,-1.5176154400664093e-08,0.16663445804259105,0.3615381115285895,-2.0103454032164446e-09,-1.9473823222243953e-09,-2.1397141973176786e-09,0.08488343075618072,-7.73119005404973e-09,-2.3790498116612998e-08,-7.730753105637667e-09,0.08488381311952385,0.16663370712270478,0.16663445834929838,0.7097313970978054,0.08488343059994154,0.084883813275761,0.36153811152859155,8.109109633016227e-08,,
