sample_name,porosity,nu,g,all_converged,total_iterations,iterations_x,iterations_y,iterations_z,K_star_xx,K_star_xy,K_star_xz,K_star_yx,K_star_yy,K_star_yz,K_star_zx,K_star_zy,K_star_zz,K_xx,K_xy,K_xz,K_yx,K_yy,K_yz,K_zx,K_zy,K_zz,K_star_eig1,K_star_eig2,K_star_eig3,K_eig1,K_eig2,K_eig3,symmetry_error,error_type,error_message
eps_0.02_coeffs_0.959_0.652_0.819_-6.347_33.881_-792.665_m_-0.374_rho_0.619_,0.3810124397277832,0.16666666666666666,1e-05,True,37500,10000,12500,15000,2.079209584544989,-0.369646265996833,0.01362899883158167,-0.36963990924413215,2.692418237397611,0.007548545337988055,0.013646085035420212,0.007596876470346046,2.303000978078056,0.7922047165128767,-0.14083982564371844,0.005192818095868038,-0.14083740364186315,1.0258448413984416,0.0028760896756226126,0.005199328152078248,0.0028945044382771372,0.877472021352991,1.9049541877049485,2.3036088473846474,2.8660657649310597,0.7258112426271198,0.877703627120531,1.0920067095166581,1.7639989149392926e-05,,
