sample_name,porosity,nu,g,all_converged,total_iterations,iterations_x,iterations_y,iterations_z,K_star_xx,K_star_xy,K_star_xz,K_star_yx,K_star_yy,K_star_yz,K_star_zx,K_star_zy,K_star_zz,K_xx,K_xy,K_xz,K_yx,K_yy,K_yz,K_zx,K_zy,K_zz,K_star_eig1,K_star_eig2,K_star_eig3,K_eig1,K_eig2,K_eig3,symmetry_error,error_type,error_message
eps_0.02_coeffs_0.129_1.4_0.753_87.82_130.967_738.472_m_-0.305_rho_0.461_,0.5386538505554199,0.16666666666666666,1e-05,True,55000,17500,17500,20000,8.187742537029987,1.0774768148078717,2.7081849575743786,1.0813113351471326,8.541427400587681,0.6727050697949247,2.7062091198861453,0.6748064222897576,5.433341598914109,4.410359044927605,0.5803870351804492,1.4587742554137055,0.5824525143262251,4.600872758566125,0.36235517613318874,1.4577099628348662,0.36348707774590466,2.926690373638027,3.774033257253761,7.762239051411718,10.626239227866296,2.0328975461439533,4.181159953974573,5.7238646770132355,0.0004956767265639358,,
