sample_name,porosity,nu,g,all_converged,total_iterations,iterations_x,iterations_y,iterations_z,K_star_xx,K_star_xy,K_star_xz,K_star_yx,K_star_yy,K_star_yz,K_star_zx,K_star_zy,K_star_zz,K_xx,K_xy,K_xz,K_yx,K_yy,K_yz,K_zx,K_zy,K_zz,K_star_eig1,K_star_eig2,K_star_eig3,K_eig1,K_eig2,K_eig3,symmetry_error,error_type,error_message
eps_0.02_coeffs_0.529_0.935_0.344_38.311_96.968_-2075.924_m_-0.308_rho_0.485_,0.5149784088134766,0.16666666666666666,1e-05,True,57500,20000,20000,17500,1.259458426249616,-0.002237456568987715,0.005589312373657433,-0.0022367437048247175,1.3425040934742816,0.0006184477419127898,0.005590199495269472,0.0006196255127817839,1.2513649940646525,0.6485938963167526,-0.001152241823686554,0.0028783751925475806,-0.0011518747140341935,0.6913606218829643,0.00031848723406453615,0.0028788320410237725,0.00031909376063259755,0.6444259534883003,1.2484842896877075,1.2622765082089675,1.342566715891875,0.6429424529319994,0.6500451476800855,0.6913928710759326,1.0405604943952807e-06,,
