sample_name,porosity,nu,g,all_converged,total_iterations,iterations_x,iterations_y,iterations_z,K_star_xx,K_star_xy,K_star_xz,K_star_yx,K_star_yy,K_star_yz,K_star_zx,K_star_zy,K_star_zz,K_xx,K_xy,K_xz,K_yx,K_yy,K_yz,K_zx,K_zy,K_zz,K_star_eig1,K_star_eig2,K_star_eig3,K_eig1,K_eig2,K_eig3,symmetry_error,error_type,error_message
eps_0.02_coeffs_0.318_0.594_0.652_117.708_83.915_-3600.019_m_-0.347_rho_0.476_,0.5236043930053711,0.16666666666666666,1e-05,True,207500,72500,70000,65000,0.5338366276722913,-0.10888664001919253,-0.15686924646939496,-0.10888567544288377,0.5676133267358943,0.07806917443471274,-0.15686900164784662,0.07806647566473451,0.5586786907918659,0.2795192033963844,-0.057013523053643655,-0.0821374265788175,-0.057013017997250996,0.2972048314073073,0.0408773626923182,-0.08213729838917928,0.04087594960450189,0.2925266167771104,0.38331415283182657,0.49289496699366464,0.78391952537456,0.2007049743238767,0.25808197000812017,0.4104637072488051,4.058919244735054e-06,,
