sample_name,porosity,nu,g,all_converged,total_iterations,iterations_x,iterations_y,iterations_z,K_star_xx,K_star_xy,K_star_xz,K_star_yx,K_star_yy,K_star_yz,K_star_zx,K_star_zy,K_star_zz,K_xx,K_xy,K_xz,K_yx,K_yy,K_yz,K_zx,K_zy,K_zz,K_star_eig1,K_star_eig2,K_star_eig3,K_eig1,K_eig2,K_eig3,symmetry_error,error_type,error_message
eps_0.02_coeffs_0.823_0.712_0.731_82.951_101.066_-3709.398_m_-0.441_rho_0.516_,0.48416757583618164,0.16666666666666666,1e-05,True,55000,15000,20000,20000,1.8359744089894532,0.06380624209133816,-0.2173643016707618,0.06378785081471391,1.7925406456639197,-0.005042481471942128,-0.2173603340746755,-0.005034833921460128,1.5391969312218026,0.8889192788976898,0.03089291355657973,-0.10524074701325722,0.03088400909676004,0.8678900589989238,-0.0024414060304690814,-0.10523882603187823,-0.002437703334491126,0.7452292469241502,1.4226370631311027,1.7747586379670661,1.9703162847770073,0.6887947381508909,0.8592805874388378,0.9539632592310352,9.544325827685828e-06,,
