sample_name,porosity,nu,g,all_converged,total_iterations,iterations_x,iterations_y,iterations_z,K_star_xx,K_star_xy,K_star_xz,K_star_yx,K_star_yy,K_star_yz,K_star_zx,K_star_zy,K_star_zz,K_xx,K_xy,K_xz,K_yx,K_yy,K_yz,K_zx,K_zy,K_zz,K_star_eig1,K_star_eig2,K_star_eig3,K_eig1,K_eig2,K_eig3,symmetry_error,error_type,error_message
eps_0.02_coeffs_0.433_0.36_0.46_105.743_141.685_-1639.019_m_-0.423_rho_0.377_,0.6227817535400391,0.16666666666666666,1e-05,True,127500,17500,12500,97500,1.727438933903235,1.367155578883785,-2.7052656787531264e-13,1.3670441621235416,1.576294409243226,-2.3087213402095786e-12,-1.0842398314687697e-11,6.12160630564711e-12,0.1666535081537886,1.0758174483895924,0.8514395487792908,-1.684790103205556e-13,0.8513701604539727,0.9816873962838563,-1.4378295246910303e-12,-6.752447835000768e-12,3.8124247095126674e-12,0.10378876404161566,0.1666535081537886,0.2827352286395249,3.020998114506936,0.10378876404161566,0.17608234147966711,1.8814225031937815,5.18513515249748e-05,,
