sample_name,porosity,nu,g,all_converged,total_iterations,iterations_x,iterations_y,iterations_z,K_star_xx,K_star_xy,K_star_xz,K_star_yx,K_star_yy,K_star_yz,K_star_zx,K_star_zy,K_star_zz,K_xx,K_xy,K_xz,K_yx,K_yy,K_yz,K_zx,K_zy,K_zz,K_star_eig1,K_star_eig2,K_star_eig3,K_eig1,K_eig2,K_eig3,symmetry_error,error_type,error_message
eps_0.02_coeffs_0.894_0.776_0.611_111.417_141.905_-1466.369_m_-0.347_rho_0.561_,0.4393796920776367,0.16666666666666666,1e-05,True,147500,50000,52500,45000,1.9521386989821512,0.5449091051768479,0.010522448466449027,0.5452502414041479,2.011713360601968,-0.723955939459754,0.010471206302822498,-0.723947362220954,2.6549414942480936,0.8577301004516159,0.23942199484290397,0.004623350167091174,0.2395718831734116,0.8839059969297606,-0.3180915377576029,0.004600835401015558,-0.31808776909306014,1.166527376226868,1.2267974077778419,2.1921519187974194,3.1998442272569534,0.5390298672710708,0.9631870350686106,1.405946571268563,0.00011995918871115444,,
