sample_name,porosity,nu,g,all_converged,total_iterations,iterations_x,iterations_y,iterations_z,K_star_xx,K_star_xy,K_star_xz,K_star_yx,K_star_yy,K_star_yz,K_star_zx,K_star_zy,K_star_zz,K_xx,K_xy,K_xz,K_yx,K_yy,K_yz,K_zx,K_zy,K_zz,K_star_eig1,K_star_eig2,K_star_eig3,K_eig1,K_eig2,K_eig3,symmetry_error,error_type,error_message
eps_0.02_coeffs_0.878_-0.181_0.664_-5.648_85.172_-718.364_m_-0.319_rho_0.686_,0.31415891647338867,0.16666666666666666,1e-05,True,67500,22500,20000,25000,0.8458145928656827,-0.0058883845621084405,-0.023619899627173462,-0.005888601827071431,0.821792100488774,-0.03110438220892834,-0.02361933225051478,-0.03110400788313513,0.7524392212168407,0.26572019603206326,-0.001849888513810617,-0.007420402074083012,-0.0018499567695359775,0.2581733158559434,-0.009771719012331075,-0.007420223827646687,-0.009771601414545472,0.23638549044956308,0.7352482850896395,0.8332387857398065,0.8515588437418509,0.23098480458267837,0.2617693940916197,0.26752480366327164,7.208501861153911e-07,,
