sample_name,porosity,nu,g,all_converged,total_iterations,iterations_x,iterations_y,iterations_z,K_star_xx,K_star_xy,K_star_xz,K_star_yx,K_star_yy,K_star_yz,K_star_zx,K_star_zy,K_star_zz,K_xx,K_xy,K_xz,K_yx,K_yy,K_yz,K_zx,K_zy,K_zz,K_star_eig1,K_star_eig2,K_star_eig3,K_eig1,K_eig2,K_eig3,symmetry_error,error_type,error_message
eps_0.02_coeffs_0.804_0.215_0.399_53.828_143.457_-39.119_m_-0.307_rho_0.564_,0.43607187271118164,0.16666666666666666,1e-05,True,145000,32500,40000,72500,1.159863733769936,0.5256875504188703,-0.09526139217255249,0.5257341058196666,1.0687802682673506,-0.015570647646063269,-0.095253320110685,-0.015559321280963542,0.6003005441636626,0.5057839504748394,0.22923755457211048,-0.04154081368175926,0.22925785607292057,0.4660650131001027,-0.006789921478344762,-0.04153729368262407,-0.006784982369104713,0.2617741824829898,0.5374524003384509,0.6432344058244496,1.6482577400380483,0.23436787470870798,0.2804964319401319,0.7187588394090918,3.716035292717832e-05,,
