sample_name,porosity,nu,g,all_converged,total_iterations,iterations_x,iterations_y,iterations_z,K_star_xx,K_star_xy,K_star_xz,K_star_yx,K_star_yy,K_star_yz,K_star_zx,K_star_zy,K_star_zz,K_xx,K_xy,K_xz,K_yx,K_yy,K_yz,K_zx,K_zy,K_zz,K_star_eig1,K_star_eig2,K_star_eig3,K_eig1,K_eig2,K_eig3,symmetry_error,error_type,error_message
eps_0.02_coeffs_0.879_0.993_0.76_11.582_48.031_-2504.34_m_-0.4_rho_0.553_,0.44735240936279297,0.16666666666666666,1e-05,True,40000,12500,12500,15000,2.5904435077972914,0.04297582666995892,-0.04251068632041335,0.042976662723028934,2.120334072801135,0.008410495431350537,-0.04249701663113839,0.008398402966390656,2.3040979754411572,1.1588411445313234,0.0192253396051639,-0.019017257949102834,0.019225713615519124,0.9485365561216115,0.003762455395149426,-0.019011142780670443,0.0037570458018144877,1.0307437807215352,2.115632159031177,2.2990622249099575,2.600181172098449,0.9464331436680046,1.0284910255884532,1.1631973121180124,6.35640406678304e-06,,
