sample_name,porosity,nu,g,all_converged,total_iterations,iterations_x,iterations_y,iterations_z,K_star_xx,K_star_xy,K_star_xz,K_star_yx,K_star_yy,K_star_yz,K_star_zx,K_star_zy,K_star_zz,K_xx,K_xy,K_xz,K_yx,K_yy,K_yz,K_zx,K_zy,K_zz,K_star_eig1,K_star_eig2,K_star_eig3,K_eig1,K_eig2,K_eig3,symmetry_error,error_type,error_message
eps_0.02_coeffs_0.398_-0.23_0.871_30.309_103.301_-1719.776_m_-0.242_rho_0.493_,0.507237434387207,0.16666666666666666,1e-05,True,62500,20000,22500,20000,1.1008023542700316,0.0007225646512792111,0.020352159234553416,0.0007208767353393247,1.1214972983758908,-0.012499535796981149,0.020351739711601653,-0.012501519873440529,1.0936655801248145,0.5583681619473282,0.00036651183989375397,0.010323377034374779,0.0003656556657429447,0.5688654123003709,-0.006340232468691771,0.01032316423662906,-0.006341238866544655,0.5547481229401073,1.07437406112759,1.112943741898673,1.1286474297444749,0.5449627423385229,0.5645267282579809,0.5724922265913028,1.948625529818387e-06,,
