sample_name,porosity,nu,g,all_converged,total_iterations,iterations_x,iterations_y,iterations_z,K_star_xx,K_star_xy,K_star_xz,K_star_yx,K_star_yy,K_star_yz,K_star_zx,K_star_zy,K_star_zz,K_xx,K_xy,K_xz,K_yx,K_yy,K_yz,K_zx,K_zy,K_zz,K_star_eig1,K_star_eig2,K_star_eig3,K_eig1,K_eig2,K_eig3,symmetry_error,error_type,error_message
eps_0.02_coeffs_0.595_1.104_0.405_31.763_44.89_-1850.809_m_-0.422_rho_0.565_,0.4352869987487793,0.16666666666666666,1e-05,True,55000,17500,22500,15000,1.9936719868459911,-0.10844720041813229,0.2585006225648216,-0.1084309512508057,1.6191806446965515,0.13402960483949136,0.25849442201294354,0.134041578752494,2.626151594354891,0.8678194956437073,-0.047205656392716164,0.11252196017093216,-0.04719858334143841,0.7048082832620755,0.05834134443406706,0.11251926115131458,0.05834655652272126,1.1431296457660622,1.550556697012274,1.9626234983959825,2.725824030489177,0.6749371710322927,0.8543044922906167,1.1865157613489352,8.071805711643806e-06,,
