sample_name,porosity,nu,g,all_converged,total_iterations,iterations_x,iterations_y,iterations_z,K_star_xx,K_star_xy,K_star_xz,K_star_yx,K_star_yy,K_star_yz,K_star_zx,K_star_zy,K_star_zz,K_xx,K_xy,K_xz,K_yx,K_yy,K_yz,K_zx,K_zy,K_zz,K_star_eig1,K_star_eig2,K_star_eig3,K_eig1,K_eig2,K_eig3,symmetry_error,error_type,error_message
eps_0.02_coeffs_0.899_1.195_0.835_88.043_117.347_-2266.476_m_-0.291_rho_0.53_,0.46964311599731445,0.16666666666666666,1e-05,True,122500,42500,40000,40000,0.8766175016890265,0.0007527707949495073,0.011122313646522297,0.0007537337413861136,0.8244198868599858,0.02311848046496278,0.011120393329159815,0.023117901306627397,0.8827962581958275,0.4116973750310155,0.0003535336217718621,0.005223518038052185,0.00035398586293688836,0.38718312455507714,0.010857435202688163,0.005222616174222365,0.010857163204962878,0.4145991854898582,0.8162266056003735,0.8709628195208233,0.8966442216236424,0.3833352064140704,0.40904169247756605,0.42110278618431396,2.107648722055152e-06,,
