sample_name,porosity,nu,g,all_converged,total_iterations,iterations_x,iterations_y,iterations_z,K_star_xx,K_star_xy,K_star_xz,K_star_yx,K_star_yy,K_star_yz,K_star_zx,K_star_zy,K_star_zz,K_xx,K_xy,K_xz,K_yx,K_yy,K_yz,K_zx,K_zy,K_zz,K_star_eig1,K_star_eig2,K_star_eig3,K_eig1,K_eig2,K_eig3,symmetry_error,error_type,error_message
eps_0.02_coeffs_0.19_0.814_0.78_19.269_32.999_-3005.124_m_-0.475_rho_0.507_,0.49337196350097656,0.16666666666666666,1e-05,True,37500,12500,12500,12500,2.1016020420928028,-0.12446014450117213,-0.22414279829980657,-0.12446867218334556,2.0378035299045147,-0.1435734333572504,-0.22415630597813874,-0.14358667668626363,2.111058911766978,1.036871526004988,-0.061405145870158565,-0.11058577250177892,-0.06140935318945658,1.0053951287782115,-0.07083510672204324,-0.11059243681156,-0.07084164060928178,1.0415372803647087,1.755071304552565,2.1637318231007687,2.3316613561109616,0.8659029756113197,1.0675246180527742,1.1503763414838148,8.077360391144449e-06,,
