sample_name,porosity,nu,g,all_converged,total_iterations,iterations_x,iterations_y,iterations_z,K_star_xx,K_star_xy,K_star_xz,K_star_yx,K_star_yy,K_star_yz,K_star_zx,K_star_zy,K_star_zz,K_xx,K_xy,K_xz,K_yx,K_yy,K_yz,K_zx,K_zy,K_zz,K_star_eig1,K_star_eig2,K_star_eig3,K_eig1,K_eig2,K_eig3,symmetry_error,error_type,error_message
eps_0.02_coeffs_0.237_-0.193_0.891_28.562_37.091_-2982.269_m_-0.357_rho_0.599_,0.40076351165771484,0.16666666666666666,1e-05,True,55000,20000,15000,20000,1.0827815006896855,0.14594231751588585,-0.031093907834442252,0.14594248470089222,1.1968555820950673,0.01275392905011617,-0.031095263485326173,0.012753675033100435,1.1815974771053324,0.43393931657440876,0.05848835566713164,-0.012461303694892407,0.05848842266878189,0.47965604602755757,0.0051113093935579,-0.01246184699030123,0.005111207592806653,0.4735411542906293,0.9778198505006752,1.186465830240299,1.2969488791491113,0.3918745170552723,0.47549221258898833,0.5197697872483351,9.768218867145838e-07,,
