sample_name,porosity,nu,g,all_converged,total_iterations,iterations_x,iterations_y,iterations_z,K_star_xx,K_star_xy,K_star_xz,K_star_yx,K_star_yy,K_star_yz,K_star_zx,K_star_zy,K_star_zz,K_xx,K_xy,K_xz,K_yx,K_yy,K_yz,K_zx,K_zy,K_zz,K_star_eig1,K_star_eig2,K_star_eig3,K_eig1,K_eig2,K_eig3,symmetry_error,error_type,error_message
eps_0.02_coeffs_0.627_0.171_0.662_84.741_118.283_-3528.71_m_-0.279_rho_0.637_,0.3629012107849121,0.16666666666666666,1e-05,True,102500,35000,35000,32500,0.5898250935875511,0.021078400885111957,0.008177941702650406,0.021078463421275725,0.6133166944298992,0.023810591387539208,0.008178271973181895,0.02381049922129058,0.670689659495354,0.21404824061424638,0.007649377202616892,0.002967784945620258,0.007649399897066441,0.2225733710032104,0.008640892444042779,0.0029679048011960222,0.008640858996799557,0.24339408949178437,0.5771308808490377,0.6149164241843381,0.6817841424794281,0.2094414954414787,0.22315391486802497,0.24742029079973754,4.545325781474111e-07,,
