sample_name,porosity,nu,g,all_converged,total_iterations,iterations_x,iterations_y,iterations_z,K_star_xx,K_star_xy,K_star_xz,K_star_yx,K_star_yy,K_star_yz,K_star_zx,K_star_zy,K_star_zz,K_xx,K_xy,K_xz,K_yx,K_yy,K_yz,K_zx,K_zy,K_zz,K_star_eig1,K_star_eig2,K_star_eig3,K_eig1,K_eig2,K_eig3,symmetry_error,error_type,error_message
eps_0.02_coeffs_0.188_1.178_0.284_-30.239_10.252_-234.294_m_-0.529_rho_0.628_,0.37168407440185547,0.16666666666666666,1e-05,True,57500,20000,17500,20000,1.0340240830385752,-0.03468941262781964,-0.009257203493937868,-0.034689003380269555,0.9582312833529014,0.01930275503519103,-0.009257851938365425,0.019302878643270852,0.9862071196556708,0.38433028421342014,-0.012893502224115179,-0.003440755112193919,-0.012893350113318325,0.35615930761592524,0.0071745266386607325,-0.0034409961286607765,0.0071745725818154705,0.3665574804377379,0.9398872190455961,0.9872079886862398,1.0513672783153116,0.3493411110530964,0.3669294875169624,0.39077647369702456,6.380728037817235e-07,,
