sample_name,porosity,nu,g,all_converged,total_iterations,iterations_x,iterations_y,iterations_z,K_star_xx,K_star_xy,K_star_xz,K_star_yx,K_star_yy,K_star_yz,K_star_zx,K_star_zy,K_star_zz,K_xx,K_xy,K_xz,K_yx,K_yy,K_yz,K_zx,K_zy,K_zz,K_star_eig1,K_star_eig2,K_star_eig3,K_eig1,K_eig2,K_eig3,symmetry_error,error_type,error_message
eps_0.02_coeffs_0.056_0.183_0.402_40.545_13.024_-2433.428_m_-0.358_rho_0.33_,0.6702361106872559,0.16666666666666666,1e-05,True,50000,15000,15000,20000,2.190170748086581,0.01902103683623618,0.05071506624645792,0.019040173775413984,1.9554723375057,-0.031099853869784644,0.05069886518945618,-0.031126231882147283,1.749994230364879,1.4679315239385475,0.012748585750357963,0.033991068754272484,0.012761412018042952,1.3106281740463372,-0.020844245100626463,0.033980210220838615,-0.02086192459704006,1.1729093266848942,1.7391599569854304,1.9595502387032966,2.1969271202684335,1.1656478054329307,1.3133613306847816,1.4724598885520677,1.5052702656398822e-05,,
