sample_name,porosity,nu,g,all_converged,total_iterations,iterations_x,iterations_y,iterations_z,K_star_xx,K_star_xy,K_star_xz,K_star_yx,K_star_yy,K_star_yz,K_star_zx,K_star_zy,K_star_zz,K_xx,K_xy,K_xz,K_yx,K_yy,K_yz,K_zx,K_zy,K_zz,K_star_eig1,K_star_eig2,K_star_eig3,K_eig1,K_eig2,K_eig3,symmetry_error,error_type,error_message
eps_0.02_coeffs_0.404_1.391_0.522_58.709_91.712_-3459.912_m_-0.509_rho_0.571_,0.42879247665405273,0.16666666666666666,1e-05,True,70000,22500,22500,25000,1.0234303468801118,0.05306309198837428,0.02775318173889823,0.0530621430349048,1.0314982329682785,-0.059189130673209626,0.027750217182477922,-0.0591908583388031,0.9923224770112651,0.4388392331216394,0.02275305463261683,0.011900355532852201,0.022752647728508425,0.4422986819787472,-0.025379853932365914,0.011899084353362557,-0.02538059474237457,0.42550041255714466,0.920395621667112,1.0370127313043025,1.0898427038882406,0.3946587181161876,0.44466325737775564,0.4673163521635882,2.8547689111237606e-06,,
