sample_name,porosity,nu,g,all_converged,total_iterations,iterations_x,iterations_y,iterations_z,K_star_xx,K_star_xy,K_star_xz,K_star_yx,K_star_yy,K_star_yz,K_star_zx,K_star_zy,K_star_zz,K_xx,K_xy,K_xz,K_yx,K_yy,K_yz,K_zx,K_zy,K_zz,K_star_eig1,K_star_eig2,K_star_eig3,K_eig1,K_eig2,K_eig3,symmetry_error,error_type,error_message
eps_0.02_coeffs_0.635_0.152_0.631_66.8_114.145_-1392.907_m_-0.558_rho_0.529_,0.47145843505859375,0.16666666666666666,1e-05,True,92500,32500,30000,30000,3.6116584887324117,1.2317369281480202,0.267001040609744,1.2317831517972349,3.2019573513430144,0.8230495457323688,0.2667178463866949,0.8229140717726865,3.819022485472299,1.7027468590638686,0.5807127645485451,0.12587989276488595,0.5807345570778666,1.5095898019885374,0.3880336508066691,0.12574637845966957,0.38796978046564606,1.8005103644543512,2.0273486157305585,3.5035440529891253,5.1017456568280375,0.9558106056905353,1.651775396381096,2.4052610234351244,6.890581779820439e-05,,
