sample_name,porosity,nu,g,all_converged,total_iterations,iterations_x,iterations_y,iterations_z,K_star_xx,K_star_xy,K_star_xz,K_star_yx,K_star_yy,K_star_yz,K_star_zx,K_star_zy,K_star_zz,K_xx,K_xy,K_xz,K_yx,K_yy,K_yz,K_zx,K_zy,K_zz,K_star_eig1,K_star_eig2,K_star_eig3,K_eig1,K_eig2,K_eig3,symmetry_error,error_type,error_message
eps_0.02_coeffs_0.416_1.342_0.341_89.967_46.982_-3200.974_m_-0.415_rho_0.507_,0.4931316375732422,0.16666666666666666,1e-05,True,62500,22500,20000,20000,1.5733304460756299,-0.04254295013975019,0.4519229367733109,-0.04258254720999661,2.5157895141200366,0.19624257162710929,0.4518876797246701,0.1962002893723452,1.6990962453293437,0.775859019317115,-0.020979274669611803,0.2228574978679316,-0.020998801237705523,1.2406154028876049,0.09677342070806068,0.22284011150179936,0.09675256999052857,0.8378781138538065,1.1606377863096566,2.062598900558155,2.5649795186571973,0.5723472121922637,1.0171327734890117,1.2648725503772504,2.7479101924219006e-05,,
