sample_name,porosity,nu,g,all_converged,total_iterations,iterations_x,iterations_y,iterations_z,K_star_xx,K_star_xy,K_star_xz,K_star_yx,K_star_yy,K_star_yz,K_star_zx,K_star_zy,K_star_zz,K_xx,K_xy,K_xz,K_yx,K_yy,K_yz,K_zx,K_zy,K_zz,K_star_eig1,K_star_eig2,K_star_eig3,K_eig1,K_eig2,K_eig3,symmetry_error,error_type,error_message
eps_0.02_coeffs_0.951_1.137_0.498_101.593_80.598_-3523.853_m_-0.546_rho_0.308_,0.692112922668457,0.16666666666666666,1e-05,True,22500,7500,7500,7500,6.687772826820054,-0.9529443136098764,-2.788569979033219,-0.9521697363206886,8.963994013234407,-0.6625557306469011,-2.788399985681692,-0.6623271998243485,6.657425798337597,4.628693997313117,-0.6595450740328183,-1.930005318254199,-0.6590089790813659,6.204096095282217,-0.4585633831687617,-1.9298876636588396,-0.458405214033245,4.60769042673582,3.639292070264858,9.095440429006644,9.574460139120553,2.5188010711951505,6.295071858276634,6.626607589859367,8.520216414441524e-05,,
