sample_name,porosity,nu,g,all_converged,total_iterations,iterations_x,iterations_y,iterations_z,K_star_xx,K_star_xy,K_star_xz,K_star_yx,K_star_yy,K_star_yz,K_star_zx,K_star_zy,K_star_zz,K_xx,K_xy,K_xz,K_yx,K_yy,K_yz,K_zx,K_zy,K_zz,K_star_eig1,K_star_eig2,K_star_eig3,K_eig1,K_eig2,K_eig3,symmetry_error,error_type,error_message
eps_0.02_coeffs_0.567_-0.591_0.676_40.474_140.144_-2876.983_m_-0.492_rho_0.315_,0.6853914260864258,0.16666666666666666,1e-05,True,37500,12500,12500,12500,2.254400302206034,-0.23656896053337667,0.06845055504642873,-0.236605064368809,2.146304600787415,-0.16148216435285467,0.06837983790675987,-0.16150128469259384,2.3295374900784394,1.545146638098663,-0.16214233722775442,0.04691542353967918,-0.16216708248700856,1.4710587711495433,-0.11067849091332566,0.04686695461847279,-0.11069159583024674,1.5966450224466544,1.9373821327201766,2.2383705509579537,2.554489709393758,1.3278651028194428,1.5341599840309308,1.750825344844487,2.9538318480869712e-05,,
