sample_name,porosity,nu,g,all_converged,total_iterations,iterations_x,iterations_y,iterations_z,K_star_xx,K_star_xy,K_star_xz,K_star_yx,K_star_yy,K_star_yz,K_star_zx,K_star_zy,K_star_zz,K_xx,K_xy,K_xz,K_yx,K_yy,K_yz,K_zx,K_zy,K_zz,K_star_eig1,K_star_eig2,K_star_eig3,K_eig1,K_eig2,K_eig3,symmetry_error,error_type,error_message
eps_0.02_coeffs_0.653_1.13_0.341_75.31_133.306_-667.719_m_-0.204_rho_0.599_,0.4011998176574707,0.16666666666666666,1e-05,True,185000,67500,55000,62500,0.16665454046015427,1.8462690602313984e-12,4.835234800082327e-12,7.842194601296803e-13,0.1666550098027352,-1.7226266489824337e-12,3.3861133545252054e-12,-2.4227148508741868e-12,0.16665268587897922,0.06686177124440347,7.407228103114668e-13,1.9398953201240865e-12,3.1462870440746786e-13,0.06686195954456135,-6.911174974636523e-13,1.358508060403039e-12,-9.7199275640677e-13,0.06686102718677421,0.1666526858789792,0.16665454046015427,0.16665500980273518,0.06686102718677421,0.06686177124440347,0.06686195954456135,9.447015400398546e-12,,
