sample_name,porosity,nu,g,all_converged,total_iterations,iterations_x,iterations_y,iterations_z,K_star_xx,K_star_xy,K_star_xz,K_star_yx,K_star_yy,K_star_yz,K_star_zx,K_star_zy,K_star_zz,K_xx,K_xy,K_xz,K_yx,K_yy,K_yz,K_zx,K_zy,K_zz,K_star_eig1,K_star_eig2,K_star_eig3,K_eig1,K_eig2,K_eig3,symmetry_error,error_type,error_message
eps_0.02_coeffs_0.438_-0.323_0.928_71.232_127.426_-1089.535_m_-0.256_rho_0.324_,0.6763796806335449,0.16666666666666666,1e-05,True,157500,60000,50000,47500,0.29079489846129214,0.0068970532564538185,-0.019958995978358277,0.0068963576487966255,0.31094466435689894,0.05664792951616093,-0.019958105058833272,0.05665770932028505,0.5161568523997316,0.1966877605511129,0.0046650266789127846,-0.013499859325608179,0.004664556184027766,0.21031665277242412,0.03831550847469249,-0.013499256725744386,0.03832212333548262,0.34911800698294626,0.2808048113468676,0.3050433828101156,0.5320482210609395,0.18993066861915703,0.2063251458444821,0.35986660584284386,2.064105206591208e-05,,
