sample_name,porosity,nu,g,all_converged,total_iterations,iterations_x,iterations_y,iterations_z,K_star_xx,K_star_xy,K_star_xz,K_star_yx,K_star_yy,K_star_yz,K_star_zx,K_star_zy,K_star_zz,K_xx,K_xy,K_xz,K_yx,K_yy,K_yz,K_zx,K_zy,K_zz,K_star_eig1,K_star_eig2,K_star_eig3,K_eig1,K_eig2,K_eig3,symmetry_error,error_type,error_message
eps_0.02_coeffs_0.921_1.198_0.397_23.742_25.506_224.072_m_-0.366_rho_0.605_,0.3953738212585449,0.16666666666666666,1e-05,True,130000,20000,30000,80000,77.98562121200129,-6.262844280558676e-14,1.8727800727843293e-13,7.815613890352391e-11,0.1666666647602832,6.12459941966948e-13,2.53830778171909e-10,4.235994888517528e-12,0.16666666622020268,30.833473061810388,-2.4761646751517063e-14,7.404482137535962e-14,3.090089129309987e-11,0.06589563612269003,2.421506276232589e-13,1.003580447188577e-10,1.674801485904839e-12,0.06589563669990398,0.16666666476027095,0.16666666622021498,77.98562121200129,0.06589563612268519,0.06589563669990885,30.833473061810388,4.813814017666847e-12,,
