sample_name,porosity,nu,g,all_converged,total_iterations,iterations_x,iterations_y,iterations_z,K_star_xx,K_star_xy,K_star_xz,K_star_yx,K_star_yy,K_star_yz,K_star_zx,K_star_zy,K_star_zz,K_xx,K_xy,K_xz,K_yx,K_yy,K_yz,K_zx,K_zy,K_zz,K_star_eig1,K_star_eig2,K_star_eig3,K_eig1,K_eig2,K_eig3,symmetry_error,error_type,error_message
eps_0.02_coeffs_0.799_0.991_0.533_15.918_55.275_760.111_m_-0.64_rho_0.502_,0.49781274795532227,0.16666666666666666,1e-05,True,52500,17500,17500,17500,66.46704201750673,6.974423283006398,-3.53182803449763,6.4644067757136945,76.09597167031346,16.13675651214551,-3.3612205711284413,16.56209512063035,64.74815483722615,33.08814083519689,3.4719568199169952,-1.75818901915891,3.218064100919039,37.8815447655291,8.033083102397098,-1.6732584489974072,8.244822083898429,32.23245688455624,50.265494214560846,68.59119523839604,88.45447907208938,25.022803802282905,34.145571387165944,44.03376729583338,0.00790429798635016,,
