sample_name,porosity,nu,g,all_converged,total_iterations,iterations_x,iterations_y,iterations_z,K_star_xx,K_star_xy,K_star_xz,K_star_yx,K_star_yy,K_star_yz,K_star_zx,K_star_zy,K_star_zz,K_xx,K_xy,K_xz,K_yx,K_yy,K_yz,K_zx,K_zy,K_zz,K_star_eig1,K_star_eig2,K_star_eig3,K_eig1,K_eig2,K_eig3,symmetry_error,error_type,error_message
eps_0.02_coeffs_0.385_1.152_0.915_-23.999_24.797_-240.686_m_-0.324_rho_0.369_,0.6310062408447266,0.16666666666666666,1e-05,True,30000,10000,10000,10000,3.5925009566165396,0.032784054375806414,-0.001956836646771322,0.032786770300797935,3.525330734318366,-0.018378032925795016,-0.0019505600113734684,-0.018374190807860364,3.5214596012599073,2.266890523865687,0.020686942911326715,-0.0012347761364263719,0.02068865667694603,2.2245056943966115,-0.011596653470626524,-0.0012308155403188193,-0.011594229070231698,2.2220629852775837,3.499500265196993,3.53301497682434,3.6067760501734805,2.2082065071770782,2.2293544993740446,2.2758981969887593,1.8058712700616084e-06,,
