sample_name,porosity,nu,g,all_converged,total_iterations,iterations_x,iterations_y,iterations_z,K_star_xx,K_star_xy,K_star_xz,K_star_yx,K_star_yy,K_star_yz,K_star_zx,K_star_zy,K_star_zz,K_xx,K_xy,K_xz,K_yx,K_yy,K_yz,K_zx,K_zy,K_zz,K_star_eig1,K_star_eig2,K_star_eig3,K_eig1,K_eig2,K_eig3,symmetry_error,error_type,error_message
eps_0.02_coeffs_0.76_0.624_0.507_19.557_24.234_-1504.629_m_-0.28_rho_0.618_,0.3822054862976074,0.16666666666666666,1e-05,True,47500,15000,17500,15000,2.1633253570353874,0.016778991856606446,-0.3313018241892243,0.016793389149932003,2.370008586924525,-0.1277115395581429,-0.33132109332168114,-0.1276925447240986,2.8731826664835207,0.8268348201056555,0.006413022742137862,-0.1266253748255269,0.006418525466634725,0.9058302844949934,-0.048812051082636136,-0.1266327395936681,-0.04880479115285309,1.0981461782651905,2.0297117974464056,2.349232021738311,3.0275727912587183,0.7757669845869943,0.8978893672944026,1.1571549309844427,9.995450964845502e-06,,
