sample_name,porosity,nu,g,all_converged,total_iterations,iterations_x,iterations_y,iterations_z,K_star_xx,K_star_xy,K_star_xz,K_star_yx,K_star_yy,K_star_yz,K_star_zx,K_star_zy,K_star_zz,K_xx,K_xy,K_xz,K_yx,K_yy,K_yz,K_zx,K_zy,K_zz,K_star_eig1,K_star_eig2,K_star_eig3,K_eig1,K_eig2,K_eig3,symmetry_error,error_type,error_message
eps_0.02_coeffs_0.912_1.113_0.656_34.853_78.937_-2308.392_m_-0.521_rho_0.406_,0.5937938690185547,0.16666666666666666,1e-05,True,25000,10000,7500,7500,5.10312845841028,1.1026421284284944,0.2851503588009235,1.1032770359996809,5.292354401723957,-0.027157408586385382,0.2860816569034541,-0.0262594157538158,7.130881030834317,3.0302063914181327,0.6547421355824098,0.16932053480442943,0.6551191398055738,3.1425675964170465,-0.016125902717027494,0.16987353390794072,-0.01559268007862507,4.2342734368101285,4.073260812678629,6.270777710508751,7.182325367781173,2.4186772974821045,3.723549358478304,4.2648207686848965,0.0001965683815010149,,
