sample_name,porosity,nu,g,all_converged,total_iterations,iterations_x,iterations_y,iterations_z,K_star_xx,K_star_xy,K_star_xz,K_star_yx,K_star_yy,K_star_yz,K_star_zx,K_star_zy,K_star_zz,K_xx,K_xy,K_xz,K_yx,K_yy,K_yz,K_zx,K_zy,K_zz,K_star_eig1,K_star_eig2,K_star_eig3,K_eig1,K_eig2,K_eig3,symmetry_error,error_type,error_message
eps_0.02_coeffs_0.059_0.91_0.899_18.761_142.878_780.655_m_-0.486_rho_0.496_,0.5037417411804199,0.16666666666666666,1e-05,True,30000,10000,10000,10000,5.344643308602057,4.406172798951614,0.7035369963056665,4.4077351228118635,8.887709613181016,-1.9859174127373933,0.7022382746897078,-1.9872754515884024,14.617877243770728,2.692319926263481,2.2195731576856903,0.3544009515038591,2.22036016542734,4.477110315649761,-1.0003894953328492,0.3537467312157274,-1.001073596188247,7.3636349351387045,2.132743306215029,11.419755835036717,15.297731024302063,1.0743518265636434,5.752607688196654,7.706105662291647,0.00017991879678364183,,
