sample_name,porosity,nu,g,all_converged,total_iterations,iterations_x,iterations_y,iterations_z,K_star_xx,K_star_xy,K_star_xz,K_star_yx,K_star_yy,K_star_yz,K_star_zx,K_star_zy,K_star_zz,K_xx,K_xy,K_xz,K_yx,K_yy,K_yz,K_zx,K_zy,K_zz,K_star_eig1,K_star_eig2,K_star_eig3,K_eig1,K_eig2,K_eig3,symmetry_error,error_type,error_message
eps_0.02_coeffs_0.954_0.527_0.766_-16.073_148.498_-2293.331_m_-0.423_rho_0.641_,0.35862064361572266,0.16666666666666666,1e-05,True,62500,22500,20000,20000,0.7482743395803636,0.002647588882742351,-0.011996125025483287,0.0026476307667697907,0.7399947417260941,-0.005105812855427721,-0.011996423299970327,-0.005105629289899363,0.7356776929904261,0.2683466252614398,0.0009494800291588941,-0.004302058077533494,0.0009494950496357716,0.2653773905500623,-0.00183104989239492,-0.00430216504492201,-0.0018309840620069945,0.26382920775395663,0.7276433379487183,0.7393329289196876,0.7569705074284783,0.26094792217786206,0.26514005081547565,0.27146525057212106,3.884506574103354e-07,,
