sample_name,porosity,nu,g,all_converged,total_iterations,iterations_x,iterations_y,iterations_z,K_star_xx,K_star_xy,K_star_xz,K_star_yx,K_star_yy,K_star_yz,K_star_zx,K_star_zy,K_star_zz,K_xx,K_xy,K_xz,K_yx,K_yy,K_yz,K_zx,K_zy,K_zz,K_star_eig1,K_star_eig2,K_star_eig3,K_eig1,K_eig2,K_eig3,symmetry_error,error_type,error_message
eps_0.02_coeffs_0.914_-0.66_0.39_48.439_115.102_427.329_m_-0.344_rho_0.585_,0.41510629653930664,0.16666666666666666,1e-05,True,100000,37500,35000,27500,0.8319994106701458,-0.11027728374949292,-0.1129609648558313,-0.11025915275876891,0.9490881562581744,0.05523097923473012,-0.11295224645761467,0.05522950058817879,1.083116358816121,0.3453681940861699,-0.04577679484966627,-0.0468908077748109,-0.04576926856125424,0.39397246963364957,0.022926727244368166,-0.04688718871281544,0.022926113448874356,0.44960842042929877,0.7496832496907825,0.946716790480612,1.167803885573047,0.3111982373566931,0.39298810076798557,0.4847627460244398,1.6982077451181994e-05,,
