sample_name,porosity,nu,g,all_converged,total_iterations,iterations_x,iterations_y,iterations_z,K_star_xx,K_star_xy,K_star_xz,K_star_yx,K_star_yy,K_star_yz,K_star_zx,K_star_zy,K_star_zz,K_xx,K_xy,K_xz,K_yx,K_yy,K_yz,K_zx,K_zy,K_zz,K_star_eig1,K_star_eig2,K_star_eig3,K_eig1,K_eig2,K_eig3,symmetry_error,error_type,error_message
eps_0.02_coeffs_0.7_-0.472_0.309_96.662_130.941_-980.983_m_-0.333_rho_0.465_,0.5352034568786621,0.16666666666666666,1e-05,True,182500,62500,60000,60000,0.5536385060820175,0.08311200132499057,-0.004435580488264871,0.08311292664805929,0.46887636830944596,-0.025697281840772305,-0.004433717128214497,-0.025696813804713788,0.5220726339375961,0.29630924231623396,0.044481830417238896,-0.002373938010582903,0.04448232565334401,0.25094425316792823,-0.013753274073566607,-0.002372940733842533,-0.013753023579050144,0.27941507842514973,0.4143457426967131,0.5221654074483256,0.6080763581840206,0.22175927383423766,0.2794647311287989,0.3254445689462755,3.342399718546192e-06,,
