sample_name,porosity,nu,g,all_converged,total_iterations,iterations_x,iterations_y,iterations_z,K_star_xx,K_star_xy,K_star_xz,K_star_yx,K_star_yy,K_star_yz,K_star_zx,K_star_zy,K_star_zz,K_xx,K_xy,K_xz,K_yx,K_yy,K_yz,K_zx,K_zy,K_zz,K_star_eig1,K_star_eig2,K_star_eig3,K_eig1,K_eig2,K_eig3,symmetry_error,error_type,error_message
eps_0.02_coeffs_0.609_1.032_0.942_49.263_139.904_-1042.211_m_-0.592_rho_0.412_,0.587923526763916,0.16666666666666666,1e-05,True,30000,10000,10000,10000,18.098452913435757,-1.0208020227928616,1.6082457426969128,-0.9960751078211058,20.010902636934993,-6.650269483937643,1.5931062262369606,-6.6479989661899594,21.526916229343676,10.640506265837821,-0.6001535253681186,0.9455255089494224,-0.5856159903119325,11.764880452036168,-3.9098498889270665,0.936624631038787,-3.9085149981252685,12.656180509907115,14.051229288735966,17.771797332593156,27.813245158385325,8.261048278802077,10.448457764711723,16.352061184267303,0.0011464579135313229,,
