sample_name,porosity,nu,g,all_converged,total_iterations,iterations_x,iterations_y,iterations_z,K_star_xx,K_star_xy,K_star_xz,K_star_yx,K_star_yy,K_star_yz,K_star_zx,K_star_zy,K_star_zz,K_xx,K_xy,K_xz,K_yx,K_yy,K_yz,K_zx,K_zy,K_zz,K_star_eig1,K_star_eig2,K_star_eig3,K_eig1,K_eig2,K_eig3,symmetry_error,error_type,error_message
eps_0.02_coeffs_0.129_0.576_0.673_76.406_102.56_-1357.654_m_-0.215_rho_0.621_,0.3793196678161621,0.16666666666666666,1e-05,True,62500,17500,20000,25000,0.1666387309240147,6.881243844137769e-14,-1.0201869127189507e-13,-2.3885638049637952e-14,0.16664345057217644,9.172732021104585e-14,-3.773918133581944e-13,1.9489496503300687e-13,0.16664071869450273,0.06320934805940408,2.6101911291203488e-14,-3.869769608429483e-14,-9.06029229056575e-15,0.063211138314777,3.479397663212064e-14,-1.4315213727956934e-13,7.39274933953627e-14,0.06321010205984529,0.1666387309240147,0.16664071869450267,0.16664345057217644,0.06320934805940408,0.06321010205984529,0.06321113831477694,1.5107310389788945e-12,,
