sample_name,porosity,nu,g,all_converged,total_iterations,iterations_x,iterations_y,iterations_z,K_star_xx,K_star_xy,K_star_xz,K_star_yx,K_star_yy,K_star_yz,K_star_zx,K_star_zy,K_star_zz,K_xx,K_xy,K_xz,K_yx,K_yy,K_yz,K_zx,K_zy,K_zz,K_star_eig1,K_star_eig2,K_star_eig3,K_eig1,K_eig2,K_eig3,symmetry_error,error_type,error_message
eps_0.02_coeffs_0.264_0.736_0.634_10.914_104.466_-963.457_m_-0.403_rho_0.662_,0.3377656936645508,0.16666666666666666,1e-05,True,100000,32500,37500,30000,0.4763685273294899,-0.02293535744247035,0.008324433264406184,-0.0229350655574751,0.47427291169733593,-0.02211696769612313,0.008324539057964127,-0.02211682964226776,0.48415355813446875,0.1609009460734057,-0.007746776916000415,0.0028117079759164155,-0.007746678327262523,0.16019311900575692,-0.007470352935637491,0.0028117437093508994,-0.007470306305781269,0.16353046240344926,0.44842346888903606,0.4721219114162761,0.5142496168559826,0.1514620640247694,0.15946658490375207,0.1736958785540904,5.791307153818347e-07,,
