sample_name,porosity,nu,g,all_converged,total_iterations,iterations_x,iterations_y,iterations_z,K_star_xx,K_star_xy,K_star_xz,K_star_yx,K_star_yy,K_star_yz,K_star_zx,K_star_zy,K_star_zz,K_xx,K_xy,K_xz,K_yx,K_yy,K_yz,K_zx,K_zy,K_zz,K_star_eig1,K_star_eig2,K_star_eig3,K_eig1,K_eig2,K_eig3,symmetry_error,error_type,error_message
eps_0.02_coeffs_0.212_0.538_0.897_52.13_87.948_-526.578_m_-0.239_rho_0.653_,0.34729576110839844,0.16666666666666666,1e-05,True,137500,75000,27500,35000,0.16665910879320683,5.057157417999525e-12,-1.4151187624654604e-11,4.802917741887509e-13,0.16665786534722002,-6.682331978515412e-13,-1.9575771119992594e-12,-1.9449623943715836e-12,0.16665862721967367,0.05788000203398415,1.756329334529128e-12,-4.91464747669217e-12,1.6680329727098527e-13,0.05787957019046376,-2.3207455704575e-13,-6.798582330401633e-13,-6.754771950804921e-13,0.05787983478553742,0.16665786534722007,0.16665862721967373,0.16665910879320683,0.057879570190463754,0.057879834785537425,0.05788000203398415,6.411463284077045e-11,,
