sample_name,porosity,nu,g,all_converged,total_iterations,iterations_x,iterations_y,iterations_z,K_star_xx,K_star_xy,K_star_xz,K_star_yx,K_star_yy,K_star_yz,K_star_zx,K_star_zy,K_star_zz,K_xx,K_xy,K_xz,K_yx,K_yy,K_yz,K_zx,K_zy,K_zz,K_star_eig1,K_star_eig2,K_star_eig3,K_eig1,K_eig2,K_eig3,symmetry_error,error_type,error_message
eps_0.02_coeffs_0.483_0.18_0.511_-14.941_31.364_78.145_m_-0.373_rho_0.604_,0.39639806747436523,0.16666666666666666,1e-05,True,45000,15000,15000,15000,2.0795049153550487,-0.16711000875046106,0.0004702218905515038,-0.16711619663023775,2.028063189920463,-0.08565037390101626,0.0004645879193578675,-0.08565641160841736,1.8503434590363104,0.8243117297501847,-0.06624208452430702,0.00018639504869875857,-0.06624453738789227,0.803920329200368,-0.03395164269281965,0.00018416175340539492,-0.03395403602836543,0.7334725713258258,1.795842891027997,1.9306639246437578,2.2314047486400668,0.7118686514910751,0.7653114486712591,0.8845245301140442,4.224830095634831e-06,,
