sample_name,porosity,nu,g,all_converged,total_iterations,iterations_x,iterations_y,iterations_z,K_star_xx,K_star_xy,K_star_xz,K_star_yx,K_star_yy,K_star_yz,K_star_zx,K_star_zy,K_star_zz,K_xx,K_xy,K_xz,K_yx,K_yy,K_yz,K_zx,K_zy,K_zz,K_star_eig1,K_star_eig2,K_star_eig3,K_eig1,K_eig2,K_eig3,symmetry_error,error_type,error_message
eps_0.02_coeffs_0.823_1.13_0.348_23.729_66.431_636.146_m_-0.567_rho_0.447_,0.553067684173584,0.16666666666666666,1e-05,True,70000,22500,22500,25000,118.24596961522506,-22.716581794796085,-14.838788626938749,-23.174600608669582,50.58554683518713,13.460402616222897,-13.899538694262077,14.131813449100088,136.26353624837046,65.3980245779525,-12.563807285587668,-8.20685446184233,-12.817122690284616,27.977231240791316,7.4445137029984485,-7.687385676716648,7.815849337466894,75.36295843018947,42.431619797743885,112.99853313827543,149.66489976276333,23.467557697272202,62.49583703779797,82.77481951386311,0.009137375322999386,,
