sample_name,porosity,nu,g,all_converged,total_iterations,iterations_x,iterations_y,iterations_z,K_star_xx,K_star_xy,K_star_xz,K_star_yx,K_star_yy,K_star_yz,K_star_zx,K_star_zy,K_star_zz,K_xx,K_xy,K_xz,K_yx,K_yy,K_yz,K_zx,K_zy,K_zz,K_star_eig1,K_star_eig2,K_star_eig3,K_eig1,K_eig2,K_eig3,symmetry_error,error_type,error_message
eps_0.02_coeffs_0.464_0.696_0.533_53.013_3.44_-2632.591_m_-0.258_rho_0.564_,0.4360542297363281,0.16666666666666666,1e-05,True,52500,15000,20000,17500,3.1157712124959693,-0.017208876076678085,0.056030189283837795,-0.01718178777071631,1.6077442817841139,0.03734293048531252,0.056059386270872855,0.03732998570470486,1.925110411775544,1.358645216099555,-0.007504003202243787,0.024432201030144558,-0.007492191231852763,0.7010636944063579,0.016283542788870196,0.02444493249983675,0.01627789816253322,0.8394525377641703,1.6030443686578024,1.9270194025231406,3.1185621348746833,0.6990142774082367,0.8402849612541874,1.359862209607659,1.4802311326161438e-05,,
