sample_name,porosity,nu,g,all_converged,total_iterations,iterations_x,iterations_y,iterations_z,K_star_xx,K_star_xy,K_star_xz,K_star_yx,K_star_yy,K_star_yz,K_star_zx,K_star_zy,K_star_zz,K_xx,K_xy,K_xz,K_yx,K_yy,K_yz,K_zx,K_zy,K_zz,K_star_eig1,K_star_eig2,K_star_eig3,K_eig1,K_eig2,K_eig3,symmetry_error,error_type,error_message
eps_0.02_coeffs_0.959_1.112_0.465_99.339_119.812_-3607.092_m_-0.483_rho_0.3_,0.6995849609375,0.16666666666666666,1e-05,True,35000,12500,12500,10000,3.7339198067383594,0.6330811472618243,-0.3199613161688457,0.6331960214089855,3.4554279954972933,0.8197635711485141,-0.31974102351453937,0.8196145364598614,4.502219018792625,2.6121941421408126,0.442894049677431,-0.223840124873493,0.4429744139031855,2.4173654592523177,0.5734942658999187,-0.2236860114455353,0.5733900034730793,3.1496847163941086,2.573235086149391,4.166438703747688,4.9518930311312,1.800196567226826,2.9147778578098142,3.4642698927505986,5.883136635597267e-05,,
