sample_name,porosity,nu,g,all_converged,total_iterations,iterations_x,iterations_y,iterations_z,K_star_xx,K_star_xy,K_star_xz,K_star_yx,K_star_yy,K_star_yz,K_star_zx,K_star_zy,K_star_zz,K_xx,K_xy,K_xz,K_yx,K_yy,K_yz,K_zx,K_zy,K_zz,K_star_eig1,K_star_eig2,K_star_eig3,K_eig1,K_eig2,K_eig3,symmetry_error,error_type,error_message
eps_0.02_coeffs_0.163_1.469_0.865_13.956_18.573_-2761.042_m_-0.35_rho_0.387_,0.6134610176086426,0.16666666666666666,1e-05,True,47500,17500,15000,15000,2.14472415362833,0.03233598121059154,0.09126484125577032,0.03230863633443618,2.7428061786368945,-0.0004014011907405932,0.09128392451912215,-0.0004185910034650195,2.496035807150224,1.3157046617746702,0.019836863938823432,0.05598742238865609,0.019820088923270782,1.6826046694498615,-0.0002462439829410451,0.055999129226811196,-0.0002567892629474737,1.531220666241986,2.120826975236668,2.5181067870702063,2.7446323771085726,1.3010446744005457,1.5447603520433193,1.6837249710226534,1.237794829518911e-05,,
