sample_name,porosity,nu,g,all_converged,total_iterations,iterations_x,iterations_y,iterations_z,K_star_xx,K_star_xy,K_star_xz,K_star_yx,K_star_yy,K_star_yz,K_star_zx,K_star_zy,K_star_zz,K_xx,K_xy,K_xz,K_yx,K_yy,K_yz,K_zx,K_zy,K_zz,K_star_eig1,K_star_eig2,K_star_eig3,K_eig1,K_eig2,K_eig3,symmetry_error,error_type,error_message
eps_0.02_coeffs_0.807_-0.686_0.666_46.267_110.647_-1915.857_m_-0.496_rho_0.452_,0.5481033325195312,0.16666666666666666,1e-05,True,30000,10000,10000,10000,3.473305107768199,-0.05542593716610944,-0.27900501883990103,-0.05525435223558339,3.423410300962096,-0.2203356663017078,-0.2789338730201046,-0.22049071107624257,2.9976340049769656,1.9037301044248596,-0.030379140868762727,-0.15292358061582437,-0.03028509459653127,1.8763825945390165,-0.12076671297287743,-0.1528845853548991,-0.12085169353048968,1.643013187801744,2.789886542004144,3.4882805622212527,3.6161823094818635,1.5291461110238622,1.9119382009165724,1.9820415748251845,5.953953537010796e-05,,
