sample_name,porosity,nu,g,all_converged,total_iterations,iterations_x,iterations_y,iterations_z,K_star_xx,K_star_xy,K_star_xz,K_star_yx,K_star_yy,K_star_yz,K_star_zx,K_star_zy,K_star_zz,K_xx,K_xy,K_xz,K_yx,K_yy,K_yz,K_zx,K_zy,K_zz,K_star_eig1,K_star_eig2,K_star_eig3,K_eig1,K_eig2,K_eig3,symmetry_error,error_type,error_message
eps_0.02_coeffs_0.569_-0.333_0.256_70.937_88.051_-2025.678_m_-0.464_rho_0.552_,0.44780540466308594,0.16666666666666666,1e-05,True,62500,20000,20000,22500,1.1201372721620992,-0.06756832774490897,-0.0024043589562479377,-0.06756466923396928,1.1446710803458873,-0.05065091219293428,-0.0024037303524713704,-0.05064964730648786,1.0003096393964583,0.5016035244387541,-0.030257462348216975,-0.0010766849353579227,-0.030255824047245167,0.5125898963404218,-0.02268175223111137,-0.0010764034431893841,-0.022681185808124376,0.4479440628583166,0.9799572740909321,1.0771011575719942,1.208059560241519,0.4388301636768244,0.482331719729605,0.540975600231063,2.9312736732637236e-06,,
