sample_name,porosity,nu,g,all_converged,total_iterations,iterations_x,iterations_y,iterations_z,K_star_xx,K_star_xy,K_star_xz,K_star_yx,K_star_yy,K_star_yz,K_star_zx,K_star_zy,K_star_zz,K_xx,K_xy,K_xz,K_yx,K_yy,K_yz,K_zx,K_zy,K_zz,K_star_eig1,K_star_eig2,K_star_eig3,K_eig1,K_eig2,K_eig3,symmetry_error,error_type,error_message
eps_0.02_coeffs_0.931_0.031_0.946_61.129_74.997_-380.773_m_-0.558_rho_0.537_,0.4631071090698242,0.16666666666666666,1e-05,True,35000,12500,10000,12500,24.678185314951733,-2.201421809515231,-2.556566590561923,-2.252018141093293,16.70866237483003,-2.429399242247215,-2.608578449731739,-2.4646304790136324,44.44227246928996,11.428643058296686,-1.01949409004786,-1.1839641628996291,-1.0429256108945144,7.737900328831279,-1.1250720598535293,-1.2080512246371093,-1.1413878960613795,20.581532323746313,15.787940778973242,25.094193723223245,44.94698565687521,7.311507612315891,11.621299509600046,20.81526858895834,0.0021188372611248636,,
