sample_name,porosity,nu,g,all_converged,total_iterations,iterations_x,iterations_y,iterations_z,K_star_xx,K_star_xy,K_star_xz,K_star_yx,K_star_yy,K_star_yz,K_star_zx,K_star_zy,K_star_zz,K_xx,K_xy,K_xz,K_yx,K_yy,K_yz,K_zx,K_zy,K_zz,K_star_eig1,K_star_eig2,K_star_eig3,K_eig1,K_eig2,K_eig3,symmetry_error,error_type,error_message
eps_0.02_coeffs_0.477_0.105_0.347_78.608_55.856_-2325.249_m_-0.32_rho_0.656_,0.3441324234008789,0.16666666666666666,1e-05,True,122500,42500,30000,50000,0.7386987300270701,-0.02006725714188112,-0.054101146348087596,-0.020067880904849802,0.9641514272453542,-0.06719198451644258,-0.05410143197103385,-0.06719095604918725,0.6986786681360465,0.25421018412736723,-0.006905793831244144,-0.018617958601532994,-0.006906008488306185,0.3317957671833599,-0.023122940464757716,-0.018618056893649666,-0.02312258653582875,0.2404379832441561,0.6468574623702714,0.7742727985926808,0.980398564445518,0.2226046261204245,0.26645237455307996,0.3373869338813789,1.2427963226776513e-06,,
