sample_name,porosity,nu,g,all_converged,total_iterations,iterations_x,iterations_y,iterations_z,K_star_xx,K_star_xy,K_star_xz,K_star_yx,K_star_yy,K_star_yz,K_star_zx,K_star_zy,K_star_zz,K_xx,K_xy,K_xz,K_yx,K_yy,K_yz,K_zx,K_zy,K_zz,K_star_eig1,K_star_eig2,K_star_eig3,K_eig1,K_eig2,K_eig3,symmetry_error,error_type,error_message
eps_0.02_coeffs_0.154_0.879_0.75_-15.688_16.558_-1536.07_m_-0.446_rho_0.384_,0.6158642768859863,0.16666666666666666,1e-05,True,37500,12500,12500,12500,2.784724712799639,-0.01330978587520197,0.02537489855328282,-0.0133200260234831,2.8500571601027644,-0.014489937113570996,0.025369563181065733,-0.01449598290234895,2.868348506363678,1.7150124715748856,-0.008197021653538576,0.015627493548572784,-0.008203328195054939,1.7552483919904167,-0.008923834642572818,0.01562420768342039,-0.008927558027906757,1.7665133787286655,2.776499627518089,2.8420671577490233,2.884563593998968,1.7099469353756382,1.7503276349685137,1.776499671949817,3.7541572791078456e-06,,
