sample_name,porosity,nu,g,all_converged,total_iterations,iterations_x,iterations_y,iterations_z,K_star_xx,K_star_xy,K_star_xz,K_star_yx,K_star_yy,K_star_yz,K_star_zx,K_star_zy,K_star_zz,K_xx,K_xy,K_xz,K_yx,K_yy,K_yz,K_zx,K_zy,K_zz,K_star_eig1,K_star_eig2,K_star_eig3,K_eig1,K_eig2,K_eig3,symmetry_error,error_type,error_message
eps_0.02_coeffs_0.836_0.564_0.368_-9.282_88.564_-1705.634_m_-0.227_rho_0.455_,0.544893741607666,0.16666666666666666,1e-05,True,42500,15000,12500,15000,1.4817478309001202,-0.006802437470336785,-0.00634373567976533,-0.006803343919716237,1.4774897469861379,0.0007882828024212771,-0.006344225943512612,0.0007884551866619515,1.4865134059589127,0.8073951196982097,-0.0037066056052639973,-0.003456661870317381,-0.003707099523857945,0.8050749164222405,0.0004295303656563062,-0.0034569290119650124,0.0004296242967502015,0.8099918517229073,1.4717239085753024,1.4815720150337361,1.4924550602361322,0.8019331471570555,0.8072993187329417,0.8132294219533608,5.756786200047851e-07,,
