sample_name,porosity,nu,g,all_converged,total_iterations,iterations_x,iterations_y,iterations_z,K_star_xx,K_star_xy,K_star_xz,K_star_yx,K_star_yy,K_star_yz,K_star_zx,K_star_zy,K_star_zz,K_xx,K_xy,K_xz,K_yx,K_yy,K_yz,K_zx,K_zy,K_zz,K_star_eig1,K_star_eig2,K_star_eig3,K_eig1,K_eig2,K_eig3,symmetry_error,error_type,error_message
eps_0.02_coeffs_0.874_0.814_0.88_7.719_84.013_-1449.95_m_-0.486_rho_0.329_,0.6710758209228516,0.16666666666666666,1e-05,True,22500,7500,7500,7500,10.989666787704733,0.7254491959002171,0.3503704071077069,0.7258833531065145,7.1017377652342635,0.9574203108459829,0.3509996067211666,0.9582684889189209,5.619034701534359,7.374899661227551,0.4868314146765607,0.2351251085768781,0.48712276708018637,4.765804500783401,0.6425016210691797,0.23554734922400491,0.6430708128657653,3.77079832512616,5.148821129680523,7.391287249423631,11.170330875369197,3.4552493663852815,4.960114158583572,7.496138962168258,0.00011253169358604047,,
