sample_name,porosity,nu,g,all_converged,total_iterations,iterations_x,iterations_y,iterations_z,K_star_xx,K_star_xy,K_star_xz,K_star_yx,K_star_yy,K_star_yz,K_star_zx,K_star_zy,K_star_zz,K_xx,K_xy,K_xz,K_yx,K_yy,K_yz,K_zx,K_zy,K_zz,K_star_eig1,K_star_eig2,K_star_eig3,K_eig1,K_eig2,K_eig3,symmetry_error,error_type,error_message
eps_0.02_coeffs_0.766_0.006_0.523_14.85_92.371_-2675.268_m_-0.238_rho_0.667_,0.33276987075805664,0.16666666666666666,1e-05,True,62500,17500,20000,25000,0.7283567409750378,0.0015315558137927057,-0.007291462836745285,0.001531619382486263,0.7229705038856911,0.004346638220484128,-0.007291391700327829,0.00434668441843241,0.7093956069736908,0.24237517856002266,0.000509655630214549,-0.0024263791458209016,0.0005096767839604882,0.2405828011399285,0.0014464302388625327,-0.0024263554737644585,0.0014464456121478118,0.23606548444896822,0.7056872427866745,0.7241989034755573,0.730836705572188,0.23483145257773116,0.24099157551268757,0.2432004360585009,1.2015107576106435e-07,,
