sample_name,porosity,nu,g,all_converged,total_iterations,iterations_x,iterations_y,iterations_z,K_star_xx,K_star_xy,K_star_xz,K_star_yx,K_star_yy,K_star_yz,K_star_zx,K_star_zy,K_star_zz,K_xx,K_xy,K_xz,K_yx,K_yy,K_yz,K_zx,K_zy,K_zz,K_star_eig1,K_star_eig2,K_star_eig3,K_eig1,K_eig2,K_eig3,symmetry_error,error_type,error_message
eps_0.02_coeffs_0.758_-0.216_0.374_55.967_67.696_-2192.197_m_-0.455_rho_0.633_,0.36742496490478516,0.16666666666666666,1e-05,True,57500,17500,22500,17500,1.611994467592282,-0.1028199940196487,0.11272251525734842,-0.10281754855275457,1.298519547935845,-0.09858741893189892,0.11271363490221391,-0.09860186087735287,1.7854869129926165,0.592287010681802,-0.037778632694179644,0.04141706621241035,-0.03777773416859189,0.4771084993285053,-0.03622347894110631,0.04141380334823671,-0.03622878527240789,0.6560324663442653,1.2596966120813164,1.563701936769949,1.872602379669478,0.4628439834846544,0.574543129239243,0.6880408636306748,8.822803073928994e-06,,
