sample_name,porosity,nu,g,all_converged,total_iterations,iterations_x,iterations_y,iterations_z,K_star_xx,K_star_xy,K_star_xz,K_star_yx,K_star_yy,K_star_yz,K_star_zx,K_star_zy,K_star_zz,K_xx,K_xy,K_xz,K_yx,K_yy,K_yz,K_zx,K_zy,K_zz,K_star_eig1,K_star_eig2,K_star_eig3,K_eig1,K_eig2,K_eig3,symmetry_error,error_type,error_message
eps_0.02_coeffs_0.762_0.56_0.76_-28.57_89.145_781.324_m_-0.54_rho_0.503_,0.497037410736084,0.16666666666666666,1e-05,True,67500,25000,22500,20000,8.124161643922232,1.0151804966765972,-0.08825733336054217,1.0158163481997016,7.776092407657779,0.7090069666220891,-0.08799176947090909,0.7067709409000928,8.110763754218448,4.038012267896514,0.5045826854979075,-0.043867196451995286,0.5048987274925639,3.865008835946744,0.35240298688368826,-0.04373520126390706,0.351291598448488,4.0313530154888175,6.661920884760922,8.197246931873911,9.15184998916363,3.3112239070902074,4.074338390182917,4.548811822058947,0.0002367574153506942,,
