sample_name,porosity,nu,g,all_converged,total_iterations,iterations_x,iterations_y,iterations_z,K_star_xx,K_star_xy,K_star_xz,K_star_yx,K_star_yy,K_star_yz,K_star_zx,K_star_zy,K_star_zz,K_xx,K_xy,K_xz,K_yx,K_yy,K_yz,K_zx,K_zy,K_zz,K_star_eig1,K_star_eig2,K_star_eig3,K_eig1,K_eig2,K_eig3,symmetry_error,error_type,error_message
eps_0.02_coeffs_0.885_1.33_0.525_47.513_58.281_-2736.796_m_-0.365_rho_0.476_,0.5244846343994141,0.16666666666666666,1e-05,True,37500,12500,12500,12500,3.4063532006460715,-0.12122555033130092,-0.13062923995810705,-0.12133668204311257,3.34644882398103,-0.33130244822221383,-0.13061450273714673,-0.33130669447823313,3.379953009777594,1.7865799130761288,-0.06358093844538013,-0.0685130291613011,-0.06363922532061984,1.7551609879820398,-0.17376304343145862,-0.06850529971535367,-0.1737652705274945,1.7727334186204005,2.960442640344908,3.4768749756389012,3.6954374184208847,1.552706675881735,1.823567500450441,1.9382001433463927,2.7007407024180254e-05,,
