sample_name,porosity,nu,g,all_converged,total_iterations,iterations_x,iterations_y,iterations_z,K_star_xx,K_star_xy,K_star_xz,K_star_yx,K_star_yy,K_star_yz,K_star_zx,K_star_zy,K_star_zz,K_xx,K_xy,K_xz,K_yx,K_yy,K_yz,K_zx,K_zy,K_zz,K_star_eig1,K_star_eig2,K_star_eig3,K_eig1,K_eig2,K_eig3,symmetry_error,error_type,error_message
eps_0.02_coeffs_0.889_-0.599_0.898_58.161_132.993_-1052.656_m_-0.356_rho_0.468_,0.5320210456848145,0.16666666666666666,1e-05,True,45000,15000,15000,15000,2.490395637471663,-0.10384228661520481,-0.32486289558224435,-0.10388792291366511,2.0671394725290773,0.4104926862475438,-0.32482625635582774,0.4103762012217477,2.4524928403822153,1.3249428912165742,-0.055246281911323476,-0.17283389741186234,-0.05527056138255151,1.0997617037512755,0.21839074818338672,-0.1728144045723111,0.21832877569815606,1.3047778054746668,1.7935322916220784,2.264291109810718,2.952204548950156,0.9541969252582597,1.204650523976328,1.5706349512079298,4.46353856904803e-05,,
