sample_name,porosity,nu,g,all_converged,total_iterations,iterations_x,iterations_y,iterations_z,K_star_xx,K_star_xy,K_star_xz,K_star_yx,K_star_yy,K_star_yz,K_star_zx,K_star_zy,K_star_zz,K_xx,K_xy,K_xz,K_yx,K_yy,K_yz,K_zx,K_zy,K_zz,K_star_eig1,K_star_eig2,K_star_eig3,K_eig1,K_eig2,K_eig3,symmetry_error,error_type,error_message
eps_0.02_coeffs_0.332_0.25_0.52_112.187_109.113_-3492.785_m_-0.505_rho_0.414_,0.5864310264587402,0.16666666666666666,1e-05,True,347500,125000,115000,107500,0.34125734071779057,-0.016289926765099154,-0.02236533611604743,-0.016285000716140845,0.5021563863026535,0.009714646346783805,-0.022363287830576135,0.009718732935262712,0.4021159842157594,0.20012389260371397,-0.009552918473794803,-0.01311572701562843,-0.009550029685847795,0.29448008506227674,0.005696970028828078,-0.013114525837477017,0.005699366531104477,0.23581328937911436,0.33299307128890054,0.40733738991849633,0.5051992500288068,0.1952774685995984,0.23887528368492789,0.2962645147605788,1.3029564556421174e-05,,
