sample_name,porosity,nu,g,all_converged,total_iterations,iterations_x,iterations_y,iterations_z,K_star_xx,K_star_xy,K_star_xz,K_star_yx,K_star_yy,K_star_yz,K_star_zx,K_star_zy,K_star_zz,K_xx,K_xy,K_xz,K_yx,K_yy,K_yz,K_zx,K_zy,K_zz,K_star_eig1,K_star_eig2,K_star_eig3,K_eig1,K_eig2,K_eig3,symmetry_error,error_type,error_message
eps_0.02_coeffs_0.823_1.409_0.581_45.872_96.919_-1894.475_m_-0.464_rho_0.394_,0.6058292388916016,0.16666666666666666,1e-05,True,32500,7500,12500,12500,7.650665671538694,1.2330415440847824,-0.026402133220933446,1.2323153993968055,4.245758731160087,-1.0994488437006393,-0.024873203815952333,-1.0990935066388057,3.628998249624224,4.634996960802391,0.7470126201746089,-0.01599518427435278,0.7465727004909667,2.572204780616087,-0.6660782561794097,-0.015068914136614082,-0.6658629825976891,2.198553247508798,2.6805852253638505,4.763688443649306,8.081148983309852,1.623976906866252,2.885981744132775,4.895796337928247,0.0002506973160383793,,
