sample_name,porosity,nu,g,all_converged,total_iterations,iterations_x,iterations_y,iterations_z,K_star_xx,K_star_xy,K_star_xz,K_star_yx,K_star_yy,K_star_yz,K_star_zx,K_star_zy,K_star_zz,K_xx,K_xy,K_xz,K_yx,K_yy,K_yz,K_zx,K_zy,K_zz,K_star_eig1,K_star_eig2,K_star_eig3,K_eig1,K_eig2,K_eig3,symmetry_error,error_type,error_message
eps_0.02_coeffs_0.918_1.108_0.498_-2.346_74.246_-649.894_m_-0.348_rho_0.386_,0.6144671440124512,0.16666666666666666,1e-05,True,25000,7500,7500,10000,4.090553739424262,-1.4103035622066817,-0.42505964544377833,-1.4102677591519528,4.021420266677644,0.43573746452517464,-0.4252902429272638,0.4356171005864886,3.1622938257611564,2.5135108736934786,-0.866585202059726,-0.2611851863707836,-0.8665632022589398,2.471030626139202,0.2677463553660108,-0.26132688094787737,0.26767239568036433,1.9431256556436656,2.6447316829072176,3.011986674495269,5.617549474460574,1.6251007238752424,1.850766849680668,3.4517995819204357,5.3808895886156795e-05,,
