sample_name,porosity,nu,g,all_converged,total_iterations,iterations_x,iterations_y,iterations_z,K_star_xx,K_star_xy,K_star_xz,K_star_yx,K_star_yy,K_star_yz,K_star_zx,K_star_zy,K_star_zz,K_xx,K_xy,K_xz,K_yx,K_yy,K_yz,K_zx,K_zy,K_zz,K_star_eig1,K_star_eig2,K_star_eig3,K_eig1,K_eig2,K_eig3,symmetry_error,error_type,error_message
eps_0.02_coeffs_0.689_-0.146_0.43_62.876_109.702_-1184.121_m_-0.64_rho_0.327_,0.6729249954223633,0.16666666666666666,1e-05,True,25000,10000,7500,7500,14.392811943616497,-1.5104710368885388,-1.7747130821484827,-1.5006598683440027,8.805565060918754,0.2507799828649097,-1.7654700193970962,0.24785879784436166,10.557519992832585,9.685282911273067,-1.0164337155838323,-1.1942487926807759,-1.0098315350359124,5.925484828310075,0.16875611882138972,-1.1880289047211106,0.16679038040480954,7.104419092848376,8.406155438851187,9.932181486925316,15.41756007159133,5.6567121102086135,6.6836131816233015,10.374861540599603,0.0009667463186734441,,
