sample_name,porosity,nu,g,all_converged,total_iterations,iterations_x,iterations_y,iterations_z,K_star_xx,K_star_xy,K_star_xz,K_star_yx,K_star_yy,K_star_yz,K_star_zx,K_star_zy,K_star_zz,K_xx,K_xy,K_xz,K_yx,K_yy,K_yz,K_zx,K_zy,K_zz,K_star_eig1,K_star_eig2,K_star_eig3,K_eig1,K_eig2,K_eig3,symmetry_error,error_type,error_message
eps_0.02_coeffs_0.43_1.188_0.813_32.582_92.204_-908.139_m_-0.425_rho_0.512_,0.48751354217529297,0.16666666666666666,1e-05,True,57500,22500,20000,15000,1.08646295819508,0.07927248277828919,0.22185393361401612,0.07926006405088189,2.0190812098383293,0.022001486392044526,0.22188840622507114,0.022011360128927487,2.774757788934539,0.5296654051919307,0.03864640887627367,0.1081567970216913,0.03864035457848603,0.9843294325478599,0.010726022564107133,0.10817360288641475,0.010730836144549453,1.3527319983619612,1.051846204346442,2.023714874807867,2.8047408778136402,0.512789268904571,0.9865884069704132,1.3673491602267687,1.4845581643935845e-05,,
