sample_name,porosity,nu,g,all_converged,total_iterations,iterations_x,iterations_y,iterations_z,K_star_xx,K_star_xy,K_star_xz,K_star_yx,K_star_yy,K_star_yz,K_star_zx,K_star_zy,K_star_zz,K_xx,K_xy,K_xz,K_yx,K_yy,K_yz,K_zx,K_zy,K_zz,K_star_eig1,K_star_eig2,K_star_eig3,K_eig1,K_eig2,K_eig3,symmetry_error,error_type,error_message
eps_0.02_coeffs_0.789_0.119_0.44_9.306_84.65_-1082.306_m_-0.207_rho_0.677_,0.3231987953186035,0.16666666666666666,1e-05,True,67500,20000,25000,22500,0.7890460310438644,-0.008821029259209311,0.011341387402959358,-0.00882094151863853,0.8156350179260426,0.0018027892821147642,0.011341284891901383,0.0018030701795153112,0.802787907030157,0.2550187266843024,-0.002850946030046603,0.00366552274587805,-0.002850917672399826,0.26361225521336457,0.0005826593241927819,0.0036654896144276052,0.0005827501098942467,0.25946008444848984,0.7805474073600122,0.8084210806420661,0.8185004679979863,0.2522719817478152,0.2612807193736793,0.26453836522466234,3.17001017034061e-07,,
