sample_name,porosity,nu,g,all_converged,total_iterations,iterations_x,iterations_y,iterations_z,K_star_xx,K_star_xy,K_star_xz,K_star_yx,K_star_yy,K_star_yz,K_star_zx,K_star_zy,K_star_zz,K_xx,K_xy,K_xz,K_yx,K_yy,K_yz,K_zx,K_zy,K_zz,K_star_eig1,K_star_eig2,K_star_eig3,K_eig1,K_eig2,K_eig3,symmetry_error,error_type,error_message
eps_0.02_coeffs_0.431_1.024_0.881_10.561_112.38_-175.075_m_-0.645_rho_0.433_,0.5670104026794434,0.16666666666666666,1e-05,True,50000,15000,17500,17500,26.24340770206484,6.715255063893886,-5.921695461143071,6.757551079459615,22.155586551908033,-8.198602936232664,-5.928779329408628,-8.188945231188248,19.213312130442596,14.880285168828589,3.807619477873643,-3.3576629279677648,3.8316017586913036,12.562448052396634,-4.648693152282149,-3.3616795549655465,-4.6432171330559555,10.89414784788809,12.3594088960243,18.53554704351979,36.71735044487137,7.007913415014634,10.509847993029924,20.81911966106875,0.0014477209592072082,,
