sample_name,porosity,nu,g,all_converged,total_iterations,iterations_x,iterations_y,iterations_z,K_star_xx,K_star_xy,K_star_xz,K_star_yx,K_star_yy,K_star_yz,K_star_zx,K_star_zy,K_star_zz,K_xx,K_xy,K_xz,K_yx,K_yy,K_yz,K_zx,K_zy,K_zz,K_star_eig1,K_star_eig2,K_star_eig3,K_eig1,K_eig2,K_eig3,symmetry_error,error_type,error_message
eps_0.02_coeffs_0.715_0.118_0.361_70.151_141.859_-706.219_m_-0.469_rho_0.376_,0.6236791610717773,0.16666666666666666,1e-05,True,55000,20000,17500,17500,1.6072061169578853,0.041814351345218666,-0.01353995367500245,0.041841899661428796,2.0356240781462644,-0.2042357648362289,-0.01351797171816845,-0.20418778391019582,1.7797551496212267,1.0023809626937228,0.026078739567746523,-0.008444586948976257,0.026095920878489394,1.2695763173157724,-0.12737759047391203,-0.008430877260579311,-0.12734766577021628,1.1099961986289422,1.6026838986035998,1.667836765301626,2.1520646808201516,0.9995605493443387,1.0401950345879845,1.342197894706114,2.664879767820672e-05,,
