sample_name,porosity,nu,g,all_converged,total_iterations,iterations_x,iterations_y,iterations_z,K_star_xx,K_star_xy,K_star_xz,K_star_yx,K_star_yy,K_star_yz,K_star_zx,K_star_zy,K_star_zz,K_xx,K_xy,K_xz,K_yx,K_yy,K_yz,K_zx,K_zy,K_zz,K_star_eig1,K_star_eig2,K_star_eig3,K_eig1,K_eig2,K_eig3,symmetry_error,error_type,error_message
eps_0.02_coeffs_0.29_1.057_0.853_8.122_9.329_-1403.384_m_-0.337_rho_0.623_,0.3765854835510254,0.16666666666666666,1e-05,True,42500,15000,15000,12500,1.9260119886061176,-0.013383583343794867,-0.10784432646319413,-0.013382297632330033,2.0010366096814662,-0.028591565407611957,-0.10784398836261555,-0.02859249838871809,1.9450633236609938,0.7253081560543068,-0.0050400632051684395,-0.040612607829376604,-0.0050395790248947475,0.7535613392601994,-0.01076716848450632,-0.04061248050560673,-0.010767519831647317,0.73248261227824,1.8224879175218345,2.0023908757542435,2.0472331286724983,0.6863224936858616,0.7540713362040732,0.7709582777028116,6.766591253909867e-07,,
