sample_name,porosity,nu,g,all_converged,total_iterations,iterations_x,iterations_y,iterations_z,K_star_xx,K_star_xy,K_star_xz,K_star_yx,K_star_yy,K_star_yz,K_star_zx,K_star_zy,K_star_zz,K_xx,K_xy,K_xz,K_yx,K_yy,K_yz,K_zx,K_zy,K_zz,K_star_eig1,K_star_eig2,K_star_eig3,K_eig1,K_eig2,K_eig3,symmetry_error,error_type,error_message
eps_0.02_coeffs_0.413_0.411_0.821_117.08_112.521_-3279.51_m_-0.543_rho_0.369_,0.6309781074523926,0.16666666666666666,1e-05,True,42500,15000,15000,12500,2.8380518800945618,-0.12157116916375771,-0.11863203428666096,-0.12171563188250051,2.9775417313891115,0.837326946869501,-0.11856881783348619,0.8369602212260121,2.762130323026467,1.7907486041537712,-0.0767087462397225,-0.07485421647742467,-0.07679989905259227,1.8787636465324218,0.5283349722546078,-0.07481432827944061,0.5281035764021249,1.7428437637601057,2.0258801263095356,2.8064064245933107,3.745437383607294,1.2782860080242044,1.7707810145321226,2.3632889918899718,0.00011069651460589402,,
