sample_name,porosity,nu,g,all_converged,total_iterations,iterations_x,iterations_y,iterations_z,K_star_xx,K_star_xy,K_star_xz,K_star_yx,K_star_yy,K_star_yz,K_star_zx,K_star_zy,K_star_zz,K_xx,K_xy,K_xz,K_yx,K_yy,K_yz,K_zx,K_zy,K_zz,K_star_eig1,K_star_eig2,K_star_eig3,K_eig1,K_eig2,K_eig3,symmetry_error,error_type,error_message
eps_0.02_coeffs_0.665_0.58_0.44_7.671_101.561_-133.868_m_-0.207_rho_0.63_,0.36975669860839844,0.16666666666666666,1e-05,True,75000,22500,25000,27500,0.6157194872245217,-0.030723822083309208,0.024973113722561387,-0.030723675104701625,0.5640910891905334,-1.9948297306080145e-05,0.0249733382741991,-2.0613164094360384e-05,0.5993694196343402,0.22766640486499512,-0.011360339022156218,0.00923397608402639,-0.011360284675831512,0.20857645885350726,-7.376016554755003e-06,0.009234059113498618,-7.621855503403873e-06,0.22162085785082541,0.5473569111490055,0.5895058125941764,0.6423172723062132,0.20238888442694689,0.21797372307528398,0.2375011140670971,9.850057666035868e-07,,
