sample_name,porosity,nu,g,all_converged,total_iterations,iterations_x,iterations_y,iterations_z,K_star_xx,K_star_xy,K_star_xz,K_star_yx,K_star_yy,K_star_yz,K_star_zx,K_star_zy,K_star_zz,K_xx,K_xy,K_xz,K_yx,K_yy,K_yz,K_zx,K_zy,K_zz,K_star_eig1,K_star_eig2,K_star_eig3,K_eig1,K_eig2,K_eig3,symmetry_error,error_type,error_message
eps_0.02_coeffs_0.434_0.347_0.547_73.469_98.291_-3941.708_m_-0.442_rho_0.641_,0.35901451110839844,0.16666666666666666,1e-05,True,117500,37500,37500,42500,0.4616521226351245,-0.017790019958012368,0.0017096448198737168,-0.017790008572719347,0.540268661908599,0.005372535267568801,0.0017097376838791465,0.005372356998160973,0.4587164691013934,0.16573981111000363,-0.006386875317834461,0.0006137872991759684,-0.006386871230349054,0.19396428952230427,0.0019288181224988417,0.0006138206387014773,0.0019287541211945448,0.1646858688918075,0.45530832645456865,0.46094246704473807,0.5443864601458099,0.16346229622567007,0.16548503445516566,0.19544263884327978,3.3645356271203726e-07,,
