sample_name,porosity,nu,g,all_converged,total_iterations,iterations_x,iterations_y,iterations_z,K_star_xx,K_star_xy,K_star_xz,K_star_yx,K_star_yy,K_star_yz,K_star_zx,K_star_zy,K_star_zz,K_xx,K_xy,K_xz,K_yx,K_yy,K_yz,K_zx,K_zy,K_zz,K_star_eig1,K_star_eig2,K_star_eig3,K_eig1,K_eig2,K_eig3,symmetry_error,error_type,error_message
eps_0.02_coeffs_0.085_0.204_0.441_66.777_65.4_-63.609_m_-0.208_rho_0.325_,0.6754498481750488,0.16666666666666666,1e-05,True,40000,12500,12500,15000,14.240905534606892,0.2179561999865976,-2.946705953865166,0.2947773025504859,12.35992653577792,-5.960682768054197,-2.929772182773756,-5.863369537515025,31.460424788731245,9.619017481225438,0.14721848218975792,-1.9903520891547388,0.19910728425317614,8.348510502045952,-4.026142270701837,-1.9789141760420148,-3.9604120639087297,21.24993914707106,10.622608306305736,13.886315355323486,33.55233319748686,7.17503916771722,9.379509598464098,22.662918364161143,0.0046753709665122425,,
