sample_name,porosity,nu,g,all_converged,total_iterations,iterations_x,iterations_y,iterations_z,K_star_xx,K_star_xy,K_star_xz,K_star_yx,K_star_yy,K_star_yz,K_star_zx,K_star_zy,K_star_zz,K_xx,K_xy,K_xz,K_yx,K_yy,K_yz,K_zx,K_zy,K_zz,K_star_eig1,K_star_eig2,K_star_eig3,K_eig1,K_eig2,K_eig3,symmetry_error,error_type,error_message
eps_0.02_coeffs_0.721_-0.307_0.745_42.123_139.048_-3965.606_m_-0.376_rho_0.543_,0.4574465751647949,0.16666666666666666,1e-05,True,50000,17500,17500,15000,0.9992403918261094,0.013095377015963638,0.034618796479504464,0.013094813405924343,0.9655646901526442,-0.004830014449353136,0.03461890234274125,-0.004829980171673494,0.9560787268284895,0.4570990950071815,0.005990435366444338,0.015836249885876376,0.005990177544962134,0.44169426061038347,-0.002209473567853065,0.01583629831265148,-0.0022094578876459083,0.43735493917561,0.9332903065293143,0.9675780125911914,1.020015489686737,0.42693045435633653,0.4426152480645994,0.46660259237223917,4.814512760353809e-07,,
