sample_name,porosity,nu,g,all_converged,total_iterations,iterations_x,iterations_y,iterations_z,K_star_xx,K_star_xy,K_star_xz,K_star_yx,K_star_yy,K_star_yz,K_star_zx,K_star_zy,K_star_zz,K_xx,K_xy,K_xz,K_yx,K_yy,K_yz,K_zx,K_zy,K_zz,K_star_eig1,K_star_eig2,K_star_eig3,K_eig1,K_eig2,K_eig3,symmetry_error,error_type,error_message
eps_0.02_coeffs_0.387_0.24_0.383_28.02_82.058_-696.042_m_-0.289_rho_0.318_,0.6819953918457031,0.16666666666666666,1e-05,True,45000,12500,15000,17500,1.8681229729777344,-0.10401809495466235,0.05942905099584181,-0.10400845949634965,1.8536124585296576,-0.19964903191425754,0.05947598112125085,-0.19965494096844658,1.920326962092265,1.27405125897191,-0.0709398614276485,0.04053033892092741,-0.07093329008948092,1.264155154985011,-0.13615971975197935,0.04056234505019511,-0.13616374969970646,1.3096541389839829,1.674283691676838,1.8306037827376576,2.137174919185163,1.1418537623660152,1.248463344122395,1.457543446452494,2.0848575793289124e-05,,
