sample_name,porosity,nu,g,all_converged,total_iterations,iterations_x,iterations_y,iterations_z,K_star_xx,K_star_xy,K_star_xz,K_star_yx,K_star_yy,K_star_yz,K_star_zx,K_star_zy,K_star_zz,K_xx,K_xy,K_xz,K_yx,K_yy,K_yz,K_zx,K_zy,K_zz,K_star_eig1,K_star_eig2,K_star_eig3,K_eig1,K_eig2,K_eig3,symmetry_error,error_type,error_message
eps_0.02_coeffs_0.26_1.496_0.902_-10.588_120.32_-1617.74_m_-0.312_rho_0.572_,0.4279050827026367,0.16666666666666666,1e-05,True,72500,22500,25000,25000,0.7337672220072095,-0.006283919991885165,-0.0005676692837567899,-0.006283850744251652,0.7485648974814412,0.003557836216352544,-0.0005677794834660532,0.0035579601804103713,0.741652388756098,0.31398272381747894,-0.0026889213038243736,-0.00024290857181369574,-0.0026888916724100284,0.32031472436508684,0.0015224162004007715,-0.00024295572682940186,0.001522469245251188,0.31735682674728616,0.7314087207699314,0.7405005561116984,0.7520752313631188,0.3129735091504872,0.3168639517043248,0.3218168140750401,1.9795168681463078e-07,,
