sample_name,porosity,nu,g,all_converged,total_iterations,iterations_x,iterations_y,iterations_z,K_star_xx,K_star_xy,K_star_xz,K_star_yx,K_star_yy,K_star_yz,K_star_zx,K_star_zy,K_star_zz,K_xx,K_xy,K_xz,K_yx,K_yy,K_yz,K_zx,K_zy,K_zz,K_star_eig1,K_star_eig2,K_star_eig3,K_eig1,K_eig2,K_eig3,symmetry_error,error_type,error_message
eps_0.02_coeffs_0.767_-0.581_0.258_38.397_79.89_-1735.123_m_-0.324_rho_0.643_,0.35658693313598633,0.16666666666666666,1e-05,True,65000,22500,22500,20000,0.8293175878839669,-0.012196939217460654,-0.0299426759378649,-0.012196288132248712,0.8830539008518569,0.013732511657114815,-0.029942221586515105,0.01373180804468369,0.8618940542092087,0.2957238152592776,-0.004349269149200332,-0.010677166982567937,-0.004349036980721395,0.31488548229853297,0.004896834216064753,-0.010677004966813548,0.004896583317065823,0.30734015747860327,0.8113403930185846,0.8633637371657764,0.8995614127606717,0.28931338247584293,0.30786422721676804,0.3207718453438029,1.008539269928151e-06,,
