sample_name,porosity,nu,g,all_converged,total_iterations,iterations_x,iterations_y,iterations_z,K_star_xx,K_star_xy,K_star_xz,K_star_yx,K_star_yy,K_star_yz,K_star_zx,K_star_zy,K_star_zz,K_xx,K_xy,K_xz,K_yx,K_yy,K_yz,K_zx,K_zy,K_zz,K_star_eig1,K_star_eig2,K_star_eig3,K_eig1,K_eig2,K_eig3,symmetry_error,error_type,error_message
eps_0.02_coeffs_0.107_1.294_0.692_81.801_117.007_-1495.975_m_-0.263_rho_0.686_,0.3139190673828125,0.16666666666666666,1e-05,True,97500,35000,35000,27500,0.1666080065104081,5.104133703951913e-13,-7.599741150378791e-12,5.109223126126217e-13,0.1666111666194001,-3.1146737116154667e-12,-2.5228242913020517e-12,-1.1520437530960792e-12,0.16660375231244154,0.052301430022256866,1.602284892141765e-13,-2.385703654277693e-12,1.6038825588042398e-13,0.05230242204072446,-9.777554667520903e-13,-7.919626486962449e-13,-3.616485005561163e-13,0.05230009454839874,0.1666037523124415,0.1666080065104081,0.16661116661940012,0.052300094548398735,0.052301430022256866,0.05230242204072447,2.667493083902003e-11,,
