sample_name,porosity,nu,g,all_converged,total_iterations,iterations_x,iterations_y,iterations_z,K_star_xx,K_star_xy,K_star_xz,K_star_yx,K_star_yy,K_star_yz,K_star_zx,K_star_zy,K_star_zz,K_xx,K_xy,K_xz,K_yx,K_yy,K_yz,K_zx,K_zy,K_zz,K_star_eig1,K_star_eig2,K_star_eig3,K_eig1,K_eig2,K_eig3,symmetry_error,error_type,error_message
eps_0.02_coeffs_0.437_-0.553_0.389_109.632_91.522_-377.56_m_-0.313_rho_0.529_,0.471010684967041,0.16666666666666666,1e-05,True,60000,32500,12500,15000,0.4797369052246881,-0.02485903379561549,0.03982529787654182,-0.024850188041584908,3.4261626477888596,-0.4024690226423707,0.039818592802321535,-0.40232499593877386,2.4334680947953933,0.22596120833384878,-0.011708870535691673,0.018758140831846407,-0.011704704091026679,1.6137592155435216,-0.18956721003279858,0.018754982670245154,-0.18949937191648386,1.1461894741750185,0.47882891984581233,2.2913610609607433,3.569177667002383,0.22553353751860447,1.0792555428299258,1.6811208177038592,4.786130529611748e-05,,
