sample_name,porosity,nu,g,all_converged,total_iterations,iterations_x,iterations_y,iterations_z,K_star_xx,K_star_xy,K_star_xz,K_star_yx,K_star_yy,K_star_yz,K_star_zx,K_star_zy,K_star_zz,K_xx,K_xy,K_xz,K_yx,K_yy,K_yz,K_zx,K_zy,K_zz,K_star_eig1,K_star_eig2,K_star_eig3,K_eig1,K_eig2,K_eig3,symmetry_error,error_type,error_message
eps_0.02_coeffs_0.885_0.305_0.936_87.157_98.471_-2030.581_m_-0.38_rho_0.416_,0.5839629173278809,0.16666666666666666,1e-05,True,35000,10000,10000,15000,9.253818252934014,0.7814793676304748,0.7241403700212814,0.7860272593214249,3.942716812783688,-0.9669393239285816,0.7213575652744517,-0.9674583174198648,1.9012414513671998,5.40388670340534,0.45635497135303954,0.4228711230325186,0.459010771452578,2.302400412190847,-0.5646567084803833,0.4212460682542061,-0.5649597814336272,1.1102545044850842,1.3969279215110326,4.287886901585446,9.412961693988425,0.8157541043423561,2.5039669442218444,5.49682057151707,0.0007258432569550394,,
