sample_name,porosity,nu,g,all_converged,total_iterations,iterations_x,iterations_y,iterations_z,K_star_xx,K_star_xy,K_star_xz,K_star_yx,K_star_yy,K_star_yz,K_star_zx,K_star_zy,K_star_zz,K_xx,K_xy,K_xz,K_yx,K_yy,K_yz,K_zx,K_zy,K_zz,K_star_eig1,K_star_eig2,K_star_eig3,K_eig1,K_eig2,K_eig3,symmetry_error,error_type,error_message
eps_0.02_coeffs_0.854_0.142_0.936_30.511_142.355_788.86_m_-0.239_rho_0.391_,0.6088690757751465,0.16666666666666666,1e-05,True,50000,17500,15000,17500,4.822145834179646,-1.7111986516408095,3.010865848897105,-1.7106796481110313,5.155550424928977,1.4527395688516425,3.008751112727113,1.4493642231603874,5.802410398124271,2.936055477309934,-1.0418959414922166,1.8332231067009321,-1.0415799362927165,3.13905522233867,0.8845281986286844,1.831935509243601,0.8824730550172282,3.532908256374025,1.0418390611023876,6.377571369904861,8.360696226225643,0.6343435862398574,3.883105985684008,5.090569384098763,0.0005375212121500088,,
