sample_name,porosity,nu,g,all_converged,total_iterations,iterations_x,iterations_y,iterations_z,K_star_xx,K_star_xy,K_star_xz,K_star_yx,K_star_yy,K_star_yz,K_star_zx,K_star_zy,K_star_zz,K_xx,K_xy,K_xz,K_yx,K_yy,K_yz,K_zx,K_zy,K_zz,K_star_eig1,K_star_eig2,K_star_eig3,K_eig1,K_eig2,K_eig3,symmetry_error,error_type,error_message
eps_0.02_coeffs_0.393_0.66_0.429_-11.499_27.194_-2536.366_m_-0.36_rho_0.307_,0.6925759315490723,0.16666666666666666,1e-05,True,30000,10000,10000,10000,2.8705686318567762,-0.023527501444744164,-0.009836836261612667,-0.02352705646201727,2.885429845911763,0.0036779634600172867,-0.009829805355023515,0.0036745489537674887,2.862466873278162,1.9880867442837526,-0.01629458123011583,-0.006812756037382087,-0.01629427304578923,1.9983792634518354,0.0025472689695249214,-0.0068078866007014694,0.0025449041646781875,1.9824756612889833,2.8502450394921253,2.863689583225733,2.904530728328844,1.9740111133693812,1.983322480769936,2.0116080748852543,2.2249911187299434e-06,,
