sample_name,porosity,nu,g,all_converged,total_iterations,iterations_x,iterations_y,iterations_z,K_star_xx,K_star_xy,K_star_xz,K_star_yx,K_star_yy,K_star_yz,K_star_zx,K_star_zy,K_star_zz,K_xx,K_xy,K_xz,K_yx,K_yy,K_yz,K_zx,K_zy,K_zz,K_star_eig1,K_star_eig2,K_star_eig3,K_eig1,K_eig2,K_eig3,symmetry_error,error_type,error_message
eps_0.02_coeffs_0.708_-0.399_0.911_26.313_105.789_-833.444_m_-0.533_rho_0.483_,0.516695499420166,0.16666666666666666,1e-05,True,27500,7500,10000,10000,4.898965674862525,0.6001434989612576,0.22166691774514907,0.5997582605901887,6.052745671479386,0.4543303388372686,0.22182580357956233,0.4540535861803249,4.141130118865626,2.531273516015343,0.31009144491955287,0.11453429876925866,0.3098923939870176,3.1274264475882894,0.23475044132725575,0.11461639436482161,0.23460744447496035,2.139703294931166,4.0282928708638055,4.644734187788964,6.419814406554773,2.081400796721669,2.3999132508335363,3.317089210979594,7.95870195425117e-05,,
