sample_name,porosity,nu,g,all_converged,total_iterations,iterations_x,iterations_y,iterations_z,K_star_xx,K_star_xy,K_star_xz,K_star_yx,K_star_yy,K_star_yz,K_star_zx,K_star_zy,K_star_zz,K_xx,K_xy,K_xz,K_yx,K_yy,K_yz,K_zx,K_zy,K_zz,K_star_eig1,K_star_eig2,K_star_eig3,K_eig1,K_eig2,K_eig3,symmetry_error,error_type,error_message
eps_0.02_coeffs_0.114_1.053_0.618_54.262_42.171_-2945.017_m_-0.332_rho_0.506_,0.4942340850830078,0.16666666666666666,1e-05,True,192500,67500,65000,60000,0.6244582630704467,0.020426998506275933,-0.017683178615047063,0.02042635132631261,0.5910692791922344,0.03656737834860559,-0.017682962613440115,0.036565974335004095,0.53757727252341,0.30862855832114644,0.010095718917741253,-0.008739629604167194,0.010095399059344196,0.29212658442224687,0.018072844782007276,-0.008739522848810608,0.018072150870629494,0.26568901144702634,0.5133341765721458,0.6056246831023846,0.6341459551115607,0.2537072470999737,0.2993203611567935,0.3134165459336524,2.1726485876602545e-06,,
