sample_name,porosity,nu,g,all_converged,total_iterations,iterations_x,iterations_y,iterations_z,K_star_xx,K_star_xy,K_star_xz,K_star_yx,K_star_yy,K_star_yz,K_star_zx,K_star_zy,K_star_zz,K_xx,K_xy,K_xz,K_yx,K_yy,K_yz,K_zx,K_zy,K_zz,K_star_eig1,K_star_eig2,K_star_eig3,K_eig1,K_eig2,K_eig3,symmetry_error,error_type,error_message
eps_0.02_coeffs_0.244_0.562_0.65_26.785_26.194_-3386.658_m_-0.275_rho_0.655_,0.3447732925415039,0.16666666666666666,1e-05,True,67500,22500,20000,25000,0.9509443862658437,-0.01857709773532538,0.027337560181189414,-0.018576658052675617,0.9919996503902775,-0.05195334341349565,0.027337674354908106,-0.05195356468345492,0.9623424953809105,0.3278602270767346,-0.006404887152073447,0.009425260633720187,-0.0064047355612386146,0.34201498566507677,-0.017912125267210352,0.009425299997769102,-0.01791220155518275,0.3317899906850835,0.9184031367609443,0.9448222425281169,1.0420611527479706,0.31664087334151586,0.32574947542286603,0.35927485466251274,4.253758166767285e-07,,
