sample_name,porosity,nu,g,all_converged,total_iterations,iterations_x,iterations_y,iterations_z,K_star_xx,K_star_xy,K_star_xz,K_star_yx,K_star_yy,K_star_yz,K_star_zx,K_star_zy,K_star_zz,K_xx,K_xy,K_xz,K_yx,K_yy,K_yz,K_zx,K_zy,K_zz,K_star_eig1,K_star_eig2,K_star_eig3,K_eig1,K_eig2,K_eig3,symmetry_error,error_type,error_message
eps_0.02_coeffs_0.579_-0.348_0.881_36.723_77.632_-3124.176_m_-0.39_rho_0.651_,0.34913110733032227,0.16666666666666666,1e-05,True,62500,22500,20000,20000,0.9444034648218487,-0.0021377513818953294,0.0025362381851708345,-0.002137387084986446,1.00373791695741,0.01543765132100813,0.0025363873368524008,0.015436393811045298,0.9583281588860799,0.3297206274398451,-0.000746355507158043,0.0008854796460421404,-0.0007462283197748475,0.35043613041677163,0.005389764300282981,0.0008855317195338858,0.005389325264437178,0.3345821712977261,0.9434567499990237,0.9544981464328078,1.0085146442335071,0.32939009984542617,0.3332449948088263,0.35210383450009025,1.110028411644835e-06,,
