sample_name,porosity,nu,g,all_converged,total_iterations,iterations_x,iterations_y,iterations_z,K_star_xx,K_star_xy,K_star_xz,K_star_yx,K_star_yy,K_star_yz,K_star_zx,K_star_zy,K_star_zz,K_xx,K_xy,K_xz,K_yx,K_yy,K_yz,K_zx,K_zy,K_zz,K_star_eig1,K_star_eig2,K_star_eig3,K_eig1,K_eig2,K_eig3,symmetry_error,error_type,error_message
eps_0.02_coeffs_0.79_0.535_0.933_-34.341_102.859_-2335.564_m_-0.264_rho_0.524_,0.4758334159851074,0.16666666666666666,1e-05,True,52500,17500,17500,17500,1.1680443521910804,-0.006232589598378007,0.005344857979389212,-0.006233384748834404,1.1424349700153884,0.0020792219280879893,0.005344882112040518,0.002079036498214378,1.1676922345525447,0.5557945341251936,-0.002965674399029456,0.0025432620302880274,-0.002966052758187345,0.5436087343232661,0.0009893632726332494,0.002543273513409935,0.0009892750389030632,0.5556269847864206,1.1406027244358827,1.1640243423703618,1.1735444899527685,0.5427368906502462,0.5538816791199076,0.5584116834647266,5.75217040201034e-07,,
