sample_name,porosity,nu,g,all_converged,total_iterations,iterations_x,iterations_y,iterations_z,K_star_xx,K_star_xy,K_star_xz,K_star_yx,K_star_yy,K_star_yz,K_star_zx,K_star_zy,K_star_zz,K_xx,K_xy,K_xz,K_yx,K_yy,K_yz,K_zx,K_zy,K_zz,K_star_eig1,K_star_eig2,K_star_eig3,K_eig1,K_eig2,K_eig3,symmetry_error,error_type,error_message
eps_0.02_coeffs_0.902_-0.41_0.914_-34.144_81.443_-629.06_m_-0.377_rho_0.501_,0.4990110397338867,0.16666666666666666,1e-05,True,37500,12500,12500,12500,2.480315967425183,-0.02345386542478708,0.01962416388804757,-0.023451540806247017,2.33200535753257,-0.013839142760409477,0.01959840834923077,-0.013846063616276813,2.5349056254572173,1.2377050497734017,-0.011703737771401658,0.009792674425682811,-0.011702577761086996,1.163696418127322,-0.006905885017897624,0.009779822127478932,-0.006909338601379832,1.2649458917866845,2.327825166384208,2.476180394631958,2.543221389398805,1.161610456596091,1.2356413532939594,1.2690955497973575,8.918927363160088e-06,,
