sample_name,porosity,nu,g,all_converged,total_iterations,iterations_x,iterations_y,iterations_z,K_star_xx,K_star_xy,K_star_xz,K_star_yx,K_star_yy,K_star_yz,K_star_zx,K_star_zy,K_star_zz,K_xx,K_xy,K_xz,K_yx,K_yy,K_yz,K_zx,K_zy,K_zz,K_star_eig1,K_star_eig2,K_star_eig3,K_eig1,K_eig2,K_eig3,symmetry_error,error_type,error_message
eps_0.02_coeffs_0.514_0.917_0.519_106.038_149.28_-754.373_m_-0.247_rho_0.596_,0.40354442596435547,0.16666666666666666,1e-05,True,87500,20000,35000,32500,0.16662939207030897,-1.0092669756227208e-13,2.98917995221295e-13,-3.3575230502417697e-13,0.16663077617956606,4.682912052246561e-13,1.5856827176027636e-12,3.1893497707863256e-13,0.1666340446713036,0.06724236237180235,-4.0728406232245204e-14,1.2062669079199344e-13,-1.3549097119719068e-13,0.06724292092137799,1.8897630559654005e-13,6.398934220366064e-13,1.2870443224515165e-13,0.06724423990299998,0.16662939207030897,0.1666307761795661,0.16663404467130363,0.06724236237180235,0.067242920921378,0.06724423990299999,6.45094865331322e-12,,
