sample_name,porosity,nu,g,all_converged,total_iterations,iterations_x,iterations_y,iterations_z,K_star_xx,K_star_xy,K_star_xz,K_star_yx,K_star_yy,K_star_yz,K_star_zx,K_star_zy,K_star_zz,K_xx,K_xy,K_xz,K_yx,K_yy,K_yz,K_zx,K_zy,K_zz,K_star_eig1,K_star_eig2,K_star_eig3,K_eig1,K_eig2,K_eig3,symmetry_error,error_type,error_message
eps_0.02_coeffs_0.855_0.217_0.425_-2.292_38.289_323.849_m_-0.536_rho_0.418_,0.5822858810424805,0.16666666666666666,1e-05,True,47500,17500,15000,15000,66.3807748733,11.933395257295654,-8.931045172871352,12.112448763163638,47.348705278712224,7.551035306410528,-8.340575129228148,7.861256743812588,50.623754457643784,38.65258798138204,6.9486475712225575,-5.200421507115587,7.052907899640641,27.570482569435693,4.3968612461761305,-4.856599137523612,4.577498809172054,29.47749746604731,34.254293837102544,56.956270443529995,73.14267032902349,19.94579166642527,33.16483211610465,42.58994423433514,0.00988194028389999,,
