sample_name,porosity,nu,g,all_converged,total_iterations,iterations_x,iterations_y,iterations_z,K_star_xx,K_star_xy,K_star_xz,K_star_yx,K_star_yy,K_star_yz,K_star_zx,K_star_zy,K_star_zz,K_xx,K_xy,K_xz,K_yx,K_yy,K_yz,K_zx,K_zy,K_zz,K_star_eig1,K_star_eig2,K_star_eig3,K_eig1,K_eig2,K_eig3,symmetry_error,error_type,error_message
eps_0.02_coeffs_0.911_0.612_0.944_-22.523_59.781_-594.013_m_-0.365_rho_0.428_,0.5721535682678223,0.16666666666666666,1e-05,True,30000,10000,10000,10000,3.679605518350237,0.08095059895987516,-0.13898867688271083,0.08099601901995497,3.6512663725168655,-0.03342592893333436,-0.13899454842097458,-0.033413496348775544,3.6600789466382166,2.1052994271420578,0.04631617404831004,-0.07952286742726639,0.04634216129775564,2.089085083731832,-0.019124764511873896,-0.07952622684883522,-0.01911765116425578,2.094127229460988,3.52158589926852,3.624819245483317,3.8445456927534813,2.014887938228133,2.073953265629156,2.1996705364775915,1.0568999228593949e-05,,
