sample_name,porosity,nu,g,all_converged,total_iterations,iterations_x,iterations_y,iterations_z,K_star_xx,K_star_xy,K_star_xz,K_star_yx,K_star_yy,K_star_yz,K_star_zx,K_star_zy,K_star_zz,K_xx,K_xy,K_xz,K_yx,K_yy,K_yz,K_zx,K_zy,K_zz,K_star_eig1,K_star_eig2,K_star_eig3,K_eig1,K_eig2,K_eig3,symmetry_error,error_type,error_message
eps_0.02_coeffs_0.781_0.293_0.768_26.645_144.618_-2951.324_m_-0.573_rho_0.437_,0.5626211166381836,0.16666666666666666,1e-05,True,32500,12500,10000,10000,2.6184228608135136,-0.16771876061837204,0.03411039157605426,-0.16774993766622365,2.282110818078852,0.10891504051000261,0.03412421260135808,0.10890623208982059,2.4899816899091216,1.4731799937818462,-0.09436211638028069,0.019191226597485338,-0.09437965724575645,1.2839637367596024,0.061277901710430675,0.01919900259817486,0.06127294590723204,1.4009162787853013,2.172069259664647,2.53006417615112,2.6883819329857195,1.2220520322879966,1.4234675319524088,1.5125404450863442,1.1629400686138962e-05,,
