sample_name,porosity,nu,g,all_converged,total_iterations,iterations_x,iterations_y,iterations_z,K_star_xx,K_star_xy,K_star_xz,K_star_yx,K_star_yy,K_star_yz,K_star_zx,K_star_zy,K_star_zz,K_xx,K_xy,K_xz,K_yx,K_yy,K_yz,K_zx,K_zy,K_zz,K_star_eig1,K_star_eig2,K_star_eig3,K_eig1,K_eig2,K_eig3,symmetry_error,error_type,error_message
eps_0.02_coeffs_0.887_1.037_0.87_34.872_62.099_-3350.36_m_-0.472_rho_0.506_,0.49402570724487305,0.16666666666666666,1e-05,True,32500,12500,10000,10000,3.078367341005432,-0.12818899884434615,-0.18785221075861425,-0.12831437909548843,3.588649235434094,-0.07431679884283568,-0.18785204401851952,-0.07437046272454388,3.273563708288462,1.5207926027997278,-0.06332866081509032,-0.09280382127753735,-0.06339060188233542,1.7728849765891013,-0.03671440910850686,-0.09280373890364413,-0.03674092044562126,1.6172246261983567,2.930847921897177,3.3876215548285713,3.622110808002241,1.4479142174424189,1.6735721345021615,1.789415853642606,3.348095727736847e-05,,
