sample_name,porosity,nu,g,all_converged,total_iterations,iterations_x,iterations_y,iterations_z,K_star_xx,K_star_xy,K_star_xz,K_star_yx,K_star_yy,K_star_yz,K_star_zx,K_star_zy,K_star_zz,K_xx,K_xy,K_xz,K_yx,K_yy,K_yz,K_zx,K_zy,K_zz,K_star_eig1,K_star_eig2,K_star_eig3,K_eig1,K_eig2,K_eig3,symmetry_error,error_type,error_message
eps_0.02_coeffs_0.462_1.11_0.674_58.523_57.269_-3963.196_m_-0.63_rho_0.416_,0.5844964981079102,0.16666666666666666,1e-05,True,25000,7500,7500,10000,5.424483661799431,1.9325681732840612,0.5423551417859859,1.932203091609007,7.6441914146941645,0.9075364896192055,0.5413820031005805,0.9069779137293597,3.8268042225908943,3.1705917043653407,1.1295793296393346,0.31700468110472785,1.1293659406787422,4.468003112755291,0.5304519000875714,0.31643588495093505,0.530125414436029,2.236753667048941,3.6100212601366457,4.306344078835196,8.979113960112647,2.1100447846449746,2.517043033726907,5.248260665797691,0.0001575339565615157,,
