sample_name,porosity,nu,g,all_converged,total_iterations,iterations_x,iterations_y,iterations_z,K_star_xx,K_star_xy,K_star_xz,K_star_yx,K_star_yy,K_star_yz,K_star_zx,K_star_zy,K_star_zz,K_xx,K_xy,K_xz,K_yx,K_yy,K_yz,K_zx,K_zy,K_zz,K_star_eig1,K_star_eig2,K_star_eig3,K_eig1,K_eig2,K_eig3,symmetry_error,error_type,error_message
eps_0.02_coeffs_0.481_1.435_0.943_86.713_56.187_-2768.29_m_-0.204_rho_0.337_,0.6629023551940918,0.16666666666666666,1e-05,True,90000,32500,32500,25000,0.7878931171744172,-0.10841309457155744,0.05502863528158083,-0.1084097532652415,1.071389769981751,0.26179799118128294,0.055012392819442674,0.26180449301649333,1.2268892324303537,0.5222962030161358,-0.07186729572536524,0.036478611931276626,-0.07186508076553898,0.710226801851759,0.17354650493915452,0.03646784476487109,0.1735508150210286,0.813307761740353,0.7039242991650692,0.9592960698633627,1.4229517505580902,0.46663307579487484,0.6359196240408592,0.9432780667725137,1.3580190916992917e-05,,
