sample_name,porosity,nu,g,all_converged,total_iterations,iterations_x,iterations_y,iterations_z,K_star_xx,K_star_xy,K_star_xz,K_star_yx,K_star_yy,K_star_yz,K_star_zx,K_star_zy,K_star_zz,K_xx,K_xy,K_xz,K_yx,K_yy,K_yz,K_zx,K_zy,K_zz,K_star_eig1,K_star_eig2,K_star_eig3,K_eig1,K_eig2,K_eig3,symmetry_error,error_type,error_message
eps_0.02_coeffs_0.494_1.251_0.623_28.693_80.313_-1574.193_m_-0.261_rho_0.579_,0.42086076736450195,0.16666666666666666,1e-05,True,65000,20000,22500,22500,1.1386015953053181,0.011502801919654278,-0.03177402558669393,0.011502476558572899,0.9971416788134624,-0.0015057163762024607,-0.03177397359186924,-0.0015073407393668716,0.9805000876287738,0.4791927411226423,0.004841078042747565,-0.013372440790675325,0.004840941111033186,0.4196578121165615,-0.0006336969495218648,-0.013372418908093507,-0.0006343805802497173,0.4126540192804072,0.9743308302231802,0.9962613592871994,1.1456511722371754,0.41005762087461994,0.4192873201652124,0.4821596314797787,1.2993316289525522e-06,,
