sample_name,porosity,nu,g,all_converged,total_iterations,iterations_x,iterations_y,iterations_z,K_star_xx,K_star_xy,K_star_xz,K_star_yx,K_star_yy,K_star_yz,K_star_zx,K_star_zy,K_star_zz,K_xx,K_xy,K_xz,K_yx,K_yy,K_yz,K_zx,K_zy,K_zz,K_star_eig1,K_star_eig2,K_star_eig3,K_eig1,K_eig2,K_eig3,symmetry_error,error_type,error_message
eps_0.02_coeffs_0.694_-0.184_0.66_-13.157_83.186_-1677.541_m_-0.239_rho_0.359_,0.6406807899475098,0.16666666666666666,1e-05,True,32500,12500,10000,10000,2.3834897158386106,-0.014063891871698446,0.00605618837834063,-0.01406823156197898,2.3860658612393184,0.0022747043779946415,0.006057036189424156,0.0022704474138013344,2.36602710959488,1.5270560739752466,-0.009010465354096123,0.0038800835543062033,-0.009013245710293182,1.5287065608455916,0.0014573593977906657,0.003880626730580923,0.0014546320426085196,1.515868117612471,2.3617983296037104,2.3746974067727726,2.3990869502963252,1.5131588195072143,1.5214230104574835,1.5370489224686124,2.1069520082684106e-06,,
