sample_name,porosity,nu,g,all_converged,total_iterations,iterations_x,iterations_y,iterations_z,K_star_xx,K_star_xy,K_star_xz,K_star_yx,K_star_yy,K_star_yz,K_star_zx,K_star_zy,K_star_zz,K_xx,K_xy,K_xz,K_yx,K_yy,K_yz,K_zx,K_zy,K_zz,K_star_eig1,K_star_eig2,K_star_eig3,K_eig1,K_eig2,K_eig3,symmetry_error,error_type,error_message
eps_0.02_coeffs_0.883_0.023_0.278_62.638_137.339_-1387.323_m_-0.62_rho_0.556_,0.44374799728393555,0.16666666666666666,1e-05,True,47500,15000,17500,15000,1.3245882136634093,0.03906413073344712,-0.061046519305949454,0.03906767413978617,1.157031876908927,-0.01139490240859794,-0.0610464065039675,-0.011398573433620772,1.2909843307993676,0.5877833670390435,0.017334629778604994,-0.02708927068317018,0.017336202158071513,0.5134305781720093,-0.005056465123061229,-0.027089220627516595,-0.00505809413306309,0.5728717113171611,1.14833484440265,1.2465807270958382,1.3776888498732152,0.5095712874150355,0.5531677011015306,0.6113466680116475,3.3043557975234047e-06,,
