sample_name,porosity,nu,g,all_converged,total_iterations,iterations_x,iterations_y,iterations_z,K_star_xx,K_star_xy,K_star_xz,K_star_yx,K_star_yy,K_star_yz,K_star_zx,K_star_zy,K_star_zz,K_xx,K_xy,K_xz,K_yx,K_yy,K_yz,K_zx,K_zy,K_zz,K_star_eig1,K_star_eig2,K_star_eig3,K_eig1,K_eig2,K_eig3,symmetry_error,error_type,error_message
eps_0.02_coeffs_0.89_0.845_0.482_-14.674_106.443_-1132.003_m_-0.243_rho_0.647_,0.35331058502197266,0.16666666666666666,1e-05,True,67500,22500,22500,22500,0.7184928241926486,-0.009304935376214652,0.0029555199387622656,-0.009304920863883273,0.7028305051415289,0.0032289531406931274,0.0029554778810612645,0.003229137177279922,0.7116224070366279,0.25385112004959404,-0.003287532161362048,0.001044216478608201,-0.0032875270340017586,0.24831745694284213,0.0011408233231468248,0.0010442016191772555,0.0011408883452209708,0.2514237289448554,0.6972790721303804,0.7126804110453884,0.7229862531950368,0.24635607689796293,0.2517975329601461,0.2554386960791825,2.1741321963627775e-07,,
