sample_name,porosity,nu,g,all_converged,total_iterations,iterations_x,iterations_y,iterations_z,K_star_xx,K_star_xy,K_star_xz,K_star_yx,K_star_yy,K_star_yz,K_star_zx,K_star_zy,K_star_zz,K_xx,K_xy,K_xz,K_yx,K_yy,K_yz,K_zx,K_zy,K_zz,K_star_eig1,K_star_eig2,K_star_eig3,K_eig1,K_eig2,K_eig3,symmetry_error,error_type,error_message
eps_0.02_coeffs_0.131_0.928_0.583_1.839_28.211_-697.206_m_-0.326_rho_0.675_,0.32453346252441406,0.16666666666666666,1e-05,True,260000,105000,77500,77500,0.3739957419451064,-0.012716554116698944,0.008111113436451253,-0.012716640347386812,0.41187902072193255,-0.008037458506964945,0.008111135498884961,-0.008037343325077488,0.35241048089012034,0.12137413310283261,-0.0041269473388714,0.002632327728459824,-0.004126975323615109,0.13366852473605367,-0.002608424239161641,0.0026323348884578273,-0.0026083868587848846,0.1143689935931646,0.34946535361226905,0.3714965026239626,0.41732338732092766,0.11341320124010844,0.12056304631226464,0.13543540387967773,3.123788707354473e-07,,
