sample_name,porosity,nu,g,all_converged,total_iterations,iterations_x,iterations_y,iterations_z,K_star_xx,K_star_xy,K_star_xz,K_star_yx,K_star_yy,K_star_yz,K_star_zx,K_star_zy,K_star_zz,K_xx,K_xy,K_xz,K_yx,K_yy,K_yz,K_zx,K_zy,K_zz,K_star_eig1,K_star_eig2,K_star_eig3,K_eig1,K_eig2,K_eig3,symmetry_error,error_type,error_message
eps_0.02_coeffs_0.68_0.839_0.456_21.914_122.572_-1477.378_m_-0.405_rho_0.635_,0.3648810386657715,0.16666666666666666,1e-05,True,72500,25000,20000,27500,0.7089014081470871,0.011650907692889996,-0.028713213293502272,0.01165126743026851,0.761022984660882,0.02211677719762779,-0.028713420435272426,0.022116824134229024,0.6669033209766839,0.25866468211633714,0.004251195300380729,-0.010476907089964946,0.004251326561729048,0.27768285709158813,0.008069992635809878,-0.010476982672069191,0.00807000976208569,0.24334037644762482,0.6468571222037154,0.7234720015014671,0.7664985900794711,0.23602589861804357,0.26398121535345986,0.2796808016840466,4.777332583791608e-07,,
