sample_name,porosity,nu,g,all_converged,total_iterations,iterations_x,iterations_y,iterations_z,K_star_xx,K_star_xy,K_star_xz,K_star_yx,K_star_yy,K_star_yz,K_star_zx,K_star_zy,K_star_zz,K_xx,K_xy,K_xz,K_yx,K_yy,K_yz,K_zx,K_zy,K_zz,K_star_eig1,K_star_eig2,K_star_eig3,K_eig1,K_eig2,K_eig3,symmetry_error,error_type,error_message
eps_0.02_coeffs_0.75_0.464_0.886_-10.036_37.095_272.686_m_-0.317_rho_0.541_,0.4591660499572754,0.16666666666666666,1e-05,True,37500,10000,17500,10000,2.842788759940717,0.16387421592834225,0.2714529118849574,0.16380158903205702,1.838635691498347,-0.25989056558958074,0.2713413368091533,-0.25990884183583945,2.2805970161042244,1.3053120857649203,0.07524547641766254,0.12464196129961623,0.07521212861257459,0.8442390877757596,-0.11933292442292999,0.12459072981278557,-0.11934131625473264,1.0471727234289254,1.6581131225671795,2.348548279526339,2.9553600654497716,0.7613492528714944,1.078373636644064,1.3570010074540466,4.6092599375118126e-05,,
