sample_name,porosity,nu,g,all_converged,total_iterations,iterations_x,iterations_y,iterations_z,K_star_xx,K_star_xy,K_star_xz,K_star_yx,K_star_yy,K_star_yz,K_star_zx,K_star_zy,K_star_zz,K_xx,K_xy,K_xz,K_yx,K_yy,K_yz,K_zx,K_zy,K_zz,K_star_eig1,K_star_eig2,K_star_eig3,K_eig1,K_eig2,K_eig3,symmetry_error,error_type,error_message
eps_0.02_coeffs_0.613_-0.634_0.679_-4.245_57.466_-2160.457_m_-0.309_rho_0.604_,0.39591169357299805,0.16666666666666666,1e-05,True,52500,17500,17500,17500,1.2448753295233246,-0.004900793994949276,0.016179766238883547,-0.004901420085427421,1.2030041672263474,-0.01098278886715257,0.016179580623525484,-0.010981903668810902,1.2238362154412892,0.4928606999988234,-0.001940281650392747,0.006405758653251602,-0.001940529526934279,0.47628341722195733,-0.004348214540549043,0.006405685165960838,-0.004347864080174445,0.4845310687113293,1.1981891948018537,1.2180891870394552,1.2554373303496513,0.47437711333486887,0.48225575296374734,0.49704231963349405,7.337041131029871e-07,,
