sample_name,porosity,nu,g,all_converged,total_iterations,iterations_x,iterations_y,iterations_z,K_star_xx,K_star_xy,K_star_xz,K_star_yx,K_star_yy,K_star_yz,K_star_zx,K_star_zy,K_star_zz,K_xx,K_xy,K_xz,K_yx,K_yy,K_yz,K_zx,K_zy,K_zz,K_star_eig1,K_star_eig2,K_star_eig3,K_eig1,K_eig2,K_eig3,symmetry_error,error_type,error_message
eps_0.02_coeffs_0.792_-0.074_0.753_61.934_34.625_-3818.335_m_-0.215_rho_0.358_,0.6417641639709473,0.16666666666666666,1e-05,True,30000,10000,10000,10000,3.973858993513935,-0.1314243171588404,0.20054740353514613,-0.13150080630146158,3.7834178273264825,0.4321652379327864,0.200573358945879,0.4322234804480542,4.433769091102543,2.5502802947109005,-0.08434341702689582,0.12870413676627726,-0.08439250501756296,2.4280619789069577,0.27734816261924017,0.12872079401874675,0.27738554057835857,2.8454341139916504,3.4787384484461423,4.0407010486199955,4.671606414876825,2.2325296720406294,2.5931771303241407,2.9980695852447394,1.9866146857582612e-05,,
