sample_name,porosity,nu,g,all_converged,total_iterations,iterations_x,iterations_y,iterations_z,K_star_xx,K_star_xy,K_star_xz,K_star_yx,K_star_yy,K_star_yz,K_star_zx,K_star_zy,K_star_zz,K_xx,K_xy,K_xz,K_yx,K_yy,K_yz,K_zx,K_zy,K_zz,K_star_eig1,K_star_eig2,K_star_eig3,K_eig1,K_eig2,K_eig3,symmetry_error,error_type,error_message
eps_0.02_coeffs_0.283_0.479_0.26_59.066_67.596_-1728.107_m_-0.484_rho_0.301_,0.6988329887390137,0.16666666666666666,1e-05,True,100000,35000,32500,32500,1.005606759692206,0.19108257762766173,-0.1295124148482489,0.19106954700768097,1.1958328762612618,-0.3039792381863211,-0.12951254533785253,-0.3039827964726259,0.967226565572963,0.7027511773718594,0.13353480881949345,-0.09050754794720879,0.13352570259238716,0.8356874629500287,-0.21243071953635528,-0.09050763913764849,-0.21243320618420844,0.6759298316071254,0.7567359694419182,0.9003439239947808,1.5115863080897316,0.5288320592114107,0.6291900352982841,1.0563463774193187,9.974539697414739e-06,,
