sample_name,porosity,nu,g,all_converged,total_iterations,iterations_x,iterations_y,iterations_z,K_star_xx,K_star_xy,K_star_xz,K_star_yx,K_star_yy,K_star_yz,K_star_zx,K_star_zy,K_star_zz,K_xx,K_xy,K_xz,K_yx,K_yy,K_yz,K_zx,K_zy,K_zz,K_star_eig1,K_star_eig2,K_star_eig3,K_eig1,K_eig2,K_eig3,symmetry_error,error_type,error_message
eps_0.02_coeffs_0.464_-0.061_0.347_55.976_41.98_-1838.693_m_-0.2_rho_0.398_,0.6017255783081055,0.16666666666666666,1e-05,True,57500,17500,20000,20000,2.428789340216638,0.3335241914550443,0.018240826491253716,0.3334657362345849,2.3155205130312755,0.031977707245825306,0.01825340327259771,0.032000272670669135,2.418690881155803,1.4614646703304184,0.2006900369830298,0.010975971869267452,0.20065486298169377,1.3933079197880254,0.019241804385461525,0.010983539640294922,0.01925538257877545,1.455388169212017,2.0334953286963477,2.4150603826876025,2.714445023019764,1.2236061526466415,1.4532036054216924,1.6333510012621264,2.170729034349357e-05,,
