sample_name,porosity,nu,g,all_converged,total_iterations,iterations_x,iterations_y,iterations_z,K_star_xx,K_star_xy,K_star_xz,K_star_yx,K_star_yy,K_star_yz,K_star_zx,K_star_zy,K_star_zz,K_xx,K_xy,K_xz,K_yx,K_yy,K_yz,K_zx,K_zy,K_zz,K_star_eig1,K_star_eig2,K_star_eig3,K_eig1,K_eig2,K_eig3,symmetry_error,error_type,error_message
eps_0.02_coeffs_0.824_0.521_0.785_76.362_139.917_-3260.504_m_-0.437_rho_0.463_,0.536768913269043,0.16666666666666666,1e-05,True,47500,15000,15000,17500,1.5344976777796664,0.02860916384259438,0.14958815125837469,0.028590153258194775,1.8175282756066744,0.07681794026575277,0.14957025460642562,0.07683763580855256,1.9005311646688283,0.8236706509156616,0.015356509785325382,0.080294269388883,0.015346305494596597,0.9755926773331522,0.04123348231601437,0.08028466302246515,0.04124405427111926,1.0201460478932356,1.481149827971903,1.7790853134175064,1.9923219766657603,0.7950351835491084,0.9549576902960295,1.0694165022969113,1.514348553533184e-05,,
