sample_name,porosity,nu,g,all_converged,total_iterations,iterations_x,iterations_y,iterations_z,K_star_xx,K_star_xy,K_star_xz,K_star_yx,K_star_yy,K_star_yz,K_star_zx,K_star_zy,K_star_zz,K_xx,K_xy,K_xz,K_yx,K_yy,K_yz,K_zx,K_zy,K_zz,K_star_eig1,K_star_eig2,K_star_eig3,K_eig1,K_eig2,K_eig3,symmetry_error,error_type,error_message
eps_0.02_coeffs_0.729_0.495_0.277_12.058_41.291_-48.084_m_-0.539_rho_0.391_,0.6092653274536133,0.16666666666666666,1e-05,True,60000,17500,17500,25000,26.756355118787642,3.6006013783852997,-6.04086125171063,3.4861282665458084,29.547374612781898,-0.3613824802513712,-6.03712389157685,-0.3214063098313536,21.330038678059914,16.301719462913315,2.193721577831851,-3.680487308625321,2.123977079862329,18.002190868851145,-0.22017781516635063,-3.6782102646796018,-0.19582172060505715,12.99565299978641,17.19783092049788,27.110695690001265,33.3252417991303,10.478042087269019,16.517606887063884,20.303914357217973,0.0037066458701940975,,
