sample_name,porosity,nu,g,all_converged,total_iterations,iterations_x,iterations_y,iterations_z,K_star_xx,K_star_xy,K_star_xz,K_star_yx,K_star_yy,K_star_yz,K_star_zx,K_star_zy,K_star_zz,K_xx,K_xy,K_xz,K_yx,K_yy,K_yz,K_zx,K_zy,K_zz,K_star_eig1,K_star_eig2,K_star_eig3,K_eig1,K_eig2,K_eig3,symmetry_error,error_type,error_message
eps_0.02_coeffs_0.635_0.477_0.484_84.068_88.786_-1436.544_m_-0.22_rho_0.686_,0.3137955665588379,0.16666666666666666,1e-05,True,142500,27500,60000,55000,1.3554335548012981,0.12067938733218937,-0.0003572705042848615,0.12070023697888468,0.6487307343345883,0.020636050469320887,-0.0003857361846769384,0.0206373553909282,0.5970927361092369,0.425329040261733,0.03786865671987781,-0.00011210990030682984,0.03787519924657511,0.2035688283246531,0.006475501148557321,-0.00012104230461294442,0.006475910627172401,0.18736505341556467,0.5870616937766353,0.6387040131119683,1.3754913183565196,0.1842173568036303,0.20042248765787352,0.43162307754044693,3.070581297451362e-05,,
