sample_name,porosity,nu,g,all_converged,total_iterations,iterations_x,iterations_y,iterations_z,K_star_xx,K_star_xy,K_star_xz,K_star_yx,K_star_yy,K_star_yz,K_star_zx,K_star_zy,K_star_zz,K_xx,K_xy,K_xz,K_yx,K_yy,K_yz,K_zx,K_zy,K_zz,K_star_eig1,K_star_eig2,K_star_eig3,K_eig1,K_eig2,K_eig3,symmetry_error,error_type,error_message
eps_0.02_coeffs_0.256_1.497_0.79_21.838_82.004_685.294_m_-0.311_rho_0.483_,0.5165233612060547,0.16666666666666666,1e-05,True,235000,25000,102500,107500,25.758117608796237,-2.969826955424055e-08,-4.7354153728066066e-08,1.2389287697342731e-06,0.16665496656440507,-1.0950893495831556e-08,-3.2030532232090575e-07,-2.0008194631535214e-08,0.16665418307413718,13.304669485636296,-1.533985001215977e-08,-2.445952665068891e-08,6.39935652438029e-07,0.08608118349152917,-5.656392316676438e-09,-1.6544518169738298e-07,-1.0334699942745508e-08,0.08608077880050252,0.16665418256351225,0.16665496707496608,25.7581176087963,0.08608077853675282,0.08608118375524573,13.30466948563633,7.124487089610795e-08,,
