sample_name,porosity,nu,g,all_converged,total_iterations,iterations_x,iterations_y,iterations_z,K_star_xx,K_star_xy,K_star_xz,K_star_yx,K_star_yy,K_star_yz,K_star_zx,K_star_zy,K_star_zz,K_xx,K_xy,K_xz,K_yx,K_yy,K_yz,K_zx,K_zy,K_zz,K_star_eig1,K_star_eig2,K_star_eig3,K_eig1,K_eig2,K_eig3,symmetry_error,error_type,error_message
eps_0.02_coeffs_0.653_0.952_0.436_3.209_77.4_-554.606_m_-0.531_rho_0.476_,0.5244522094726562,0.16666666666666666,1e-05,True,30000,10000,12500,7500,6.49067532394266,-1.25582904976008,0.432837222000519,-1.2555426935048541,2.0912215497097075,0.2884669946815987,0.43651103388653295,0.28803417447865387,6.135613224875444,3.4040490146113767,-0.6586223198666202,0.2270024374201788,-0.6584721396958708,1.0967457622420884,0.15128715272070142,0.22892917618098574,0.1510601592089626,3.2178359122555764,1.723407636077436,6.020539877306515,6.973562585143862,0.9038449425628593,3.157485440871637,3.6573003056745463,0.0005598387916732874,,
