sample_name,porosity,nu,g,all_converged,total_iterations,iterations_x,iterations_y,iterations_z,K_star_xx,K_star_xy,K_star_xz,K_star_yx,K_star_yy,K_star_yz,K_star_zx,K_star_zy,K_star_zz,K_xx,K_xy,K_xz,K_yx,K_yy,K_yz,K_zx,K_zy,K_zz,K_star_eig1,K_star_eig2,K_star_eig3,K_eig1,K_eig2,K_eig3,symmetry_error,error_type,error_message
eps_0.02_coeffs_0.754_0.447_0.403_74.849_56.946_-3047.081_m_-0.221_rho_0.474_,0.5258021354675293,0.16666666666666666,1e-05,True,52500,17500,17500,17500,2.186930573320918,-0.12109040539608658,0.08595002024853221,-0.12112090985059451,2.0130942920047707,0.08192870666610655,0.08594228186769179,0.08194365805129837,2.338644655804306,1.1498927655713669,-0.06366959374189116,0.04519270419015562,-0.0636856330492127,1.0584892776336023,0.04307828892113163,0.045188635332984665,0.043086150391393685,1.229664354121629,1.9205165357667573,2.2384976278999744,2.379655357463263,1.0098116957068632,1.1770068329888055,1.25122786863093,1.3001920803778815e-05,,
