sample_name,porosity,nu,g,all_converged,total_iterations,iterations_x,iterations_y,iterations_z,K_star_xx,K_star_xy,K_star_xz,K_star_yx,K_star_yy,K_star_yz,K_star_zx,K_star_zy,K_star_zz,K_xx,K_xy,K_xz,K_yx,K_yy,K_yz,K_zx,K_zy,K_zz,K_star_eig1,K_star_eig2,K_star_eig3,K_eig1,K_eig2,K_eig3,symmetry_error,error_type,error_message
eps_0.02_coeffs_0.592_1.444_0.563_34.851_84.314_-1055.221_m_-0.589_rho_0.387_,0.6129164695739746,0.16666666666666666,1e-05,True,45000,12500,15000,17500,22.082949195726677,4.172829826374128,-2.222252020428779,4.169738254698176,11.729887444065703,1.1259155763460524,-2.2059721395809326,1.1286283249482112,12.212674938008321,13.535003258826237,2.557596125314212,-1.3620548628648392,2.5557012501171528,7.189441200716844,0.6900922000923694,-1.3520766557704924,0.6917548883884462,7.48534960705862,9.135187682982407,13.08091244651481,23.809411448303475,5.599106983549237,8.01750667552412,14.59318040752834,0.0008284899731457184,,
