sample_name,porosity,nu,g,all_converged,total_iterations,iterations_x,iterations_y,iterations_z,K_star_xx,K_star_xy,K_star_xz,K_star_yx,K_star_yy,K_star_yz,K_star_zx,K_star_zy,K_star_zz,K_xx,K_xy,K_xz,K_yx,K_yy,K_yz,K_zx,K_zy,K_zz,K_star_eig1,K_star_eig2,K_star_eig3,K_eig1,K_eig2,K_eig3,symmetry_error,error_type,error_message
eps_0.02_coeffs_0.769_1.074_0.709_91.131_77.273_-4020.948_m_-0.248_rho_0.403_,0.5965681076049805,0.16666666666666666,1e-05,True,50000,15000,17500,17500,2.239776771266778,0.1621417244403983,0.011689854293307546,0.16212514396340744,2.3228457115603103,0.24428410125938307,0.01165669062234862,0.24427907228798457,2.6297720074807183,1.336179389892215,0.09672858171321662,0.006973794253936439,0.096718690329435,1.3857356704038786,0.14573210400629358,0.006954009865511238,0.14572910388234317,1.5688381099353226,2.070384043899394,2.3417875093254445,2.780222937082968,1.2351250910846086,1.397035742851261,1.658592336295547,1.2649215811477989e-05,,
