sample_name,porosity,nu,g,all_converged,total_iterations,iterations_x,iterations_y,iterations_z,K_star_xx,K_star_xy,K_star_xz,K_star_yx,K_star_yy,K_star_yz,K_star_zx,K_star_zy,K_star_zz,K_xx,K_xy,K_xz,K_yx,K_yy,K_yz,K_zx,K_zy,K_zz,K_star_eig1,K_star_eig2,K_star_eig3,K_eig1,K_eig2,K_eig3,symmetry_error,error_type,error_message
eps_0.02_coeffs_0.307_0.35_0.701_82.062_135.024_775.115_m_-0.362_rho_0.409_,0.5911045074462891,0.16666666666666666,1e-05,True,37500,12500,12500,12500,38.024054729375734,8.40126518868763,-12.044573582798254,8.432218237516846,35.59126802752857,3.4363882971934623,-12.113924759685759,3.32683368795079,29.19382004032524,22.47619014191838,4.966025721284856,-7.119601735060547,4.984322207967011,21.038158956801134,2.0312646118067335,-7.160595528315456,1.966506388471873,17.256598615412052,17.414546822363857,36.64354401635404,48.75105195851165,10.29381712183372,21.660164036873372,28.816966555424465,0.0029728853216354607,,
