sample_name,porosity,nu,g,all_converged,total_iterations,iterations_x,iterations_y,iterations_z,K_star_xx,K_star_xy,K_star_xz,K_star_yx,K_star_yy,K_star_yz,K_star_zx,K_star_zy,K_star_zz,K_xx,K_xy,K_xz,K_yx,K_yy,K_yz,K_zx,K_zy,K_zz,K_star_eig1,K_star_eig2,K_star_eig3,K_eig1,K_eig2,K_eig3,symmetry_error,error_type,error_message
eps_0.02_coeffs_0.82_1.235_0.77_55.252_125.602_-2705.183_m_-0.328_rho_0.549_,0.45125579833984375,0.16666666666666666,1e-05,True,60000,20000,22500,17500,1.1531835911424142,0.062088320295960286,-0.09352622053880193,0.062089011920537264,0.914232878782149,0.05017809583949372,-0.09353007227409688,0.05017880832472043,1.2129746833813777,0.5203807820533781,0.028017714542733482,-0.042204249314945354,0.028018026642334118,0.4125528875833722,0.02264315669722393,-0.04220598743283087,0.022643478210313716,0.5473618591152828,0.88274332793513,1.116331279573726,1.2813165457970854,0.39834304517653724,0.503750962775781,0.5782015207997149,2.937488039562338e-06,,
