sample_name,porosity,nu,g,all_converged,total_iterations,iterations_x,iterations_y,iterations_z,K_star_xx,K_star_xy,K_star_xz,K_star_yx,K_star_yy,K_star_yz,K_star_zx,K_star_zy,K_star_zz,K_xx,K_xy,K_xz,K_yx,K_yy,K_yz,K_zx,K_zy,K_zz,K_star_eig1,K_star_eig2,K_star_eig3,K_eig1,K_eig2,K_eig3,symmetry_error,error_type,error_message
eps_0.02_coeffs_0.559_0.375_0.343_89.073_33.59_-3366.604_m_-0.377_rho_0.372_,0.6277055740356445,0.16666666666666666,1e-05,True,37500,15000,10000,12500,3.3326063773716292,0.6143856321739054,-0.37416787634945514,0.6144688229012202,3.5014124652087233,0.16564139830798974,-0.37421719272700593,0.1658331282935849,2.51828798276084,2.0918955991429082,0.38565328592297365,-0.2348672616096328,0.3857055052062172,2.197856121409403,0.10397402900898353,-0.23489821777471268,0.10409437898965139,1.5807434038059585,2.2370000713149896,3.067660215170263,4.047646538855939,1.4041774138825531,1.9255874163097582,2.5407302941659573,5.472259529551865e-05,,
