sample_name,porosity,nu,g,all_converged,total_iterations,iterations_x,iterations_y,iterations_z,K_star_xx,K_star_xy,K_star_xz,K_star_yx,K_star_yy,K_star_yz,K_star_zx,K_star_zy,K_star_zz,K_xx,K_xy,K_xz,K_yx,K_yy,K_yz,K_zx,K_zy,K_zz,K_star_eig1,K_star_eig2,K_star_eig3,K_eig1,K_eig2,K_eig3,symmetry_error,error_type,error_message
eps_0.02_coeffs_0.692_-0.235_0.907_46.604_100.573_-3539.03_m_-0.395_rho_0.623_,0.3774394989013672,0.16666666666666666,1e-05,True,57500,20000,17500,20000,0.999622520489901,0.028511482608892937,0.06208219244927255,0.02851211859201035,1.0103678750894465,0.03056052145050283,0.06208159857293674,0.03056322477618745,1.0189533360662657,0.37729702322422987,0.010761359708835596,0.02343227160875167,0.010761599753984741,0.38135274447979983,0.011534747902442272,0.023432047456365075,0.011535768244334043,0.38459323656872774,0.9463954364236328,0.989367223661275,1.0931810715607062,0.3572070192862767,0.37342626912814847,0.4126097158583323,2.2923607057767978e-06,,
