sample_name,porosity,nu,g,all_converged,total_iterations,iterations_x,iterations_y,iterations_z,K_star_xx,K_star_xy,K_star_xz,K_star_yx,K_star_yy,K_star_yz,K_star_zx,K_star_zy,K_star_zz,K_xx,K_xy,K_xz,K_yx,K_yy,K_yz,K_zx,K_zy,K_zz,K_star_eig1,K_star_eig2,K_star_eig3,K_eig1,K_eig2,K_eig3,symmetry_error,error_type,error_message
eps_0.02_coeffs_0.836_1.345_0.497_91.596_127.668_-2056.531_m_-0.642_rho_0.398_,0.6019535064697266,0.16666666666666666,1e-05,True,27500,7500,10000,10000,17.73729510967355,0.4882074200765193,0.21081228306305033,0.4709034034927842,14.685999634028516,-1.8784177496207741,0.22148830383209697,-1.8735997992626343,15.999286096241672,10.677026986556326,0.29387816839959957,0.1268991929966917,0.28346195494100995,8.840288975716586,-1.1307201509991978,0.13332566113376296,-1.1278199688871184,9.630826366645017,13.298170736392057,17.310900718191803,17.813509385359875,8.004880504404309,10.420357387464865,10.72290443704876,0.0010488042398978327,,
