sample_name,porosity,nu,g,all_converged,total_iterations,iterations_x,iterations_y,iterations_z,K_star_xx,K_star_xy,K_star_xz,K_star_yx,K_star_yy,K_star_yz,K_star_zx,K_star_zy,K_star_zz,K_xx,K_xy,K_xz,K_yx,K_yy,K_yz,K_zx,K_zy,K_zz,K_star_eig1,K_star_eig2,K_star_eig3,K_eig1,K_eig2,K_eig3,symmetry_error,error_type,error_message
eps_0.02_coeffs_0.385_0.003_0.779_15.029_71.527_-2122.981_m_-0.509_rho_0.551_,0.449493408203125,0.16666666666666666,1e-05,True,50000,17500,17500,15000,1.7337370536719225,-0.037678318707922646,0.1184089618829643,-0.03768498661989286,1.5405652548647644,0.10275631587544592,0.11840566774747063,0.10275798975946673,1.6730404010641666,0.7793033771830368,-0.016936155891387715,0.053224047838567545,-0.016939153073864805,0.6924739269684789,0.046188286637251066,0.05322256714637741,0.04618903903708452,0.7520206319358554,1.4528452901980762,1.6643854347577791,1.8301119846449982,0.6530443810829916,0.7481302816329142,0.8226232733714656,3.7579406216286343e-06,,
