sample_name,porosity,nu,g,all_converged,total_iterations,iterations_x,iterations_y,iterations_z,K_star_xx,K_star_xy,K_star_xz,K_star_yx,K_star_yy,K_star_yz,K_star_zx,K_star_zy,K_star_zz,K_xx,K_xy,K_xz,K_yx,K_yy,K_yz,K_zx,K_zy,K_zz,K_star_eig1,K_star_eig2,K_star_eig3,K_eig1,K_eig2,K_eig3,symmetry_error,error_type,error_message
eps_0.02_coeffs_0.582_1.046_0.269_109.605_125.888_-1392.701_m_-0.474_rho_0.372_,0.627934455871582,0.16666666666666666,1e-05,True,80000,17500,40000,22500,1.778499589872603,-0.14221660292923577,-0.0816209768116224,-0.14221635605256777,0.4557479009616146,-0.0285459365953493,-0.08147751565197255,-0.02854964805205951,0.9809137365784435,1.1167811722344847,-0.0893027051762745,-0.05125262366191313,-0.08930255015390831,0.28617981020494715,-0.017924977163345342,-0.051162539456689686,-0.01792730771489516,0.6159495334353453,0.43808688746872837,0.9760290166974915,1.801045323246441,0.27508985130715086,0.6128822495148146,1.1309384150528117,9.688245102110367e-05,,
