sample_name,porosity,nu,g,all_converged,total_iterations,iterations_x,iterations_y,iterations_z,K_star_xx,K_star_xy,K_star_xz,K_star_yx,K_star_yy,K_star_yz,K_star_zx,K_star_zy,K_star_zz,K_xx,K_xy,K_xz,K_yx,K_yy,K_yz,K_zx,K_zy,K_zz,K_star_eig1,K_star_eig2,K_star_eig3,K_eig1,K_eig2,K_eig3,symmetry_error,error_type,error_message
eps_0.02_coeffs_0.87_-0.221_0.829_94.601_93.534_-3940.03_m_-0.285_rho_0.68_,0.31964683532714844,0.16666666666666666,1e-05,True,80000,25000,30000,25000,0.8568817994040644,0.007973193119669507,0.003911320425954122,0.007972696492765767,0.8247232480641106,0.06283811168774847,0.003911313265555575,0.0628381864889243,0.9433973926523004,0.2738995554289416,0.0025486059481545516,0.0012502411961066693,0.002548447202936433,0.26362017626441975,0.020086003538922696,0.0012502389073079342,0.020086027448881827,0.30155399101719105,0.7970742080043051,0.8570414033449425,0.9708868287712283,0.25478224810946914,0.2739505723235491,0.3103409022775341,4.6711369627866724e-07,,
