sample_name,porosity,nu,g,all_converged,total_iterations,iterations_x,iterations_y,iterations_z,K_star_xx,K_star_xy,K_star_xz,K_star_yx,K_star_yy,K_star_yz,K_star_zx,K_star_zy,K_star_zz,K_xx,K_xy,K_xz,K_yx,K_yy,K_yz,K_zx,K_zy,K_zz,K_star_eig1,K_star_eig2,K_star_eig3,K_eig1,K_eig2,K_eig3,symmetry_error,error_type,error_message
eps_0.02_coeffs_0.074_-0.259_0.751_56.909_64.921_-1918.797_m_-0.342_rho_0.379_,0.6210732460021973,0.16666666666666666,1e-05,True,312500,110000,112500,90000,0.33247197476141016,-0.04051812828783649,0.03052576171005479,-0.04051684268124684,0.4416625436185401,-0.006640855832256693,0.030524706216884096,-0.006641327400977781,0.46133902630268775,0.20648944856982962,-0.02516472545766006,0.018958733911953313,-0.025163927001802346,0.27430478960275373,-0.0041244578879722875,0.018958078373383657,-0.004124750766688607,0.2865253265733033,0.31410546385811916,0.4440969981673052,0.4772710826572137,0.1950825000253879,0.2758167641916001,0.2964203005288985,3.3788171204831984e-06,,
