sample_name,porosity,nu,g,all_converged,total_iterations,iterations_x,iterations_y,iterations_z,K_star_xx,K_star_xy,K_star_xz,K_star_yx,K_star_yy,K_star_yz,K_star_zx,K_star_zy,K_star_zz,K_xx,K_xy,K_xz,K_yx,K_yy,K_yz,K_zx,K_zy,K_zz,K_star_eig1,K_star_eig2,K_star_eig3,K_eig1,K_eig2,K_eig3,symmetry_error,error_type,error_message
eps_0.02_coeffs_0.954_-0.695_0.449_14.513_85.299_-2009.831_m_-0.244_rho_0.581_,0.4188046455383301,0.16666666666666666,1e-05,True,50000,15000,15000,20000,1.2285709914286997,0.020514915204978286,0.015495693239968574,0.020515301472785526,1.2439121412679417,-0.015653820146697077,0.015495811158003496,-0.015652521135541164,1.208761109824187,0.5145312385839713,0.00859174179066983,0.006489668314735736,0.008591903561421923,0.5209561834045455,-0.006555892597858239,0.006489717699356554,-0.006555348565951537,0.5062347681404371,1.1895835274600657,1.2331026936416252,1.2585580214191376,0.4982031075561494,0.5164291365229408,0.527089946049864,9.049258621578393e-07,,
