sample_name,porosity,nu,g,all_converged,total_iterations,iterations_x,iterations_y,iterations_z,K_star_xx,K_star_xy,K_star_xz,K_star_yx,K_star_yy,K_star_yz,K_star_zx,K_star_zy,K_star_zz,K_xx,K_xy,K_xz,K_yx,K_yy,K_yz,K_zx,K_zy,K_zz,K_star_eig1,K_star_eig2,K_star_eig3,K_eig1,K_eig2,K_eig3,symmetry_error,error_type,error_message
eps_0.02_coeffs_0.414_1.222_0.341_67.622_122.027_-1339.85_m_-0.529_rho_0.455_,0.5447807312011719,0.16666666666666666,1e-05,True,160000,50000,45000,65000,0.9444320843562136,0.27601166278030853,-0.010709361190522348,0.27599232714354505,1.5561892999946607,0.07668101068472415,-0.010731341489393448,0.0766592945413996,0.8705148265449515,0.5145084014854249,0.15036583546950777,-0.005834253620070218,0.15035530178717352,0.8477819447385311,0.0417743370700689,-0.005846228063361236,0.04176250653362967,0.47423970372662,0.8118771612066866,0.8912017042905521,1.6680573453985876,0.44229503352771027,0.4855095161111375,0.908725500311728,2.5046224103686028e-05,,
