sample_name,porosity,nu,g,all_converged,total_iterations,iterations_x,iterations_y,iterations_z,K_star_xx,K_star_xy,K_star_xz,K_star_yx,K_star_yy,K_star_yz,K_star_zx,K_star_zy,K_star_zz,K_xx,K_xy,K_xz,K_yx,K_yy,K_yz,K_zx,K_zy,K_zz,K_star_eig1,K_star_eig2,K_star_eig3,K_eig1,K_eig2,K_eig3,symmetry_error,error_type,error_message
eps_0.02_coeffs_0.968_0.663_0.411_45.953_69.368_-2718.89_m_-0.293_rho_0.343_,0.6570944786071777,0.16666666666666666,1e-05,True,30000,10000,10000,10000,3.857459330478111,0.11191515013393441,0.02138693678559607,0.11202957215465473,3.8917064402042567,0.015942751498724827,0.021256613352290572,0.01605770359595879,4.082192038324675,2.534715227508907,0.07353882722550165,0.01405323807613592,0.07361401330354804,2.5572188142182117,0.010475893983618392,0.013967603267677747,0.010551428372015142,2.6823858489973245,3.761151322547817,3.9812128933509237,4.0889935931083,2.4714317672522546,2.616033010380599,2.686855113091589,4.3050493489762105e-05,,
