sample_name,porosity,nu,g,all_converged,total_iterations,iterations_x,iterations_y,iterations_z,K_star_xx,K_star_xy,K_star_xz,K_star_yx,K_star_yy,K_star_yz,K_star_zx,K_star_zy,K_star_zz,K_xx,K_xy,K_xz,K_yx,K_yy,K_yz,K_zx,K_zy,K_zz,K_star_eig1,K_star_eig2,K_star_eig3,K_eig1,K_eig2,K_eig3,symmetry_error,error_type,error_message
eps_0.02_coeffs_0.362_0.649_0.338_38.982_60.171_-937.559_m_-0.354_rho_0.323_,0.6773486137390137,0.16666666666666666,1e-05,True,215000,55000,80000,80000,1.3921929728799949,0.05083297289747155,-0.022597647874225173,0.05087152807451082,0.2757769582367704,-0.007138278964459871,-0.02259483791274119,-0.007137550030765311,0.2851599034773465,0.9429999802374608,0.03443164372433521,-0.01530648546136879,0.03445775902005522,0.1867971403628383,-0.004835103361059256,-0.015304582137852955,-0.004834609618831738,0.1931526653143316,0.27078500455645177,0.2873662394976126,1.3949785905400476,0.18341584745762515,0.1946471239591013,0.9448868144979043,3.7715756318578634e-05,,
