sample_name,porosity,nu,g,all_converged,total_iterations,iterations_x,iterations_y,iterations_z,K_star_xx,K_star_xy,K_star_xz,K_star_yx,K_star_yy,K_star_yz,K_star_zx,K_star_zy,K_star_zz,K_xx,K_xy,K_xz,K_yx,K_yy,K_yz,K_zx,K_zy,K_zz,K_star_eig1,K_star_eig2,K_star_eig3,K_eig1,K_eig2,K_eig3,symmetry_error,error_type,error_message
eps_0.02_coeffs_0.617_0.821_0.835_-9.115_69.59_-517.193_m_-0.602_rho_0.403_,0.5967311859130859,0.16666666666666666,1e-05,True,22500,7500,7500,7500,11.955655284164132,-0.2345624452245488,-1.257915132501762,-0.23537271425436165,6.707665027507878,-0.9131455492315748,-1.260134194148964,-0.9123985586183775,8.309364286537129,7.134312356087315,-0.13997072610951827,-0.750637188795793,-0.14045423890858713,4.002672906572508,-0.5449024265042138,-0.7519613720841423,-0.5444566739097346,4.958456804889144,6.193276423418494,8.430234439692295,12.349173735098345,3.695721184834074,5.030583794722925,7.369137087991968,0.00021650537861327975,,
