sample_name,porosity,nu,g,all_converged,total_iterations,iterations_x,iterations_y,iterations_z,K_star_xx,K_star_xy,K_star_xz,K_star_yx,K_star_yy,K_star_yz,K_star_zx,K_star_zy,K_star_zz,K_xx,K_xy,K_xz,K_yx,K_yy,K_yz,K_zx,K_zy,K_zz,K_star_eig1,K_star_eig2,K_star_eig3,K_eig1,K_eig2,K_eig3,symmetry_error,error_type,error_message
eps_0.02_coeffs_0.61_0.973_0.921_58.803_48.243_-3171.386_m_-0.553_rho_0.469_,0.5306987762451172,0.16666666666666666,1e-05,True,25000,7500,7500,10000,8.042862068640684,-1.4363884952727342,-0.006316112807027553,-1.4349564930573528,9.270877267192391,0.8420381242642356,-0.005412649982733771,0.8415000030486639,4.391115626349555,4.2683370573358825,-0.7622896166538053,-0.003351953337315634,-0.7615296548305222,4.9200432204176785,0.4468686020987638,-0.002872486722079967,0.4465830218281883,2.33035968925452,4.234364783951902,7.167709328303001,10.302780849927725,2.2471722090186943,3.8038945690111152,5.4676731889782735,0.00018968263816626722,,
