sample_name,porosity,nu,g,all_converged,total_iterations,iterations_x,iterations_y,iterations_z,K_star_xx,K_star_xy,K_star_xz,K_star_yx,K_star_yy,K_star_yz,K_star_zx,K_star_zy,K_star_zz,K_xx,K_xy,K_xz,K_yx,K_yy,K_yz,K_zx,K_zy,K_zz,K_star_eig1,K_star_eig2,K_star_eig3,K_eig1,K_eig2,K_eig3,symmetry_error,error_type,error_message
eps_0.02_coeffs_0.688_0.61_0.553_-0.298_5.748_-279.208_m_-0.387_rho_0.322_,0.6775093078613281,0.16666666666666666,1e-05,True,22500,7500,7500,7500,18.37715506358894,-3.8499760111040486,-0.24510228672288334,-3.8410738645856988,16.943874518851466,-0.650765744917543,-0.2451296337533757,-0.6487720176963401,13.565007757489248,12.450693607592445,-2.608394582565821,-0.1660590806328495,-2.6023632954396936,11.479632697756252,-0.44089984941894617,-0.16607760850055042,-0.4395490806692447,9.190419016910088,12.9932782463959,14.318468691741874,21.574290401791885,8.80306695156534,9.700895812976134,14.616782557717315,0.0004453112393132237,,
