sample_name,porosity,nu,g,all_converged,total_iterations,iterations_x,iterations_y,iterations_z,K_star_xx,K_star_xy,K_star_xz,K_star_yx,K_star_yy,K_star_yz,K_star_zx,K_star_zy,K_star_zz,K_xx,K_xy,K_xz,K_yx,K_yy,K_yz,K_zx,K_zy,K_zz,K_star_eig1,K_star_eig2,K_star_eig3,K_eig1,K_eig2,K_eig3,symmetry_error,error_type,error_message
eps_0.02_coeffs_0.56_-0.416_0.641_97.023_68.187_-4180.454_m_-0.223_rho_0.419_,0.5807919502258301,0.16666666666666666,1e-05,True,60000,20000,20000,20000,1.3967638140937089,-0.029155232588341188,0.036604964695637066,-0.029156610121564775,1.403826154267111,0.050468196299077756,0.036610697451726106,0.05046814729583812,1.450693637071519,0.811229179592354,-0.016933124394270353,0.02125986883352671,-0.01693392445447778,0.8153309299148225,0.02931152215292139,0.02126319837211583,0.029311493692234274,0.8425511866549701,1.337583460079138,1.4276076278473198,1.4860925175058808,0.7768577063691765,0.8291430183347162,0.8631105714582541,3.3940671303942293e-06,,
