sample_name,porosity,nu,g,all_converged,total_iterations,iterations_x,iterations_y,iterations_z,K_star_xx,K_star_xy,K_star_xz,K_star_yx,K_star_yy,K_star_yz,K_star_zx,K_star_zy,K_star_zz,K_xx,K_xy,K_xz,K_yx,K_yy,K_yz,K_zx,K_zy,K_zz,K_star_eig1,K_star_eig2,K_star_eig3,K_eig1,K_eig2,K_eig3,symmetry_error,error_type,error_message
eps_0.02_coeffs_0.171_1.006_0.62_23.378_24.645_-3339.398_m_-0.244_rho_0.648_,0.3519773483276367,0.16666666666666666,1e-05,True,80000,27500,25000,27500,0.8098027197021895,0.03076093323839221,-0.03664606047740033,0.03076047795123629,0.8084877412701241,0.011226307057095982,-0.03664534473459356,0.011226047718633902,0.825719324551241,0.28503221394928513,0.010827151713332752,-0.012898583193489577,0.010826991462566885,0.2845693713276587,0.003951405789468479,-0.012898331268234366,0.0039513145082042764,0.2906344983184331,0.7599718562933796,0.8257954548017336,0.8582424744284417,0.26749287878177547,0.2906612944421289,0.3020819103714724,8.87906277357149e-07,,
