sample_name,porosity,nu,g,all_converged,total_iterations,iterations_x,iterations_y,iterations_z,K_star_xx,K_star_xy,K_star_xz,K_star_yx,K_star_yy,K_star_yz,K_star_zx,K_star_zy,K_star_zz,K_xx,K_xy,K_xz,K_yx,K_yy,K_yz,K_zx,K_zy,K_zz,K_star_eig1,K_star_eig2,K_star_eig3,K_eig1,K_eig2,K_eig3,symmetry_error,error_type,error_message
eps_0.02_coeffs_0.653_-0.19_0.817_94.756_97.035_-2268.44_m_-0.497_rho_0.322_,0.6783051490783691,0.16666666666666666,1e-05,True,22500,7500,7500,7500,6.83634518673413,1.390877949001212,1.6738547560997703,1.387706597660271,6.785909947726827,-1.3907053501015154,1.6755686655430178,-1.3897425452585779,6.027561275859887,4.637128141038885,0.9434396745470834,1.135384299871792,0.9412885306029865,4.602917658725233,-0.9433225998246939,1.1365468534722007,-0.9426695243421719,4.088525849801146,3.53426779713709,7.835884194436895,8.27966441874686,2.397312045019953,5.315120596668356,5.616139007876957,0.00044211238037993316,,
