sample_name,porosity,nu,g,all_converged,total_iterations,iterations_x,iterations_y,iterations_z,K_star_xx,K_star_xy,K_star_xz,K_star_yx,K_star_yy,K_star_yz,K_star_zx,K_star_zy,K_star_zz,K_xx,K_xy,K_xz,K_yx,K_yy,K_yz,K_zx,K_zy,K_zz,K_star_eig1,K_star_eig2,K_star_eig3,K_eig1,K_eig2,K_eig3,symmetry_error,error_type,error_message
eps_0.02_coeffs_0.591_0.66_0.428_90.366_123.745_-2290.823_m_-0.384_rho_0.553_,0.44687366485595703,0.16666666666666666,1e-05,True,212500,80000,57500,75000,0.4285449601531088,0.0488092600713681,-0.045161993681800676,0.048809363419960825,0.44331632151222555,0.0011077737937422668,-0.045161892132728206,0.0011076161415475765,0.4366378488961605,0.19150545689916978,0.021811572926999794,-0.020181705628787846,0.021811619110764183,0.19810638928462998,0.0004950349350409938,-0.020181660249181665,0.00049496448442698,0.19512195575104882,0.3670573774662822,0.440790091087796,0.5006516620074168,0.1640282754807739,0.19697748343659452,0.22372804301748025,3.977208335076822e-07,,
