sample_name,porosity,nu,g,all_converged,total_iterations,iterations_x,iterations_y,iterations_z,K_star_xx,K_star_xy,K_star_xz,K_star_yx,K_star_yy,K_star_yz,K_star_zx,K_star_zy,K_star_zz,K_xx,K_xy,K_xz,K_yx,K_yy,K_yz,K_zx,K_zy,K_zz,K_star_eig1,K_star_eig2,K_star_eig3,K_eig1,K_eig2,K_eig3,symmetry_error,error_type,error_message
eps_0.02_coeffs_0.9_-0.55_0.396_88.069_129.593_-3487.325_m_-0.331_rho_0.332_,0.6676797866821289,0.16666666666666666,1e-05,True,45000,15000,12500,17500,1.7091269619522083,-0.002545107271832697,0.002448860595914324,-0.0025493699635835343,1.7476637346872088,-0.03067575411103381,0.0024403442731505405,-0.030678834637648898,1.7480849867704638,1.1411495253689254,-0.0016993166803403901,0.001635054720294347,-0.0017021627934592808,1.1668797495680483,-0.020481580961168495,0.0016293685437281079,-0.020483637766521724,1.1671610110691353,1.7089471838480517,1.7171957650697978,1.778732734492031,1.141029491162692,1.1465369021132576,1.1876238927301594,4.70980650726255e-06,,
