sample_name,porosity,nu,g,all_converged,total_iterations,iterations_x,iterations_y,iterations_z,K_star_xx,K_star_xy,K_star_xz,K_star_yx,K_star_yy,K_star_yz,K_star_zx,K_star_zy,K_star_zz,K_xx,K_xy,K_xz,K_yx,K_yy,K_yz,K_zx,K_zy,K_zz,K_star_eig1,K_star_eig2,K_star_eig3,K_eig1,K_eig2,K_eig3,symmetry_error,error_type,error_message
eps_0.02_coeffs_0.601_1.242_0.927_20.573_102.779_-4141.095_m_-0.482_rho_0.651_,0.3492317199707031,0.16666666666666666,1e-05,True,57500,20000,17500,20000,0.8271663479650074,0.0010482547520234257,-0.004836801368349625,0.0010487815036168766,0.8602841460096603,0.0008244426939035618,-0.004837300720653411,0.0008241505774285374,0.8177889144460438,0.28887272640170464,0.0003660838100166039,-0.00168916446102539,0.00036626776838158203,0.3004385119744812,0.0002879215400092208,-0.0016893388506893125,0.00028781952367021627,0.28559782916496607,0.8157102822641014,0.8292010431487556,0.860328083007855,0.2848719048728798,0.28958330650034114,0.3004538561679312,7.647990832842211e-07,,
