sample_name,porosity,nu,g,all_converged,total_iterations,iterations_x,iterations_y,iterations_z,K_star_xx,K_star_xy,K_star_xz,K_star_yx,K_star_yy,K_star_yz,K_star_zx,K_star_zy,K_star_zz,K_xx,K_xy,K_xz,K_yx,K_yy,K_yz,K_zx,K_zy,K_zz,K_star_eig1,K_star_eig2,K_star_eig3,K_eig1,K_eig2,K_eig3,symmetry_error,error_type,error_message
eps_0.02_coeffs_0.334_1.285_0.941_90.462_90.552_-3263.179_m_-0.322_rho_0.419_,0.5806174278259277,0.16666666666666666,1e-05,True,295000,87500,87500,120000,0.4878474717888332,0.0068918621695551845,-0.05298346360090129,0.00688574732081934,0.6435575557817933,-0.01846840463488489,-0.05298728537092074,-0.018475960615412373,0.39835017063091777,0.28325274424141417,0.004001535285817949,-0.030763122353263974,0.003997984898073398,0.37366073269596584,-0.010723077595155306,-0.03076534133954241,-0.010727464729133877,0.23128905144574288,0.3730304584806223,0.5109850325117324,0.6457397072091894,0.21658798530374537,0.2966868152345101,0.37492772784486705,1.6339315171453162e-05,,
