sample_name,porosity,nu,g,all_converged,total_iterations,iterations_x,iterations_y,iterations_z,K_star_xx,K_star_xy,K_star_xz,K_star_yx,K_star_yy,K_star_yz,K_star_zx,K_star_zy,K_star_zz,K_xx,K_xy,K_xz,K_yx,K_yy,K_yz,K_zx,K_zy,K_zz,K_star_eig1,K_star_eig2,K_star_eig3,K_eig1,K_eig2,K_eig3,symmetry_error,error_type,error_message
eps_0.02_coeffs_0.893_-0.591_0.476_39.822_113.481_-3526.355_m_-0.288_rho_0.405_,0.5951428413391113,0.16666666666666666,1e-05,True,40000,15000,12500,12500,1.6522678696809843,-0.023831636292100538,-0.002662907589196909,-0.02383361543914594,1.575984881774919,0.037506196778920246,-0.0026594005712801553,0.037507327317422345,1.585158349031231,0.9833353946152615,-0.014183227736640998,-0.0015848103888581315,-0.014184405611837026,0.9379361204470087,0.022321544518830422,-0.0015827232122505276,0.022322217350726804,0.9433956438148616,1.5403856984171147,1.6112883322771567,1.6617370697928628,0.9167495213140934,0.9589467162879853,0.9889709212750535,2.1274641846786975e-06,,
