sample_name,porosity,nu,g,all_converged,total_iterations,iterations_x,iterations_y,iterations_z,K_star_xx,K_star_xy,K_star_xz,K_star_yx,K_star_yy,K_star_yz,K_star_zx,K_star_zy,K_star_zz,K_xx,K_xy,K_xz,K_yx,K_yy,K_yz,K_zx,K_zy,K_zz,K_star_eig1,K_star_eig2,K_star_eig3,K_eig1,K_eig2,K_eig3,symmetry_error,error_type,error_message
eps_0.02_coeffs_0.767_-0.622_0.825_-28.598_149.889_-996.071_m_-0.428_rho_0.577_,0.42307424545288086,0.16666666666666666,1e-05,True,55000,17500,20000,17500,0.8971452440622906,-0.005473472782716167,0.011319560480218862,-0.005472981282568276,0.9167305370048846,-0.00861227665243616,0.01131943383130217,-0.008611311404754914,0.9137603161232206,0.37955904719329425,-0.0023156853675545225,0.004789014509026845,-0.0023154774265003136,0.38784508022695585,-0.003643632446360891,0.004788960927131978,-0.0036432240749264726,0.38658845626861743,0.8913666538056725,0.9078972549037173,0.9283721884810069,0.37711427448069407,0.3841079460671321,0.39277036314104125,9.792138542718325e-07,,
