sample_name,porosity,nu,g,all_converged,total_iterations,iterations_x,iterations_y,iterations_z,K_star_xx,K_star_xy,K_star_xz,K_star_yx,K_star_yy,K_star_yz,K_star_zx,K_star_zy,K_star_zz,K_xx,K_xy,K_xz,K_yx,K_yy,K_yz,K_zx,K_zy,K_zz,K_star_eig1,K_star_eig2,K_star_eig3,K_eig1,K_eig2,K_eig3,symmetry_error,error_type,error_message
eps_0.02_coeffs_0.228_1.47_0.484_20.621_46.098_-1760.934_m_-0.489_rho_0.371_,0.6294059753417969,0.16666666666666666,1e-05,True,70000,20000,22500,27500,2.500778022158078,0.06474093155029602,0.18649668768087288,0.064674713976644,2.902489996001738,0.04707869331555075,0.18640129074510073,0.047024728941359194,2.343664835908823,1.5740046301497348,0.04074832916695058,0.11738212960779427,0.040706651430421355,1.8268445468532821,0.029631610884091553,0.11732208620638998,0.029597645384519807,1.4751166519194652,2.219925478985713,2.6031781879836733,2.9238291870992517,1.3972343612871079,1.6384559063963555,1.8402755612390171,4.0239673779277745e-05,,
