sample_name,porosity,nu,g,all_converged,total_iterations,iterations_x,iterations_y,iterations_z,K_star_xx,K_star_xy,K_star_xz,K_star_yx,K_star_yy,K_star_yz,K_star_zx,K_star_zy,K_star_zz,K_xx,K_xy,K_xz,K_yx,K_yy,K_yz,K_zx,K_zy,K_zz,K_star_eig1,K_star_eig2,K_star_eig3,K_eig1,K_eig2,K_eig3,symmetry_error,error_type,error_message
eps_0.02_coeffs_0.079_1.011_0.474_103.98_84.485_-1471.627_m_-0.405_rho_0.406_,0.5939416885375977,0.16666666666666666,1e-05,True,32500,10000,12500,10000,2.969810465085059,0.03249131930784692,-0.011568848231976897,0.03232176612235784,3.5818144489947064,0.3623628824341467,-0.011953342082716041,0.3615072833868821,2.9504066438705037,1.7638942422692483,0.019297949052516847,-0.006871221253335559,0.019197244347230535,2.1273889218642807,0.2152224222562881,-0.00709958818027589,0.21471424631344457,1.7523695039329934,2.7829967868195964,2.9721975847163176,3.746837186414358,1.6529378107583395,1.7653120521337793,2.225402805174405,0.00024362275483297985,,
