sample_name,porosity,nu,g,all_converged,total_iterations,iterations_x,iterations_y,iterations_z,K_star_xx,K_star_xy,K_star_xz,K_star_yx,K_star_yy,K_star_yz,K_star_zx,K_star_zy,K_star_zz,K_xx,K_xy,K_xz,K_yx,K_yy,K_yz,K_zx,K_zy,K_zz,K_star_eig1,K_star_eig2,K_star_eig3,K_eig1,K_eig2,K_eig3,symmetry_error,error_type,error_message
eps_0.02_coeffs_0.981_0.875_0.662_86.797_140.441_-2342.243_m_-0.474_rho_0.439_,0.5605950355529785,0.16666666666666666,1e-05,True,167500,52500,55000,60000,1.3615986837272467,0.12345656562895864,-0.17760163690002248,0.12343527420386612,1.768251304806752,0.2507254168361553,-0.1778610819359661,0.25045067633712886,3.8792163108426463,0.7633054625129646,0.0692091377980147,-0.09956259595223528,0.06919720193080797,0.9912729030847418,0.14055542396529982,-0.09970803955138413,0.14040140580548027,2.1746694056945275,1.3042610912968793,1.7859417846062478,3.9188634234735193,0.7311622928459405,1.0011900982368884,2.1968953802094053,0.00011895011563242596,,
