sample_name,porosity,nu,g,all_converged,total_iterations,iterations_x,iterations_y,iterations_z,K_star_xx,K_star_xy,K_star_xz,K_star_yx,K_star_yy,K_star_yz,K_star_zx,K_star_zy,K_star_zz,K_xx,K_xy,K_xz,K_yx,K_yy,K_yz,K_zx,K_zy,K_zz,K_star_eig1,K_star_eig2,K_star_eig3,K_eig1,K_eig2,K_eig3,symmetry_error,error_type,error_message
eps_0.02_coeffs_0.279_-0.003_0.531_34.515_70.257_-1394.502_m_-0.425_rho_0.478_,0.521754264831543,0.16666666666666666,1e-05,True,60000,22500,17500,20000,1.4545354242937254,-0.16849795770032955,-0.0009882944877416396,-0.1684738263119061,1.2533367055447475,-0.07284043975575187,-0.0009763472278214484,-0.07284287705431473,1.442166058715401,0.7589100609738091,-0.08791452804555187,-0.0005156468638887055,-0.08790193739072563,0.6539337713878878,-0.03800481009476861,-0.0005094133300722948,-0.038006081765688454,0.7524562917300579,1.1439110701779065,1.4446794312258076,1.56144768715016,0.5968404794533378,0.7537676545564728,0.8146919900819449,1.5830691569508944e-05,,
