sample_name,porosity,nu,g,all_converged,total_iterations,iterations_x,iterations_y,iterations_z,K_star_xx,K_star_xy,K_star_xz,K_star_yx,K_star_yy,K_star_yz,K_star_zx,K_star_zy,K_star_zz,K_xx,K_xy,K_xz,K_yx,K_yy,K_yz,K_zx,K_zy,K_zz,K_star_eig1,K_star_eig2,K_star_eig3,K_eig1,K_eig2,K_eig3,symmetry_error,error_type,error_message
eps_0.02_coeffs_0.782_0.452_0.765_116.08_128.185_-3245.568_m_-0.252_rho_0.637_,0.36310482025146484,0.16666666666666666,1e-05,True,170000,62500,57500,50000,0.5016442466221479,0.02162714148949381,-0.036553016855659794,0.02162733976752189,0.528231654428332,0.004770633527432677,-0.03655264636443707,0.004769900578829608,0.6601846607894498,0.1821494439999165,0.007852919323095647,-0.013272576615023114,0.007852991318803394,0.1918034599323334,0.001732240029464054,-0.013272442087874283,0.001731973892293283,0.23971623258872746,0.48282128504024524,0.5390330000547467,0.6682062767449379,0.17531473591811947,0.1957254805944866,0.24262892000837122,1.2130430107512742e-06,,
