sample_name,porosity,nu,g,all_converged,total_iterations,iterations_x,iterations_y,iterations_z,K_star_xx,K_star_xy,K_star_xz,K_star_yx,K_star_yy,K_star_yz,K_star_zx,K_star_zy,K_star_zz,K_xx,K_xy,K_xz,K_yx,K_yy,K_yz,K_zx,K_zy,K_zz,K_star_eig1,K_star_eig2,K_star_eig3,K_eig1,K_eig2,K_eig3,symmetry_error,error_type,error_message
eps_0.02_coeffs_0.822_0.437_0.903_22.461_142.919_-3484.09_m_-0.425_rho_0.501_,0.4992218017578125,0.16666666666666666,1e-05,True,42500,15000,12500,15000,1.5051903587910076,-0.009504047409110438,-0.001000378026730172,-0.009502165898912134,1.4736208709756728,0.004430144157110215,-0.0009956100693709125,0.004429705087449959,1.4594602758288941,0.7514238429041351,-0.004744627671567783,-0.0004994105209431616,-0.0047436883806565595,0.7356636663163924,0.0022116245481594073,-0.0004970302526795677,0.002211405355012517,0.7285943884932545,1.4581224391493195,1.4722235249779927,1.507925541468262,0.7279265112556196,0.7349660807297519,0.7527893057284107,2.838995008506334e-06,,
