sample_name,porosity,nu,g,all_converged,total_iterations,iterations_x,iterations_y,iterations_z,K_star_xx,K_star_xy,K_star_xz,K_star_yx,K_star_yy,K_star_yz,K_star_zx,K_star_zy,K_star_zz,K_xx,K_xy,K_xz,K_yx,K_yy,K_yz,K_zx,K_zy,K_zz,K_star_eig1,K_star_eig2,K_star_eig3,K_eig1,K_eig2,K_eig3,symmetry_error,error_type,error_message
eps_0.02_coeffs_0.584_0.332_0.578_12.8_71.671_-1432.398_m_-0.545_rho_0.568_,0.43245697021484375,0.16666666666666666,1e-05,True,35000,10000,12500,12500,6.207565093375854,0.633963987105804,0.0704930037519183,0.6337545956053333,2.8548573862972697,-0.39136747086762036,0.06935052537155437,-0.39149522668239223,1.8530423835349412,2.6845047926927457,0.2741621450890983,0.030485190823898202,0.274071592275216,1.234602975673585,-0.16924959069205722,0.029991118084990054,-0.1693048395846408,0.8013610948632132,1.7007938660207669,2.891307179691885,6.323363817495416,0.7355201622593317,1.250365942889977,2.734582758080236,0.00023086292586811487,,
