sample_name,porosity,nu,g,all_converged,total_iterations,iterations_x,iterations_y,iterations_z,K_star_xx,K_star_xy,K_star_xz,K_star_yx,K_star_yy,K_star_yz,K_star_zx,K_star_zy,K_star_zz,K_xx,K_xy,K_xz,K_yx,K_yy,K_yz,K_zx,K_zy,K_zz,K_star_eig1,K_star_eig2,K_star_eig3,K_eig1,K_eig2,K_eig3,symmetry_error,error_type,error_message
eps_0.02_coeffs_0.594_1.151_0.799_56.046_38.444_-2739.486_m_-0.253_rho_0.347_,0.6529340744018555,0.16666666666666666,1e-05,True,27500,10000,7500,10000,4.644349680079989,0.516378215065237,-0.7534336786897368,0.5163538255796184,6.108979032433682,-0.21759000365111397,-0.7534193932262411,-0.2178483921043412,4.4604365645619835,3.0324541595615813,0.33716093189490276,-0.49194252161846824,0.3371450071686853,3.988760570082429,-0.14207192763303644,-0.4919331941525833,-0.1422406382585805,2.912371019710471,3.7784265252863327,5.0511298499003505,6.384208901888973,2.467063425983251,3.2980547932282684,4.168467530142963,4.095834934301959e-05,,
