sample_name,porosity,nu,g,all_converged,total_iterations,iterations_x,iterations_y,iterations_z,K_star_xx,K_star_xy,K_star_xz,K_star_yx,K_star_yy,K_star_yz,K_star_zx,K_star_zy,K_star_zz,K_xx,K_xy,K_xz,K_yx,K_yy,K_yz,K_zx,K_zy,K_zz,K_star_eig1,K_star_eig2,K_star_eig3,K_eig1,K_eig2,K_eig3,symmetry_error,error_type,error_message
eps_0.02_coeffs_0.734_0.464_0.43_8.052_27.788_-356.586_m_-0.368_rho_0.604_,0.3964657783508301,0.16666666666666666,1e-05,True,35000,12500,10000,12500,4.390152418074817,0.011895015125251896,-1.5340576343759418,0.013326542849387862,5.446022803108139,-0.21911440631907028,-1.534229496027817,-0.21726632824490671,4.604475391739588,1.740545195510811,0.004715966430127889,-0.6082013540478909,0.005283518183508248,2.1591616695506377,-0.08687136364917024,-0.6082694913114702,-0.08613866393704388,1.825516920083279,2.95163520725745,5.4088045841838,6.080210821481291,1.1702223498530384,2.144405919415968,2.4105955158757197,0.00038293096159212783,,
