sample_name,porosity,nu,g,all_converged,total_iterations,iterations_x,iterations_y,iterations_z,K_star_xx,K_star_xy,K_star_xz,K_star_yx,K_star_yy,K_star_yz,K_star_zx,K_star_zy,K_star_zz,K_xx,K_xy,K_xz,K_yx,K_yy,K_yz,K_zx,K_zy,K_zz,K_star_eig1,K_star_eig2,K_star_eig3,K_eig1,K_eig2,K_eig3,symmetry_error,error_type,error_message
eps_0.02_coeffs_0.439_0.742_0.669_28.902_50.495_-1934.815_m_-0.242_rho_0.478_,0.522120475769043,0.16666666666666666,1e-05,True,40000,12500,12500,15000,2.201740819034374,-0.05408650540464023,-0.1397566408798291,-0.0540776824259508,2.539476182776482,0.10421577221065108,-0.1397639694865557,0.10422015963967327,2.5486385833217464,1.1495739639543499,-0.02823967193455567,-0.07296980382805966,-0.028235065276724643,1.3259125127554099,0.054413188569263346,-0.07297363024369047,0.054415479335791814,1.3306963896872899,2.151691971625113,2.449373924176302,2.6887896893311876,1.1234424359333341,1.2788682786272187,1.4038721518364963,4.1095456689130925e-06,,
