sample_name,porosity,nu,g,all_converged,total_iterations,iterations_x,iterations_y,iterations_z,K_star_xx,K_star_xy,K_star_xz,K_star_yx,K_star_yy,K_star_yz,K_star_zx,K_star_zy,K_star_zz,K_xx,K_xy,K_xz,K_yx,K_yy,K_yz,K_zx,K_zy,K_zz,K_star_eig1,K_star_eig2,K_star_eig3,K_eig1,K_eig2,K_eig3,symmetry_error,error_type,error_message
eps_0.02_coeffs_0.669_-0.052_0.537_60.281_64.962_-1701.732_m_-0.55_rho_0.353_,0.6473073959350586,0.16666666666666666,1e-05,True,35000,12500,10000,12500,15.391387922339051,3.0422328559070686,2.735909929160347,3.057384890553154,9.281203853030656,-1.7745667728187824,2.7331934179683346,-1.7821914024969991,16.241961591170146,9.962959235835603,1.9692598277852809,1.7709747317576547,1.9790678518751563,6.007791897247706,-1.1486901966262066,1.7692163139719248,-1.1536256758081824,10.513541862457588,7.180908350403275,15.09476927233902,18.63887574379755,4.648255084747866,9.77095578991831,12.06508212087472,0.0009704241432194581,,
