sample_name,porosity,nu,g,all_converged,total_iterations,iterations_x,iterations_y,iterations_z,K_star_xx,K_star_xy,K_star_xz,K_star_yx,K_star_yy,K_star_yz,K_star_zx,K_star_zy,K_star_zz,K_xx,K_xy,K_xz,K_yx,K_yy,K_yz,K_zx,K_zy,K_zz,K_star_eig1,K_star_eig2,K_star_eig3,K_eig1,K_eig2,K_eig3,symmetry_error,error_type,error_message
eps_0.02_coeffs_0.518_0.337_0.336_106.196_52.053_-3889.459_m_-0.422_rho_0.402_,0.5983457565307617,0.16666666666666666,1e-05,True,55000,17500,20000,17500,2.022069191713037,0.16365138486464703,0.22719456853499226,0.16367616844069469,2.2234057742291453,0.5162053940791925,0.227297656392766,0.5161706115691765,2.6830208555403265,1.2098965202730831,0.09792011168414408,0.13594090598974992,0.09793494083170384,1.3303654100560018,0.3088693070455744,0.1360025881719987,0.30884849507830486,1.6053741435960882,1.8855058289169169,1.9515545929482117,3.0914353996173825,1.128184411646453,1.1677044093286808,1.8497472529500385,3.836288681542299e-05,,
