sample_name,porosity,nu,g,all_converged,total_iterations,iterations_x,iterations_y,iterations_z,K_star_xx,K_star_xy,K_star_xz,K_star_yx,K_star_yy,K_star_yz,K_star_zx,K_star_zy,K_star_zz,K_xx,K_xy,K_xz,K_yx,K_yy,K_yz,K_zx,K_zy,K_zz,K_star_eig1,K_star_eig2,K_star_eig3,K_eig1,K_eig2,K_eig3,symmetry_error,error_type,error_message
eps_0.02_coeffs_0.935_0.833_0.8_65.674_37.382_-1897.008_m_-0.331_rho_0.431_,0.5694499015808105,0.16666666666666666,1e-05,True,32500,10000,10000,12500,3.6835328401825578,-1.2302929099400515,-1.021474966474306,-1.230708969796706,5.402871290791835,1.5436034489892039,-1.0209655602275705,1.5439489260858685,3.5405607245685364,2.0975874133116412,-0.7005901764809314,-0.5816788191260552,-0.700827101725355,3.0766645247951976,0.8790048321067019,-0.5813887377889871,0.879201564005396,2.016171956146436,2.511817113402803,3.094253018557669,7.020894723582459,1.4303540080162214,1.7620220768837906,3.998047809353263,0.00013014410400748988,,
