sample_name,porosity,nu,g,all_converged,total_iterations,iterations_x,iterations_y,iterations_z,K_star_xx,K_star_xy,K_star_xz,K_star_yx,K_star_yy,K_star_yz,K_star_zx,K_star_zy,K_star_zz,K_xx,K_xy,K_xz,K_yx,K_yy,K_yz,K_zx,K_zy,K_zz,K_star_eig1,K_star_eig2,K_star_eig3,K_eig1,K_eig2,K_eig3,symmetry_error,error_type,error_message
eps_0.02_coeffs_0.827_1.494_0.663_54.887_110.428_-3929.811_m_-0.366_rho_0.605_,0.39451074600219727,0.16666666666666666,1e-05,True,67500,25000,20000,22500,0.9722927878398961,-0.009617413768900216,-0.04129833296180804,-0.009617115602029538,1.0640572099669654,0.004667630429568052,-0.04129752050115095,0.004668968105293489,0.9598980093068804,0.3835799530632735,-0.0037941730805806278,-0.016292636145410024,-0.0037940554505460434,0.41978200369308416,0.0018414303628314487,-0.0162923156209501,0.0018419580902798,0.3786900797376815,0.9242813469711371,1.0060182031746072,1.065948456967998,0.36463892370949896,0.3968849918262043,0.4205281209583357,1.3002978182822674e-06,,
