sample_name,porosity,nu,g,all_converged,total_iterations,iterations_x,iterations_y,iterations_z,K_star_xx,K_star_xy,K_star_xz,K_star_yx,K_star_yy,K_star_yz,K_star_zx,K_star_zy,K_star_zz,K_xx,K_xy,K_xz,K_yx,K_yy,K_yz,K_zx,K_zy,K_zz,K_star_eig1,K_star_eig2,K_star_eig3,K_eig1,K_eig2,K_eig3,symmetry_error,error_type,error_message
eps_0.02_coeffs_0.345_-0.348_0.341_94.061_75.009_-296.52_m_-0.522_rho_0.342_,0.6582484245300293,0.16666666666666666,1e-05,True,30000,10000,10000,10000,18.42086628376555,5.691207704884087,2.941829483649205,5.696500616005011,16.31872283730599,0.4641853596841412,2.890198897749033,0.469179505242375,11.960067387075899,12.12550620976701,3.746228505413114,1.9364546228480788,3.74971255581964,10.741773597998877,0.3055492817019909,1.9024688710217283,0.308836670147572,7.872695514815694,10.037141646409367,12.950503401247335,23.71201146049075,6.606932675533705,8.524648460741842,15.60839418630603,0.002558024429945184,,
