sample_name,porosity,nu,g,all_converged,total_iterations,iterations_x,iterations_y,iterations_z,K_star_xx,K_star_xy,K_star_xz,K_star_yx,K_star_yy,K_star_yz,K_star_zx,K_star_zy,K_star_zz,K_xx,K_xy,K_xz,K_yx,K_yy,K_yz,K_zx,K_zy,K_zz,K_star_eig1,K_star_eig2,K_star_eig3,K_eig1,K_eig2,K_eig3,symmetry_error,error_type,error_message
eps_0.02_coeffs_0.957_1.225_0.809_3.183_66.201_753.184_m_-0.223_rho_0.626_,0.37430763244628906,0.16666666666666666,1e-05,True,57500,22500,17500,17500,0.16666349580096937,7.543407159244415e-12,-2.2542533532070483e-11,1.486089087331983e-12,0.16666382376888494,2.1132598723963425e-12,-5.0077687486401606e-12,2.1125670091778343e-12,0.16666435803930085,0.062383418528482885,2.823554874355164e-12,-8.437842355730385e-12,5.56254487883501e-13,0.06238354128937688,7.910092995804219e-13,-1.8744460641420142e-12,7.90749955589493e-13,0.062383741270871346,0.16666349580096934,0.16666382376888497,0.1666643580393009,0.06238341852848287,0.06238354128937687,0.062383741270871367,9.088505301593516e-11,,
