sample_name,porosity,nu,g,all_converged,total_iterations,iterations_x,iterations_y,iterations_z,K_star_xx,K_star_xy,K_star_xz,K_star_yx,K_star_yy,K_star_yz,K_star_zx,K_star_zy,K_star_zz,K_xx,K_xy,K_xz,K_yx,K_yy,K_yz,K_zx,K_zy,K_zz,K_star_eig1,K_star_eig2,K_star_eig3,K_eig1,K_eig2,K_eig3,symmetry_error,error_type,error_message
eps_0.02_coeffs_0.351_-0.292_0.744_6.523_59.585_-3303.267_m_-0.394_rho_0.469_,0.5308189392089844,0.16666666666666666,1e-05,True,37500,12500,12500,12500,1.5277989302150285,0.013558269449667242,-0.015237508894087091,0.01355935211322821,1.5257035161474026,0.0195422734531572,-0.015238036595493243,0.019542038029330567,1.541225393277479,0.8109846074613626,0.007196986206781946,-0.008088358307346775,0.007197560905104899,0.8098723219887818,0.010373408864136801,-0.008088638421247407,0.010373283896710883,0.8181116283415012,1.4987585012361853,1.5401655862303916,1.5558037521733339,0.795569397756639,0.817549062689,0.8258500973460066,6.541576496601764e-07,,
