sample_name,porosity,nu,g,all_converged,total_iterations,iterations_x,iterations_y,iterations_z,K_star_xx,K_star_xy,K_star_xz,K_star_yx,K_star_yy,K_star_yz,K_star_zx,K_star_zy,K_star_zz,K_xx,K_xy,K_xz,K_yx,K_yy,K_yz,K_zx,K_zy,K_zz,K_star_eig1,K_star_eig2,K_star_eig3,K_eig1,K_eig2,K_eig3,symmetry_error,error_type,error_message
eps_0.02_coeffs_0.47_1.129_0.377_79.035_91.374_-3076.779_m_-0.451_rho_0.471_,0.5294308662414551,0.16666666666666666,1e-05,True,70000,20000,22500,27500,1.3903482033345214,-0.0588592686367389,-0.14405383167260835,-0.05885120359984981,1.186812410267728,0.10472988400155789,-0.14406139781071536,0.10472549238812956,1.2305222625027217,0.7360932536686464,-0.031161913580687182,-0.0762665448878298,-0.031157643701220726,0.6283351224341525,0.0554472332083119,-0.07627055063488189,0.05544490815261034,0.6514764673662111,1.0914685702562335,1.206561279984003,1.509653025864735,0.57785715062608,0.6387907836353296,0.7992569092076004,7.581559424681421e-06,,
