sample_name,porosity,nu,g,all_converged,total_iterations,iterations_x,iterations_y,iterations_z,K_star_xx,K_star_xy,K_star_xz,K_star_yx,K_star_yy,K_star_yz,K_star_zx,K_star_zy,K_star_zz,K_xx,K_xy,K_xz,K_yx,K_yy,K_yz,K_zx,K_zy,K_zz,K_star_eig1,K_star_eig2,K_star_eig3,K_eig1,K_eig2,K_eig3,symmetry_error,error_type,error_message
eps_0.02_coeffs_0.488_1.447_0.639_-1.627_26.646_820.512_m_-0.39_rho_0.647_,0.3531637191772461,0.16666666666666666,1e-05,True,62500,22500,15000,25000,0.16665773041452783,-6.417143164925038e-08,-3.4993443130461443e-09,-6.429459472821208e-08,0.1666609260718102,6.429454788346629e-08,-3.497834603533579e-09,6.408849386145696e-08,0.16665861720170938,0.058857463902833494,-2.2663021466177704e-08,-1.2358414522771217e-09,-2.270651819720914e-08,0.05885859249304455,2.270650165334449e-08,-1.2353082776507867e-09,2.2633730848580247e-08,0.05885777708389265,0.1666577291159846,0.16665861542745303,0.16666092914460987,0.058857463444235134,0.05885777645728967,0.05885859357824592,1.1761114480090605e-09,,
