sample_name,porosity,nu,g,all_converged,total_iterations,iterations_x,iterations_y,iterations_z,K_star_xx,K_star_xy,K_star_xz,K_star_yx,K_star_yy,K_star_yz,K_star_zx,K_star_zy,K_star_zz,K_xx,K_xy,K_xz,K_yx,K_yy,K_yz,K_zx,K_zy,K_zz,K_star_eig1,K_star_eig2,K_star_eig3,K_eig1,K_eig2,K_eig3,symmetry_error,error_type,error_message
eps_0.02_coeffs_0.948_-0.005_0.698_58.201_136.332_-1231.893_m_-0.377_rho_0.587_,0.41300439834594727,0.16666666666666666,1e-05,True,67500,22500,20000,25000,1.2428176422790593,0.09850813326323606,0.2685275382384715,0.09851366209850974,1.2321898577102355,0.14677588118025175,0.2685217884731123,0.14676613161295254,1.005810196357561,0.5132891526031916,0.0406842923105652,0.11090305436949827,0.04068657574385096,0.5088998308315942,0.06061908449854612,0.11090067969111547,0.06061505788436958,0.41540403499687356,0.8178822861810485,1.1488531726906868,1.5140822374751213,0.3377889815220119,0.4744814133749498,0.6253226235346983,8.609811321432766e-06,,
