sample_name,porosity,nu,g,all_converged,total_iterations,iterations_x,iterations_y,iterations_z,K_star_xx,K_star_xy,K_star_xz,K_star_yx,K_star_yy,K_star_yz,K_star_zx,K_star_zy,K_star_zz,K_xx,K_xy,K_xz,K_yx,K_yy,K_yz,K_zx,K_zy,K_zz,K_star_eig1,K_star_eig2,K_star_eig3,K_eig1,K_eig2,K_eig3,symmetry_error,error_type,error_message
eps_0.02_coeffs_0.523_-0.054_0.445_8.048_43.224_897.499_m_-0.569_rho_0.317_,0.682682991027832,0.16666666666666666,1e-05,True,72500,25000,22500,25000,117.20506042701696,15.530404194974977,-47.645857954897295,16.981809552919614,131.85572224507015,7.480065008700034,-47.873637957500705,7.309662602382703,118.02640888427489,80.01390121591373,10.602342787696708,-32.527016818736506,11.593192538652174,90.01565884639955,5.106513153221965,-32.68251835221013,4.990182328798911,80.57462183739067,65.26402355520197,134.90248971761156,166.9206782835485,44.55463880717615,92.09563517752035,113.95390791500739,0.009330455282063546,,
