sample_name,porosity,nu,g,all_converged,total_iterations,iterations_x,iterations_y,iterations_z,K_star_xx,K_star_xy,K_star_xz,K_star_yx,K_star_yy,K_star_yz,K_star_zx,K_star_zy,K_star_zz,K_xx,K_xy,K_xz,K_yx,K_yy,K_yz,K_zx,K_zy,K_zz,K_star_eig1,K_star_eig2,K_star_eig3,K_eig1,K_eig2,K_eig3,symmetry_error,error_type,error_message
eps_0.02_coeffs_0.353_1.407_0.904_34.316_65.209_-1278.664_m_-0.419_rho_0.584_,0.41574859619140625,0.16666666666666666,1e-05,True,112500,27500,45000,40000,1.6061760467996775,-0.2456351687245825,0.3059019242278466,-0.2456558952131058,1.3642668118866237,0.4344042415716209,0.3058494113453791,0.43437958788967096,1.3747362344471092,0.6677654366932284,-0.10212247657248438,0.12717829556997715,-0.10213109358099193,0.5671920118723891,0.18060295361299392,0.1271564634128093,0.18059270387933227,0.5715446596048456,0.7560389782906731,1.7526210512018492,1.8365190636408886,0.31432214389033214,0.7286497416926755,0.7635302225874554,3.289061668959685e-05,,
