sample_name,porosity,nu,g,all_converged,total_iterations,iterations_x,iterations_y,iterations_z,K_star_xx,K_star_xy,K_star_xz,K_star_yx,K_star_yy,K_star_yz,K_star_zx,K_star_zy,K_star_zz,K_xx,K_xy,K_xz,K_yx,K_yy,K_yz,K_zx,K_zy,K_zz,K_star_eig1,K_star_eig2,K_star_eig3,K_eig1,K_eig2,K_eig3,symmetry_error,error_type,error_message
eps_0.02_coeffs_0.901_1.367_0.745_86.475_132.772_-3298.628_m_-0.222_rho_0.404_,0.5960311889648438,0.16666666666666666,1e-05,True,62500,20000,22500,20000,1.7286621048069815,-0.010312078930609357,0.1241832109818197,-0.010316039151212793,1.6215937939080236,0.37606312962000654,0.12418363539614803,0.3760763088391846,1.652137104223831,1.0303365296465745,-0.00614632066571041,0.07401706689096603,-0.006148681080705239,0.9665204770010111,0.22414535427325266,0.07401731985514276,0.22415320949892897,0.984725242563464,1.2421954251437834,1.7240114704152911,2.0361861073797614,0.7403872161751397,1.0275646065006547,1.2136304265352558,6.615934464485278e-06,,
