sample_name,porosity,nu,g,all_converged,total_iterations,iterations_x,iterations_y,iterations_z,K_star_xx,K_star_xy,K_star_xz,K_star_yx,K_star_yy,K_star_yz,K_star_zx,K_star_zy,K_star_zz,K_xx,K_xy,K_xz,K_yx,K_yy,K_yz,K_zx,K_zy,K_zz,K_star_eig1,K_star_eig2,K_star_eig3,K_eig1,K_eig2,K_eig3,symmetry_error,error_type,error_message
eps_0.02_coeffs_0.692_1.4_0.582_42.064_63.462_-2418.726_m_-0.349_rho_0.635_,0.36548566818237305,0.16666666666666666,1e-05,True,70000,25000,20000,25000,1.0204430799261186,-0.08217551346785534,0.03168211637857996,-0.08217643139875985,1.1300690689547919,0.14089666560765515,0.03167999622886109,0.14089386608454715,1.2099596815813776,0.3729573209088762,-0.030033972448028707,0.011579359474057003,-0.030034307938618686,0.4130240487591743,0.051495711974282224,0.011578584589720355,0.051494688788708505,0.4422229226965011,0.9365387610486068,1.1053191328107344,1.318613936602947,0.3422914948605419,0.40397830181009226,0.48193449569391733,2.6203604041381416e-06,,
