sample_name,porosity,nu,g,all_converged,total_iterations,iterations_x,iterations_y,iterations_z,K_star_xx,K_star_xy,K_star_xz,K_star_yx,K_star_yy,K_star_yz,K_star_zx,K_star_zy,K_star_zz,K_xx,K_xy,K_xz,K_yx,K_yy,K_yz,K_zx,K_zy,K_zz,K_star_eig1,K_star_eig2,K_star_eig3,K_eig1,K_eig2,K_eig3,symmetry_error,error_type,error_message
eps_0.02_coeffs_0.848_-0.519_0.49_42.032_141.547_-240.781_m_-0.316_rho_0.59_,0.4098687171936035,0.16666666666666666,1e-05,True,82500,25000,30000,27500,0.7193685809017129,-0.010093051630654592,0.023657767237198014,-0.010092342777451583,0.6461490075219045,-0.018273517668546378,0.023657998259246606,-0.01827336368679766,0.7121906317753521,0.294846677443568,-0.004136826124425206,0.009696578709175212,-0.00413653558767221,0.2648362648289231,-0.0074897432454217525,0.009696673397885911,-0.007489680133119935,0.29190466064306564,0.6412164126445083,0.6928166800569525,0.743675127497508,0.2628145484940892,0.2839638839052744,0.3048091705161933,8.958752080134346e-07,,
