sample_name,porosity,nu,g,all_converged,total_iterations,iterations_x,iterations_y,iterations_z,K_star_xx,K_star_xy,K_star_xz,K_star_yx,K_star_yy,K_star_yz,K_star_zx,K_star_zy,K_star_zz,K_xx,K_xy,K_xz,K_yx,K_yy,K_yz,K_zx,K_zy,K_zz,K_star_eig1,K_star_eig2,K_star_eig3,K_eig1,K_eig2,K_eig3,symmetry_error,error_type,error_message
eps_0.02_coeffs_0.259_1.482_0.885_60.595_4.458_-4021.882_m_-0.517_rho_0.396_,0.6036181449890137,0.16666666666666666,1e-05,True,30000,10000,10000,10000,5.411677609404189,-0.2647864609123235,1.1197832414684423,-0.26408755009880003,6.0743137250172365,0.6758430889660239,1.1202332949546137,0.6754130747660778,4.080442189214605,3.2665867998671367,-0.15982991235410268,0.6759214830049659,-0.15940803710533089,3.66656598277621,0.40795115166531626,0.6761931434554345,0.4076915872916259,2.46302894498863,3.259764376270429,6.008198294562112,6.298470852803494,1.967652925905625,3.6266575092897373,3.801871292436616,0.00014239888090760846,,
