sample_name,porosity,nu,g,all_converged,total_iterations,iterations_x,iterations_y,iterations_z,K_star_xx,K_star_xy,K_star_xz,K_star_yx,K_star_yy,K_star_yz,K_star_zx,K_star_zy,K_star_zz,K_xx,K_xy,K_xz,K_yx,K_yy,K_yz,K_zx,K_zy,K_zz,K_star_eig1,K_star_eig2,K_star_eig3,K_eig1,K_eig2,K_eig3,symmetry_error,error_type,error_message
eps_0.02_coeffs_0.322_1.24_0.779_48.965_23.445_-1601.639_m_-0.352_rho_0.342_,0.6577377319335938,0.16666666666666666,1e-05,True,27500,10000,7500,10000,6.2835944279555775,-0.7279906873904313,0.5881492042300672,-0.7280570820405398,6.432337755577464,-1.0351052172814832,0.5883209310124037,-1.0352133048715293,3.822298902836155,4.132957147434069,-0.47882694359296013,0.3868479236288324,-0.478870613859535,4.230791246384344,-0.6808277579273525,0.38696087481315866,-0.6808988512136795,2.5140702111237165,3.4235927992193496,5.650028969058329,7.464609318091519,2.2518261628227183,3.7162372394675267,4.909755202651887,3.0289655779792734e-05,,
