sample_name,porosity,nu,g,all_converged,total_iterations,iterations_x,iterations_y,iterations_z,K_star_xx,K_star_xy,K_star_xz,K_star_yx,K_star_yy,K_star_yz,K_star_zx,K_star_zy,K_star_zz,K_xx,K_xy,K_xz,K_yx,K_yy,K_yz,K_zx,K_zy,K_zz,K_star_eig1,K_star_eig2,K_star_eig3,K_eig1,K_eig2,K_eig3,symmetry_error,error_type,error_message
eps_0.02_coeffs_0.214_0.369_0.746_7.238_1.223_-125.028_m_-0.506_rho_0.624_,0.3762660026550293,0.16666666666666666,1e-05,True,25000,7500,10000,7500,5.649729551330366,0.7892600958469075,0.499222423771183,0.7888634294422084,6.235363755753379,0.948115621415913,0.4992047840079701,0.9486290471396462,4.768259695053009,2.125801154361069,0.29697174131944115,0.1878404258281381,0.29682248923695753,2.3461553954773744,0.3567436749249547,0.1878337885849462,0.356936859569684,1.7941340150786849,4.292532081917466,5.117973851276182,7.242847068943108,1.615133887731556,1.9257195627126535,2.7252371144729173,9.316020285114114e-05,,
