sample_name,porosity,nu,g,all_converged,total_iterations,iterations_x,iterations_y,iterations_z,K_star_xx,K_star_xy,K_star_xz,K_star_yx,K_star_yy,K_star_yz,K_star_zx,K_star_zy,K_star_zz,K_xx,K_xy,K_xz,K_yx,K_yy,K_yz,K_zx,K_zy,K_zz,K_star_eig1,K_star_eig2,K_star_eig3,K_eig1,K_eig2,K_eig3,symmetry_error,error_type,error_message
eps_0.02_coeffs_0.862_0.615_0.371_19.465_72.234_-176.683_m_-0.472_rho_0.468_,0.5319857597351074,0.16666666666666666,1e-05,True,155000,52500,52500,50000,11.349081460956985,1.0302050804851746,-0.5404225827183663,1.0205733819639964,16.496623875987748,1.3253273428598724,-0.5407764904105588,1.3252207466044372,7.317787500485308,6.037549723302824,0.5480544324248731,-0.28749711824543905,0.5429305059695446,8.775968985731655,0.7050552733890204,-0.28768539209794614,0.7049985656990878,3.8929587430257495,7.021658430523265,11.297328125809036,16.84450628109775,3.7354222947623406,6.010017685985317,8.961037471312578,0.0006350864641300045,,
