sample_name,porosity,nu,g,all_converged,total_iterations,iterations_x,iterations_y,iterations_z,K_star_xx,K_star_xy,K_star_xz,K_star_yx,K_star_yy,K_star_yz,K_star_zx,K_star_zy,K_star_zz,K_xx,K_xy,K_xz,K_yx,K_yy,K_yz,K_zx,K_zy,K_zz,K_star_eig1,K_star_eig2,K_star_eig3,K_eig1,K_eig2,K_eig3,symmetry_error,error_type,error_message
eps_0.02_coeffs_0.89_1.368_0.41_105.274_117.562_-3711.79_m_-0.382_rho_0.444_,0.5558109283447266,0.16666666666666666,1e-05,True,47500,17500,15000,15000,1.8649920169369312,-0.10003922282573013,-0.05193123773966432,-0.10004630920532179,1.9393204134449487,-0.059626517999171895,-0.051933576404613456,-0.059631690402589095,2.0254615156114943,1.0365829442892198,-0.055602893309654025,-0.028863949458173527,-0.05560683199687347,1.0778954793547157,-0.03314107032308328,-0.02886524931370999,-0.03314394520142837,1.1257736453185416,1.7720788583990978,2.0017399265496563,2.05595516104462,0.9849407953868657,1.1125889268802693,1.142722346695342,3.8073581068326e-06,,
