sample_name,porosity,nu,g,all_converged,total_iterations,iterations_x,iterations_y,iterations_z,K_star_xx,K_star_xy,K_star_xz,K_star_yx,K_star_yy,K_star_yz,K_star_zx,K_star_zy,K_star_zz,K_xx,K_xy,K_xz,K_yx,K_yy,K_yz,K_zx,K_zy,K_zz,K_star_eig1,K_star_eig2,K_star_eig3,K_eig1,K_eig2,K_eig3,symmetry_error,error_type,error_message
eps_0.02_coeffs_0.478_0.254_0.922_-22.86_66.302_-431.24_m_-0.545_rho_0.364_,0.6356287002563477,0.16666666666666666,1e-05,True,22500,7500,7500,7500,5.158803348585944,0.04995033115135887,0.17587161691250028,0.0502447020965341,5.4983119988299345,-0.23761739380244234,0.1757016571022741,-0.23748905628392664,5.03757474493178,3.2790834673397775,0.031749864067112395,0.11178904727007484,0.03193697468838736,3.494884909420152,-0.15103643518094714,0.11168101593680495,-0.15095486017085888,3.202027087565189,4.835200140340584,5.25942463206875,5.600065319938324,3.0733919806839958,3.343041242978079,3.5595622406630447,5.660471370825761e-05,,
