sample_name,porosity,nu,g,all_converged,total_iterations,iterations_x,iterations_y,iterations_z,K_star_xx,K_star_xy,K_star_xz,K_star_yx,K_star_yy,K_star_yz,K_star_zx,K_star_zy,K_star_zz,K_xx,K_xy,K_xz,K_yx,K_yy,K_yz,K_zx,K_zy,K_zz,K_star_eig1,K_star_eig2,K_star_eig3,K_eig1,K_eig2,K_eig3,symmetry_error,error_type,error_message
eps_0.02_coeffs_0.509_0.522_0.695_114.546_105.601_-4184.982_m_-0.344_rho_0.534_,0.46628856658935547,0.16666666666666666,1e-05,True,165000,55000,57500,52500,0.6077644584597294,-0.0007083621231610892,-0.008834732822599358,-0.0007087123453830145,0.6271219763399029,-0.028562200286558787,-0.008835226137601624,-0.02856251209644185,0.5712361433090866,0.2833936181591431,-0.0003303011590349768,-0.004119534904049785,-0.0003304644636528261,0.29241980742421697,-0.013318227430257575,-0.004119764931195069,-0.013318372823640996,0.2663608824476256,0.5578000561248333,0.6089356128664511,0.6393869091174347,0.2600957886139102,0.2839397140687082,0.2981388053483672,9.216243370402183e-07,,
