sample_name,porosity,nu,g,all_converged,total_iterations,iterations_x,iterations_y,iterations_z,K_star_xx,K_star_xy,K_star_xz,K_star_yx,K_star_yy,K_star_yz,K_star_zx,K_star_zy,K_star_zz,K_xx,K_xy,K_xz,K_yx,K_yy,K_yz,K_zx,K_zy,K_zz,K_star_eig1,K_star_eig2,K_star_eig3,K_eig1,K_eig2,K_eig3,symmetry_error,error_type,error_message
eps_0.02_coeffs_0.692_0.261_0.693_60.114_54.784_-2954.828_m_-0.223_rho_0.532_,0.4681363105773926,0.16666666666666666,1e-05,True,47500,15000,17500,15000,2.0150990586793394,-0.014295217694479886,0.17659792113207484,-0.014310779414051178,2.0051494248751798,-0.17243738656108612,0.17660303139194322,-0.1724432692525869,2.0525082878848337,0.9433410387781226,-0.006692110470394474,0.08267189925440686,-0.006699395476380819,0.9386832539174472,-0.08072420195031452,0.08267429155260775,-0.08072695585180996,0.9608536573199268,1.7912473687902932,1.9957195229214686,2.285789879727591,0.83854793455695,0.9342687744077303,1.0700612410508172,6.984896532043372e-06,,
