sample_name,porosity,nu,g,all_converged,total_iterations,iterations_x,iterations_y,iterations_z,K_star_xx,K_star_xy,K_star_xz,K_star_yx,K_star_yy,K_star_yz,K_star_zx,K_star_zy,K_star_zz,K_xx,K_xy,K_xz,K_yx,K_yy,K_yz,K_zx,K_zy,K_zz,K_star_eig1,K_star_eig2,K_star_eig3,K_eig1,K_eig2,K_eig3,symmetry_error,error_type,error_message
eps_0.02_coeffs_0.497_1.002_0.342_4.916_78.774_-1143.231_m_-0.302_rho_0.434_,0.5655598640441895,0.16666666666666666,1e-05,True,40000,12500,12500,15000,1.5697397603767396,0.002299047154459137,0.0023427197135817814,0.0022995026546879242,1.5663479097353383,-0.005151064809048211,0.0023421372371956023,-0.005149679528284286,1.5750585871285672,0.8877818054634273,0.0013002487961070901,0.0013249482427069546,0.0013005064087545553,0.8858635108758183,-0.0029132355130881147,0.0013246188174411784,-0.0029124520538876065,0.8907899203980656,1.562617111753355,1.5708956242023677,1.577633521284922,0.8837535212763515,0.8884355156515031,0.8922461998094563,8.164343977735667e-07,,
