sample_name,porosity,nu,g,all_converged,total_iterations,iterations_x,iterations_y,iterations_z,K_star_xx,K_star_xy,K_star_xz,K_star_yx,K_star_yy,K_star_yz,K_star_zx,K_star_zy,K_star_zz,K_xx,K_xy,K_xz,K_yx,K_yy,K_yz,K_zx,K_zy,K_zz,K_star_eig1,K_star_eig2,K_star_eig3,K_eig1,K_eig2,K_eig3,symmetry_error,error_type,error_message
eps_0.02_coeffs_0.773_-0.45_0.611_76.075_89.216_-2714.856_m_-0.208_rho_0.387_,0.6126012802124023,0.16666666666666666,1e-05,True,47500,17500,15000,15000,2.123222865868379,0.2496397795288457,-0.11403334846707393,0.24965510800336704,2.1183330866595043,0.07038305842762015,-0.11402048629336599,0.0703926859417945,2.2310632737094207,1.3006890458072147,0.15292964853131275,-0.06985697525783648,0.15293903877442822,1.2976935608039022,0.04311675169802442,-0.06984909587375668,0.04312264952553289,1.3667522177092646,1.8287510987113647,2.2647741544044444,2.3790939731214946,1.1202952642604194,1.3874035463801238,1.4574360136798383,8.353144757054762e-06,,
