sample_name,porosity,nu,g,all_converged,total_iterations,iterations_x,iterations_y,iterations_z,K_star_xx,K_star_xy,K_star_xz,K_star_yx,K_star_yy,K_star_yz,K_star_zx,K_star_zy,K_star_zz,K_xx,K_xy,K_xz,K_yx,K_yy,K_yz,K_zx,K_zy,K_zz,K_star_eig1,K_star_eig2,K_star_eig3,K_eig1,K_eig2,K_eig3,symmetry_error,error_type,error_message
eps_0.02_coeffs_0.861_0.453_0.601_23.239_31.06_-556.378_m_-0.36_rho_0.692_,0.3077735900878906,0.16666666666666666,1e-05,True,60000,15000,27500,17500,3.4313000391041575,-0.0049443347214826235,-0.7796177568046422,-0.005017624726155633,2.41865134746972,-0.35166670138636136,-0.7796284836127002,-0.35190153459954227,2.8603877700702354,1.056063531703806,-0.0015217356478269177,-0.23994575590803274,-0.0015442923756826884,0.74439700838167,-0.10823372320004662,-0.23994905733625896,-0.10830599866113919,0.8803518130380121,2.062690820127764,2.6461200477711038,4.001528288745245,0.6348417589520576,0.8144058669060534,1.2315647272653774,6.668648688063182e-05,,
