sample_name,porosity,nu,g,all_converged,total_iterations,iterations_x,iterations_y,iterations_z,K_star_xx,K_star_xy,K_star_xz,K_star_yx,K_star_yy,K_star_yz,K_star_zx,K_star_zy,K_star_zz,K_xx,K_xy,K_xz,K_yx,K_yy,K_yz,K_zx,K_zy,K_zz,K_star_eig1,K_star_eig2,K_star_eig3,K_eig1,K_eig2,K_eig3,symmetry_error,error_type,error_message
eps_0.02_coeffs_0.098_0.48_0.627_52.914_44.213_-2683.965_m_-0.23_rho_0.341_,0.6593461036682129,0.16666666666666666,1e-05,True,227500,60000,80000,87500,0.500479378315863,0.018495649268559428,-0.038730967751554275,0.018496310100734922,0.5571573089405865,0.01579935578468389,-0.03873056602399423,0.01579920006091486,0.5416430160030561,0.3299891280588537,0.012195034280038491,-0.025537112678286514,0.012195469997158582,0.36735950078024243,0.010417243677099163,-0.025536847800785065,0.010417141001238804,0.3571302121807145,0.47054267253135346,0.560460013241962,0.5682770174861906,0.3102504777431757,0.3695371259929224,0.37469123728371256,1.2041084223586453e-06,,
