sample_name,porosity,nu,g,all_converged,total_iterations,iterations_x,iterations_y,iterations_z,K_star_xx,K_star_xy,K_star_xz,K_star_yx,K_star_yy,K_star_yz,K_star_zx,K_star_zy,K_star_zz,K_xx,K_xy,K_xz,K_yx,K_yy,K_yz,K_zx,K_zy,K_zz,K_star_eig1,K_star_eig2,K_star_eig3,K_eig1,K_eig2,K_eig3,symmetry_error,error_type,error_message
eps_0.02_coeffs_0.232_0.106_0.893_77.348_71.939_-3510.542_m_-0.305_rho_0.302_,0.6982803344726562,0.16666666666666666,1e-05,True,92500,30000,30000,32500,1.435529291072485,-0.01504138209061171,0.07085865032566961,-0.015038830723374213,1.1155834527175545,0.07858428171857733,0.07084792883593041,0.07858530610246939,1.170938979983409,1.00240187351539,-0.010503101317163366,0.04947920204968957,-0.010501319747595404,0.7789899864957747,0.054873858522741625,0.049471715444248436,0.0548745738298684,0.8176436625898857,1.0522789041429872,1.2164021796495832,1.4533706399808781,0.7347856651434856,0.8493897208589791,1.014860136598586,7.2208239527042546e-06,,
