sample_name,porosity,nu,g,all_converged,total_iterations,iterations_x,iterations_y,iterations_z,K_star_xx,K_star_xy,K_star_xz,K_star_yx,K_star_yy,K_star_yz,K_star_zx,K_star_zy,K_star_zz,K_xx,K_xy,K_xz,K_yx,K_yy,K_yz,K_zx,K_zy,K_zz,K_star_eig1,K_star_eig2,K_star_eig3,K_eig1,K_eig2,K_eig3,symmetry_error,error_type,error_message
eps_0.02_coeffs_0.39_0.259_0.764_-36.54_15.822_955.282_m_-0.273_rho_0.364_,0.6361079216003418,0.16666666666666666,1e-05,True,32500,12500,10000,10000,5.213964364198481,-0.030568370061885883,-0.07937739042467717,-0.030460603815444843,5.224831803802622,0.5757242036843077,-0.07936135089093421,0.5756106386312027,5.700540740470372,3.3166440350085433,-0.01944478234677634,-0.05049258684510027,-0.01937623138373406,3.3235568994282505,0.36622272662063676,-0.0504823839706276,0.3661504869907397,3.6261591224186818,4.838911877822738,5.207102616799065,6.093322413849669,3.0780701774090296,3.312279223131754,3.876010656314694,2.37719125063056e-05,,
