sample_name,porosity,nu,g,all_converged,total_iterations,iterations_x,iterations_y,iterations_z,K_star_xx,K_star_xy,K_star_xz,K_star_yx,K_star_yy,K_star_yz,K_star_zx,K_star_zy,K_star_zz,K_xx,K_xy,K_xz,K_yx,K_yy,K_yz,K_zx,K_zy,K_zz,K_star_eig1,K_star_eig2,K_star_eig3,K_eig1,K_eig2,K_eig3,symmetry_error,error_type,error_message
eps_0.02_coeffs_0.362_0.996_0.447_2.058_40.82_-511.397_m_-0.491_rho_0.476_,0.5239968299865723,0.16666666666666666,1e-05,True,30000,10000,10000,10000,2.942620947420418,-0.004447703441772217,-0.47725978058911495,-0.0044082716023653105,2.0535622978396932,1.0059896890633788,-0.477168654337681,1.0063418184862676,2.839654004586566,1.5419240483003829,-0.0023305825042090086,-0.25008261210878324,-0.00230992034535925,1.0760601342479403,0.527135408068388,-0.2500348622419033,0.5273199227697267,1.487969696662036,1.320778698445404,2.781510836425203,3.733547714976069,0.6920838510991825,1.4575028608601057,1.956367167251071,0.00010691461342191506,,
