sample_name,porosity,nu,g,all_converged,total_iterations,iterations_x,iterations_y,iterations_z,K_star_xx,K_star_xy,K_star_xz,K_star_yx,K_star_yy,K_star_yz,K_star_zx,K_star_zy,K_star_zz,K_xx,K_xy,K_xz,K_yx,K_yy,K_yz,K_zx,K_zy,K_zz,K_star_eig1,K_star_eig2,K_star_eig3,K_eig1,K_eig2,K_eig3,symmetry_error,error_type,error_message
eps_0.02_coeffs_0.216_0.575_0.877_29.28_21.753_-1862.457_m_-0.339_rho_0.409_,0.5907187461853027,0.16666666666666666,1e-05,True,32500,12500,10000,10000,4.194673924386269,-0.02915946812648739,-0.29952129617410755,-0.028886734968019415,4.52684465315166,-0.9418974849474002,-0.29974176215784215,-0.9420152385135862,4.733883518125379,2.47787252126964,-0.01722504445110893,-0.17693284453176553,-0.01706393586169557,2.6740919976853905,-0.5563965013432183,-0.17706307792125373,-0.5564660605821945,2.7963937364142937,3.5974881519141673,4.249893315584111,5.608020628165028,2.12510369051522,2.5104916508031447,3.31276291405096,6.620147755502967e-05,,
