sample_name,porosity,nu,g,all_converged,total_iterations,iterations_x,iterations_y,iterations_z,K_star_xx,K_star_xy,K_star_xz,K_star_yx,K_star_yy,K_star_yz,K_star_zx,K_star_zy,K_star_zz,K_xx,K_xy,K_xz,K_yx,K_yy,K_yz,K_zx,K_zy,K_zz,K_star_eig1,K_star_eig2,K_star_eig3,K_eig1,K_eig2,K_eig3,symmetry_error,error_type,error_message
eps_0.02_coeffs_0.696_-0.342_0.73_-3.03_120.024_-2510.69_m_-0.462_rho_0.475_,0.5245447158813477,0.16666666666666666,1e-05,True,42500,15000,15000,12500,1.4917410408792575,0.016206097901903003,-0.00031545281636048087,0.01620909802802643,1.508052567799164,0.008303146414140388,-0.00031395252269927063,0.008304708883036208,1.5090263709788516,0.782484880456556,0.008500823019499015,-0.00016546910793177938,0.008502396719804036,0.7910410057103493,0.0043553715767265,-0.00016468213681952127,0.004356191161529532,0.7915518090225628,1.4809532007451447,1.5059623916815081,1.5219043872306195,0.7768261759184346,0.7899446148725717,0.7983069043984622,2.0101750968393945e-06,,
