sample_name,porosity,nu,g,all_converged,total_iterations,iterations_x,iterations_y,iterations_z,K_star_xx,K_star_xy,K_star_xz,K_star_yx,K_star_yy,K_star_yz,K_star_zx,K_star_zy,K_star_zz,K_xx,K_xy,K_xz,K_yx,K_yy,K_yz,K_zx,K_zy,K_zz,K_star_eig1,K_star_eig2,K_star_eig3,K_eig1,K_eig2,K_eig3,symmetry_error,error_type,error_message
eps_0.02_coeffs_0.306_0.951_0.486_110.092_129.041_-2148.253_m_-0.467_rho_0.325_,0.6753215789794922,0.16666666666666666,1e-05,True,70000,27500,22500,20000,0.531159616155341,0.015427603106595043,-0.22434836541464195,0.015440032783916797,0.7401785477878158,-0.46987629835802425,-0.22433063964431427,-0.46985245614699145,1.7031168186590278,0.35870355067216586,0.010418593289814683,-0.15150729237328409,0.010426987319129817,0.49985854561881526,-0.31731760373217993,-0.15149532177807778,-0.3173015025725789,1.1501515391633441,0.4497616504905699,0.5975437299656066,1.9271496021460073,0.30373374797371405,0.40353417522966867,1.301445712250942,2.2032070051781408e-05,,
