sample_name,porosity,nu,g,all_converged,total_iterations,iterations_x,iterations_y,iterations_z,K_star_xx,K_star_xy,K_star_xz,K_star_yx,K_star_yy,K_star_yz,K_star_zx,K_star_zy,K_star_zz,K_xx,K_xy,K_xz,K_yx,K_yy,K_yz,K_zx,K_zy,K_zz,K_star_eig1,K_star_eig2,K_star_eig3,K_eig1,K_eig2,K_eig3,symmetry_error,error_type,error_message
eps_0.02_coeffs_0.653_0.22_0.505_-27.06_99.766_287.65_m_-0.234_rho_0.475_,0.5249662399291992,0.16666666666666666,1e-05,True,42500,15000,12500,15000,1.3263168253140116,-0.004851236631382008,0.002643518616152934,-0.004850416424636426,1.3247342077407693,-0.007345842438156602,0.002642737217470661,-0.007346449039559184,1.3263656740878496,0.6962715567399292,-0.0025467354533834077,0.0013877580281046458,-0.0025463048725322146,0.6954407359432584,-0.0038563192838714125,0.0013873478201765273,-0.0038566377291288615,0.6962972006970561,1.3176603825304767,1.3239129026073386,1.335843422004815,0.6917272165206946,0.6950095784755267,0.7012726983840221,7.913688483310998e-07,,
