sample_name,porosity,nu,g,all_converged,total_iterations,iterations_x,iterations_y,iterations_z,K_star_xx,K_star_xy,K_star_xz,K_star_yx,K_star_yy,K_star_yz,K_star_zx,K_star_zy,K_star_zz,K_xx,K_xy,K_xz,K_yx,K_yy,K_yz,K_zx,K_zy,K_zz,K_star_eig1,K_star_eig2,K_star_eig3,K_eig1,K_eig2,K_eig3,symmetry_error,error_type,error_message
eps_0.02_coeffs_0.661_1.407_0.711_-21.682_31.252_-2833.92_m_-0.506_rho_0.66_,0.34012842178344727,0.16666666666666666,1e-05,True,52500,17500,17500,17500,1.0575771410912655,0.006332698700264498,-0.018608504570381868,0.006332105464641359,1.0682047413752906,0.01819733439904211,-0.018607587733584088,0.018196865920836726,1.1038912250778574,0.35971204391362227,0.0021539308145510513,-0.00632928129127405,0.0021537290382548074,0.36332679282557306,0.006189430629811829,-0.006328969449020988,0.006189271287059191,0.3754647802063278,1.0440622110920534,1.0701322558650967,1.1154786405872625,0.3551152321024765,0.36398239528695564,0.3794059895560908,9.008859190551321e-07,,
