sample_name,porosity,nu,g,all_converged,total_iterations,iterations_x,iterations_y,iterations_z,K_star_xx,K_star_xy,K_star_xz,K_star_yx,K_star_yy,K_star_yz,K_star_zx,K_star_zy,K_star_zz,K_xx,K_xy,K_xz,K_yx,K_yy,K_yz,K_zx,K_zy,K_zz,K_star_eig1,K_star_eig2,K_star_eig3,K_eig1,K_eig2,K_eig3,symmetry_error,error_type,error_message
eps_0.02_coeffs_0.471_1.078_0.535_25.378_19.066_29.072_m_-0.45_rho_0.321_,0.6788053512573242,0.16666666666666666,1e-05,True,87500,30000,30000,27500,142.6325340759142,-1.7792349054765496e-09,-6.5780860303837835e-09,-3.3930325060355694e-09,0.16666666044158765,-2.1084822909095795e-10,-3.6885490073122573e-09,1.9155828281405814e-11,0.16666662233626345,96.8197273941232,-1.2077541749813014e-09,-4.465239998455561e-09,-2.3032086220869936e-09,0.11313422098393709,-1.431249062100725e-10,-2.5038068045384514e-09,1.3003078745184659e-11,0.1131341951178391,0.16666662233625382,0.16666666044159728,142.6325340759142,0.11313419511783256,0.11313422098394361,96.8197273941232,3.289453528287287e-11,,
