sample_name,porosity,nu,g,all_converged,total_iterations,iterations_x,iterations_y,iterations_z,K_star_xx,K_star_xy,K_star_xz,K_star_yx,K_star_yy,K_star_yz,K_star_zx,K_star_zy,K_star_zz,K_xx,K_xy,K_xz,K_yx,K_yy,K_yz,K_zx,K_zy,K_zz,K_star_eig1,K_star_eig2,K_star_eig3,K_eig1,K_eig2,K_eig3,symmetry_error,error_type,error_message
eps_0.02_coeffs_0.118_-0.087_0.93_-23.424_44.662_-168.198_m_-0.51_rho_0.489_,0.5106081962585449,0.16666666666666666,1e-05,True,40000,15000,12500,12500,2.2987673464676983,-0.021381314816656546,0.044713981577384515,-0.021389240583223928,2.3030954843666733,0.0035209728237872253,0.044718523141236706,0.0035172438981263135,2.243219201750937,1.173769448397913,-0.0109174745921691,0.022831325480766114,-0.010921521553540037,1.1759794310836669,0.0017978375826293506,0.022833644440492875,0.0017959335626236504,1.145406110418579,2.2161973473405587,2.295280567482906,2.333604117761845,1.1316085300785346,1.171989070469736,1.1915573893518885,3.5298957547099855e-06,,
