sample_name,porosity,nu,g,all_converged,total_iterations,iterations_x,iterations_y,iterations_z,K_star_xx,K_star_xy,K_star_xz,K_star_yx,K_star_yy,K_star_yz,K_star_zx,K_star_zy,K_star_zz,K_xx,K_xy,K_xz,K_yx,K_yy,K_yz,K_zx,K_zy,K_zz,K_star_eig1,K_star_eig2,K_star_eig3,K_eig1,K_eig2,K_eig3,symmetry_error,error_type,error_message
eps_0.02_coeffs_0.757_1.35_0.71_38.571_81.234_-2024.577_m_-0.396_rho_0.371_,0.6287646293640137,0.16666666666666666,1e-05,True,30000,10000,12500,7500,4.110130454582482,0.3449895901513449,0.7023419505836059,0.3449580602451664,3.805832292184052,0.09171238714697831,0.7023187411759868,0.09149895019633486,4.869960072361577,2.5843046519132993,0.21691725178595336,0.4416077762454994,0.21689742689618116,2.3929727306167003,0.057665505112558746,0.44159318299092,0.05753130350739483,3.062058639915972,3.4781744685846947,3.9754587219094857,5.332289628633936,2.18695308060303,2.499627829833353,3.35275511200959,4.088652340567388e-05,,
