sample_name,porosity,nu,g,all_converged,total_iterations,iterations_x,iterations_y,iterations_z,K_star_xx,K_star_xy,K_star_xz,K_star_yx,K_star_yy,K_star_yz,K_star_zx,K_star_zy,K_star_zz,K_xx,K_xy,K_xz,K_yx,K_yy,K_yz,K_zx,K_zy,K_zz,K_star_eig1,K_star_eig2,K_star_eig3,K_eig1,K_eig2,K_eig3,symmetry_error,error_type,error_message
eps_0.02_coeffs_0.538_0.732_0.461_37.732_86.241_-3194.551_m_-0.516_rho_0.485_,0.5154151916503906,0.16666666666666666,1e-05,True,42500,12500,15000,15000,1.8643024024816706,-0.14172543520163322,0.15975722618644778,-0.14169756517116805,1.7565798614684303,0.11591444821679393,0.15976653714466935,0.11588586000793613,1.7981817155733546,0.9608897800693739,-0.07304744234618481,0.08234130135242279,-0.0730330777090913,0.9053679459479675,0.059744067542708126,0.082346100361739,0.05972933274556074,0.9268101735544688,1.5265246970932829,1.8892117136160147,2.0033275688141576,0.7867940193113888,0.973728417441561,1.0325454628188602,1.8414748102435465e-05,,
