sample_name,porosity,nu,g,all_converged,total_iterations,iterations_x,iterations_y,iterations_z,K_star_xx,K_star_xy,K_star_xz,K_star_yx,K_star_yy,K_star_yz,K_star_zx,K_star_zy,K_star_zz,K_xx,K_xy,K_xz,K_yx,K_yy,K_yz,K_zx,K_zy,K_zz,K_star_eig1,K_star_eig2,K_star_eig3,K_eig1,K_eig2,K_eig3,symmetry_error,error_type,error_message
eps_0.02_coeffs_0.593_1.445_0.791_44.505_144.996_-29.519_m_-0.399_rho_0.338_,0.6624050140380859,0.16666666666666666,1e-05,True,142500,40000,72500,30000,8.111808108317128,1.4138721158934193,4.220992618870152,1.4115266524042063,5.478936194958593,2.928638312566449,4.210690026954634,2.9242405121634256,27.275288263867417,5.373302363864067,0.9365559787764387,2.7960066749573405,0.9350023320009407,3.629274807135324,1.939944702548055,2.7891821864149127,1.9370315775103535,18.067287705319938,4.80249987402498,7.4734681070017155,28.590064586116448,3.181199996471423,4.950462746331659,18.93820213351625,0.0005405906653925704,,
