sample_name,porosity,nu,g,all_converged,total_iterations,iterations_x,iterations_y,iterations_z,K_star_xx,K_star_xy,K_star_xz,K_star_yx,K_star_yy,K_star_yz,K_star_zx,K_star_zy,K_star_zz,K_xx,K_xy,K_xz,K_yx,K_yy,K_yz,K_zx,K_zy,K_zz,K_star_eig1,K_star_eig2,K_star_eig3,K_eig1,K_eig2,K_eig3,symmetry_error,error_type,error_message
eps_0.02_coeffs_0.791_0.568_0.535_38.738_79.713_-2164.373_m_-0.606_rho_0.434_,0.5661196708679199,0.16666666666666666,1e-05,True,25000,7500,10000,7500,8.09977647945711,-1.4418586174097876,0.21861580183251866,-1.4428194160208412,4.5883864414796065,-0.4616869081413628,0.2188962459973783,-0.4609407285524811,9.356102594892391,4.585442794653979,-0.816264525926103,0.12376270577995187,-0.816808452919563,2.597575822065261,-0.2613700404810159,0.12392147073825904,-0.2609476135377498,5.296673721626972,4.047034165741187,8.47331060906023,9.523920741027691,2.291105649900628,4.796907813162832,5.391678875282752,0.00013200757193213656,,
