sample_name,porosity,nu,g,all_converged,total_iterations,iterations_x,iterations_y,iterations_z,K_star_xx,K_star_xy,K_star_xz,K_star_yx,K_star_yy,K_star_yz,K_star_zx,K_star_zy,K_star_zz,K_xx,K_xy,K_xz,K_yx,K_yy,K_yz,K_zx,K_zy,K_zz,K_star_eig1,K_star_eig2,K_star_eig3,K_eig1,K_eig2,K_eig3,symmetry_error,error_type,error_message
eps_0.02_coeffs_0.364_1.482_0.672_-34.79_44.069_-81.93_m_-0.558_rho_0.508_,0.4922809600830078,0.16666666666666666,1e-05,True,35000,10000,12500,12500,2.583151759266367,-0.0965255211297678,0.0075558609209093455,-0.09651963061205501,2.530462685136638,-0.03158379792191554,0.007499598444347219,-0.03156652887131376,2.856840880957687,1.2716364280917578,-0.047517676214274746,0.0037196064683989324,-0.047514776424559715,1.2456986000932901,-0.015548102364068289,0.003691909522420281,-0.015539601139258324,1.406368371682236,2.4556972208358117,2.653782785728883,2.8609753187959983,1.208892985546227,1.3064067376103734,1.4084036767106831,1.8142017512162354e-05,,
