sample_name,porosity,nu,g,all_converged,total_iterations,iterations_x,iterations_y,iterations_z,K_star_xx,K_star_xy,K_star_xz,K_star_yx,K_star_yy,K_star_yz,K_star_zx,K_star_zy,K_star_zz,K_xx,K_xy,K_xz,K_yx,K_yy,K_yz,K_zx,K_zy,K_zz,K_star_eig1,K_star_eig2,K_star_eig3,K_eig1,K_eig2,K_eig3,symmetry_error,error_type,error_message
eps_0.02_coeffs_0.141_-0.08_0.756_33.291_65.814_-1884.263_m_-0.394_rho_0.584_,0.41588497161865234,0.16666666666666666,1e-05,True,140000,45000,47500,47500,0.520984901113522,-0.01483859065381378,0.01762559821705619,-0.014838776562465048,0.5255407894699531,-0.007925208265223426,0.01762557299765657,-0.007925401337835118,0.5057052441947576,0.2166697908133435,-0.006171146852922143,0.007330221414262184,-0.0061712241695363,0.21856451631315557,-0.0032959750144543535,0.007330210925892888,-0.0032960553104519875,0.21031521112934043,0.4940398461349418,0.5120083096208778,0.5461827790224129,0.2054637473883136,0.212936561315193,0.22714920955233286,4.244578587932318e-07,,
