sample_name,porosity,nu,g,all_converged,total_iterations,iterations_x,iterations_y,iterations_z,K_star_xx,K_star_xy,K_star_xz,K_star_yx,K_star_yy,K_star_yz,K_star_zx,K_star_zy,K_star_zz,K_xx,K_xy,K_xz,K_yx,K_yy,K_yz,K_zx,K_zy,K_zz,K_star_eig1,K_star_eig2,K_star_eig3,K_eig1,K_eig2,K_eig3,symmetry_error,error_type,error_message
eps_0.02_coeffs_0.127_1.03_0.314_54.426_50.825_-2399.32_m_-0.5_rho_0.379_,0.6207790374755859,0.16666666666666666,1e-05,True,107500,42500,30000,35000,0.7868834234507177,0.06368863555138064,-0.01115675122966776,0.0636726848645378,1.0493056038793414,-0.11189500805374754,-0.011150543184863287,-0.11188178825636987,1.0933080745157024,0.48848073421523047,0.039536569875719456,-0.006925877289707712,0.03952666802369408,0.6513869227939559,-0.06946207539792833,-0.006922023465629386,-0.0694538688248366,0.678702734162144,0.7715288976594773,0.9665735752697029,1.1913946289165807,0.47894896647365026,0.6000286137052623,0.7395928109924178,1.781056993373863e-05,,
