sample_name,porosity,nu,g,all_converged,total_iterations,iterations_x,iterations_y,iterations_z,K_star_xx,K_star_xy,K_star_xz,K_star_yx,K_star_yy,K_star_yz,K_star_zx,K_star_zy,K_star_zz,K_xx,K_xy,K_xz,K_yx,K_yy,K_yz,K_zx,K_zy,K_zz,K_star_eig1,K_star_eig2,K_star_eig3,K_eig1,K_eig2,K_eig3,symmetry_error,error_type,error_message
eps_0.02_coeffs_0.903_0.752_0.319_49.419_106.658_-751.6_m_-0.23_rho_0.693_,0.30675649642944336,0.16666666666666666,1e-05,True,202500,70000,67500,65000,0.4102485697649145,0.02582307613887805,-0.028356253139835037,0.025823382324119515,0.46052442078882183,0.057851825392366926,-0.028356434087996034,0.05785171617720596,0.3808423870894887,0.12584641392627524,0.007921396363392988,-0.008698464865042199,0.007921490287704919,0.1412688578413777,0.017746423269410387,-0.008698520372066101,0.01774638976695025,0.11682587635539743,0.3325710991232633,0.42682399698974777,0.49222028153021397,0.10201834518074138,0.13093103390858632,0.1509917690337227,7.193020472476275e-07,,
