sample_name,porosity,nu,g,all_converged,total_iterations,iterations_x,iterations_y,iterations_z,K_star_xx,K_star_xy,K_star_xz,K_star_yx,K_star_yy,K_star_yz,K_star_zx,K_star_zy,K_star_zz,K_xx,K_xy,K_xz,K_yx,K_yy,K_yz,K_zx,K_zy,K_zz,K_star_eig1,K_star_eig2,K_star_eig3,K_eig1,K_eig2,K_eig3,symmetry_error,error_type,error_message
eps_0.02_coeffs_0.497_0.989_0.477_56.106_117.056_-2731.007_m_-0.418_rho_0.489_,0.5105929374694824,0.16666666666666666,1e-05,True,62500,20000,22500,20000,0.9764534314679726,0.04327158661787859,-0.12648215820929376,0.04327853412996343,1.0264918416471838,-0.025927888145907914,-0.12647408447417816,-0.025937320744489244,1.4369870923007073,0.4985702258753881,0.022094166520187773,-0.06458089669756312,0.022097713870791277,0.5241194847150944,-0.013238596570799293,-0.06457677430543408,-0.013243412789016905,0.7337154605635484,0.9305536512237723,1.0370419528599497,1.4723367613321419,0.4751341222512982,0.5295062969898503,0.7517647519128822,9.925961711344504e-06,,
