sample_name,porosity,nu,g,all_converged,total_iterations,iterations_x,iterations_y,iterations_z,K_star_xx,K_star_xy,K_star_xz,K_star_yx,K_star_yy,K_star_yz,K_star_zx,K_star_zy,K_star_zz,K_xx,K_xy,K_xz,K_yx,K_yy,K_yz,K_zx,K_zy,K_zz,K_star_eig1,K_star_eig2,K_star_eig3,K_eig1,K_eig2,K_eig3,symmetry_error,error_type,error_message
eps_0.02_coeffs_0.665_1.064_0.5_-23.55_114.693_813.443_m_-0.43_rho_0.327_,0.6729893684387207,0.16666666666666666,1e-05,True,27500,10000,7500,10000,3.391370917727334,-0.38956554576030944,-0.009027847960419721,-0.38964261012691004,3.5444223311835383,0.07577929360343215,-0.009115477896702346,0.07576337538289683,3.196660458507483,2.282356572062763,-0.2621734706067162,-0.006075645697243661,-0.26222533410612386,2.3853585461433076,0.05099865894290619,-0.00613461971271883,0.05098794614972146,2.1513185030839823,3.0581492872354046,3.2031724488165283,3.8711319713664225,2.058101957407878,2.155701003329346,2.6052306605528286,2.8316987715980973e-05,,
