sample_name,porosity,nu,g,all_converged,total_iterations,iterations_x,iterations_y,iterations_z,K_star_xx,K_star_xy,K_star_xz,K_star_yx,K_star_yy,K_star_yz,K_star_zx,K_star_zy,K_star_zz,K_xx,K_xy,K_xz,K_yx,K_yy,K_yz,K_zx,K_zy,K_zz,K_star_eig1,K_star_eig2,K_star_eig3,K_eig1,K_eig2,K_eig3,symmetry_error,error_type,error_message
eps_0.02_coeffs_0.285_0.187_0.559_99.879_138.341_-832.503_m_-0.23_rho_0.567_,0.43311214447021484,0.16666666666666666,1e-05,True,112500,47500,32500,32500,0.16662117550995542,-3.6124260400628478e-12,3.2695054895464583e-12,-7.501093259006796e-13,0.16662027017654785,-3.9512236705169894e-13,5.825675882573864e-13,-3.8934028687392207e-13,0.16661625077592374,0.07216565463926483,-1.5645855889516662e-12,1.4160625339346062e-12,-3.248814587279506e-13,0.07216526252837122,-1.711322957219087e-13,2.523170974489978e-13,-1.6862800657661302e-13,0.07216352167714743,0.16661625077592374,0.1666202701765478,0.16662117550995542,0.07216352167714742,0.0721652625283712,0.07216565463926483,1.923827588651162e-11,,
