sample_name,porosity,nu,g,all_converged,total_iterations,iterations_x,iterations_y,iterations_z,K_star_xx,K_star_xy,K_star_xz,K_star_yx,K_star_yy,K_star_yz,K_star_zx,K_star_zy,K_star_zz,K_xx,K_xy,K_xz,K_yx,K_yy,K_yz,K_zx,K_zy,K_zz,K_star_eig1,K_star_eig2,K_star_eig3,K_eig1,K_eig2,K_eig3,symmetry_error,error_type,error_message
eps_0.02_coeffs_0.563_1.08_0.424_106.402_41.251_-3916.588_m_-0.308_rho_0.437_,0.5627779960632324,0.16666666666666666,1e-05,True,80000,22500,22500,35000,1.4462615019533591,-0.08026576758456197,-0.37889346296511167,-0.08027906340958818,1.6848798483391187,-0.13541723136472492,-0.37889944058521124,-0.1354237967122396,1.4685411161745714,0.8139241498527121,-0.045171807833716944,-0.21323290380896412,-0.0451792904314812,0.9482133046556122,-0.07620983809987099,-0.213236267882025,-0.07621353293298877,0.8264626264971879,1.0422938818360066,1.7082656910592668,1.8491228935717767,0.5865800621286354,0.9613743423579073,1.0406456765189702,8.298410463575534e-06,,
