sample_name,porosity,nu,g,all_converged,total_iterations,iterations_x,iterations_y,iterations_z,K_star_xx,K_star_xy,K_star_xz,K_star_yx,K_star_yy,K_star_yz,K_star_zx,K_star_zy,K_star_zz,K_xx,K_xy,K_xz,K_yx,K_yy,K_yz,K_zx,K_zy,K_zz,K_star_eig1,K_star_eig2,K_star_eig3,K_eig1,K_eig2,K_eig3,symmetry_error,error_type,error_message
eps_0.02_coeffs_0.451_-0.547_0.471_48.91_93.425_-98.213_m_-0.502_rho_0.33_,0.6699209213256836,0.16666666666666666,1e-05,True,22500,7500,7500,7500,8.000987808051756,-1.5962294251065712,0.515581065342925,-1.5943688858249765,12.78520703491074,-1.8763014410271135,0.515333284225553,-1.880259595506397,6.965475159752399,5.360029123885594,-1.0693474871145605,0.3453985423126098,-1.0681010729248719,8.565077676167014,-1.2569735900575916,0.34523254855817287,-1.2596252405531025,4.666317536492491,6.409278112087188,7.520530089067845,13.821861801559857,4.293709497881987,5.038160446125858,9.259554392537254,0.00036462775458312067,,
