sample_name,porosity,nu,g,all_converged,total_iterations,iterations_x,iterations_y,iterations_z,K_star_xx,K_star_xy,K_star_xz,K_star_yx,K_star_yy,K_star_yz,K_star_zx,K_star_zy,K_star_zz,K_xx,K_xy,K_xz,K_yx,K_yy,K_yz,K_zx,K_zy,K_zz,K_star_eig1,K_star_eig2,K_star_eig3,K_eig1,K_eig2,K_eig3,symmetry_error,error_type,error_message
eps_0.02_coeffs_0.931_0.334_0.749_12.673_90.047_-813.976_m_-0.493_rho_0.523_,0.4770665168762207,0.16666666666666666,1e-05,True,27500,7500,10000,10000,9.191509638028613,-0.05244826719236213,-0.10168958739932055,-0.05560871240334273,5.627876562581804,0.13874235468428767,-0.10437051042915454,0.13810022267036381,7.228572220819206,4.384961487848522,-0.025021312145653563,-0.04851269726317388,-0.026529054734234208,2.684871469120219,0.06618933189243832,-0.04979167587503003,0.06588299220918095,3.448509771374426,5.615443460676444,7.234362485691516,9.198152475061665,2.678940052500261,3.4512721128688497,4.388130562974057,0.0004569380480422673,,
