sample_name,porosity,nu,g,all_converged,total_iterations,iterations_x,iterations_y,iterations_z,K_star_xx,K_star_xy,K_star_xz,K_star_yx,K_star_yy,K_star_yz,K_star_zx,K_star_zy,K_star_zz,K_xx,K_xy,K_xz,K_yx,K_yy,K_yz,K_zx,K_zy,K_zz,K_star_eig1,K_star_eig2,K_star_eig3,K_eig1,K_eig2,K_eig3,symmetry_error,error_type,error_message
eps_0.02_coeffs_0.418_1.33_0.355_66.397_108.397_863.419_m_-0.213_rho_0.57_,0.4301590919494629,0.16666666666666666,1e-05,True,90000,70000,10000,10000,0.16664275413399351,5.09517417828497e-08,-3.024856624456909e-08,-4.0747037076992153e-13,2.7131728492106344,-2.5465230866142017,-9.17280704147327e-14,-2.546529755691546,2.713165891281923,0.07168289579823625,2.1917354978554133e-08,-1.3011695788537015e-08,-1.7527708468670042e-13,1.1670959691183835,-1.0954100585663085,-3.945766347587781e-14,-1.0954129273305628,1.1670929761020872,0.16663961455235596,0.16664275413399351,5.2596991259402,0.07168154527865066,0.07168289579823625,2.2625073999418195,1.7914378852579376e-06,,
