sample_name,porosity,nu,g,all_converged,total_iterations,iterations_x,iterations_y,iterations_z,K_star_xx,K_star_xy,K_star_xz,K_star_yx,K_star_yy,K_star_yz,K_star_zx,K_star_zy,K_star_zz,K_xx,K_xy,K_xz,K_yx,K_yy,K_yz,K_zx,K_zy,K_zz,K_star_eig1,K_star_eig2,K_star_eig3,K_eig1,K_eig2,K_eig3,symmetry_error,error_type,error_message
eps_0.02_coeffs_0.716_0.256_0.621_70.677_51.774_-4131.924_m_-0.226_rho_0.415_,0.5846433639526367,0.16666666666666666,1e-05,True,37500,12500,12500,12500,2.556423260735893,-0.235170512376528,0.13018598522035024,-0.2351614595149735,2.7020202868504275,0.04856434754101174,0.1301558311929098,0.04857829969721549,2.7342158647846904,1.494595894843401,-0.1374908794582785,0.0761123723387138,-0.1374855867628459,1.5797182299725023,0.028392823514542066,0.0760947429866743,0.02840098055007942,1.598541160960389,2.3377301997502706,2.7672241116438014,2.8877051009769388,1.3667384479956677,1.6178392134422783,1.6882776243383462,1.0512527502253795e-05,,
