sample_name,porosity,nu,g,all_converged,total_iterations,iterations_x,iterations_y,iterations_z,K_star_xx,K_star_xy,K_star_xz,K_star_yx,K_star_yy,K_star_yz,K_star_zx,K_star_zy,K_star_zz,K_xx,K_xy,K_xz,K_yx,K_yy,K_yz,K_zx,K_zy,K_zz,K_star_eig1,K_star_eig2,K_star_eig3,K_eig1,K_eig2,K_eig3,symmetry_error,error_type,error_message
eps_0.02_coeffs_0.24_0.783_0.638_9.506_36.335_-3275.844_m_-0.331_rho_0.56_,0.4403672218322754,0.16666666666666666,1e-05,True,57500,20000,20000,17500,1.1459276273185608,0.011051898716113541,0.018011393507641797,0.011051780810646936,1.1452747950827131,0.008453127911816911,0.01801136280271327,0.008453707398527657,1.1528742962863456,0.5046289656631257,0.004866893933586611,0.0079316273202881,0.004866842011883843,0.5043414797451029,0.0037224804543196767,0.007931613798844028,0.0037227356412725763,0.5076880509774575,1.1300996295095418,1.1398202374642807,1.1741568517137972,0.49765883424080043,0.5019394713603498,0.5170601907845357,4.2109538504651965e-07,,
