sample_name,porosity,nu,g,all_converged,total_iterations,iterations_x,iterations_y,iterations_z,K_star_xx,K_star_xy,K_star_xz,K_star_yx,K_star_yy,K_star_yz,K_star_zx,K_star_zy,K_star_zz,K_xx,K_xy,K_xz,K_yx,K_yy,K_yz,K_zx,K_zy,K_zz,K_star_eig1,K_star_eig2,K_star_eig3,K_eig1,K_eig2,K_eig3,symmetry_error,error_type,error_message
eps_0.02_coeffs_0.402_-0.493_0.935_36.664_132.533_-2227.582_m_-0.424_rho_0.342_,0.6579537391662598,0.16666666666666666,1e-05,True,57500,17500,20000,20000,1.255767873314019,-0.05986005032454408,-0.22771955413342762,-0.05984629088978416,1.2711703280526465,-0.0007081443712289293,-0.2277215780877798,-0.0007284318077542408,1.4039082937510177,0.8262371677718208,-0.03938514393771426,-0.1498289321233622,-0.039376090866165156,0.8363712704594398,-0.00046592623691961394,-0.14983026379169612,-0.0004792744316395408,0.9237067113200059,1.0778703421062028,1.2796497893329986,1.5733263636784818,0.7091888219251915,0.8419503637149625,1.0351759639111118,1.5145887551192023e-05,,
