sample_name,porosity,nu,g,all_converged,total_iterations,iterations_x,iterations_y,iterations_z,K_star_xx,K_star_xy,K_star_xz,K_star_yx,K_star_yy,K_star_yz,K_star_zx,K_star_zy,K_star_zz,K_xx,K_xy,K_xz,K_yx,K_yy,K_yz,K_zx,K_zy,K_zz,K_star_eig1,K_star_eig2,K_star_eig3,K_eig1,K_eig2,K_eig3,symmetry_error,error_type,error_message
eps_0.02_coeffs_0.48_0.33_0.736_46.143_129.949_-2634.018_m_-0.643_rho_0.487_,0.5126585960388184,0.16666666666666666,1e-05,True,45000,15000,15000,15000,3.4042826229033696,-0.11348550035825894,0.07020075461575243,-0.11350348899284522,3.11116749823359,-0.3222775660387765,0.07033737487998595,-0.32204913018668296,2.9064181083208407,1.7452347499769876,-0.058179317284427844,0.03598902030217724,-0.05818853931257951,1.594966761686035,-0.16521836454024671,0.03605905985502965,-0.16510125493702751,1.4900002269135604,2.670715364837255,3.239362263677899,3.5117906009426463,1.3691651893567676,1.6606869101582402,1.8003496390615752,6.89294622256204e-05,,
