sample_name,porosity,nu,g,all_converged,total_iterations,iterations_x,iterations_y,iterations_z,K_star_xx,K_star_xy,K_star_xz,K_star_yx,K_star_yy,K_star_yz,K_star_zx,K_star_zy,K_star_zz,K_xx,K_xy,K_xz,K_yx,K_yy,K_yz,K_zx,K_zy,K_zz,K_star_eig1,K_star_eig2,K_star_eig3,K_eig1,K_eig2,K_eig3,symmetry_error,error_type,error_message
eps_0.02_coeffs_0.453_-0.251_0.517_70.1_139.617_-1298.605_m_-0.602_rho_0.336_,0.6636471748352051,0.16666666666666666,1e-05,True,22500,7500,7500,7500,8.321757818081597,0.33483216055571857,-0.5088303355960856,0.332668913495689,10.192331704441806,-0.33537541896983075,-0.512579363718204,-0.3371382560987795,11.544568676893263,5.522711065632632,0.22221041739677042,-0.3376838146887915,0.22077478459691124,6.764112140636095,-0.2225709493085014,-0.3401718466104131,-0.22374085118882286,7.661520387111215,8.202770568354063,10.133864332265755,11.722023298796849,5.443745513509544,6.725310434271418,7.779287645598978,0.0003769864653849942,,
