sample_name,porosity,nu,g,all_converged,total_iterations,iterations_x,iterations_y,iterations_z,K_star_xx,K_star_xy,K_star_xz,K_star_yx,K_star_yy,K_star_yz,K_star_zx,K_star_zy,K_star_zz,K_xx,K_xy,K_xz,K_yx,K_yy,K_yz,K_zx,K_zy,K_zz,K_star_eig1,K_star_eig2,K_star_eig3,K_eig1,K_eig2,K_eig3,symmetry_error,error_type,error_message
eps_0.02_coeffs_0.99_0.449_0.858_0.125_47.825_-566.616_m_-0.231_rho_0.387_,0.6131396293640137,0.16666666666666666,1e-05,True,22500,7500,7500,7500,6.2647650964478645,0.025848951761540524,-0.2470870755852219,0.02550860211776172,6.371812916231315,-0.48164819348884147,-0.24689338282522547,-0.4817907682818902,5.7207165869150245,3.841175749288653,0.015849016702519224,-0.15149887794496097,0.015640334848078516,3.906811009834904,-0.295317594839595,-0.15138011723788627,-0.29540501309536155,3.5075980477976434,5.41394230157788,6.265056967704997,6.678295330311327,3.3195025761876162,3.8413547071230747,4.094727523610513,5.5404346058202954e-05,,
