sample_name,porosity,nu,g,all_converged,total_iterations,iterations_x,iterations_y,iterations_z,K_star_xx,K_star_xy,K_star_xz,K_star_yx,K_star_yy,K_star_yz,K_star_zx,K_star_zy,K_star_zz,K_xx,K_xy,K_xz,K_yx,K_yy,K_yz,K_zx,K_zy,K_zz,K_star_eig1,K_star_eig2,K_star_eig3,K_eig1,K_eig2,K_eig3,symmetry_error,error_type,error_message
eps_0.02_coeffs_0.338_-0.539_0.742_-30.961_66.353_334.914_m_-0.39_rho_0.474_,0.5259876251220703,0.16666666666666666,1e-05,True,37500,15000,12500,10000,2.132915606109655,-0.0017048821552621812,0.030915691375600105,-0.001702800647568736,2.0740740750190434,0.03651450160333927,0.030910252592143427,0.03651345413500824,2.163265329535896,1.1218872142434186,-0.0008967469159593515,0.01626127108565877,-0.0008956520686710028,1.0909372970465214,0.019206175980856454,0.01625841035286484,0.019205625025476625,1.1378507931914987,2.0588865317537155,2.120688114879141,2.1906803640317376,1.0829488372329532,1.11545570516988,1.1522707620786061,2.2744517413777654e-06,,
