sample_name,porosity,nu,g,all_converged,total_iterations,iterations_x,iterations_y,iterations_z,K_star_xx,K_star_xy,K_star_xz,K_star_yx,K_star_yy,K_star_yz,K_star_zx,K_star_zy,K_star_zz,K_xx,K_xy,K_xz,K_yx,K_yy,K_yz,K_zx,K_zy,K_zz,K_star_eig1,K_star_eig2,K_star_eig3,K_eig1,K_eig2,K_eig3,symmetry_error,error_type,error_message
eps_0.02_coeffs_0.472_1.054_0.832_14.982_114.495_-1958.698_m_-0.519_rho_0.394_,0.6058034896850586,0.16666666666666666,1e-05,True,32500,10000,12500,10000,3.148959642273714,-0.11570540024328788,0.0589905382772827,-0.11568486146733437,3.152067159966918,0.11415499429707032,0.05896586894594101,0.11415593905946014,3.1376690363492044,1.9076507401668297,-0.07009473524279022,0.03573667394677788,-0.07008229278064372,1.9095332852296307,0.06915549391014317,0.03572172917976289,0.06915606625049583,1.900810851697103,2.9521415305504557,3.2020991386852353,3.2844551693541453,1.7884176412516561,1.939842832533036,1.9897344033088706,8.325697062974312e-06,,
