sample_name,porosity,nu,g,all_converged,total_iterations,iterations_x,iterations_y,iterations_z,K_star_xx,K_star_xy,K_star_xz,K_star_yx,K_star_yy,K_star_yz,K_star_zx,K_star_zy,K_star_zz,K_xx,K_xy,K_xz,K_yx,K_yy,K_yz,K_zx,K_zy,K_zz,K_star_eig1,K_star_eig2,K_star_eig3,K_eig1,K_eig2,K_eig3,symmetry_error,error_type,error_message
eps_0.02_coeffs_0.545_0.781_0.493_30.798_26.467_-1860.814_m_-0.333_rho_0.414_,0.5856266021728516,0.16666666666666666,1e-05,True,30000,10000,10000,10000,4.886101715242071,-0.5518893431393297,0.06910912227273922,-0.551955922013613,4.505031340897676,-0.31338335992351246,0.06906899265035164,-0.313411039801486,5.460248654570828,2.861431145368156,-0.3232010807980926,0.04047214045573241,-0.3232400711580156,2.6382661968521113,-0.18352563224951837,0.04044863948132709,-0.18354184232240459,3.197666866595198,4.077007899902047,5.128963657569689,5.64541015323884,2.387604283451507,3.003657559450578,3.30610236591338,1.34933287701218e-05,,
