sample_name,porosity,nu,g,all_converged,total_iterations,iterations_x,iterations_y,iterations_z,K_star_xx,K_star_xy,K_star_xz,K_star_yx,K_star_yy,K_star_yz,K_star_zx,K_star_zy,K_star_zz,K_xx,K_xy,K_xz,K_yx,K_yy,K_yz,K_zx,K_zy,K_zz,K_star_eig1,K_star_eig2,K_star_eig3,K_eig1,K_eig2,K_eig3,symmetry_error,error_type,error_message
eps_0.02_coeffs_0.452_-0.643_0.338_32.345_89.389_-683.866_m_-0.242_rho_0.64_,0.36037778854370117,0.16666666666666666,1e-05,True,335000,107500,112500,115000,0.3234360757688082,-0.011610477579450584,0.00022548963368823247,-0.01161025448479072,0.29939293097327335,0.0012989169533590634,0.00022558899894081078,0.0012988977553155133,0.27764036490527827,0.11655917772081606,-0.004184158234018626,8.126145552809447e-05,-0.004184077835658468,0.10789456236976523,0.0004681008191534611,8.129726455807673e-05,0.00046809390060498213,0.1000554207150304,0.2775420437471222,0.29479854243258125,0.3281287854676562,0.10001998795348706,0.10623884678776015,0.11825032606436452,6.647682316537676e-07,,
