sample_name,porosity,nu,g,all_converged,total_iterations,iterations_x,iterations_y,iterations_z,K_star_xx,K_star_xy,K_star_xz,K_star_yx,K_star_yy,K_star_yz,K_star_zx,K_star_zy,K_star_zz,K_xx,K_xy,K_xz,K_yx,K_yy,K_yz,K_zx,K_zy,K_zz,K_star_eig1,K_star_eig2,K_star_eig3,K_eig1,K_eig2,K_eig3,symmetry_error,error_type,error_message
eps_0.02_coeffs_0.977_0.975_0.706_9.268_66.285_-3807.362_m_-0.216_rho_0.36_,0.6404561996459961,0.16666666666666666,1e-05,True,27500,10000,7500,10000,2.7594162236977806,0.01200526429576488,0.00844113093948724,0.012003915362395754,2.791662256207368,-0.012065507810902225,0.008444234932582678,-0.01206382888849421,2.7970220571969446,1.7672852278709863,0.00768884594661134,0.005406174642218234,0.0076879820138721746,1.787937399305738,-0.007727429279369521,0.005408162613839866,-0.007726354003104582,1.7913701170783811,2.7521978010668926,2.789180532391802,2.806722203643399,1.762662144345369,1.7863479639022495,1.797582636007487,1.1084950645086597e-06,,
