sample_name,porosity,nu,g,all_converged,total_iterations,iterations_x,iterations_y,iterations_z,K_star_xx,K_star_xy,K_star_xz,K_star_yx,K_star_yy,K_star_yz,K_star_zx,K_star_zy,K_star_zz,K_xx,K_xy,K_xz,K_yx,K_yy,K_yz,K_zx,K_zy,K_zz,K_star_eig1,K_star_eig2,K_star_eig3,K_eig1,K_eig2,K_eig3,symmetry_error,error_type,error_message
eps_0.02_coeffs_0.888_0.496_0.901_61.311_122.157_-3452.169_m_-0.301_rho_0.371_,0.6292400360107422,0.16666666666666666,1e-05,True,35000,12500,10000,12500,2.6378920205997898,0.046584520614983395,0.0968256685955385,0.0465808858404172,2.784487258241918,0.08189193744165361,0.09681375847100586,0.08188887070357148,2.7699175810641834,1.6598672700346613,0.029312845429315313,0.06092658719382083,0.02931055828363639,1.7521108626475972,0.05152968566477557,0.060919092866631025,0.05152775595039433,1.7429430384556146,2.586673870296729,2.7069008925465785,2.8987220970625835,1.6276387592935595,1.7032904151035193,1.8239919967407952,3.830272409486814e-06,,
