sample_name,porosity,nu,g,all_converged,total_iterations,iterations_x,iterations_y,iterations_z,K_star_xx,K_star_xy,K_star_xz,K_star_yx,K_star_yy,K_star_yz,K_star_zx,K_star_zy,K_star_zz,K_xx,K_xy,K_xz,K_yx,K_yy,K_yz,K_zx,K_zy,K_zz,K_star_eig1,K_star_eig2,K_star_eig3,K_eig1,K_eig2,K_eig3,symmetry_error,error_type,error_message
eps_0.02_coeffs_0.475_0.929_0.908_59.563_101.691_-3647.638_m_-0.534_rho_0.418_,0.5818376541137695,0.16666666666666666,1e-05,True,40000,12500,12500,15000,2.514496906198847,-0.9205158901697552,0.2165579839440569,-0.9205198286017248,3.1513695110090154,-0.6583887191557792,0.21654847570001917,-0.6583379194004042,2.577307944905126,1.4630289811790682,-0.5355908061108187,0.12600158935761743,-0.5355930976388368,1.8335854435311425,-0.383075347848568,0.1259960571032118,-0.38304579063807104,1.4995748085923788,1.7854469849613814,2.3591752441451854,4.09855213300642,1.0388402852744336,1.3726569896967142,2.384691958331442,1.450110200993082e-05,,
