sample_name,porosity,nu,g,all_converged,total_iterations,iterations_x,iterations_y,iterations_z,K_star_xx,K_star_xy,K_star_xz,K_star_yx,K_star_yy,K_star_yz,K_star_zx,K_star_zy,K_star_zz,K_xx,K_xy,K_xz,K_yx,K_yy,K_yz,K_zx,K_zy,K_zz,K_star_eig1,K_star_eig2,K_star_eig3,K_eig1,K_eig2,K_eig3,symmetry_error,error_type,error_message
eps_0.02_coeffs_0.991_1.016_0.277_90.222_142.998_-3506.116_m_-0.477_rho_0.506_,0.4940824508666992,0.16666666666666666,1e-05,True,47500,17500,15000,15000,1.5687204006861146,0.01708564682892749,-0.030719987167231275,0.017079577365582875,1.4228454859276256,0.041066611326347695,-0.030720200686535304,0.04106348438164397,1.5085240370017696,0.7750772202955859,0.008441718259879341,-0.015178206550179176,0.008438719444554588,0.7030029848917408,0.02029029197291202,-0.01517831204632022,0.020288747004409077,0.7453352533931616,1.401769280424418,1.516690890606851,1.5816297525842407,0.692589601621746,0.7493703524382298,0.7814555045205128,3.7136580087589066e-06,,
