sample_name,porosity,nu,g,all_converged,total_iterations,iterations_x,iterations_y,iterations_z,K_star_xx,K_star_xy,K_star_xz,K_star_yx,K_star_yy,K_star_yz,K_star_zx,K_star_zy,K_star_zz,K_xx,K_xy,K_xz,K_yx,K_yy,K_yz,K_zx,K_zy,K_zz,K_star_eig1,K_star_eig2,K_star_eig3,K_eig1,K_eig2,K_eig3,symmetry_error,error_type,error_message
eps_0.02_coeffs_0.775_0.816_0.907_82.219_145.477_-3250.367_m_-0.55_rho_0.545_,0.4546847343444824,0.16666666666666666,1e-05,True,57500,20000,20000,17500,1.5803144935783187,-0.3527069868059257,0.23686203509742343,-0.3527210390847656,1.9167108787330553,-0.3576125232865085,0.23689450761645223,-0.35757581820315,1.9230119078357903,0.7185448756933931,-0.1603704825972952,0.10769755150456545,-0.16037687195396644,0.8714991767119187,-0.16260095514878614,0.10771231626325355,-0.1625842659077102,0.8743641584555927,1.3574663054835239,1.589145087592203,2.4734258870714374,0.617219206490362,0.7225600119867002,1.1246289923838424,2.2265415905421564e-05,,
