sample_name,porosity,nu,g,all_converged,total_iterations,iterations_x,iterations_y,iterations_z,K_star_xx,K_star_xy,K_star_xz,K_star_yx,K_star_yy,K_star_yz,K_star_zx,K_star_zy,K_star_zz,K_xx,K_xy,K_xz,K_yx,K_yy,K_yz,K_zx,K_zy,K_zz,K_star_eig1,K_star_eig2,K_star_eig3,K_eig1,K_eig2,K_eig3,symmetry_error,error_type,error_message
eps_0.02_coeffs_0.409_0.697_0.39_79.714_81.738_-3097.289_m_-0.555_rho_0.44_,0.5604887008666992,0.16666666666666666,1e-05,True,82500,22500,30000,30000,1.5398389356388895,0.037195846663582714,-0.0884242047930025,0.03716760674045917,1.637940461430476,0.04218490763578558,-0.08836400066959425,0.04219724880586025,1.6820211445756164,0.863062324580202,0.020847851774108424,-0.04956076766960093,0.020832023616284334,0.9180471213241693,0.023644164076963157,-0.04952702393868502,0.023651081163345487,0.9427538461535057,1.4803132924631945,1.6491602105553766,1.73032703862641,0.829698874168402,0.924335663935235,0.9698287539542395,3.4019290680581514e-05,,
