sample_name,porosity,nu,g,all_converged,total_iterations,iterations_x,iterations_y,iterations_z,K_star_xx,K_star_xy,K_star_xz,K_star_yx,K_star_yy,K_star_yz,K_star_zx,K_star_zy,K_star_zz,K_xx,K_xy,K_xz,K_yx,K_yy,K_yz,K_zx,K_zy,K_zz,K_star_eig1,K_star_eig2,K_star_eig3,K_eig1,K_eig2,K_eig3,symmetry_error,error_type,error_message
eps_0.02_coeffs_0.086_0.75_0.497_101.7_95.435_-1953.532_m_-0.214_rho_0.508_,0.4920196533203125,0.16666666666666666,1e-05,True,82500,27500,32500,22500,0.16664427552181418,9.16805031168164e-09,-3.9437873307036603e-10,9.786442167594464e-09,0.16664125235804195,-7.82410115873997e-10,-1.323655516627315e-10,-8.819145881988586e-11,0.16664387811217413,0.08199225867005765,4.510860935976784e-09,-1.9404208752218556e-10,4.815121882539116e-09,0.0819907712140665,-3.8496115396662953e-10,-6.512645284064907e-11,-4.3391930994372853e-11,0.08199206313670433,0.1666412523263592,0.16664387811213277,0.16664427555353833,0.08199077119847788,0.081992063136684,0.08199225868566655,4.732684102982748e-09,,
