sample_name,porosity,nu,g,all_converged,total_iterations,iterations_x,iterations_y,iterations_z,K_star_xx,K_star_xy,K_star_xz,K_star_yx,K_star_yy,K_star_yz,K_star_zx,K_star_zy,K_star_zz,K_xx,K_xy,K_xz,K_yx,K_yy,K_yz,K_zx,K_zy,K_zz,K_star_eig1,K_star_eig2,K_star_eig3,K_eig1,K_eig2,K_eig3,symmetry_error,error_type,error_message
eps_0.02_coeffs_0.741_0.446_0.862_18.072_99.351_-2821.612_m_-0.635_rho_0.445_,0.5548501014709473,0.16666666666666666,1e-05,True,25000,7500,10000,7500,5.850783260289243,0.4373505997569581,0.45181236096456884,0.4377763233061043,5.5152861674817695,0.5496687551088152,0.4519286858316122,0.5497738894974701,5.548693498721055,3.2463076856560065,0.24266402465352785,0.25068813432701925,0.24290023740797018,3.0601570896685715,0.3049837645475354,0.2507526771913019,0.3050420983737486,3.0786931507965627,4.981961848307947,5.326670471450234,6.606130606733888,2.7642420370580516,2.9555036515864614,3.6654122374766267,6.520051062128622e-05,,
