sample_name,porosity,nu,g,all_converged,total_iterations,iterations_x,iterations_y,iterations_z,K_star_xx,K_star_xy,K_star_xz,K_star_yx,K_star_yy,K_star_yz,K_star_zx,K_star_zy,K_star_zz,K_xx,K_xy,K_xz,K_yx,K_yy,K_yz,K_zx,K_zy,K_zz,K_star_eig1,K_star_eig2,K_star_eig3,K_eig1,K_eig2,K_eig3,symmetry_error,error_type,error_message
eps_0.02_coeffs_0.728_1.379_0.436_90.598_145.834_-2545.152_m_-0.228_rho_0.437_,0.5626506805419922,0.16666666666666666,1e-05,True,145000,50000,50000,45000,0.5489945999599194,0.020432536538209253,0.02956981914975937,0.020433308638985157,0.6185440809343268,0.0034131004117100255,0.02956964210736186,0.003412686256563313,0.5557534712575762,0.3088921852813274,0.011496380588422558,0.016637478868115743,0.011496815011449567,0.34802424808292004,0.0019203832694067995,0.016637379255090297,0.0019201502447316519,0.31269506881664977,0.5208110401968676,0.5763781316056318,0.626102980349323,0.29303468620055034,0.3242995479974307,0.3522772679829158,1.2670055159094596e-06,,
