sample_name,porosity,nu,g,all_converged,total_iterations,iterations_x,iterations_y,iterations_z,K_star_xx,K_star_xy,K_star_xz,K_star_yx,K_star_yy,K_star_yz,K_star_zx,K_star_zy,K_star_zz,K_xx,K_xy,K_xz,K_yx,K_yy,K_yz,K_zx,K_zy,K_zz,K_star_eig1,K_star_eig2,K_star_eig3,K_eig1,K_eig2,K_eig3,symmetry_error,error_type,error_message
eps_0.02_coeffs_0.51_0.803_0.617_36.791_60.289_-707.325_m_-0.525_rho_0.326_,0.6739382743835449,0.16666666666666666,1e-05,True,37500,12500,12500,12500,16.88794005956551,-3.19063804461662,-2.7098886502235895,-3.153465993630364,21.966169371101724,7.609307747637327,-2.7763704049441302,7.570493271027651,20.39110927885558,11.38142918163632,-2.1502930979714128,-1.8262976807032396,-2.125241430074438,14.803842280776975,5.128203732696039,-1.871102279757591,5.102045171308614,13.742349000158221,13.566180611908717,15.555501122851531,30.123536974762576,9.142768351565264,10.483447583905857,20.301404527100388,0.00331021818174602,,
