sample_name,porosity,nu,g,all_converged,total_iterations,iterations_x,iterations_y,iterations_z,K_star_xx,K_star_xy,K_star_xz,K_star_yx,K_star_yy,K_star_yz,K_star_zx,K_star_zy,K_star_zz,K_xx,K_xy,K_xz,K_yx,K_yy,K_yz,K_zx,K_zy,K_zz,K_star_eig1,K_star_eig2,K_star_eig3,K_eig1,K_eig2,K_eig3,symmetry_error,error_type,error_message
eps_0.02_coeffs_0.544_0.268_0.872_33.429_42.265_-3941.517_m_-0.385_rho_0.434_,0.5658102035522461,0.16666666666666666,1e-05,True,30000,10000,10000,10000,2.8471019264622064,0.10116230456905688,-0.09085184280071809,0.101140832209658,2.9479058386091133,-0.2784982999023812,-0.09087080448710848,-0.2784993409252427,2.8474796466207386,1.610919320545573,0.05723866414003239,-0.05140489966817097,0.05722651485999016,1.6679552025962772,-0.15757717975672078,-0.051415628383807206,-0.15757776877807794,1.611133038465358,2.6145847411080383,2.7988727597366023,3.229029910847418,1.479358724570936,1.5836307659034035,1.8270180711328698,8.09214923067567e-06,,
