sample_name,porosity,nu,g,all_converged,total_iterations,iterations_x,iterations_y,iterations_z,K_star_xx,K_star_xy,K_star_xz,K_star_yx,K_star_yy,K_star_yz,K_star_zx,K_star_zy,K_star_zz,K_xx,K_xy,K_xz,K_yx,K_yy,K_yz,K_zx,K_zy,K_zz,K_star_eig1,K_star_eig2,K_star_eig3,K_eig1,K_eig2,K_eig3,symmetry_error,error_type,error_message
eps_0.02_coeffs_0.995_1.022_0.424_67.061_120.449_-1670.164_m_-0.267_rho_0.393_,0.6067600250244141,0.16666666666666666,1e-05,True,50000,15000,15000,20000,2.1775974764134522,-0.06832505028928454,-0.20787688885701874,-0.06834570231121789,2.0641995991349287,-0.2230141808295055,-0.2078953137918539,-0.22299331031511588,1.8672499753901604,1.3212790992817272,-0.04145690922332063,-0.12613138628488205,-0.041469440044665726,1.2524738004264948,-0.13531608994090996,-0.12614256579880367,-0.13530342654707664,1.1329726417945702,1.6381745048152836,2.177375611628516,2.2934969344947427,0.9939788035360779,1.321144480599267,1.391602257367447,1.3764104932908888e-05,,
