sample_name,porosity,nu,g,all_converged,total_iterations,iterations_x,iterations_y,iterations_z,K_star_xx,K_star_xy,K_star_xz,K_star_yx,K_star_yy,K_star_yz,K_star_zx,K_star_zy,K_star_zz,K_xx,K_xy,K_xz,K_yx,K_yy,K_yz,K_zx,K_zy,K_zz,K_star_eig1,K_star_eig2,K_star_eig3,K_eig1,K_eig2,K_eig3,symmetry_error,error_type,error_message
eps_0.02_coeffs_0.068_0.901_0.668_10.244_82.726_-1158.064_m_-0.379_rho_0.512_,0.48763418197631836,0.16666666666666666,1e-05,True,100000,30000,40000,30000,0.6742390804266388,0.02139725920681172,-0.035128702043415734,0.021396614581679463,0.6406645339245283,0.004624494079273481,-0.03512882554804794,0.004624737824383802,0.68909341707803,0.32878202244030913,0.01043403498984888,-0.017129955884830853,0.01043372064859983,0.3124099259215266,0.0022550613874008515,-0.01713001610991115,0.0022551802458483337,0.3360255047421111,0.6229245853988556,0.6621636501948412,0.7189087958354999,0.30375932063390826,0.32289362989721443,0.3505645025728242,8.543069558466318e-07,,
