sample_name,porosity,nu,g,all_converged,total_iterations,iterations_x,iterations_y,iterations_z,K_star_xx,K_star_xy,K_star_xz,K_star_yx,K_star_yy,K_star_yz,K_star_zx,K_star_zy,K_star_zz,K_xx,K_xy,K_xz,K_yx,K_yy,K_yz,K_zx,K_zy,K_zz,K_star_eig1,K_star_eig2,K_star_eig3,K_eig1,K_eig2,K_eig3,symmetry_error,error_type,error_message
eps_0.02_coeffs_0.375_-0.169_0.856_9.657_105.886_-556.423_m_-0.311_rho_0.389_,0.6106305122375488,0.16666666666666666,1e-05,True,40000,12500,12500,15000,2.020052695793389,-0.06924003077179346,0.0728371633294551,-0.0692340138227037,2.120089506905193,-0.12697231206010356,0.07283817802955271,-0.12696855214755684,1.9099600932018412,1.2335058123791585,-0.04228007545752388,0.044476594353795175,-0.04227640132481909,1.2945913415909704,-0.07753316795324694,0.044477213960635545,-0.07753087203592256,1.1662799100651169,1.8415245591048965,1.9849081585877317,2.2236695782077964,1.1244910848242495,1.212045485622916,1.3578404935880808,2.8929851587562876e-06,,
