sample_name,porosity,nu,g,all_converged,total_iterations,iterations_x,iterations_y,iterations_z,K_star_xx,K_star_xy,K_star_xz,K_star_yx,K_star_yy,K_star_yz,K_star_zx,K_star_zy,K_star_zz,K_xx,K_xy,K_xz,K_yx,K_yy,K_yz,K_zx,K_zy,K_zz,K_star_eig1,K_star_eig2,K_star_eig3,K_eig1,K_eig2,K_eig3,symmetry_error,error_type,error_message
eps_0.02_coeffs_0.714_0.691_0.388_94.589_74.214_-2991.982_m_-0.374_rho_0.522_,0.47777462005615234,0.16666666666666666,1e-05,True,85000,32500,22500,30000,1.4509551844959028,0.3119140937251432,-0.040289539869346996,0.31192281415497786,1.461736815022257,-0.10237350380860397,-0.04029042956377691,-0.10237534252782668,1.1506360735517935,0.6932295619910344,0.1490246376196894,-0.019249319603314462,0.14902880401974036,0.6983807514193491,-0.048911461885972826,-0.01924974467673268,-0.04891234037935085,0.5497447128641111,1.096612204955013,1.182153077380307,1.7845627907346335,0.5239334795713207,0.5648027373935873,0.8526188093095866,5.266369349666141e-06,,
