sample_name,porosity,nu,g,all_converged,total_iterations,iterations_x,iterations_y,iterations_z,K_star_xx,K_star_xy,K_star_xz,K_star_yx,K_star_yy,K_star_yz,K_star_zx,K_star_zy,K_star_zz,K_xx,K_xy,K_xz,K_yx,K_yy,K_yz,K_zx,K_zy,K_zz,K_star_eig1,K_star_eig2,K_star_eig3,K_eig1,K_eig2,K_eig3,symmetry_error,error_type,error_message
eps_0.02_coeffs_0.818_1.447_0.435_-34.759_141.253_923.112_m_-0.313_rho_0.488_,0.5123848915100098,0.16666666666666666,1e-05,True,50000,17500,15000,17500,1.0669548334131822,0.011531115297292152,-0.010547720482612245,0.011531145290865666,1.0657748774098699,0.005283309129649941,-0.01054744206406159,0.005283401361411273,1.064484687061032,0.5466915365644939,0.005908369260592453,-0.005404492615161183,0.005908384628846365,0.5460869449357502,0.002707087775209529,-0.005404349957702312,0.002707135033370553,0.5454258708938337,1.0473890039533715,1.0703150125694088,1.0795103813613034,0.5366663011594257,0.5484132415969114,0.5531248096377408,2.2585871108777887e-07,,
