sample_name,porosity,nu,g,all_converged,total_iterations,iterations_x,iterations_y,iterations_z,K_star_xx,K_star_xy,K_star_xz,K_star_yx,K_star_yy,K_star_yz,K_star_zx,K_star_zy,K_star_zz,K_xx,K_xy,K_xz,K_yx,K_yy,K_yz,K_zx,K_zy,K_zz,K_star_eig1,K_star_eig2,K_star_eig3,K_eig1,K_eig2,K_eig3,symmetry_error,error_type,error_message
eps_0.02_coeffs_0.409_1.019_0.737_8.697_60.269_-1718.18_m_-0.462_rho_0.65_,0.34977054595947266,0.16666666666666666,1e-05,True,57500,17500,20000,20000,1.1301889845173365,0.06514655113493566,0.11072818244948049,0.06514561329453279,0.9733140125855315,0.03797841252903372,0.11073312914236706,0.03798210428643887,1.1057670590066995,0.3953068181520108,0.02278634475784315,0.03872945682845489,0.022786016728893414,0.3404365735720464,0.013283730084954202,0.03873118703592652,0.01328502135295735,0.3867647479327737,0.9497487596629384,1.0102952145004214,1.2492260819462082,0.33219414219163784,0.3533715087560549,0.4369424887091382,4.730777384417532e-06,,
