sample_name,porosity,nu,g,all_converged,total_iterations,iterations_x,iterations_y,iterations_z,K_star_xx,K_star_xy,K_star_xz,K_star_yx,K_star_yy,K_star_yz,K_star_zx,K_star_zy,K_star_zz,K_xx,K_xy,K_xz,K_yx,K_yy,K_yz,K_zx,K_zy,K_zz,K_star_eig1,K_star_eig2,K_star_eig3,K_eig1,K_eig2,K_eig3,symmetry_error,error_type,error_message
eps_0.02_coeffs_0.215_0.891_0.376_54.692_76.457_-216.218_m_-0.39_rho_0.477_,0.5227165222167969,0.16666666666666666,1e-05,True,30000,10000,10000,10000,12.618702167205505,0.06137988645461781,-1.3603824626843715,0.06883801240482268,14.277461601708783,-2.5223359422856197,-1.3437309489139628,-2.5095986880258927,13.348610998573331,6.59600411173122,0.0320842807816197,-0.7110943897790961,0.03598276644056563,7.463065074529073,-1.3184666716139664,-0.702390368411383,-1.3118086983647308,6.977539517599136,10.706663527642824,12.952851848152354,16.58525939169245,5.59654992371488,6.770669670855608,8.669389109288938,0.0013326611996065298,,
