sample_name,porosity,nu,g,all_converged,total_iterations,iterations_x,iterations_y,iterations_z,K_star_xx,K_star_xy,K_star_xz,K_star_yx,K_star_yy,K_star_yz,K_star_zx,K_star_zy,K_star_zz,K_xx,K_xy,K_xz,K_yx,K_yy,K_yz,K_zx,K_zy,K_zz,K_star_eig1,K_star_eig2,K_star_eig3,K_eig1,K_eig2,K_eig3,symmetry_error,error_type,error_message
eps_0.02_coeffs_0.518_-0.522_0.91_102.753_96.887_-3836.784_m_-0.225_rho_0.355_,0.6447463035583496,0.16666666666666666,1e-05,True,100000,30000,32500,37500,1.0245997822557427,0.01953363992804263,0.05887406931700891,0.019537127275345536,0.8158085025487436,-0.019421099148262694,0.0588811299714317,-0.019410320746391808,0.9213283751051089,0.66060692223608,0.012594242138645273,0.03795883856757955,0.012596490592928045,0.5259895164297749,-0.012521681886882585,0.037963390898419345,-0.012514732552118064,0.5940230642124396,0.8077858479927803,0.9022584995339544,1.05169231238286,0.5208169395600919,0.5817278324286201,0.6780747308895821,1.1769683750918769e-05,,
