sample_name,porosity,nu,g,all_converged,total_iterations,iterations_x,iterations_y,iterations_z,K_star_xx,K_star_xy,K_star_xz,K_star_yx,K_star_yy,K_star_yz,K_star_zx,K_star_zy,K_star_zz,K_xx,K_xy,K_xz,K_yx,K_yy,K_yz,K_zx,K_zy,K_zz,K_star_eig1,K_star_eig2,K_star_eig3,K_eig1,K_eig2,K_eig3,symmetry_error,error_type,error_message
eps_0.02_coeffs_0.174_1.455_0.733_101.064_28.713_-2824.372_m_-0.272_rho_0.352_,0.6483268737792969,0.16666666666666666,1e-05,True,80000,22500,22500,35000,0.8610659468683627,0.13328028743652595,-0.04453675426007632,0.13325670031135614,0.6916563521879947,-0.09131329940223123,-0.04452231104865654,-0.09126442096913294,0.6089701650259043,0.5582521934509758,0.08640919209012897,-0.028874374657712063,0.08639389992300618,0.44841940054363494,-0.05920086593592151,-0.02886501073560494,-0.059169176734195666,0.39481172331610703,0.5447691141742124,0.6621548969829912,0.9547684529250576,0.3531884567240839,0.4292928143186353,0.6190020462679988,6.189088234157379e-05,,
