sample_name,porosity,nu,g,all_converged,total_iterations,iterations_x,iterations_y,iterations_z,K_star_xx,K_star_xy,K_star_xz,K_star_yx,K_star_yy,K_star_yz,K_star_zx,K_star_zy,K_star_zz,K_xx,K_xy,K_xz,K_yx,K_yy,K_yz,K_zx,K_zy,K_zz,K_star_eig1,K_star_eig2,K_star_eig3,K_eig1,K_eig2,K_eig3,symmetry_error,error_type,error_message
eps_0.02_coeffs_0.894_0.958_0.719_64.901_109.896_-1572.802_m_-0.316_rho_0.431_,0.5687932968139648,0.16666666666666666,1e-05,True,55000,17500,17500,20000,1.513686257524745,0.8009018309251804,-0.09064435631697863,0.8009905945584949,2.384924457158233,0.32736017290352315,-0.0906120605493247,0.3274460431410574,2.0425104581439966,0.8609745967594918,0.45554759283627405,-0.051557902267114014,0.45559808099590415,1.3565290446392868,0.1862002719913845,-0.051539532650957,0.1862491144068898,1.1617662572647256,0.9793563174083064,2.035741738695914,2.9260231167227535,0.5570513085342541,1.157916255014642,1.6643023351146071,4.8837092032468296e-05,,
