sample_name,porosity,nu,g,all_converged,total_iterations,iterations_x,iterations_y,iterations_z,K_star_xx,K_star_xy,K_star_xz,K_star_yx,K_star_yy,K_star_yz,K_star_zx,K_star_zy,K_star_zz,K_xx,K_xy,K_xz,K_yx,K_yy,K_yz,K_zx,K_zy,K_zz,K_star_eig1,K_star_eig2,K_star_eig3,K_eig1,K_eig2,K_eig3,symmetry_error,error_type,error_message
eps_0.02_coeffs_0.296_0.993_0.439_-12.763_41.281_845.215_m_-0.342_rho_0.552_,0.4480118751525879,0.16666666666666666,1e-05,True,252500,90000,75000,87500,0.16665869544871792,-6.948208702019583e-09,2.1965676739022435e-08,1.201401293738264e-09,0.16665840935820603,-3.621392158093109e-09,1.8102425178509357e-08,-4.704844725366813e-09,0.16665758626376417,0.07466507465846418,-3.1128800095433222e-09,9.840884024845023e-09,5.382420464184247e-10,0.07466494648651749,-1.6224266914101708e-09,8.110101449033398e-09,-2.107826307713348e-09,0.07466457773043317,0.16665758594130273,0.16665840938089035,0.16665869574849498,0.07466457758596663,0.07466494649668035,0.07466507479276786,4.4503414495334774e-08,,
