sample_name,porosity,nu,g,all_converged,total_iterations,iterations_x,iterations_y,iterations_z,K_star_xx,K_star_xy,K_star_xz,K_star_yx,K_star_yy,K_star_yz,K_star_zx,K_star_zy,K_star_zz,K_xx,K_xy,K_xz,K_yx,K_yy,K_yz,K_zx,K_zy,K_zz,K_star_eig1,K_star_eig2,K_star_eig3,K_eig1,K_eig2,K_eig3,symmetry_error,error_type,error_message
eps_0.02_coeffs_0.509_0.82_0.803_58.699_101.517_-3373.951_m_-0.538_rho_0.53_,0.4697422981262207,0.16666666666666666,1e-05,True,52500,17500,15000,20000,1.6935810293122007,0.23227647018587402,-0.28868450651061145,0.23229372248958258,2.0233924378185244,-0.3511761790059981,-0.28866997715031517,-0.351188286666868,1.5468278981591315,0.7955466447720835,0.10911008290575905,-0.13560732352172855,0.10911818704255108,0.9504730137520898,-0.16496230537346263,-0.13560049846663266,-0.16496799285390457,0.7266104916870221,1.2851170972058503,1.5957891614154012,2.3828951066686046,0.6036738586027738,0.7496096680081852,1.1193466236002356,1.1519993005857743e-05,,
