sample_name,porosity,nu,g,all_converged,total_iterations,iterations_x,iterations_y,iterations_z,K_star_xx,K_star_xy,K_star_xz,K_star_yx,K_star_yy,K_star_yz,K_star_zx,K_star_zy,K_star_zz,K_xx,K_xy,K_xz,K_yx,K_yy,K_yz,K_zx,K_zy,K_zz,K_star_eig1,K_star_eig2,K_star_eig3,K_eig1,K_eig2,K_eig3,symmetry_error,error_type,error_message
eps_0.02_coeffs_0.79_0.643_0.922_52.383_124.31_-3319.641_m_-0.567_rho_0.332_,0.6676435470581055,0.16666666666666666,1e-05,True,22500,7500,7500,7500,5.566009129429289,-0.40812201585133734,-0.348984509834465,-0.4080818425856943,5.540812727808045,-0.626533342680641,-0.34866560916304173,-0.6272424418824891,5.013683819266566,3.716110078129968,-0.2724800302954912,-0.2329972560142165,-0.2724532088739204,3.6992878631784603,-0.41830094325747463,-0.23278434403878825,-0.41877436876381263,3.3473536489229594,4.371243319595918,5.715256173221742,6.034006183686241,2.918432394949066,3.8157539038354984,4.028565291446824,0.00011724996280551143,,
