sample_name,porosity,nu,g,all_converged,total_iterations,iterations_x,iterations_y,iterations_z,K_star_xx,K_star_xy,K_star_xz,K_star_yx,K_star_yy,K_star_yz,K_star_zx,K_star_zy,K_star_zz,K_xx,K_xy,K_xz,K_yx,K_yy,K_yz,K_zx,K_zy,K_zz,K_star_eig1,K_star_eig2,K_star_eig3,K_eig1,K_eig2,K_eig3,symmetry_error,error_type,error_message
eps_0.02_coeffs_0.12_0.271_0.453_98.439_96.681_-729.895_m_-0.455_rho_0.463_,0.5371222496032715,0.16666666666666666,1e-05,True,30000,7500,12500,10000,6.087516195189058,1.4732331418102302,0.973427519810497,1.4745042658211804,4.819913343051532,0.3582601239558301,0.9708748617381293,0.35673553952962306,4.901021891078982,3.2697403932562947,0.7913062993192064,0.5228495792663472,0.7919890483074926,2.5888826977126635,0.19242948372230237,0.5214784898200492,0.19161059550558793,2.6324479034912227,3.780082416799573,4.5706433475006705,7.457725665019328,2.0303663713971583,2.454994236943788,4.005710386119236,0.0004799091841457809,,
