sample_name,porosity,nu,g,all_converged,total_iterations,iterations_x,iterations_y,iterations_z,K_star_xx,K_star_xy,K_star_xz,K_star_yx,K_star_yy,K_star_yz,K_star_zx,K_star_zy,K_star_zz,K_xx,K_xy,K_xz,K_yx,K_yy,K_yz,K_zx,K_zy,K_zz,K_star_eig1,K_star_eig2,K_star_eig3,K_eig1,K_eig2,K_eig3,symmetry_error,error_type,error_message
eps_0.02_coeffs_0.178_-0.19_0.495_-36.033_30.696_305.976_m_-0.523_rho_0.696_,0.3041505813598633,0.16666666666666666,1e-05,True,112500,47500,42500,22500,0.5833377827446613,0.006508341792464476,0.015133931226893911,0.006508534831949163,0.5629081179873485,0.002468069037958123,0.01513404078479586,0.0024682368451693975,0.5798249083770022,0.17742252575096235,0.001979515939866765,0.0046029939809199725,0.001979574652938258,0.17120883133803858,0.0007506646327312416,0.004603027303019543,0.0007507156713921072,0.17635408296979468,0.5606536643650233,0.5673897070600922,0.5980274376838965,0.1705231379581595,0.17257190925992955,0.18189039284070652,3.947191500289434e-07,,
