sample_name,porosity,nu,g,all_converged,total_iterations,iterations_x,iterations_y,iterations_z,K_star_xx,K_star_xy,K_star_xz,K_star_yx,K_star_yy,K_star_yz,K_star_zx,K_star_zy,K_star_zz,K_xx,K_xy,K_xz,K_yx,K_yy,K_yz,K_zx,K_zy,K_zz,K_star_eig1,K_star_eig2,K_star_eig3,K_eig1,K_eig2,K_eig3,symmetry_error,error_type,error_message
eps_0.02_coeffs_0.406_0.522_0.35_52.091_33.534_-1712.923_m_-0.237_rho_0.562_,0.4384899139404297,0.16666666666666666,1e-05,True,95000,27500,32500,35000,1.5889177630676419,-0.0541665401936872,-0.1012719051716823,-0.05416406341094832,0.9191676996542042,-0.04248420986082036,-0.10127364499245763,-0.04248536334372895,1.2400349833038855,0.6967244131859504,-0.023751481547980725,-0.04440670898331433,-0.023750395503730707,0.4030457655181947,-0.018628897525698275,-0.04440747187717637,-0.018629403316319595,0.543742833112043,0.9068420216176387,1.2226343017986494,1.618644122609444,0.39764108001668347,0.5361128097763073,0.7097591220231975,2.0615911066478866e-06,,
