sample_name,porosity,nu,g,all_converged,total_iterations,iterations_x,iterations_y,iterations_z,K_star_xx,K_star_xy,K_star_xz,K_star_yx,K_star_yy,K_star_yz,K_star_zx,K_star_zy,K_star_zz,K_xx,K_xy,K_xz,K_yx,K_yy,K_yz,K_zx,K_zy,K_zz,K_star_eig1,K_star_eig2,K_star_eig3,K_eig1,K_eig2,K_eig3,symmetry_error,error_type,error_message
eps_0.02_coeffs_0.435_1.165_0.372_-5.401_33.663_-688.438_m_-0.369_rho_0.529_,0.47109460830688477,0.16666666666666666,1e-05,True,50000,17500,17500,15000,1.4899808297252155,0.03825320301803899,-0.07252259399999537,0.038254199203026806,1.5521796836343882,-0.07545246718495117,-0.07251791333349152,-0.07544571882460406,1.6274070368164721,0.7019219353641676,0.01802087769226682,-0.03416500301382705,0.018021346989643458,0.7312234800836465,-0.03554525047428265,-0.0341627979770738,-0.03554207135810821,0.7666626805649239,1.4583041941209207,1.5060586165261753,1.7052047395289807,0.6869992431216824,0.7094960940396077,0.8033127588514486,4.329482579268398e-06,,
