sample_name,porosity,nu,g,all_converged,total_iterations,iterations_x,iterations_y,iterations_z,K_star_xx,K_star_xy,K_star_xz,K_star_yx,K_star_yy,K_star_yz,K_star_zx,K_star_zy,K_star_zz,K_xx,K_xy,K_xz,K_yx,K_yy,K_yz,K_zx,K_zy,K_zz,K_star_eig1,K_star_eig2,K_star_eig3,K_eig1,K_eig2,K_eig3,symmetry_error,error_type,error_message
eps_0.02_coeffs_0.981_1.351_0.333_5.22_5.488_-542.27_m_-0.443_rho_0.524_,0.4761219024658203,0.16666666666666666,1e-05,True,22500,7500,7500,7500,13.000466031354325,-1.431951907862353,-0.31722747231632953,-1.43444884927042,5.211008979792195,-1.498220265275037,-0.31514666789255574,-1.4990550477060873,4.922657047297964,6.189806619790694,-0.6817836666109846,-0.15103894763367415,-0.682972515104539,2.481075509225133,-0.7133354830155966,-0.15004823107276768,-0.7137329412148133,2.3437848385462843,3.407653877826196,6.4699764797868955,13.256501700831393,1.6224586472556395,3.0804975104652486,6.311710809841224,0.0003134752110497049,,
