sample_name,porosity,nu,g,all_converged,total_iterations,iterations_x,iterations_y,iterations_z,K_star_xx,K_star_xy,K_star_xz,K_star_yx,K_star_yy,K_star_yz,K_star_zx,K_star_zy,K_star_zz,K_xx,K_xy,K_xz,K_yx,K_yy,K_yz,K_zx,K_zy,K_zz,K_star_eig1,K_star_eig2,K_star_eig3,K_eig1,K_eig2,K_eig3,symmetry_error,error_type,error_message
eps_0.02_coeffs_0.951_0.396_0.442_113.954_143.414_-2535.845_m_-0.212_rho_0.367_,0.6333680152893066,0.16666666666666666,1e-05,True,115000,40000,37500,37500,0.835319897889349,0.039089675569685706,-0.08122063697337861,0.03909030990141189,0.8316742869461845,0.06889028535481362,-0.08122924068554763,0.06889033935801953,1.061283463836147,0.5290649058578433,0.02475815023387473,-0.05144255364036209,0.024758551999301184,0.5267558924902542,0.04363290330789229,-0.0514480029564627,0.04363293751179564,0.6721830011492611,0.7573232907369623,0.8722535590363101,1.098700798898408,0.4796643495864365,0.5524575055158618,0.6958819443950603,7.65316197447107e-06,,
