sample_name,porosity,nu,g,all_converged,total_iterations,iterations_x,iterations_y,iterations_z,K_star_xx,K_star_xy,K_star_xz,K_star_yx,K_star_yy,K_star_yz,K_star_zx,K_star_zy,K_star_zz,K_xx,K_xy,K_xz,K_yx,K_yy,K_yz,K_zx,K_zy,K_zz,K_star_eig1,K_star_eig2,K_star_eig3,K_eig1,K_eig2,K_eig3,symmetry_error,error_type,error_message
eps_0.02_coeffs_0.527_-0.129_0.399_108.943_100.017_-2786.797_m_-0.554_rho_0.309_,0.6906299591064453,0.16666666666666666,1e-05,True,40000,15000,12500,12500,3.413167168149174,-0.062672127651208,0.013074262864374579,-0.06281251073575782,3.3875964290468312,-0.3988855063281096,0.012988148165774932,-0.39893834658764127,3.239443106937955,2.357235501762326,-0.0432832489568677,0.009029477627369931,-0.04338020172080958,2.339575583261753,-0.27548228092353605,0.008970004236597594,-0.2755187739898156,2.237256460472216,2.9059537062296688,3.404810016642791,3.7294429812615015,2.0069386892986185,2.351463802559226,2.575665053638448,4.198238110603497e-05,,
