sample_name,porosity,nu,g,all_converged,total_iterations,iterations_x,iterations_y,iterations_z,K_star_xx,K_star_xy,K_star_xz,K_star_yx,K_star_yy,K_star_yz,K_star_zx,K_star_zy,K_star_zz,K_xx,K_xy,K_xz,K_yx,K_yy,K_yz,K_zx,K_zy,K_zz,K_star_eig1,K_star_eig2,K_star_eig3,K_eig1,K_eig2,K_eig3,symmetry_error,error_type,error_message
eps_0.02_coeffs_0.13_1.313_0.291_74.252_1.529_-4049.7_m_-0.298_rho_0.568_,0.4322042465209961,0.16666666666666666,1e-05,True,125000,45000,40000,40000,0.6277946859142479,-0.07887157451676,-0.06745198274038494,-0.07887005548277885,0.7974447660817522,0.03094593838493142,-0.06745043186786574,0.03094591241591723,0.8440884381991965,0.2713355291954529,-0.03408862943594085,-0.029153033376655306,-0.03408797290300359,0.34465901426647566,0.013374965982544455,-0.029152363082966697,0.013374954758626245,0.3648186074289681,0.5860417801090542,0.7877265747722177,0.8955595353139247,0.25328974600185694,0.3404587707139915,0.3870646341750481,2.31039382070072e-06,,
