sample_name,porosity,nu,g,all_converged,total_iterations,iterations_x,iterations_y,iterations_z,K_star_xx,K_star_xy,K_star_xz,K_star_yx,K_star_yy,K_star_yz,K_star_zx,K_star_zy,K_star_zz,K_xx,K_xy,K_xz,K_yx,K_yy,K_yz,K_zx,K_zy,K_zz,K_star_eig1,K_star_eig2,K_star_eig3,K_eig1,K_eig2,K_eig3,symmetry_error,error_type,error_message
eps_0.02_coeffs_0.793_-0.53_0.411_-20.9_137.452_234.034_m_-0.454_rho_0.454_,0.5461621284484863,0.16666666666666666,1e-05,True,45000,17500,15000,12500,1.3273768597771252,0.028786940486001666,0.012216541821387202,0.02878601024349402,1.3488550281285603,-0.0013044958943554527,0.01221790418585614,-0.0013040093910410297,1.3300306245924267,0.7249629709891426,0.015722336687354573,0.006672212483448782,0.015721828624126626,0.7366935331311374,-0.0007124662542134858,0.00667295655532686,-0.0007122005445277833,0.7264123568290695,1.3030061674069164,1.3334981530656569,1.3697581920255384,0.7116526217724662,0.7283061895604646,0.7481100496164187,1.0513566646250565e-06,,
