sample_name,porosity,nu,g,all_converged,total_iterations,iterations_x,iterations_y,iterations_z,K_star_xx,K_star_xy,K_star_xz,K_star_yx,K_star_yy,K_star_yz,K_star_zx,K_star_zy,K_star_zz,K_xx,K_xy,K_xz,K_yx,K_yy,K_yz,K_zx,K_zy,K_zz,K_star_eig1,K_star_eig2,K_star_eig3,K_eig1,K_eig2,K_eig3,symmetry_error,error_type,error_message
eps_0.02_coeffs_0.528_0.725_0.574_40.521_44.252_-3432.957_m_-0.313_rho_0.529_,0.4714841842651367,0.16666666666666666,1e-05,True,40000,12500,15000,12500,1.9570173736901997,-0.08332319517864879,-0.13319701612189264,-0.08331609366735511,1.900305351826249,-0.13885294974356036,-0.1331953201657876,-0.1388489428593602,1.8913210776833829,0.922702740027024,-0.03928556870917,-0.06280028649278081,-0.039282220458910645,0.8959639186604726,-0.06546696974265058,-0.06279948687630009,-0.06546508056012203,0.891727975495009,1.672917789264017,2.0089593960856336,2.0667666178501802,0.788754279213781,0.9471925820852167,0.9744477728835079,3.5342535165822785e-06,,
