sample_name,porosity,nu,g,all_converged,total_iterations,iterations_x,iterations_y,iterations_z,K_star_xx,K_star_xy,K_star_xz,K_star_yx,K_star_yy,K_star_yz,K_star_zx,K_star_zy,K_star_zz,K_xx,K_xy,K_xz,K_yx,K_yy,K_yz,K_zx,K_zy,K_zz,K_star_eig1,K_star_eig2,K_star_eig3,K_eig1,K_eig2,K_eig3,symmetry_error,error_type,error_message
eps_0.02_coeffs_0.998_0.19_0.923_86.848_95.366_-2698.897_m_-0.247_rho_0.396_,0.6044249534606934,0.16666666666666666,1e-05,True,42500,12500,15000,15000,2.9790690810932094,-0.10686060035438219,-0.1057890520475694,-0.10691026598110265,2.9759455129697554,-0.1445363987558686,-0.10577731195815879,-0.14462473453892685,3.0948436277160307,1.8006236906959536,-0.06458921339597921,-0.063941542860503,-0.06461923254009831,1.7987357281783036,-0.08736140609139209,-0.06393444685750736,-0.087414798442956,1.8706007156503852,2.7724566256150105,3.080262187118714,3.19713940904527,1.6757419669091433,1.861787329095962,1.932430838519536,2.7564336501437892e-05,,
