sample_name,porosity,nu,g,all_converged,total_iterations,iterations_x,iterations_y,iterations_z,K_star_xx,K_star_xy,K_star_xz,K_star_yx,K_star_yy,K_star_yz,K_star_zx,K_star_zy,K_star_zz,K_xx,K_xy,K_xz,K_yx,K_yy,K_yz,K_zx,K_zy,K_zz,K_star_eig1,K_star_eig2,K_star_eig3,K_eig1,K_eig2,K_eig3,symmetry_error,error_type,error_message
eps_0.02_coeffs_0.507_-0.531_0.711_72.373_127.135_-537.739_m_-0.407_rho_0.45_,0.5503983497619629,0.16666666666666666,1e-05,True,40000,15000,15000,10000,2.4649655774548935,0.7441632342255836,1.0425683216541572,0.7443383628817762,3.6826449160968755,-0.7831333509384669,1.0416860950184696,-0.7846598871508654,4.954059731019439,1.3567129860512173,0.40958621607128626,0.5738278837525475,0.4096826065946507,2.0269216845790026,-0.4310353040000883,0.573342307668149,-0.43187550701224436,2.7267063005752927,1.6187354260346107,3.9974958159788585,5.485438982557739,0.8909493071906778,2.2002151002951145,3.0191765637197205,0.00035909900411107014,,
