sample_name,porosity,nu,g,all_converged,total_iterations,iterations_x,iterations_y,iterations_z,K_star_xx,K_star_xy,K_star_xz,K_star_yx,K_star_yy,K_star_yz,K_star_zx,K_star_zy,K_star_zz,K_xx,K_xy,K_xz,K_yx,K_yy,K_yz,K_zx,K_zy,K_zz,K_star_eig1,K_star_eig2,K_star_eig3,K_eig1,K_eig2,K_eig3,symmetry_error,error_type,error_message
eps_0.02_coeffs_0.756_1.158_0.856_106.998_99.005_-2295.733_m_-0.519_rho_0.467_,0.5327334403991699,0.16666666666666666,1e-05,True,35000,12500,12500,10000,40.19885523339685,-4.673582573308561,-0.4222052809369417,-4.560576615053599,23.00033585703764,-3.0614271016746546,-0.41963433681262935,-3.0316161280078147,12.901956673664117,21.41527444859568,-2.4897737232682755,-0.22492287186823504,-2.4295716703415047,12.253048051456053,-1.6309245924063982,-0.22355324395981607,-1.6150432898432134,6.873303766642115,11.963128452167743,22.80089249546927,41.3371268164616,6.373158578260518,12.146797903282948,22.02166978515037,0.003393773730551416,,
