sample_name,porosity,nu,g,all_converged,total_iterations,iterations_x,iterations_y,iterations_z,K_star_xx,K_star_xy,K_star_xz,K_star_yx,K_star_yy,K_star_yz,K_star_zx,K_star_zy,K_star_zz,K_xx,K_xy,K_xz,K_yx,K_yy,K_yz,K_zx,K_zy,K_zz,K_star_eig1,K_star_eig2,K_star_eig3,K_eig1,K_eig2,K_eig3,symmetry_error,error_type,error_message
eps_0.02_coeffs_0.578_-0.591_0.933_32.672_60.42_-1991.056_m_-0.376_rho_0.433_,0.5673799514770508,0.16666666666666666,1e-05,True,30000,10000,10000,10000,3.9278859841633618,-0.031594534109689966,-0.22767119287124735,-0.031550896739005845,3.666816235919177,0.2189705159047436,-0.22766869878265525,0.21895721855109168,3.7217959801888476,2.228603759101996,-0.01792610523009592,-0.12917607036401058,-0.017901346260834575,2.0804780180110845,0.1242394806889382,-0.12917465526814623,0.1242319360370684,2.111672422647031,3.434924651141744,3.7552762834353572,4.126297265694284,1.9489073818921285,2.1306684754784726,2.3411783423895103,9.861370741623866e-06,,
