sample_name,porosity,nu,g,all_converged,total_iterations,iterations_x,iterations_y,iterations_z,K_star_xx,K_star_xy,K_star_xz,K_star_yx,K_star_yy,K_star_yz,K_star_zx,K_star_zy,K_star_zz,K_xx,K_xy,K_xz,K_yx,K_yy,K_yz,K_zx,K_zy,K_zz,K_star_eig1,K_star_eig2,K_star_eig3,K_eig1,K_eig2,K_eig3,symmetry_error,error_type,error_message
eps_0.02_coeffs_0.701_0.171_0.579_41.987_145.27_-33.447_m_-0.356_rho_0.312_,0.6880645751953125,0.16666666666666666,1e-05,True,287500,57500,120000,110000,3.697665276810055,0.5652531506303937,0.97063655257243,0.5646883572239955,2.4958915214496002,-0.07545519048014358,0.9706444331055297,-0.07526505565189082,2.745312832613644,2.544232487902768,0.38893066896631384,0.6678606272147917,0.38854205463106734,1.7173345394398014,-0.05191804358400138,0.6678660495304513,-0.05178721854416981,1.888952507950547,1.89024098709735,2.6417814792519305,4.406847164524022,1.3006078618039052,1.8177162512803235,3.032195422208887,0.00015395350602632156,,
