sample_name,porosity,nu,g,all_converged,total_iterations,iterations_x,iterations_y,iterations_z,K_star_xx,K_star_xy,K_star_xz,K_star_yx,K_star_yy,K_star_yz,K_star_zx,K_star_zy,K_star_zz,K_xx,K_xy,K_xz,K_yx,K_yy,K_yz,K_zx,K_zy,K_zz,K_star_eig1,K_star_eig2,K_star_eig3,K_eig1,K_eig2,K_eig3,symmetry_error,error_type,error_message
eps_0.02_coeffs_0.312_0.128_0.484_27.354_95.011_-821.269_m_-0.396_rho_0.558_,0.4421544075012207,0.16666666666666666,1e-05,True,310000,85000,117500,107500,0.6065729369173163,0.0071781083817942185,-0.017538171962364235,0.007177517228855599,0.2151657234066489,0.013918211031288765,-0.01753968448388561,0.013918174164228638,0.37453415658749467,0.2681988975289513,0.0031738322585317686,-0.007754580032673679,0.003173570877654451,0.09513647294743839,0.006153998352016438,-0.007755248800730795,0.006153982051083311,0.16560192809491311,0.2137673204033613,0.3745188545289912,0.6079866419791072,0.09451816289607184,0.16559516222230197,0.26882397345292897,3.081857611320899e-06,,
