sample_name,porosity,nu,g,all_converged,total_iterations,iterations_x,iterations_y,iterations_z,K_star_xx,K_star_xy,K_star_xz,K_star_yx,K_star_yy,K_star_yz,K_star_zx,K_star_zy,K_star_zz,K_xx,K_xy,K_xz,K_yx,K_yy,K_yz,K_zx,K_zy,K_zz,K_star_eig1,K_star_eig2,K_star_eig3,K_eig1,K_eig2,K_eig3,symmetry_error,error_type,error_message
eps_0.02_coeffs_0.443_0.935_0.735_109.001_114.466_-2154.157_m_-0.299_rho_0.405_,0.5950875282287598,0.16666666666666666,1e-05,True,322500,92500,112500,117500,0.16666417301743694,-1.213707133051156e-13,-9.559451295095215e-14,-3.0138655171626135e-13,0.16666406570294545,-4.927968335307704e-13,-5.596766847705232e-14,-5.757526798340426e-13,0.16666416911402887,0.0991797707652369,-7.222619778010269e-14,-5.688710242421428e-14,-1.7935137810221924e-13,0.09917970690372142,-2.9325724958478576e-13,-3.330566149473574e-14,-3.426232391135249e-13,0.09917976844236745,0.1666640657029454,0.16666416911402887,0.16666417301743694,0.09917970690372135,0.09917976844236745,0.09917977076523692,9.902593858802549e-13,,
