sample_name,porosity,nu,g,all_converged,total_iterations,iterations_x,iterations_y,iterations_z,K_star_xx,K_star_xy,K_star_xz,K_star_yx,K_star_yy,K_star_yz,K_star_zx,K_star_zy,K_star_zz,K_xx,K_xy,K_xz,K_yx,K_yy,K_yz,K_zx,K_zy,K_zz,K_star_eig1,K_star_eig2,K_star_eig3,K_eig1,K_eig2,K_eig3,symmetry_error,error_type,error_message
eps_0.02_coeffs_0.899_0.198_0.434_1.857_147.826_163.749_m_-0.628_rho_0.453_,0.5467038154602051,0.16666666666666666,1e-05,True,30000,10000,10000,10000,3.4394238606327687,0.2672670738531985,0.17680579879690383,0.2674442536467079,3.9617680530971033,-0.041821902740367706,0.17654954659678465,-0.041840740333989636,3.9594719976651125,1.8803461475928034,0.146115929022428,0.09666040479775666,0.14621279389156205,2.1659137105965347,-0.02286419379796463,0.09652031074223143,-0.02287449238227183,2.164658448331357,3.2796024369780707,3.995891538248361,4.085169936168552,1.7929711654884983,2.1845691501255273,2.2333779909066704,6.699157698019186e-05,,
