sample_name,porosity,nu,g,all_converged,total_iterations,iterations_x,iterations_y,iterations_z,K_star_xx,K_star_xy,K_star_xz,K_star_yx,K_star_yy,K_star_yz,K_star_zx,K_star_zy,K_star_zz,K_xx,K_xy,K_xz,K_yx,K_yy,K_yz,K_zx,K_zy,K_zz,K_star_eig1,K_star_eig2,K_star_eig3,K_eig1,K_eig2,K_eig3,symmetry_error,error_type,error_message
eps_0.02_coeffs_0.586_0.792_0.738_28.604_54.336_-1441.233_m_-0.487_rho_0.579_,0.42073917388916016,0.16666666666666666,1e-05,True,40000,10000,15000,15000,3.4753632559739747,-0.05324738756498577,0.23589880962308812,-0.05332863940036378,3.21588399833791,-0.24241072024964153,0.2360594670248616,-0.2424398801502846,2.14312348336197,1.462221465283232,-0.02240326185584805,0.09925187028225436,-0.022437447685941976,1.3530483767840615,-0.10199168617971048,0.09931946514475572,-0.10200395489221774,0.9016960039321745,2.0567009050253136,3.231823218945252,3.5458466137032865,0.8653346397174388,1.359754631294832,1.491876574987197,4.941184726250943e-05,,
