sample_name,porosity,nu,g,all_converged,total_iterations,iterations_x,iterations_y,iterations_z,K_star_xx,K_star_xy,K_star_xz,K_star_yx,K_star_yy,K_star_yz,K_star_zx,K_star_zy,K_star_zz,K_xx,K_xy,K_xz,K_yx,K_yy,K_yz,K_zx,K_zy,K_zz,K_star_eig1,K_star_eig2,K_star_eig3,K_eig1,K_eig2,K_eig3,symmetry_error,error_type,error_message
eps_0.02_coeffs_0.856_0.176_0.453_78.492_110.079_-605.991_m_-0.517_rho_0.413_,0.5868186950683594,0.16666666666666666,1e-05,True,30000,10000,10000,10000,20.77249392351734,-1.5129719277958373,-2.503080000353115,-1.49182542771977,12.350227870479555,-0.6870911811871372,-2.494604281130805,-0.6863306498108654,12.489715580870431,12.189687777513871,-0.8878402123442133,-1.4688541394589234,-0.8754310507643125,7.247344602751696,-0.4031979503372135,-1.4638804289651217,-0.4027516563074312,7.329198598941343,10.918956478405613,13.056373599890616,21.637107296571106,6.407447792166191,7.661724118212788,12.697059068827931,0.0011709043760205597,,
