sample_name,porosity,nu,g,all_converged,total_iterations,iterations_x,iterations_y,iterations_z,K_star_xx,K_star_xy,K_star_xz,K_star_yx,K_star_yy,K_star_yz,K_star_zx,K_star_zy,K_star_zz,K_xx,K_xy,K_xz,K_yx,K_yy,K_yz,K_zx,K_zy,K_zz,K_star_eig1,K_star_eig2,K_star_eig3,K_eig1,K_eig2,K_eig3,symmetry_error,error_type,error_message
eps_0.02_coeffs_0.94_1.134_0.827_5.2_66.298_-1876.518_m_-0.235_rho_0.403_,0.5970473289489746,0.16666666666666666,1e-05,True,35000,12500,10000,12500,3.1310619949978085,-0.009439753429906987,0.001045348962210833,-0.009440921484333,3.1367669389379005,0.005225228227136957,0.0010460264333852002,0.005227286086148692,3.1413369562931326,1.8693922008870894,-0.005635979571262888,0.0006241228057075604,-0.005636676955038006,1.872798322428325,0.003119708556160906,0.0006245272880626562,0.003120937195387216,1.8755268390835167,3.1231606342229385,3.1394227076856427,3.14658254832026,1.8646747145413904,1.874383942065471,1.878658705792069,6.407530356538192e-07,,
