sample_name,porosity,nu,g,all_converged,total_iterations,iterations_x,iterations_y,iterations_z,K_star_xx,K_star_xy,K_star_xz,K_star_yx,K_star_yy,K_star_yz,K_star_zx,K_star_zy,K_star_zz,K_xx,K_xy,K_xz,K_yx,K_yy,K_yz,K_zx,K_zy,K_zz,K_star_eig1,K_star_eig2,K_star_eig3,K_eig1,K_eig2,K_eig3,symmetry_error,error_type,error_message
eps_0.02_coeffs_0.806_0.468_0.41_12.663_68.967_-2041.455_m_-0.243_rho_0.663_,0.3365821838378906,0.16666666666666666,1e-05,True,62500,20000,22500,20000,0.9329231630927405,0.021548416693068076,0.006904822137445898,0.021548116543032896,0.9134976876540587,0.00024872905939683787,0.006904632952344031,0.00024866406681806156,0.9052682108968131,0.3140053155867072,0.00725281314880171,0.0023240401140337524,0.007252712123647391,0.3074670466414664,8.37177699957321e-05,0.002323976437699016,8.369589465163431e-05,0.3046971513826695,0.8977370838455897,0.9062701711710913,0.9476818066269308,0.3021623081930082,0.30503439335990495,0.31897281205792993,3.209967414585903e-07,,
