sample_name,porosity,nu,g,all_converged,total_iterations,iterations_x,iterations_y,iterations_z,K_star_xx,K_star_xy,K_star_xz,K_star_yx,K_star_yy,K_star_yz,K_star_zx,K_star_zy,K_star_zz,K_xx,K_xy,K_xz,K_yx,K_yy,K_yz,K_zx,K_zy,K_zz,K_star_eig1,K_star_eig2,K_star_eig3,K_eig1,K_eig2,K_eig3,symmetry_error,error_type,error_message
eps_0.02_coeffs_0.641_0.576_0.456_12.462_31.16_-664.751_m_-0.289_rho_0.475_,0.5254502296447754,0.16666666666666666,1e-05,True,32500,10000,10000,12500,5.187820361039206,0.3764983157481116,-0.10588301236807074,0.376562405805676,4.644590877265362,-0.2850917143092069,-0.10584449436003078,-0.28520005615547206,2.954687940381094,2.7259414000638924,0.1978311264707164,-0.05563625316428336,0.19786480260618156,2.440501343065113,-0.14980150675359546,-0.05561601386811331,-0.14985843500159562,1.5525414568018943,2.9069948598788313,4.4786855486828525,5.40141877012398,1.5274811166995133,2.3533263500621424,2.8381767331692447,2.4511727198353386e-05,,
