sample_name,porosity,nu,g,all_converged,total_iterations,iterations_x,iterations_y,iterations_z,K_star_xx,K_star_xy,K_star_xz,K_star_yx,K_star_yy,K_star_yz,K_star_zx,K_star_zy,K_star_zz,K_xx,K_xy,K_xz,K_yx,K_yy,K_yz,K_zx,K_zy,K_zz,K_star_eig1,K_star_eig2,K_star_eig3,K_eig1,K_eig2,K_eig3,symmetry_error,error_type,error_message
eps_0.02_coeffs_0.551_0.184_0.45_-35.845_80.147_639.476_m_-0.328_rho_0.599_,0.4005165100097656,0.16666666666666666,1e-05,True,57500,17500,20000,20000,0.8702421632427723,-0.0024935789471848763,0.0034396868661608604,-0.0024937723471659227,0.8359454198688175,-0.0038437539275642156,0.0034402714703369833,-0.0038437085898443755,0.8505129362062095,0.3485463540853439,-0.0009987195373603124,0.0013776513791611757,-0.000998796997245757,0.334809942124507,-0.0015394869084043492,0.0013778855227855335,-0.001539468749899027,0.34064447292746947,0.8349195947539086,0.850678374659604,0.8711025499042861,0.3343990822296034,0.34071073375944466,0.3488909531482723,5.914508290467505e-07,,
