sample_name,porosity,nu,g,all_converged,total_iterations,iterations_x,iterations_y,iterations_z,K_star_xx,K_star_xy,K_star_xz,K_star_yx,K_star_yy,K_star_yz,K_star_zx,K_star_zy,K_star_zz,K_xx,K_xy,K_xz,K_yx,K_yy,K_yz,K_zx,K_zy,K_zz,K_star_eig1,K_star_eig2,K_star_eig3,K_eig1,K_eig2,K_eig3,symmetry_error,error_type,error_message
eps_0.02_coeffs_0.846_-0.076_0.523_77.783_72.284_-3889.063_m_-0.475_rho_0.427_,0.5727815628051758,0.16666666666666666,1e-05,True,30000,10000,10000,10000,3.8156181769894215,0.15891871503632748,-0.3396275305195109,0.15909631188849255,3.864846515498908,-0.141103398897916,-0.3397247533241842,-0.14115290181187493,3.24501118071994,2.1855157424838367,0.09102570995749805,-0.19453238770262798,0.09112743416003043,2.2137128271496027,-0.08082142533787046,-0.19458807513262907,-0.08084977969429125,1.858682575413036,3.081673380901271,3.7120846589248466,4.131717833382153,1.7651256951677399,2.1262136522040915,2.3665717976746437,4.6405585972499344e-05,,
