sample_name,porosity,nu,g,all_converged,total_iterations,iterations_x,iterations_y,iterations_z,K_star_xx,K_star_xy,K_star_xz,K_star_yx,K_star_yy,K_star_yz,K_star_zx,K_star_zy,K_star_zz,K_xx,K_xy,K_xz,K_yx,K_yy,K_yz,K_zx,K_zy,K_zz,K_star_eig1,K_star_eig2,K_star_eig3,K_eig1,K_eig2,K_eig3,symmetry_error,error_type,error_message
eps_0.02_coeffs_0.436_1.196_0.474_43.324_39.766_-1236.08_m_-0.575_rho_0.496_,0.5035028457641602,0.16666666666666666,1e-05,True,35000,12500,10000,12500,2.415877062778963,0.8654889773809444,-0.9145447625081792,0.8653517398264069,6.063297224532318,-1.3303647901346065,-0.9145265653613924,-1.3301500836216236,1.550114969493265,1.2164009761255685,0.4357761630888184,-0.4604758905015762,0.435707063589563,3.0528874072659558,-0.6698424577372141,-0.4604667281863843,-0.669734352396923,0.7804872984014832,0.8675799262326734,2.4606281194368838,6.701081211134987,0.4368289617860119,1.2389332605037846,3.374013459503212,5.024047378198499e-05,,
