sample_name,porosity,nu,g,all_converged,total_iterations,iterations_x,iterations_y,iterations_z,K_star_xx,K_star_xy,K_star_xz,K_star_yx,K_star_yy,K_star_yz,K_star_zx,K_star_zy,K_star_zz,K_xx,K_xy,K_xz,K_yx,K_yy,K_yz,K_zx,K_zy,K_zz,K_star_eig1,K_star_eig2,K_star_eig3,K_eig1,K_eig2,K_eig3,symmetry_error,error_type,error_message
eps_0.02_coeffs_0.728_0.397_0.626_12.212_115.518_-2812.345_m_-0.216_rho_0.443_,0.5570287704467773,0.16666666666666666,1e-05,True,42500,15000,12500,15000,1.4087366336779248,-0.007294551423091627,-0.005476829331631815,-0.007293994623464104,1.4406714130799756,0.00042666288800626045,-0.00547751640535694,0.0004267503198234177,1.455917712476355,0.7847068349409466,-0.0040632750101655185,-0.003050751508545715,-0.004062964856753615,0.8024954258457601,0.00023766350390139833,-0.003051134228378028,0.00023771220593900733,0.8109880532523887,1.406587545383451,1.4420874413921236,1.4566507724586797,0.7835097309306943,0.8032841943553943,0.8113963887530069,5.055512568864674e-07,,
