sample_name,porosity,nu,g,all_converged,total_iterations,iterations_x,iterations_y,iterations_z,K_star_xx,K_star_xy,K_star_xz,K_star_yx,K_star_yy,K_star_yz,K_star_zx,K_star_zy,K_star_zz,K_xx,K_xy,K_xz,K_yx,K_yy,K_yz,K_zx,K_zy,K_zz,K_star_eig1,K_star_eig2,K_star_eig3,K_eig1,K_eig2,K_eig3,symmetry_error,error_type,error_message
eps_0.02_coeffs_0.385_1.292_0.633_12.288_6.359_247.445_m_-0.488_rho_0.397_,0.6033892631530762,0.16666666666666666,1e-05,True,40000,12500,15000,12500,10.33658778358638,-0.8128361030754768,2.581317082688365,-0.8073663274671053,38.5120970294539,4.09976809518117,2.5728942154962073,4.168902893399816,21.493281032401597,6.236986086255274,-0.49045657729892983,1.5575390124877806,-0.4871561734249819,23.237785849081963,2.4737560500498565,1.5524567448590685,2.515471245005242,12.968815004882789,9.669334950583606,21.192726473614254,39.47990442124403,5.8343728910129276,12.787463611118788,23.82175043808831,0.002155544764054094,,
