sample_name,porosity,nu,g,all_converged,total_iterations,iterations_x,iterations_y,iterations_z,K_star_xx,K_star_xy,K_star_xz,K_star_yx,K_star_yy,K_star_yz,K_star_zx,K_star_zy,K_star_zz,K_xx,K_xy,K_xz,K_yx,K_yy,K_yz,K_zx,K_zy,K_zz,K_star_eig1,K_star_eig2,K_star_eig3,K_eig1,K_eig2,K_eig3,symmetry_error,error_type,error_message
eps_0.02_coeffs_0.648_0.604_0.797_29.443_103.104_-914.155_m_-0.581_rho_0.483_,0.5166831016540527,0.16666666666666666,1e-05,True,72500,22500,22500,27500,9.337936918898087,-0.009298326893039235,-1.4884708702977847,-0.011518481303953564,11.824489785479711,0.4587597170376897,-1.486233434777729,0.46098771220235374,8.219734706352334,4.8247542103061525,-0.004804288379288804,-0.7690677459871667,-0.005951404646470945,6.109514057838322,0.2370333935129691,-0.7679117008629134,0.23818456096511795,4.246998022851588,7.161019552297189,10.319067993627257,11.902073864805681,3.6999777932862306,5.331688057126393,6.149600440583447,0.0003154643485544165,,
