sample_name,porosity,nu,g,all_converged,total_iterations,iterations_x,iterations_y,iterations_z,K_star_xx,K_star_xy,K_star_xz,K_star_yx,K_star_yy,K_star_yz,K_star_zx,K_star_zy,K_star_zz,K_xx,K_xy,K_xz,K_yx,K_yy,K_yz,K_zx,K_zy,K_zz,K_star_eig1,K_star_eig2,K_star_eig3,K_eig1,K_eig2,K_eig3,symmetry_error,error_type,error_message
eps_0.02_coeffs_0.324_-0.293_0.699_42.318_79.052_-1756.545_m_-0.498_rho_0.494_,0.5055441856384277,0.16666666666666666,1e-05,True,55000,20000,17500,17500,1.4080225778770719,-0.10373088311704862,0.07586911866630718,-0.10373727117880908,1.4957214362029978,0.0462974739409072,0.07582783467830881,0.04630816045754977,1.4135075985044117,0.711817627493384,-0.052440544830963276,0.0383551918112635,-0.05244377427844378,0.756153275407184,0.02340541876057226,0.03833432093117096,0.02341082126692564,0.7145905477796425,1.280126562874408,1.4725349237292629,1.5645901259808108,0.647160540742462,0.7444314688408543,0.7909694410968939,2.4382824200760234e-05,,
