sample_name,porosity,nu,g,all_converged,total_iterations,iterations_x,iterations_y,iterations_z,K_star_xx,K_star_xy,K_star_xz,K_star_yx,K_star_yy,K_star_yz,K_star_zx,K_star_zy,K_star_zz,K_xx,K_xy,K_xz,K_yx,K_yy,K_yz,K_zx,K_zy,K_zz,K_star_eig1,K_star_eig2,K_star_eig3,K_eig1,K_eig2,K_eig3,symmetry_error,error_type,error_message
eps_0.02_coeffs_0.766_-0.464_0.464_49.92_90.124_-3449.223_m_-0.382_rho_0.669_,0.3308100700378418,0.16666666666666666,1e-05,True,77500,25000,25000,27500,0.7135683018267166,0.006395779994352109,0.02195332376870358,0.00639626565913753,0.7414383492761917,-0.008094661354639498,0.02195293181023534,-0.008094365914074616,0.7332663884682729,0.23605557990407997,0.002115788427878249,0.007262380573488249,0.0021159490906799286,0.24527527225279877,-0.0026777954896609036,0.007262250909679918,-0.002677697754946943,0.24257190532558465,0.6971891994670165,0.7417617731489895,0.7493220669551749,0.23063720790531061,0.2453822641268109,0.2478832854503418,7.725390219553295e-07,,
