sample_name,porosity,nu,g,all_converged,total_iterations,iterations_x,iterations_y,iterations_z,K_star_xx,K_star_xy,K_star_xz,K_star_yx,K_star_yy,K_star_yz,K_star_zx,K_star_zy,K_star_zz,K_xx,K_xy,K_xz,K_yx,K_yy,K_yz,K_zx,K_zy,K_zz,K_star_eig1,K_star_eig2,K_star_eig3,K_eig1,K_eig2,K_eig3,symmetry_error,error_type,error_message
eps_0.02_coeffs_0.233_0.232_0.947_24.304_69.947_-3082.472_m_-0.378_rho_0.664_,0.3361344337463379,0.16666666666666666,1e-05,True,87500,30000,30000,27500,0.618295331659369,0.025083145136277327,-0.024244806146250863,0.025083487658383665,0.6370383735734191,0.003286018878229996,-0.024244996502805257,0.003286127003976904,0.6489479393750017,0.2078303511953262,0.00843130878695979,-0.008149514185259766,0.008431423920434049,0.2141305329757893,0.001104544094913616,-0.008149578170652387,0.0011045804397003265,0.218133748132669,0.5922148402767394,0.6455938692119672,0.6664729351190832,0.19906379999259982,0.21700632965767191,0.22402450265351292,5.222596974408628e-07,,
