sample_name,porosity,nu,g,all_converged,total_iterations,iterations_x,iterations_y,iterations_z,K_star_xx,K_star_xy,K_star_xz,K_star_yx,K_star_yy,K_star_yz,K_star_zx,K_star_zy,K_star_zz,K_xx,K_xy,K_xz,K_yx,K_yy,K_yz,K_zx,K_zy,K_zz,K_star_eig1,K_star_eig2,K_star_eig3,K_eig1,K_eig2,K_eig3,symmetry_error,error_type,error_message
eps_0.02_coeffs_0.32_-0.214_0.626_23.321_94.239_-414.798_m_-0.314_rho_0.528_,0.4716672897338867,0.16666666666666666,1e-05,True,232500,62500,95000,75000,0.5045693907415923,0.014933909091457281,0.002982872009308876,0.014933737758892172,0.28513763667855385,0.006553319033531351,0.0029860459568700763,0.006553015205221269,0.3818085112741313,0.23798887701376534,0.007043836426299906,0.0014069231562537903,0.007043755614333278,0.1344900962932992,0.003090986227307226,0.0014084202034977393,0.0030908429214316657,0.18008658570999964,0.28371646000237505,0.38212333247655067,0.5056757462153517,0.13381977374221285,0.18023507657329557,0.23851070870155572,6.502770659071844e-06,,
