sample_name,porosity,nu,g,all_converged,total_iterations,iterations_x,iterations_y,iterations_z,K_star_xx,K_star_xy,K_star_xz,K_star_yx,K_star_yy,K_star_yz,K_star_zx,K_star_zy,K_star_zz,K_xx,K_xy,K_xz,K_yx,K_yy,K_yz,K_zx,K_zy,K_zz,K_star_eig1,K_star_eig2,K_star_eig3,K_eig1,K_eig2,K_eig3,symmetry_error,error_type,error_message
eps_0.02_coeffs_0.316_0.509_0.587_34.258_112.089_943.738_m_-0.351_rho_0.46_,0.5397944450378418,0.16666666666666666,1e-05,True,55000,17500,15000,22500,30.865513030391597,-23.697760885634867,-0.8496919071571276,-23.716740193000643,36.90012400449635,1.451418465633075,-1.1163781068450458,1.4164080233862069,90.96835642479662,16.661032477048508,-12.791919685900748,-0.4586589714770271,-12.80216461058746,19.91848195883465,0.7834676251740816,-0.602614700636818,0.7645691829309039,49.104213472327686,9.97479415081439,57.69326897266127,91.06593033620892,5.384338473005562,31.142506107516624,49.15688332768865,0.0035224632536619664,,
