sample_name,porosity,nu,g,all_converged,total_iterations,iterations_x,iterations_y,iterations_z,K_star_xx,K_star_xy,K_star_xz,K_star_yx,K_star_yy,K_star_yz,K_star_zx,K_star_zy,K_star_zz,K_xx,K_xy,K_xz,K_yx,K_yy,K_yz,K_zx,K_zy,K_zz,K_star_eig1,K_star_eig2,K_star_eig3,K_eig1,K_eig2,K_eig3,symmetry_error,error_type,error_message
eps_0.02_coeffs_0.573_0.866_0.863_19.614_53.858_-873.836_m_-0.325_rho_0.628_,0.3715391159057617,0.16666666666666666,1e-05,True,62500,22500,22500,17500,1.556432684856171,0.18024032334515155,-0.21479681954936602,0.1802543761791155,1.5243690899764595,0.17891472698886765,-0.21480699035992434,0.17892382017796477,1.9275515912083623,0.5782756236982928,0.06696633038622624,-0.07980542043474088,0.06697155156373316,0.5663627440039243,0.06647381948796462,-0.07980919928870377,0.06647719796340251,0.7161608140602992,1.2463000021717656,1.7180123522677322,2.044041011601495,0.4630492009602469,0.6383087904767314,0.7594411903255384,9.400026505084731e-06,,
