sample_name,porosity,nu,g,all_converged,total_iterations,iterations_x,iterations_y,iterations_z,K_star_xx,K_star_xy,K_star_xz,K_star_yx,K_star_yy,K_star_yz,K_star_zx,K_star_zy,K_star_zz,K_xx,K_xy,K_xz,K_yx,K_yy,K_yz,K_zx,K_zy,K_zz,K_star_eig1,K_star_eig2,K_star_eig3,K_eig1,K_eig2,K_eig3,symmetry_error,error_type,error_message
eps_0.02_coeffs_0.889_1.478_0.878_79.696_143.263_-3027.739_m_-0.389_rho_0.522_,0.4776792526245117,0.16666666666666666,1e-05,True,62500,20000,20000,22500,1.941835862517313,-1.2279467847386154,-0.11076966513146864,-1.2280281807629159,2.628983209185793,0.1287611911741891,-0.11081926689316823,0.12877792153643178,1.1759999241116093,0.9275747035267442,-0.586564702396614,-0.05291237085346738,-0.5866035835886684,1.25581073452626,0.061506549567128525,-0.0529360645859249,0.06151454131406074,0.561750764836116,1.009520305655241,1.1647058005765423,3.5725928895829306,0.48222690511466454,0.5563557963468361,1.706553501427619,3.517506352137596e-05,,
