sample_name,porosity,nu,g,all_converged,total_iterations,iterations_x,iterations_y,iterations_z,K_star_xx,K_star_xy,K_star_xz,K_star_yx,K_star_yy,K_star_yz,K_star_zx,K_star_zy,K_star_zz,K_xx,K_xy,K_xz,K_yx,K_yy,K_yz,K_zx,K_zy,K_zz,K_star_eig1,K_star_eig2,K_star_eig3,K_eig1,K_eig2,K_eig3,symmetry_error,error_type,error_message
eps_0.02_coeffs_0.795_1.272_0.665_51.31_73.807_-3408.991_m_-0.279_rho_0.458_,0.5415081977844238,0.16666666666666666,1e-05,True,35000,12500,12500,10000,2.3098297949858595,0.007398270606237169,-0.09463206870822596,0.00738827213758533,2.5327134355621905,-0.14800061412146728,-0.09462809501847093,-0.14803214348738944,2.602885417720514,1.250791769471558,0.004006224182704966,-0.05124404097880321,0.004000809929964704,1.3714850879956781,-0.08014354582390369,-0.05124188919322541,-0.08016061923402149,1.4094837915891927,2.2758344163127893,2.434740241544035,2.7348539904117395,1.2323829932333046,1.3184318002717232,1.4809458555514015,1.092815584454149e-05,,
