sample_name,porosity,nu,g,all_converged,total_iterations,iterations_x,iterations_y,iterations_z,K_star_xx,K_star_xy,K_star_xz,K_star_yx,K_star_yy,K_star_yz,K_star_zx,K_star_zy,K_star_zz,K_xx,K_xy,K_xz,K_yx,K_yy,K_yz,K_zx,K_zy,K_zz,K_star_eig1,K_star_eig2,K_star_eig3,K_eig1,K_eig2,K_eig3,symmetry_error,error_type,error_message
eps_0.02_coeffs_0.966_1.034_0.738_25.15_143.912_-2262.321_m_-0.445_rho_0.49_,0.5103387832641602,0.16666666666666666,1e-05,True,37500,12500,12500,12500,1.6932094014755188,0.24184143584936837,-0.04761167738539751,0.2417780774086203,1.8096764289223062,0.2066434740515627,-0.04762062659889237,0.206675249039227,1.5792904047870842,0.8641104257604532,0.1234210641142241,-0.024298085506029497,0.12338872984466322,0.9235480668380401,0.10545817911695356,-0.024302652636755635,0.10547439512549639,0.8059731435998035,1.3601233198294973,1.6791629339645011,2.0428899813909114,0.6941236801309957,0.8569419686217209,1.0425659874455802,3.397608121853886e-05,,
