sample_name,porosity,nu,g,all_converged,total_iterations,iterations_x,iterations_y,iterations_z,K_star_xx,K_star_xy,K_star_xz,K_star_yx,K_star_yy,K_star_yz,K_star_zx,K_star_zy,K_star_zz,K_xx,K_xy,K_xz,K_yx,K_yy,K_yz,K_zx,K_zy,K_zz,K_star_eig1,K_star_eig2,K_star_eig3,K_eig1,K_eig2,K_eig3,symmetry_error,error_type,error_message
eps_0.02_coeffs_0.576_0.322_0.308_22.51_48.701_-2406.313_m_-0.45_rho_0.306_,0.6935887336730957,0.16666666666666666,1e-05,True,25000,7500,10000,7500,4.486226145770925,-0.0016612922924575638,-0.054786621215453975,-0.0016834691409192313,4.4628631726671415,0.12029106920191898,-0.054853939123384945,0.12023182738208388,4.42241178162905,3.111595911416389,-0.0011522536173865158,-0.037999383231054285,-0.001167635229627904,3.0953916164864967,0.0834325303599417,-0.038046074173569644,0.08339144090114178,3.067334987401072,4.310926279425013,4.480587156713332,4.579987663928771,2.9900098991044635,3.1076847721367367,3.1766278440627573,1.691664290587132e-05,,
