sample_name,porosity,nu,g,all_converged,total_iterations,iterations_x,iterations_y,iterations_z,K_star_xx,K_star_xy,K_star_xz,K_star_yx,K_star_yy,K_star_yz,K_star_zx,K_star_zy,K_star_zz,K_xx,K_xy,K_xz,K_yx,K_yy,K_yz,K_zx,K_zy,K_zz,K_star_eig1,K_star_eig2,K_star_eig3,K_eig1,K_eig2,K_eig3,symmetry_error,error_type,error_message
eps_0.02_coeffs_0.565_0.414_0.586_-7.876_70.061_-2892.276_m_-0.481_rho_0.541_,0.459439754486084,0.16666666666666666,1e-05,True,50000,17500,15000,17500,1.3067992774125592,-0.029341272071222006,0.004920427879610989,-0.02934168099338375,1.3130841509746356,0.001822081632987544,0.004918460113514878,0.0018222640613452614,1.3466974550374233,0.6003955391770182,-0.013480546836711632,0.0022606401769749555,-0.013480734711809226,0.6032830599433546,0.0008371367381134002,0.0022597361070028723,0.0008372205529532812,0.618726348109428,1.2800749803742946,1.3389910430265306,1.3475148600237932,0.5881173347069448,0.6151857160671748,0.6191018964556815,1.2459011429512044e-06,,
