sample_name,porosity,nu,g,all_converged,total_iterations,iterations_x,iterations_y,iterations_z,K_star_xx,K_star_xy,K_star_xz,K_star_yx,K_star_yy,K_star_yz,K_star_zx,K_star_zy,K_star_zz,K_xx,K_xy,K_xz,K_yx,K_yy,K_yz,K_zx,K_zy,K_zz,K_star_eig1,K_star_eig2,K_star_eig3,K_eig1,K_eig2,K_eig3,symmetry_error,error_type,error_message
eps_0.02_coeffs_0.53_0.632_0.747_7.093_73.431_868.904_m_-0.413_rho_0.512_,0.4876222610473633,0.16666666666666666,1e-05,True,55000,17500,20000,17500,52.87709819978048,3.6591349909212227,1.045931140928355,3.9447505436528574,83.15527007623342,3.445479781769283,0.9917229231408449,3.4317496516406036,8.766651156997305,25.784050181800417,1.7842756777505298,0.5100193078393328,1.9235481793638218,40.54836081257709,1.6800926415793136,0.48358617411443927,1.6733975244814925,4.274814258988509,8.593810079273164,52.378411811708254,83.8267975420298,4.190533101866799,25.54087959769509,40.875812553804124,0.004148742436513418,,
