sample_name,porosity,nu,g,all_converged,total_iterations,iterations_x,iterations_y,iterations_z,K_star_xx,K_star_xy,K_star_xz,K_star_yx,K_star_yy,K_star_yz,K_star_zx,K_star_zy,K_star_zz,K_xx,K_xy,K_xz,K_yx,K_yy,K_yz,K_zx,K_zy,K_zz,K_star_eig1,K_star_eig2,K_star_eig3,K_eig1,K_eig2,K_eig3,symmetry_error,error_type,error_message
eps_0.02_coeffs_0.401_-0.363_0.76_51.102_132.826_-2464.191_m_-0.332_rho_0.42_,0.5802626609802246,0.16666666666666666,1e-05,True,167500,52500,60000,55000,0.4949716089940079,0.005497021178250451,0.023932357859748246,0.005498372140633531,0.45846913793271515,-0.013051099870032508,0.023932768601887155,-0.013050329035696652,0.47669056285633515,0.2872135429445263,0.0031897161363562566,0.01388705365522851,0.0031905000493835465,0.26603252195414695,-0.007573065939303726,0.01388729199355501,-0.007572618652920827,0.27660573446717807,0.445379824590241,0.47313456136205095,0.5116169238307663,0.25843728216363926,0.2745423195776551,0.29687219762455735,2.75091818375883e-06,,
