sample_name,porosity,nu,g,all_converged,total_iterations,iterations_x,iterations_y,iterations_z,K_star_xx,K_star_xy,K_star_xz,K_star_yx,K_star_yy,K_star_yz,K_star_zx,K_star_zy,K_star_zz,K_xx,K_xy,K_xz,K_yx,K_yy,K_yz,K_zx,K_zy,K_zz,K_star_eig1,K_star_eig2,K_star_eig3,K_eig1,K_eig2,K_eig3,symmetry_error,error_type,error_message
eps_0.02_coeffs_0.766_1.478_0.258_-31.22_16.858_287.364_m_-0.532_rho_0.373_,0.6274337768554688,0.16666666666666666,1e-05,True,47500,15000,15000,17500,10.936179577508206,0.8474523238694726,0.39378987428963325,0.8413822690754581,13.716598945405096,-0.4248619287809107,0.3993440472399468,-0.43000184905377864,11.583412402548262,6.8617284566856185,0.531720212270367,0.24707706811298483,0.5279116548652389,8.606257481927258,-0.266572724617106,0.2505619438245086,-0.2697976842066475,7.267824192605335,10.470876335678936,11.773561528572836,13.9917530612098,6.569781486281585,7.387130176912697,8.778898468023925,0.0006510820621268042,,
