sample_name,porosity,nu,g,all_converged,total_iterations,iterations_x,iterations_y,iterations_z,K_star_xx,K_star_xy,K_star_xz,K_star_yx,K_star_yy,K_star_yz,K_star_zx,K_star_zy,K_star_zz,K_xx,K_xy,K_xz,K_yx,K_yy,K_yz,K_zx,K_zy,K_zz,K_star_eig1,K_star_eig2,K_star_eig3,K_eig1,K_eig2,K_eig3,symmetry_error,error_type,error_message
eps_0.02_coeffs_0.851_0.804_0.301_94.48_93.999_-1825.504_m_-0.4_rho_0.392_,0.6079821586608887,0.16666666666666666,1e-05,True,60000,17500,20000,22500,1.5790403084274056,-0.22213284960345506,0.13634753941977948,-0.2220687050167701,2.3040714649649163,0.2074329761767001,0.13635536509420465,0.20730424397616284,1.3637805043030269,0.9600283353302494,-0.13505280941140313,0.08289687134453814,-0.135013810647124,1.4008343429783259,0.1261155486333628,0.08290162921496813,0.126037281752191,0.8291542149457897,1.2215150339578842,1.6320013422986628,2.3933759014388016,0.7426593471824432,0.9922276990282087,1.4551298470437126,6.479437380728554e-05,,
