sample_name,porosity,nu,g,all_converged,total_iterations,iterations_x,iterations_y,iterations_z,K_star_xx,K_star_xy,K_star_xz,K_star_yx,K_star_yy,K_star_yz,K_star_zx,K_star_zy,K_star_zz,K_xx,K_xy,K_xz,K_yx,K_yy,K_yz,K_zx,K_zy,K_zz,K_star_eig1,K_star_eig2,K_star_eig3,K_eig1,K_eig2,K_eig3,symmetry_error,error_type,error_message
eps_0.02_coeffs_0.409_-0.009_0.597_17.168_88.545_-1752.006_m_-0.305_rho_0.548_,0.4519681930541992,0.16666666666666666,1e-05,True,60000,20000,17500,22500,1.0224524013759553,-0.005083607446196259,-0.0054990858995519615,-0.005082298266239619,1.0509071210945327,0.016577165215068513,-0.005499219182037505,0.016576023657604397,1.0203206715225204,0.46211596433381735,-0.0022976288716541953,-0.0024854119174703257,-0.00229703716395481,0.47497659258888647,0.007492351408215442,-0.0024854721569144826,0.007491835460551118,0.46115249024388066,1.01209745755625,1.0221362545711818,1.059446481865576,0.45743585908644746,0.46197307603372423,0.4788361120464131,1.3790674863514616e-06,,
