sample_name,porosity,nu,g,all_converged,total_iterations,iterations_x,iterations_y,iterations_z,K_star_xx,K_star_xy,K_star_xz,K_star_yx,K_star_yy,K_star_yz,K_star_zx,K_star_zy,K_star_zz,K_xx,K_xy,K_xz,K_yx,K_yy,K_yz,K_zx,K_zy,K_zz,K_star_eig1,K_star_eig2,K_star_eig3,K_eig1,K_eig2,K_eig3,symmetry_error,error_type,error_message
eps_0.02_coeffs_0.926_-0.339_0.474_5.152_146.9_-641.631_m_-0.284_rho_0.408_,0.5915822982788086,0.16666666666666666,1e-05,True,42500,15000,12500,15000,1.6080199087648024,-0.0007919984572860742,0.012320796293433795,-0.0007904741374507762,1.5648527538512065,0.011102796877723795,0.01232053739561505,0.011102272235549977,1.548398479468215,0.9512761133051619,-0.0004685322675945666,0.0072887649878945904,-0.00046763050696308904,0.9257391885912195,0.0065682180942466225,0.0072886118285279584,0.006567907725223662,0.9160051311352193,1.540862976337414,1.5698986759949107,1.6105094897518988,0.9115472608744132,0.9287242668099281,0.9527489053472596,8.469568016115057e-07,,
