sample_name,porosity,nu,g,all_converged,total_iterations,iterations_x,iterations_y,iterations_z,K_star_xx,K_star_xy,K_star_xz,K_star_yx,K_star_yy,K_star_yz,K_star_zx,K_star_zy,K_star_zz,K_xx,K_xy,K_xz,K_yx,K_yy,K_yz,K_zx,K_zy,K_zz,K_star_eig1,K_star_eig2,K_star_eig3,K_eig1,K_eig2,K_eig3,symmetry_error,error_type,error_message
eps_0.02_coeffs_0.779_0.576_0.397_69.152_97.02_-1435.693_m_-0.307_rho_0.482_,0.5183310508728027,0.16666666666666666,1e-05,True,82500,32500,22500,27500,1.0448966212307416,0.11628880783294725,0.03678321143572738,0.11630665477239491,1.0733535530501714,0.12545611825633135,0.036797846404828936,0.1254467767509355,1.2272823008057934,0.5416023637359711,0.06027609996879696,0.01906588063795707,0.06028535059167573,0.556352475110552,0.06502780161422685,0.019073466396870967,0.06502295962191827,0.636138524694258,0.9291542307591962,1.0886366715577553,1.3277415727697546,0.48160948885232474,0.5642741899872015,0.6882096847012548,1.8036698414591786e-05,,
