sample_name,porosity,nu,g,all_converged,total_iterations,iterations_x,iterations_y,iterations_z,K_star_xx,K_star_xy,K_star_xz,K_star_yx,K_star_yy,K_star_yz,K_star_zx,K_star_zy,K_star_zz,K_xx,K_xy,K_xz,K_yx,K_yy,K_yz,K_zx,K_zy,K_zz,K_star_eig1,K_star_eig2,K_star_eig3,K_eig1,K_eig2,K_eig3,symmetry_error,error_type,error_message
eps_0.02_coeffs_0.395_-0.401_0.907_9.306_95.741_-646.622_m_-0.417_rho_0.403_,0.5966367721557617,0.16666666666666666,1e-05,True,30000,10000,10000,10000,3.0940925055480935,0.31487883861774757,-0.569175430420115,0.31491078379982257,3.2043478659301265,-0.2796111370257258,-0.5692249881269824,-0.2796082114492794,2.944217925647284,1.8460493652615477,0.18786829389304793,-0.33959099159622375,0.18788735356336708,1.9118317675927543,-0.16682628625383145,-0.33962055954648457,-0.16682454074734376,1.756628679681328,2.4450077041942087,2.9349736560315023,3.86267693689979,1.458781504526402,1.7511132084968306,2.3046150995123966,1.536794772652563e-05,,
