sample_name,porosity,nu,g,all_converged,total_iterations,iterations_x,iterations_y,iterations_z,K_star_xx,K_star_xy,K_star_xz,K_star_yx,K_star_yy,K_star_yz,K_star_zx,K_star_zy,K_star_zz,K_xx,K_xy,K_xz,K_yx,K_yy,K_yz,K_zx,K_zy,K_zz,K_star_eig1,K_star_eig2,K_star_eig3,K_eig1,K_eig2,K_eig3,symmetry_error,error_type,error_message
eps_0.02_coeffs_0.89_1.088_0.531_100.233_141.031_-1693.824_m_-0.492_rho_0.415_,0.5847034454345703,0.16666666666666666,1e-05,True,40000,15000,12500,12500,1.2691998857620663,-0.8178582508545048,0.5503377916367791,-0.8179903901765079,2.464310394314249,-0.23631992757055126,0.550311319142287,-0.23620341907035183,0.8383027781597451,0.7421055461502433,-0.47820453715172007,0.3217844029228774,-0.47828179946857263,1.440890778175766,-0.13817707587534941,0.3217689243641386,-0.13810895295386041,0.4901585227073752,0.4160997813584183,1.1740270270865245,2.9816862497911183,0.24329497580483816,0.6864576477707965,1.7434022234577493,7.796545438387282e-05,,
