sample_name,porosity,nu,g,all_converged,total_iterations,iterations_x,iterations_y,iterations_z,K_star_xx,K_star_xy,K_star_xz,K_star_yx,K_star_yy,K_star_yz,K_star_zx,K_star_zy,K_star_zz,K_xx,K_xy,K_xz,K_yx,K_yy,K_yz,K_zx,K_zy,K_zz,K_star_eig1,K_star_eig2,K_star_eig3,K_eig1,K_eig2,K_eig3,symmetry_error,error_type,error_message
eps_0.02_coeffs_0.862_0.954_0.696_35.503_66.302_-197.811_m_-0.49_rho_0.322_,0.6781225204467773,0.16666666666666666,1e-05,True,45000,17500,12500,15000,38.42434388743813,1.6120987768840118,6.738149170882753,1.667054868194297,10.120923971245658,-5.706209670327688,6.900200059559538,-5.724440716046896,25.69859259516883,26.056412923463267,1.093200485789753,4.569290698905376,1.130467448942987,6.863226472631313,-3.869509283840386,4.6791810559755165,-3.881872166513876,17.426794382570776,7.759793033623285,25.016370305107756,41.46769711512157,5.262090410105971,16.964164083729603,28.12017928482979,0.004964541746241064,,
