sample_name,porosity,nu,g,all_converged,total_iterations,iterations_x,iterations_y,iterations_z,K_star_xx,K_star_xy,K_star_xz,K_star_yx,K_star_yy,K_star_yz,K_star_zx,K_star_zy,K_star_zz,K_xx,K_xy,K_xz,K_yx,K_yy,K_yz,K_zx,K_zy,K_zz,K_star_eig1,K_star_eig2,K_star_eig3,K_eig1,K_eig2,K_eig3,symmetry_error,error_type,error_message
eps_0.02_coeffs_0.547_0.955_0.828_25.098_55.336_171.13_m_-0.415_rho_0.507_,0.49298715591430664,0.16666666666666666,1e-05,True,215000,112500,72500,30000,0.16666649854198728,3.767549044177538e-11,-4.54131928794513e-06,4.112343757052166e-12,0.16666633005310813,-2.428886194290408e-06,-6.135801859360748e-13,-2.9728359527611783e-11,64.73319376011908,0.08216444310241025,1.857353288056749e-11,-2.2388120798628538e-06,2.027332652931102e-12,0.0821643600395569,-1.1974096969627522e-06,-3.0248715078999694e-13,-1.4655699413515314e-11,31.912633085050846,0.16666633005310788,0.1666664985419874,64.73319376011908,0.08216436003955671,0.0821644431024103,31.912633085050846,1.1251119677363236e-07,,
