sample_name,porosity,nu,g,all_converged,total_iterations,iterations_x,iterations_y,iterations_z,K_star_xx,K_star_xy,K_star_xz,K_star_yx,K_star_yy,K_star_yz,K_star_zx,K_star_zy,K_star_zz,K_xx,K_xy,K_xz,K_yx,K_yy,K_yz,K_zx,K_zy,K_zz,K_star_eig1,K_star_eig2,K_star_eig3,K_eig1,K_eig2,K_eig3,symmetry_error,error_type,error_message
eps_0.02_coeffs_0.506_0.735_0.842_-4.525_55.086_22.856_m_-0.425_rho_0.363_,0.6371369361877441,0.16666666666666666,1e-05,True,22500,7500,7500,7500,6.855137134624227,-0.29933769115249775,-1.4534527934868335,-0.2988888211631038,5.899552671489474,0.9455540787346544,-1.4535343675347163,0.9453320602368009,6.489856918183338,4.3676610711013115,-0.19071909942641563,-0.9260484597357191,-0.19043310777662653,3.758822913991024,0.6024474287248227,-0.9261004335746595,0.6023059725393234,4.1349275531481675,4.880073483136441,5.932595570894697,8.4318776702659,3.109275067416605,3.779875765680828,5.372260705143071,6.290621523853579e-05,,
