sample_name,porosity,nu,g,all_converged,total_iterations,iterations_x,iterations_y,iterations_z,K_star_xx,K_star_xy,K_star_xz,K_star_yx,K_star_yy,K_star_yz,K_star_zx,K_star_zy,K_star_zz,K_xx,K_xy,K_xz,K_yx,K_yy,K_yz,K_zx,K_zy,K_zz,K_star_eig1,K_star_eig2,K_star_eig3,K_eig1,K_eig2,K_eig3,symmetry_error,error_type,error_message
eps_0.02_coeffs_0.787_1.075_0.771_89.51_115.521_-1964.478_m_-0.565_rho_0.458_,0.541804313659668,0.16666666666666666,1e-05,True,47500,17500,12500,17500,7.333435164850412,3.6859959846261723,1.1339406463006592,3.681745501470614,18.713820695891055,-0.9701231360903402,1.13060400103837,-0.9760703774147168,5.207079547220657,3.9732868062594515,1.9970885246026753,0.6143739335997289,1.9947855944938562,10.139228778087343,-0.5256168999147914,0.6125661248034686,-0.5288391409187138,2.8212181602531823,4.253478527858889,7.173609511786716,19.827247368316534,2.3045530144527198,3.886692577996067,10.74248815215119,0.0005282980631583758,,
