sample_name,porosity,nu,g,all_converged,total_iterations,iterations_x,iterations_y,iterations_z,K_star_xx,K_star_xy,K_star_xz,K_star_yx,K_star_yy,K_star_yz,K_star_zx,K_star_zy,K_star_zz,K_xx,K_xy,K_xz,K_yx,K_yy,K_yz,K_zx,K_zy,K_zz,K_star_eig1,K_star_eig2,K_star_eig3,K_eig1,K_eig2,K_eig3,symmetry_error,error_type,error_message
eps_0.02_coeffs_0.756_1.489_0.727_4.348_54.987_174.405_m_-0.456_rho_0.56_,0.4401249885559082,0.16666666666666666,1e-05,True,42500,12500,15000,15000,4.9976508056187186,2.364859223392709,-0.9489245080922095,2.3285359017679523,42.77037469703211,-5.229668179139784,-0.9651444906629287,-5.258820062804128,20.36877405598958,2.1995910036293638,1.04083363863205,-0.41764538826450454,1.0248468371176414,18.824310674063163,-2.301707647495095,-0.42478420790781934,-2.314538119959247,8.964806448290293,4.8268912725359225,19.208773153240998,44.10113513286347,2.124435466085486,8.454261064243235,19.410011595654108,0.0014427554726896543,,
