sample_name,porosity,nu,g,all_converged,total_iterations,iterations_x,iterations_y,iterations_z,K_star_xx,K_star_xy,K_star_xz,K_star_yx,K_star_yy,K_star_yz,K_star_zx,K_star_zy,K_star_zz,K_xx,K_xy,K_xz,K_yx,K_yy,K_yz,K_zx,K_zy,K_zz,K_star_eig1,K_star_eig2,K_star_eig3,K_eig1,K_eig2,K_eig3,symmetry_error,error_type,error_message
eps_0.02_coeffs_0.965_0.971_0.943_33.609_121.989_-403.633_m_-0.439_rho_0.356_,0.6436400413513184,0.16666666666666666,1e-05,True,107500,40000,42500,25000,17.33169004476797,-0.28417335365020024,-2.30455775320711,-0.2729224938301862,5.546205900697228,-1.3267009682941313,-2.3025211573637567,-1.333638155142831,19.03852029476164,11.155369697102689,-0.1829053490943577,-1.4833056475707256,-0.17566384521456596,3.56976019526769,-0.8539178660936688,-1.4819948129378937,-0.8583829173238277,12.253953989788295,5.394377388202491,15.822420591912103,20.699618260112242,3.472037285207271,10.183943444056254,13.32310315289515,0.0007108410317876924,,
