sample_name,porosity,nu,g,all_converged,total_iterations,iterations_x,iterations_y,iterations_z,K_star_xx,K_star_xy,K_star_xz,K_star_yx,K_star_yy,K_star_yz,K_star_zx,K_star_zy,K_star_zz,K_xx,K_xy,K_xz,K_yx,K_yy,K_yz,K_zx,K_zy,K_zz,K_star_eig1,K_star_eig2,K_star_eig3,K_eig1,K_eig2,K_eig3,symmetry_error,error_type,error_message
eps_0.02_coeffs_0.77_1.194_0.879_46.299_115.192_-3256.51_m_-0.432_rho_0.601_,0.3987445831298828,0.16666666666666666,1e-05,True,57500,22500,20000,15000,1.0483679117495357,-0.18924830046444788,-0.12070396800255562,-0.1892416620997252,1.0121603500426326,0.13814531324593435,-0.12066672229013552,0.1381614507103494,1.539871603446392,0.4180310259373144,-0.07546173467673507,-0.04813005340330175,-0.07545908766476107,0.4035934568383458,0.05508469534159717,-0.048115201877229424,0.055091130068118124,0.6140154605897757,0.839433843692575,1.1380418367816048,1.6229241847643803,0.3347196980683111,0.4537880177918471,0.647132227505278,2.7021995619559484e-05,,
