sample_name,porosity,nu,g,all_converged,total_iterations,iterations_x,iterations_y,iterations_z,K_star_xx,K_star_xy,K_star_xz,K_star_yx,K_star_yy,K_star_yz,K_star_zx,K_star_zy,K_star_zz,K_xx,K_xy,K_xz,K_yx,K_yy,K_yz,K_zx,K_zy,K_zz,K_star_eig1,K_star_eig2,K_star_eig3,K_eig1,K_eig2,K_eig3,symmetry_error,error_type,error_message
eps_0.02_coeffs_0.946_0.538_0.855_55.659_148.826_-821.935_m_-0.507_rho_0.355_,0.6445426940917969,0.16666666666666666,1e-05,True,30000,10000,10000,10000,4.2646262998707085,0.6488081731548426,1.6579596016109341,0.6492321399384207,7.17166533446953,1.0663237823670537,1.6541214935304136,1.071251103878084,12.012574507262018,2.748733724613398,0.4181845678739993,1.0686257483176738,0.4184578325668921,4.622444495803738,0.6872912034610157,1.0661519237952395,0.6904670725423917,7.7426171358891,3.8696783123104765,6.971309188035652,12.607878641256129,2.4941728846851925,4.493306405403393,8.12631606621765,0.0005934728660074564,,
