sample_name,porosity,nu,g,all_converged,total_iterations,iterations_x,iterations_y,iterations_z,K_star_xx,K_star_xy,K_star_xz,K_star_yx,K_star_yy,K_star_yz,K_star_zx,K_star_zy,K_star_zz,K_xx,K_xy,K_xz,K_yx,K_yy,K_yz,K_zx,K_zy,K_zz,K_star_eig1,K_star_eig2,K_star_eig3,K_eig1,K_eig2,K_eig3,symmetry_error,error_type,error_message
eps_0.02_coeffs_0.782_1.341_0.894_77.874_69.231_-1998.003_m_-0.577_rho_0.325_,0.6745524406433105,0.16666666666666666,1e-05,True,35000,12500,12500,10000,12.398372954164227,9.201001410612312,1.90089836533892,9.259458784948427,21.150402323117564,-10.581984845719983,1.872134068288318,-10.613742243264166,18.955455671555864,8.363352736237491,6.206557957891079,1.282255631754248,6.245990522423104,14.267055507646898,-7.13810370453094,1.2628526049753752,-7.159525734552849,12.78644888675409,2.676699934304595,17.311124559915303,32.516406454617766,1.805574473554948,11.67726132217123,21.934021334912295,0.002776872433619741,,
