sample_name,porosity,nu,g,all_converged,total_iterations,iterations_x,iterations_y,iterations_z,K_star_xx,K_star_xy,K_star_xz,K_star_yx,K_star_yy,K_star_yz,K_star_zx,K_star_zy,K_star_zz,K_xx,K_xy,K_xz,K_yx,K_yy,K_yz,K_zx,K_zy,K_zz,K_star_eig1,K_star_eig2,K_star_eig3,K_eig1,K_eig2,K_eig3,symmetry_error,error_type,error_message
eps_0.02_coeffs_0.631_0.829_0.652_48.731_124.848_-3321.443_m_-0.574_rho_0.345_,0.6546869277954102,0.16666666666666666,1e-05,True,27500,10000,10000,7500,3.6839001829842797,0.6023013365898755,0.34086749649207765,0.6019320449506607,4.531371510648855,-0.13354958756191168,0.3409261330448935,-0.13289598650957418,4.5923236789695645,2.4118012931029273,0.3943188116590948,0.22316149406371105,0.39407704125035675,2.9666296930063454,-0.08743316918925208,0.2231998826483306,-0.0870052651242934,3.0065342808266995,3.271246851017014,4.683658310829712,4.852690210755975,2.141642550952738,3.066329870360544,3.176992845622689,0.00014206674435612312,,
