sample_name,porosity,nu,g,all_converged,total_iterations,iterations_x,iterations_y,iterations_z,K_star_xx,K_star_xy,K_star_xz,K_star_yx,K_star_yy,K_star_yz,K_star_zx,K_star_zy,K_star_zz,K_xx,K_xy,K_xz,K_yx,K_yy,K_yz,K_zx,K_zy,K_zz,K_star_eig1,K_star_eig2,K_star_eig3,K_eig1,K_eig2,K_eig3,symmetry_error,error_type,error_message
eps_0.02_coeffs_0.7_0.484_0.54_56.315_103.127_-2161.749_m_-0.529_rho_0.429_,0.5713825225830078,0.16666666666666666,1e-05,True,37500,12500,12500,12500,4.031910151333844,-0.3307457715121025,0.7007042413247846,-0.3307678235926567,2.1364375326726925,0.06052135071835068,0.7013068676245525,0.06058228660041584,2.749119911091097,2.3037629930971684,-0.18898235326024823,0.40037015699276807,-0.18899495343366352,1.2207230667595403,0.034580842043582145,0.40071448712810437,0.03461565974159236,1.5707990696824052,2.018545237014029,2.523163943270073,4.375758414813534,1.1533614694729912,1.441691778796143,2.5002318812699795,0.00015758222119016077,,
