sample_name,porosity,nu,g,all_converged,total_iterations,iterations_x,iterations_y,iterations_z,K_star_xx,K_star_xy,K_star_xz,K_star_yx,K_star_yy,K_star_yz,K_star_zx,K_star_zy,K_star_zz,K_xx,K_xy,K_xz,K_yx,K_yy,K_yz,K_zx,K_zy,K_zz,K_star_eig1,K_star_eig2,K_star_eig3,K_eig1,K_eig2,K_eig3,symmetry_error,error_type,error_message
eps_0.02_coeffs_0.484_0.588_0.518_5.914_32.057_-831.396_m_-0.3_rho_0.336_,0.6637368202209473,0.16666666666666666,1e-05,True,22500,7500,7500,7500,5.486459038110302,-0.056903988698048975,-0.0003561984196466594,-0.056863927024667964,5.381036993600213,0.042023307344594425,-0.00039700257403087804,0.04204045033857108,5.372387017168482,3.6415648762278083,-0.03776927251633175,-0.0002364220064240003,-0.037742682108629105,3.571592383623491,0.027892416392068683,-0.0002635052261067862,0.027903794828379815,3.5658510757717083,5.324451194839176,5.401906045173017,5.513525808866803,3.5340343054841776,3.585443941555451,3.6595300885833772,9.003361524904033e-06,,
