sample_name,porosity,nu,g,all_converged,total_iterations,iterations_x,iterations_y,iterations_z,K_star_xx,K_star_xy,K_star_xz,K_star_yx,K_star_yy,K_star_yz,K_star_zx,K_star_zy,K_star_zz,K_xx,K_xy,K_xz,K_yx,K_yy,K_yz,K_zx,K_zy,K_zz,K_star_eig1,K_star_eig2,K_star_eig3,K_eig1,K_eig2,K_eig3,symmetry_error,error_type,error_message
eps_0.02_coeffs_0.644_0.544_0.537_-1.989_55.718_18.324_m_-0.388_rho_0.496_,0.5037660598754883,0.16666666666666666,1e-05,True,30000,10000,10000,10000,7.108818288708811,-1.0617772248562332,1.582813917740816,-1.0572198049877437,11.649980962268751,4.3142615020533,1.5699800543312608,4.360513222848888,16.397267335124862,3.581181379673649,-0.5348873290313549,0.7973679308563761,-0.5325914555810077,5.868865006986578,2.173378518161897,0.7909026660535643,2.196678565309551,8.2603867581409,6.0765854252697995,10.034855424952333,19.044625735880288,3.0611774971849854,5.055219578848406,9.594036068767739,0.0030494851055719563,,
