sample_name,porosity,nu,g,all_converged,total_iterations,iterations_x,iterations_y,iterations_z,K_star_xx,K_star_xy,K_star_xz,K_star_yx,K_star_yy,K_star_yz,K_star_zx,K_star_zy,K_star_zz,K_xx,K_xy,K_xz,K_yx,K_yy,K_yz,K_zx,K_zy,K_zz,K_star_eig1,K_star_eig2,K_star_eig3,K_eig1,K_eig2,K_eig3,symmetry_error,error_type,error_message
eps_0.02_coeffs_0.955_-0.38_0.915_-4.184_132.319_-1105.037_m_-0.33_rho_0.635_,0.3654932975769043,0.16666666666666666,1e-05,True,60000,22500,17500,20000,0.9759407249303679,0.02370423351178299,-0.012103361530456458,0.02370501457319426,0.9519633106609589,0.005514231415724484,-0.012103706344135275,0.005514662986412172,0.9787994813826391,0.35669979379439465,0.008663738472754527,-0.004423697517531978,0.008664023945465343,0.3479362095857008,0.002015414623735303,-0.004423823544620498,0.0020155723599290837,0.3577446501171045,0.9345707088169768,0.9775743561533878,0.9945584520036014,0.3415793301843016,0.3572968750571208,0.36350444825577755,8.059110289598962e-07,,
