sample_name,porosity,nu,g,all_converged,total_iterations,iterations_x,iterations_y,iterations_z,K_star_xx,K_star_xy,K_star_xz,K_star_yx,K_star_yy,K_star_yz,K_star_zx,K_star_zy,K_star_zz,K_xx,K_xy,K_xz,K_yx,K_yy,K_yz,K_zx,K_zy,K_zz,K_star_eig1,K_star_eig2,K_star_eig3,K_eig1,K_eig2,K_eig3,symmetry_error,error_type,error_message
eps_0.02_coeffs_0.91_-0.173_0.321_107.965_108.568_-2827.858_m_-0.313_rho_0.345_,0.654571533203125,0.16666666666666666,1e-05,True,42500,15000,12500,15000,2.491219845711159,-0.048810535822982296,-0.007498854123305207,-0.048804351978461676,2.3867770350442514,-0.09107686665940465,-0.007506683464762566,-0.09110449664396603,2.045054457102412,1.6306815939532058,-0.031949987270115575,-0.004908536440758465,-0.031945939501526625,1.5623163032429244,-0.059616324248583076,-0.00491366130480018,-0.0596344100499398,1.33863443146941,2.021496090425259,2.3893903671901904,2.512164880242372,1.323213795273785,1.5640269160724616,1.6443916173192945,1.035158896300077e-05,,
