sample_name,porosity,nu,g,all_converged,total_iterations,iterations_x,iterations_y,iterations_z,K_star_xx,K_star_xy,K_star_xz,K_star_yx,K_star_yy,K_star_yz,K_star_zx,K_star_zy,K_star_zz,K_xx,K_xy,K_xz,K_yx,K_yy,K_yz,K_zx,K_zy,K_zz,K_star_eig1,K_star_eig2,K_star_eig3,K_eig1,K_eig2,K_eig3,symmetry_error,error_type,error_message
eps_0.02_coeffs_0.735_1.387_0.449_-18.806_62.548_509.846_m_-0.215_rho_0.42_,0.5795383453369141,0.16666666666666666,1e-05,True,40000,12500,12500,15000,1.827113358755094,0.16961714143175147,0.028175939067681812,0.1696171245341831,1.9009349863606346,0.07386996157070588,0.028171403656451204,0.07386913182514832,1.716167901945308,1.0588822526758987,0.09829963748613457,0.01632903710559803,0.09829962769334576,1.1016647165884914,0.042810475298788314,0.01632640866087802,0.042809994429420836,0.9945851062137072,1.6706464337935996,1.719160725291443,2.0544090879759933,0.9682036698837592,0.9963195621036118,1.1906088434907267,2.0653687368459685e-06,,
