sample_name,porosity,nu,g,all_converged,total_iterations,iterations_x,iterations_y,iterations_z,K_star_xx,K_star_xy,K_star_xz,K_star_yx,K_star_yy,K_star_yz,K_star_zx,K_star_zy,K_star_zz,K_xx,K_xy,K_xz,K_yx,K_yy,K_yz,K_zx,K_zy,K_zz,K_star_eig1,K_star_eig2,K_star_eig3,K_eig1,K_eig2,K_eig3,symmetry_error,error_type,error_message
eps_0.02_coeffs_0.784_0.599_0.731_104.841_64.549_-3037.951_m_-0.209_rho_0.504_,0.4959878921508789,0.16666666666666666,1e-05,True,97500,27500,40000,30000,0.8980024571698763,-0.06662466544911728,0.14243417126545682,-0.06662535472964264,0.3967903380006175,0.12139628372103504,0.14240244915607994,0.1213942401497453,0.8680640408278115,0.4453983458779968,-0.03304502738136517,0.07064562437621122,-0.03304536925616004,0.19680320337076107,0.06021108687774623,0.0706298905940468,0.06021007329112977,0.43054925386216075,0.34883686258020785,0.786029224524606,1.0279907488934916,0.17301886017568296,0.3898609782409493,0.5098709646942863,3.354969550065178e-05,,
