sample_name,porosity,nu,g,all_converged,total_iterations,iterations_x,iterations_y,iterations_z,K_star_xx,K_star_xy,K_star_xz,K_star_yx,K_star_yy,K_star_yz,K_star_zx,K_star_zy,K_star_zz,K_xx,K_xy,K_xz,K_yx,K_yy,K_yz,K_zx,K_zy,K_zz,K_star_eig1,K_star_eig2,K_star_eig3,K_eig1,K_eig2,K_eig3,symmetry_error,error_type,error_message
eps_0.02_coeffs_0.597_1.004_0.505_-17.947_54.66_172.2_m_-0.425_rho_0.413_,0.58746337890625,0.16666666666666666,1e-05,True,27500,10000,7500,10000,3.539924224158797,-0.5129136970802253,0.2757021087453394,-0.5128739356945531,2.5764491226879813,-0.08189322108488833,0.27565530820365214,-0.08187661504259652,2.953715601243931,2.079575845796412,-0.3013180135740459,0.16196489237511547,-0.30129465521606896,1.513569507194325,-0.048109268368045056,0.16193739877076122,-0.04809951292633005,1.7351997474348655,2.352378954608192,2.865120488548971,3.8525895049335475,1.3819364891420793,1.6831533631765043,2.263255248107019,1.682723023151233e-05,,
