sample_name,porosity,nu,g,all_converged,total_iterations,iterations_x,iterations_y,iterations_z,K_star_xx,K_star_xy,K_star_xz,K_star_yx,K_star_yy,K_star_yz,K_star_zx,K_star_zy,K_star_zz,K_xx,K_xy,K_xz,K_yx,K_yy,K_yz,K_zx,K_zy,K_zz,K_star_eig1,K_star_eig2,K_star_eig3,K_eig1,K_eig2,K_eig3,symmetry_error,error_type,error_message
eps_0.02_coeffs_0.609_0.092_0.822_66.755_116.65_-2465.646_m_-0.225_rho_0.596_,0.4040994644165039,0.16666666666666666,1e-05,True,107500,35000,35000,37500,0.7702496461030719,0.03833196181547122,0.03158994115021717,0.03833139156502613,0.7348064114541196,-0.00381460440105748,0.03159074742872996,-0.0038160368228685707,0.6912457162900454,0.311257469457253,0.0154899252396658,0.012765478299751635,0.015489694801766355,0.29693487731842294,-0.0015414795954281663,0.012765804116466823,-0.0015420584363148467,0.27933202373300997,0.6747164537163863,0.7210682980833896,0.8005170220474612,0.2726525575797945,0.2913833130632177,0.32348849986567363,1.9355601098862774e-06,,
