sample_name,porosity,nu,g,all_converged,total_iterations,iterations_x,iterations_y,iterations_z,K_star_xx,K_star_xy,K_star_xz,K_star_yx,K_star_yy,K_star_yz,K_star_zx,K_star_zy,K_star_zz,K_xx,K_xy,K_xz,K_yx,K_yy,K_yz,K_zx,K_zy,K_zz,K_star_eig1,K_star_eig2,K_star_eig3,K_eig1,K_eig2,K_eig3,symmetry_error,error_type,error_message
eps_0.02_coeffs_0.988_-0.536_0.714_-20.215_60.525_-3389.488_m_-0.552_rho_0.651_,0.3486795425415039,0.16666666666666666,1e-05,True,62500,22500,20000,20000,0.8223407379017343,-0.012319246879354682,0.014092007792656963,-0.012318712883516507,0.8220016006983558,0.00697627946276916,0.014092183341804305,0.006975834782331879,0.8256630762494959,0.2867333923048195,-0.00429546936634924,0.004913594830634938,-0.004295283172924666,0.28661514209988664,0.0024324859317200395,0.0049136560410313265,0.002432330880748591,0.2878918237200851,0.8007123849104086,0.8302585670866528,0.839034462852525,0.27919202807787774,0.28949417736293864,0.2925541526839749,7.106414845413348e-07,,
