sample_name,porosity,nu,g,all_converged,total_iterations,iterations_x,iterations_y,iterations_z,K_star_xx,K_star_xy,K_star_xz,K_star_yx,K_star_yy,K_star_yz,K_star_zx,K_star_zy,K_star_zz,K_xx,K_xy,K_xz,K_yx,K_yy,K_yz,K_zx,K_zy,K_zz,K_star_eig1,K_star_eig2,K_star_eig3,K_eig1,K_eig2,K_eig3,symmetry_error,error_type,error_message
eps_0.02_coeffs_0.396_0.734_0.855_-15.78_19.101_918.725_m_-0.607_rho_0.527_,0.47296762466430664,0.16666666666666666,1e-05,True,52500,17500,17500,17500,64.96064246360825,10.973614578073626,20.169247119375402,11.198884589019011,47.49336568814172,32.24191365165132,20.175463118614108,32.11405221868323,42.73736481319123,30.72428076268009,5.19016442097309,9.539400901318393,5.296709842958031,22.462824356833675,15.249381314453208,9.54234086771324,15.188906996216112,20.213389920106973,11.79376451072621,49.2376085297995,94.1599999244155,5.578068786488374,23.28779475049027,44.53463150264207,0.0034270026325704827,,
