sample_name,porosity,nu,g,all_converged,total_iterations,iterations_x,iterations_y,iterations_z,K_star_xx,K_star_xy,K_star_xz,K_star_yx,K_star_yy,K_star_yz,K_star_zx,K_star_zy,K_star_zz,K_xx,K_xy,K_xz,K_yx,K_yy,K_yz,K_zx,K_zy,K_zz,K_star_eig1,K_star_eig2,K_star_eig3,K_eig1,K_eig2,K_eig3,symmetry_error,error_type,error_message
eps_0.02_coeffs_0.397_0.34_0.939_41.998_58.072_-1973.007_m_-0.501_rho_0.377_,0.6230587959289551,0.16666666666666666,1e-05,True,22500,7500,7500,7500,5.797280216021585,-0.41702941155747686,-0.006610697124569696,-0.41759915918511786,6.143371997819083,-0.7570532720249723,-0.0062675679870031874,-0.7574510344900408,4.980543851291813,3.6120464310571614,-0.2598338430319622,-0.0041188529906854,-0.26018882930282355,3.8276819599048166,-0.4716887001219549,-0.0039050633633850706,-0.47193652952450627,3.103171655057238,4.575614790560093,5.668471261396094,6.677110013176291,2.8508770420410903,3.531790878883336,4.16023212509479,0.00011090666801934763,,
