sample_name,porosity,nu,g,all_converged,total_iterations,iterations_x,iterations_y,iterations_z,K_star_xx,K_star_xy,K_star_xz,K_star_yx,K_star_yy,K_star_yz,K_star_zx,K_star_zy,K_star_zz,K_xx,K_xy,K_xz,K_yx,K_yy,K_yz,K_zx,K_zy,K_zz,K_star_eig1,K_star_eig2,K_star_eig3,K_eig1,K_eig2,K_eig3,symmetry_error,error_type,error_message
eps_0.02_coeffs_0.515_0.762_0.405_115.129_27.856_-4134.8_m_-0.403_rho_0.574_,0.42574071884155273,0.16666666666666666,1e-05,True,75000,27500,22500,25000,1.1347805410455543,-0.12693530715118317,-0.03328025427791436,-0.1269307702359597,1.2740913438907722,0.20424099793002418,-0.03328113059924858,0.2042181560727539,1.3489635494754053,0.4831222832721404,-0.05404152891291802,-0.01416875937950892,-0.05403959736336945,0.5424325646178573,0.08695370927564458,-0.014169132465183688,0.08694398456691066,0.5743087112447115,1.0313503869266927,1.17879398383835,1.5476910636466894,0.4390878551076838,0.5018605980454368,0.6589151059815892,1.4967444306093332e-05,,
