sample_name,porosity,nu,g,all_converged,total_iterations,iterations_x,iterations_y,iterations_z,K_star_xx,K_star_xy,K_star_xz,K_star_yx,K_star_yy,K_star_yz,K_star_zx,K_star_zy,K_star_zz,K_xx,K_xy,K_xz,K_yx,K_yy,K_yz,K_zx,K_zy,K_zz,K_star_eig1,K_star_eig2,K_star_eig3,K_eig1,K_eig2,K_eig3,symmetry_error,error_type,error_message
eps_0.02_coeffs_0.411_0.873_0.479_37.276_87.037_-1277.188_m_-0.3_rho_0.565_,0.43451356887817383,0.16666666666666666,1e-05,True,130000,47500,42500,40000,0.4780403935138641,0.014173641579820246,0.03855857021062114,0.014173797437768679,0.5417967320886623,-0.03872484170543542,0.03855818273016499,-0.03872478594950778,0.6212200789471237,0.20771503745363573,0.006158639586847773,0.01675422195305663,0.006158707309241185,0.23541803166637645,-0.01682646917367109,0.016754053587540757,-0.01682644494696399,0.2699285535620956,0.4610288717005428,0.5372215173751509,0.6428068154739564,0.20032330039848054,0.23343003879282462,0.2793082834908025,6.23171382984568e-07,,
