sample_name,porosity,nu,g,all_converged,total_iterations,iterations_x,iterations_y,iterations_z,K_star_xx,K_star_xy,K_star_xz,K_star_yx,K_star_yy,K_star_yz,K_star_zx,K_star_zy,K_star_zz,K_xx,K_xy,K_xz,K_yx,K_yy,K_yz,K_zx,K_zy,K_zz,K_star_eig1,K_star_eig2,K_star_eig3,K_eig1,K_eig2,K_eig3,symmetry_error,error_type,error_message
eps_0.02_coeffs_0.639_0.707_0.765_41.444_47.569_-3250.429_m_-0.318_rho_0.582_,0.41777896881103516,0.16666666666666666,1e-05,True,47500,15000,17500,15000,1.8747632071225824,0.010076790265845249,0.08817614868171281,0.010080559549086402,1.8153498931211405,0.09555063019368534,0.08817270638076452,0.09555896817055652,1.831092785091729,0.7832366394365415,0.004209871046189905,0.036838140469974495,0.004211445773455551,0.758415006379373,0.039919043751562425,0.03683670234903398,0.03992252718294163,0.7649920555529489,1.7081036805386909,1.8370679039760458,1.976034300820715,0.7136097942777883,0.767488334558962,0.8255455725321132,4.329686176580738e-06,,
