sample_name,porosity,nu,g,all_converged,total_iterations,iterations_x,iterations_y,iterations_z,K_star_xx,K_star_xy,K_star_xz,K_star_yx,K_star_yy,K_star_yz,K_star_zx,K_star_zy,K_star_zz,K_xx,K_xy,K_xz,K_yx,K_yy,K_yz,K_zx,K_zy,K_zz,K_star_eig1,K_star_eig2,K_star_eig3,K_eig1,K_eig2,K_eig3,symmetry_error,error_type,error_message
eps_0.02_coeffs_0.709_1.228_0.893_3.324_83.156_-3940.54_m_-0.454_rho_0.617_,0.38270044326782227,0.16666666666666666,1e-05,True,50000,17500,15000,17500,1.075566559485526,0.027866207070439325,-0.01679796887406735,0.027866007199202566,1.0602993537719054,-0.011142069081089069,-0.016798181733043132,-0.011142132298074278,1.0457491302490303,0.4116197990791573,0.010664409798050053,-0.006428590134104656,0.010664333307239149,0.4057770326850937,-0.004264074776253484,-0.006428671595329042,-0.004264098969421745,0.4002086556932435,1.0376449005863884,1.040172015274095,1.1037981276459778,0.39710716340900637,0.3980742913201802,0.42242403272830814,2.299114881373372e-07,,
