sample_name,porosity,nu,g,all_converged,total_iterations,iterations_x,iterations_y,iterations_z,K_star_xx,K_star_xy,K_star_xz,K_star_yx,K_star_yy,K_star_yz,K_star_zx,K_star_zy,K_star_zz,K_xx,K_xy,K_xz,K_yx,K_yy,K_yz,K_zx,K_zy,K_zz,K_star_eig1,K_star_eig2,K_star_eig3,K_eig1,K_eig2,K_eig3,symmetry_error,error_type,error_message
eps_0.02_coeffs_0.63_0.87_0.289_12.828_4.003_-935.177_m_-0.234_rho_0.311_,0.6894669532775879,0.16666666666666666,1e-05,True,22500,7500,7500,7500,8.511937648150916,-1.8205474453862616,-0.1660428289718727,-1.8201933316607621,8.393127652552359,-1.2493026912031593,-0.16728871909511336,-1.2494793902143435,10.620836853247786,5.868699716759409,-1.2552073004677615,-0.11448104340482868,-1.2549631507563277,5.786784151075148,-0.8613529202253334,-0.11534004347221805,-0.8614747483542218,7.3227160264670745,6.380301339411653,9.789230452131756,11.356370362407654,4.3990069254770665,6.749350894763467,7.829842074061101,0.00011345722710811291,,
