sample_name,porosity,nu,g,all_converged,total_iterations,iterations_x,iterations_y,iterations_z,K_star_xx,K_star_xy,K_star_xz,K_star_yx,K_star_yy,K_star_yz,K_star_zx,K_star_zy,K_star_zz,K_xx,K_xy,K_xz,K_yx,K_yy,K_yz,K_zx,K_zy,K_zz,K_star_eig1,K_star_eig2,K_star_eig3,K_eig1,K_eig2,K_eig3,symmetry_error,error_type,error_message
eps_0.02_coeffs_0.26_1.065_0.434_93.785_104.343_151.79_m_-0.267_rho_0.528_,0.47193479537963867,0.16666666666666666,1e-05,True,30000,10000,10000,10000,14.877106510506263,1.4217849188456189,1.95033070517692,1.4275614369053036,16.293117755819225,2.9318660394442513,1.9459199258641395,2.9498605366001787,9.307537408822512,7.021024216876864,0.6709897747492634,0.9204289222702962,0.6737159146177674,7.689289194188904,1.3836495994056344,0.9183473220378543,1.3921418287388765,4.392550762520984,7.953282905425822,13.992757643296756,18.53172112642541,3.7534309405685127,6.603669215186132,8.745764017832109,0.0011182460690509453,,
