sample_name,porosity,nu,g,all_converged,total_iterations,iterations_x,iterations_y,iterations_z,K_star_xx,K_star_xy,K_star_xz,K_star_yx,K_star_yy,K_star_yz,K_star_zx,K_star_zy,K_star_zz,K_xx,K_xy,K_xz,K_yx,K_yy,K_yz,K_zx,K_zy,K_zz,K_star_eig1,K_star_eig2,K_star_eig3,K_eig1,K_eig2,K_eig3,symmetry_error,error_type,error_message
eps_0.02_coeffs_0.573_1.167_0.877_81.425_25.873_-3693.523_m_-0.242_rho_0.355_,0.6446247100830078,0.16666666666666666,1e-05,True,35000,12500,10000,12500,3.818279543559624,-0.28422664557690197,0.8842818283401994,-0.28420076314328896,3.796222623703952,-0.3545390047075288,0.8843607802778228,-0.3544251914182472,4.629662417508227,2.461357343783002,-0.18321951900287625,0.5700299172254731,-0.1832028345466122,2.4471389082157153,-0.22854460312270888,0.5700808115953742,-0.22847123626410215,2.9843947936684376,3.245859482221772,3.6682041763710256,5.330100926179002,2.0923612276973924,2.364615053718451,3.4359147642513106,2.7529510329897227e-05,,
