sample_name,porosity,nu,g,all_converged,total_iterations,iterations_x,iterations_y,iterations_z,K_star_xx,K_star_xy,K_star_xz,K_star_yx,K_star_yy,K_star_yz,K_star_zx,K_star_zy,K_star_zz,K_xx,K_xy,K_xz,K_yx,K_yy,K_yz,K_zx,K_zy,K_zz,K_star_eig1,K_star_eig2,K_star_eig3,K_eig1,K_eig2,K_eig3,symmetry_error,error_type,error_message
eps_0.02_coeffs_0.466_0.861_0.717_-10.169_2.613_-41.103_m_-0.533_rho_0.539_,0.46069908142089844,0.16666666666666666,1e-05,True,22500,7500,7500,7500,6.207861793140295,0.09419673857965505,0.7809101751591274,0.09344634923417768,6.358556809978812,-0.9057891829864756,0.7817056453564941,-0.9048315480499595,6.079364275044069,2.8599562256876254,0.043396350936491586,0.3597646003680429,0.04305064725432213,2.929381281519837,-0.4172962445628554,0.36013107275726747,-0.4168550630272658,2.800757537135829,4.940641293775755,6.36312950237745,7.342012082009971,2.276148905672651,2.9314879167075096,3.382458221963132,0.00018859887873602844,,
