sample_name,porosity,nu,g,all_converged,total_iterations,iterations_x,iterations_y,iterations_z,K_star_xx,K_star_xy,K_star_xz,K_star_yx,K_star_yy,K_star_yz,K_star_zx,K_star_zy,K_star_zz,K_xx,K_xy,K_xz,K_yx,K_yy,K_yz,K_zx,K_zy,K_zz,K_star_eig1,K_star_eig2,K_star_eig3,K_eig1,K_eig2,K_eig3,symmetry_error,error_type,error_message
eps_0.02_coeffs_0.774_-0.031_0.514_62.793_109.702_-1148.915_m_-0.303_rho_0.408_,0.5924062728881836,0.16666666666666666,1e-05,True,52500,17500,20000,15000,2.103298030661896,-0.2933020971164818,-0.14386164447837524,-0.29330667971757474,1.9895033108093818,-0.2066157850791838,-0.1438442682563287,-0.2065649144113076,2.0802069463619453,1.2460069471174702,-0.17375400218306306,-0.08522454061699922,-0.17375671694469663,1.1785942412552874,-0.12240048715862524,-0.08521424683405975,-0.12237035105586937,1.2323276439303896,1.612799294487541,2.212464032115535,2.347744961230147,0.955432418964056,1.3106775711647265,1.3908188421743644,2.1154949302306042e-05,,
