sample_name,porosity,nu,g,all_converged,total_iterations,iterations_x,iterations_y,iterations_z,K_star_xx,K_star_xy,K_star_xz,K_star_yx,K_star_yy,K_star_yz,K_star_zx,K_star_zy,K_star_zz,K_xx,K_xy,K_xz,K_yx,K_yy,K_yz,K_zx,K_zy,K_zz,K_star_eig1,K_star_eig2,K_star_eig3,K_eig1,K_eig2,K_eig3,symmetry_error,error_type,error_message
eps_0.02_coeffs_0.365_1.389_0.386_94.708_105.008_221.105_m_-0.257_rho_0.407_,0.592705249786377,0.16666666666666666,1e-05,True,37500,12500,12500,12500,24.41200293546547,-2.1462238805001332,-8.539639116954751,-2.1884957731777837,29.03527378884556,-7.880188417133876,-8.563667781480255,-7.904181327210013,27.9344067157685,14.469122297650829,-1.2720781611893188,-5.061488935900181,-1.2971329338977684,17.209359203633554,-4.670629044141049,-5.075730851509803,-4.684849767900827,16.556869510103816,14.179497551070718,29.051200138432396,38.15098575057642,8.4042626378527,17.21879883464361,22.612289538891893,0.0015337464098255807,,
