sample_name,porosity,nu,g,all_converged,total_iterations,iterations_x,iterations_y,iterations_z,K_star_xx,K_star_xy,K_star_xz,K_star_yx,K_star_yy,K_star_yz,K_star_zx,K_star_zy,K_star_zz,K_xx,K_xy,K_xz,K_yx,K_yy,K_yz,K_zx,K_zy,K_zz,K_star_eig1,K_star_eig2,K_star_eig3,K_eig1,K_eig2,K_eig3,symmetry_error,error_type,error_message
eps_0.02_coeffs_0.273_1.378_0.679_82.238_44.706_-4050.611_m_-0.361_rho_0.579_,0.4208407402038574,0.16666666666666666,1e-05,True,127500,50000,42500,35000,0.7357507567207805,0.017118837121560967,0.05732373144203794,0.017118009197623043,0.8244275739122623,-0.013371727913578792,0.057320676751160114,-0.01336907289271401,0.9338071528953713,0.3096338930639215,0.00720430408566699,0.02412416157131438,0.00720395566154412,0.3469527104497068,-0.005627367872955081,0.024122876032944263,-0.005626250532009089,0.39298409343214474,0.7166362293472397,0.8275683049028443,0.9497809492783299,0.3015897212153937,0.3482744580045646,0.3997065177258147,4.031010345585966e-06,,
