sample_name,porosity,nu,g,all_converged,total_iterations,iterations_x,iterations_y,iterations_z,K_star_xx,K_star_xy,K_star_xz,K_star_yx,K_star_yy,K_star_yz,K_star_zx,K_star_zy,K_star_zz,K_xx,K_xy,K_xz,K_yx,K_yy,K_yz,K_zx,K_zy,K_zz,K_star_eig1,K_star_eig2,K_star_eig3,K_eig1,K_eig2,K_eig3,symmetry_error,error_type,error_message
eps_0.02_coeffs_0.721_1.018_0.286_-14.028_39.348_329.073_m_-0.623_rho_0.448_,0.5521602630615234,0.16666666666666666,1e-05,True,40000,12500,15000,12500,23.056296340081328,9.368466955521871,-1.9845877324256451,9.295945188828675,46.78420590012754,-4.499989120306335,-2.000926288568023,-4.419316566573824,22.45401880489186,12.730770652363747,5.172895178644146,-1.0958104844048164,5.132851540869145,25.832379436938897,-2.4847151764423394,-1.1048319858624374,-2.440170997951551,12.398216930097483,19.74383451144076,21.735485162073143,50.8152013715868,10.901760857680312,12.001471204860149,28.05813495685966,0.002642664051051655,,
