sample_name,porosity,nu,g,all_converged,total_iterations,iterations_x,iterations_y,iterations_z,K_star_xx,K_star_xy,K_star_xz,K_star_yx,K_star_yy,K_star_yz,K_star_zx,K_star_zy,K_star_zz,K_xx,K_xy,K_xz,K_yx,K_yy,K_yz,K_zx,K_zy,K_zz,K_star_eig1,K_star_eig2,K_star_eig3,K_eig1,K_eig2,K_eig3,symmetry_error,error_type,error_message
eps_0.02_coeffs_0.581_0.73_0.577_96.036_32.129_-4122.813_m_-0.34_rho_0.649_,0.3513798713684082,0.16666666666666666,1e-05,True,82500,27500,30000,25000,1.2283144751004123,0.1643458993287669,0.06692331094544417,0.16433962039222422,1.33493714834654,-0.1074001718766117,0.06691929642707754,-0.10740285048005338,1.4465381307599607,0.4316049822607367,0.05774784096606748,0.023515504391558157,0.05774563467415278,0.46907004347091685,-0.037738258578948754,0.023514093770610887,-0.037739199786281534,0.5082843823159326,1.071585371731945,1.4216119357935404,1.516592446681428,0.3765335300794386,0.499525819134928,0.5329000588332196,4.788926772448685e-06,,
