sample_name,porosity,nu,g,all_converged,total_iterations,iterations_x,iterations_y,iterations_z,K_star_xx,K_star_xy,K_star_xz,K_star_yx,K_star_yy,K_star_yz,K_star_zx,K_star_zy,K_star_zz,K_xx,K_xy,K_xz,K_yx,K_yy,K_yz,K_zx,K_zy,K_zz,K_star_eig1,K_star_eig2,K_star_eig3,K_eig1,K_eig2,K_eig3,symmetry_error,error_type,error_message
eps_0.02_coeffs_0.801_-0.148_0.64_50.482_59.373_-2510.52_m_-0.37_rho_0.521_,0.4785604476928711,0.16666666666666666,1e-05,True,40000,15000,15000,10000,2.7306788582289534,0.09172009608337639,-0.1638060295294524,0.09175257325041822,2.8381070102805923,-0.09595575448826754,-0.16383657709784116,-0.09601271341334666,3.035471679129576,1.306794896899506,0.04389361024409376,-0.0783910868264064,0.04390915253169309,1.3582057614401561,-0.04592062882661254,-0.07840570568441045,-0.04594788711529851,1.452656685723281,2.646079147794082,2.801852402868543,3.156325996976494,1.266308821599107,1.340855740286117,1.5104927821777192,2.0535544668557678e-05,,
