sample_name,porosity,nu,g,all_converged,total_iterations,iterations_x,iterations_y,iterations_z,K_star_xx,K_star_xy,K_star_xz,K_star_yx,K_star_yy,K_star_yz,K_star_zx,K_star_zy,K_star_zz,K_xx,K_xy,K_xz,K_yx,K_yy,K_yz,K_zx,K_zy,K_zz,K_star_eig1,K_star_eig2,K_star_eig3,K_eig1,K_eig2,K_eig3,symmetry_error,error_type,error_message
eps_0.02_coeffs_0.145_0.806_0.837_79.901_129.208_-1214.923_m_-0.522_rho_0.307_,0.6925692558288574,0.16666666666666666,1e-05,True,30000,10000,10000,10000,10.890311312464863,-0.5257621468565741,-2.6066198564307848,-0.5318366494643751,6.699399830597852,-0.7955195132098875,-2.6095077911546314,-0.7989342031566876,10.470070763136333,7.542294801418378,-0.36412669879143994,-1.8052647741969918,-0.3683337125420552,4.6397983551771285,-0.5509523572611067,-1.8072648689995685,-0.5533172665364483,7.251249116900807,6.210925300847985,8.54717003168828,13.30168657366278,4.301495913616912,5.919507188289064,9.212339171590337,0.0006280140268675884,,
