sample_name,porosity,nu,g,all_converged,total_iterations,iterations_x,iterations_y,iterations_z,K_star_xx,K_star_xy,K_star_xz,K_star_yx,K_star_yy,K_star_yz,K_star_zx,K_star_zy,K_star_zz,K_xx,K_xy,K_xz,K_yx,K_yy,K_yz,K_zx,K_zy,K_zz,K_star_eig1,K_star_eig2,K_star_eig3,K_eig1,K_eig2,K_eig3,symmetry_error,error_type,error_message
eps_0.02_coeffs_0.574_1.217_0.476_27.889_140.772_824.979_m_-0.247_rho_0.607_,0.39300966262817383,0.16666666666666666,1e-05,True,92500,10000,42500,40000,8.082712567580835,5.757339251315561e-13,-4.975977413608983e-10,3.563523759012208e-08,0.16662594860559518,-2.7383739688640376e-13,-3.7892067910759645e-10,-2.4027244802161404e-13,0.16662517917891523,3.1765841393054446,2.2626899567954716e-13,-1.9556072045678795e-10,1.4004992702968696e-08,0.06548560784658439,-1.0762074296530288e-13,-1.48919488258915e-10,-9.442939373581996e-14,0.06548530545446449,0.1666251791789152,0.16662594860559504,8.082712567580835,0.0654853054544645,0.06548560784658436,3.1765841393054446,6.232301070416988e-09,,
