sample_name,porosity,nu,g,all_converged,total_iterations,iterations_x,iterations_y,iterations_z,K_star_xx,K_star_xy,K_star_xz,K_star_yx,K_star_yy,K_star_yz,K_star_zx,K_star_zy,K_star_zz,K_xx,K_xy,K_xz,K_yx,K_yy,K_yz,K_zx,K_zy,K_zz,K_star_eig1,K_star_eig2,K_star_eig3,K_eig1,K_eig2,K_eig3,symmetry_error,error_type,error_message
eps_0.02_coeffs_0.32_0.5_0.581_24.303_49.785_-3910.119_m_-0.335_rho_0.623_,0.37721967697143555,0.16666666666666666,1e-05,True,65000,20000,20000,25000,0.8251674549970373,-0.0005148281831769816,0.020824439893772837,-0.000514802403695232,0.8251737395886962,-0.002843286430893869,0.020824667728020378,-0.002843020066966541,0.8356074972140036,0.311269400821324,-0.00019420332095381203,0.007855388489840066,-0.000194193596426034,0.3112717714929595,-0.0010725435889990512,0.007855474433401326,-0.0010724431112844278,0.31520759017397615,0.8088072886943334,0.8250415740074921,0.8520998290979112,0.30509802417341897,0.31122191603511096,0.32142882227972946,3.4622318982595746e-07,,
