sample_name,porosity,nu,g,all_converged,total_iterations,iterations_x,iterations_y,iterations_z,K_star_xx,K_star_xy,K_star_xz,K_star_yx,K_star_yy,K_star_yz,K_star_zx,K_star_zy,K_star_zz,K_xx,K_xy,K_xz,K_yx,K_yy,K_yz,K_zx,K_zy,K_zz,K_star_eig1,K_star_eig2,K_star_eig3,K_eig1,K_eig2,K_eig3,symmetry_error,error_type,error_message
eps_0.02_coeffs_0.558_1.311_0.417_12.851_137.581_952.125_m_-0.439_rho_0.506_,0.49376916885375977,0.16666666666666666,1e-05,True,50000,12500,22500,15000,5.931473331007435,0.3219349267893512,-5.12344807635386,0.3215919859470677,0.9032468752187074,0.14861864301543876,-5.123480934646675,0.14896893079542517,5.624009920041895,2.9287786567297833,0.15896154122577394,-2.52980069832664,0.15879220761111362,0.44599545884649683,0.07338330383790682,-2.5298169227385734,0.07355626514389034,2.7769627038443865,0.4231811222293448,1.1304052572637322,10.905143746774959,0.20895379099778427,0.5581592643470336,5.384623764075847,6.3328502320776e-05,,
