sample_name,porosity,nu,g,all_converged,total_iterations,iterations_x,iterations_y,iterations_z,K_star_xx,K_star_xy,K_star_xz,K_star_yx,K_star_yy,K_star_yz,K_star_zx,K_star_zy,K_star_zz,K_xx,K_xy,K_xz,K_yx,K_yy,K_yz,K_zx,K_zy,K_zz,K_star_eig1,K_star_eig2,K_star_eig3,K_eig1,K_eig2,K_eig3,symmetry_error,error_type,error_message
eps_0.02_coeffs_0.511_0.825_0.508_52.953_102.563_-1670.73_m_-0.467_rho_0.402_,0.5980792045593262,0.16666666666666666,1e-05,True,60000,20000,25000,15000,1.336581988387287,-0.07354736811864092,0.11094088747426836,-0.0735303274457752,1.232647127356568,-0.06619799323649246,0.11127616451420036,-0.06567820033888551,3.919769983171479,0.7993818924429911,-0.043987151421828706,0.06635143773371613,-0.043976959749756024,0.7372206134317546,-0.039591643138305065,0.06655195995906567,-0.03928076581556871,2.3443329135907214,1.1945544237203836,1.368132811344546,3.9263118638504046,0.7144381595415107,0.8182517835404605,2.348245476383495,0.00020228259426317708,,
