sample_name,porosity,nu,g,all_converged,total_iterations,iterations_x,iterations_y,iterations_z,K_star_xx,K_star_xy,K_star_xz,K_star_yx,K_star_yy,K_star_yz,K_star_zx,K_star_zy,K_star_zz,K_xx,K_xy,K_xz,K_yx,K_yy,K_yz,K_zx,K_zy,K_zz,K_star_eig1,K_star_eig2,K_star_eig3,K_eig1,K_eig2,K_eig3,symmetry_error,error_type,error_message
eps_0.02_coeffs_0.741_1.262_0.845_-9.893_62.024_-3324.413_m_-0.368_rho_0.461_,0.5389714241027832,0.16666666666666666,1e-05,True,40000,12500,15000,12500,1.9440632403307816,0.0015103693587813446,-0.019219392147703282,0.0015098954727594338,1.895003003039647,-0.02237113568086159,-0.01921991154702489,-0.022372651827583967,1.9257915424715062,1.0477945331869527,0.0008140459242235888,-0.010358703156237487,0.0008137905131994971,1.0213524672273293,-0.012057402856710557,-0.010358983097629532,-0.012058220016468666,1.0379466101709631,1.882209745150102,1.9233749120751624,1.959273128616672,1.0144572668036869,1.036644115444715,1.0559922283368433,7.100152357409163e-07,,
