sample_name,porosity,nu,g,all_converged,total_iterations,iterations_x,iterations_y,iterations_z,K_star_xx,K_star_xy,K_star_xz,K_star_yx,K_star_yy,K_star_yz,K_star_zx,K_star_zy,K_star_zz,K_xx,K_xy,K_xz,K_yx,K_yy,K_yz,K_zx,K_zy,K_zz,K_star_eig1,K_star_eig2,K_star_eig3,K_eig1,K_eig2,K_eig3,symmetry_error,error_type,error_message
eps_0.02_coeffs_0.666_-0.146_0.63_53.456_141.851_850.319_m_-0.32_rho_0.38_,0.6202507019042969,0.16666666666666666,1e-05,True,50000,10000,30000,10000,11.66687116768935,4.744406222962073e-13,-0.3642937822085797,-5.585666926989421e-10,0.1666608580063737,-1.0140947833432892e-09,-0.3600130353419029,-5.92784351849822e-13,16.273247312565548,7.236385030786323,2.9427212899113397e-13,-0.22595347411424263,-3.464513832068805e-10,0.10337151415842565,-6.28993001166161e-10,-0.2232983378655117,-3.676749103127358e-13,10.093493067880994,0.16666085800637773,11.638904015214868,16.301214465040033,0.10337151415842727,7.219038384833764,10.110839713833554,0.00030223224189611055,,
