sample_name,porosity,nu,g,all_converged,total_iterations,iterations_x,iterations_y,iterations_z,K_star_xx,K_star_xy,K_star_xz,K_star_yx,K_star_yy,K_star_yz,K_star_zx,K_star_zy,K_star_zz,K_xx,K_xy,K_xz,K_yx,K_yy,K_yz,K_zx,K_zy,K_zz,K_star_eig1,K_star_eig2,K_star_eig3,K_eig1,K_eig2,K_eig3,symmetry_error,error_type,error_message
eps_0.02_coeffs_0.375_-0.06_0.707_23.01_42.331_-3518.595_m_-0.497_rho_0.428_,0.5724420547485352,0.16666666666666666,1e-05,True,37500,12500,12500,12500,2.7388349494264475,-0.13359954086997625,-0.06583617655910215,-0.1335781816188458,2.6836292222570735,0.06121786439967808,-0.06584575455548204,0.06119082501862587,2.7409507869230354,1.567824306066776,-0.0764779956890701,-0.03768739618627978,-0.0764657687554651,1.5362222261720524,0.03504368008426892,-0.03769287903420786,0.035028201605420264,1.5690355004308367,2.5745807559982854,2.6901573776922754,2.8986768249159955,1.4737982980796953,1.5399592168830971,1.6593245177068727,1.0718310674317823e-05,,
