sample_name,porosity,nu,g,all_converged,total_iterations,iterations_x,iterations_y,iterations_z,K_star_xx,K_star_xy,K_star_xz,K_star_yx,K_star_yy,K_star_yz,K_star_zx,K_star_zy,K_star_zz,K_xx,K_xy,K_xz,K_yx,K_yy,K_yz,K_zx,K_zy,K_zz,K_star_eig1,K_star_eig2,K_star_eig3,K_eig1,K_eig2,K_eig3,symmetry_error,error_type,error_message
eps_0.02_coeffs_0.719_0.947_0.317_72.211_96.735_-383.714_m_-0.243_rho_0.636_,0.36362600326538086,0.16666666666666666,1e-05,True,22500,7500,7500,7500,13.54612552323345,-0.07934678331406324,2.648384778918285,-0.08113452784862353,9.218427310305117,0.15204703391685462,2.640594238355485,0.14953490458220403,14.91984324786921,4.925723483744545,-0.028852553688457027,0.9630215722669253,-0.029502624088418715,3.3520598792386846,0.05528825525154165,0.9601887291387974,0.05437477970189694,5.42524296956866,9.207272800409887,11.515066040384248,16.96205724061365,3.348003809387097,4.187177441601838,6.167845081562955,0.0005272088220053288,,
