sample_name,porosity,nu,g,all_converged,total_iterations,iterations_x,iterations_y,iterations_z,K_star_xx,K_star_xy,K_star_xz,K_star_yx,K_star_yy,K_star_yz,K_star_zx,K_star_zy,K_star_zz,K_xx,K_xy,K_xz,K_yx,K_yy,K_yz,K_zx,K_zy,K_zz,K_star_eig1,K_star_eig2,K_star_eig3,K_eig1,K_eig2,K_eig3,symmetry_error,error_type,error_message
eps_0.02_coeffs_0.442_0.317_0.512_-11.181_113.646_-105.49_m_-0.345_rho_0.39_,0.6095614433288574,0.16666666666666666,1e-05,True,42500,15000,15000,12500,1.610313538615344,-0.0030940686404825495,-0.032688962120119534,-0.0030933018745755115,1.5844976730883868,0.007197012345768913,-0.03269318405709395,0.007197562097237167,1.6190464430552363,0.9815850448103689,-0.0018860249462510986,-0.01992593093086241,-0.0018855575553181091,0.9658486885589732,0.004387021233142504,-0.019928504460858178,0.004387356340440966,0.9869082866452026,1.5800780434906554,1.5852474432660784,1.6485321680022333,0.9631546527624011,0.966305719550652,1.004881647701492,2.2008708996418447e-06,,
