sample_name,porosity,nu,g,all_converged,total_iterations,iterations_x,iterations_y,iterations_z,K_star_xx,K_star_xy,K_star_xz,K_star_yx,K_star_yy,K_star_yz,K_star_zx,K_star_zy,K_star_zz,K_xx,K_xy,K_xz,K_yx,K_yy,K_yz,K_zx,K_zy,K_zz,K_star_eig1,K_star_eig2,K_star_eig3,K_eig1,K_eig2,K_eig3,symmetry_error,error_type,error_message
eps_0.02_coeffs_0.449_0.527_0.825_113.869_42.913_-3605.951_m_-0.311_rho_0.559_,0.44086503982543945,0.16666666666666666,1e-05,True,127500,45000,40000,42500,0.5743182323772594,-0.26488755956044113,0.1264131159184866,-0.26487991362768576,1.1710753497078237,-0.14314979722593,0.12641198347394067,-0.14314764323595705,0.5725435335571952,0.2531968303894765,-0.11677966449487734,0.05573112338386149,-0.11677629367042865,0.5162861806875301,-0.06310974105501321,0.055730624128651644,-0.063108791436138,0.2524144277234907,0.43024353279863803,0.5726816074206214,1.3150119754230198,0.1896793322219093,0.2524752996627888,0.5797428069157989,7.577889787496639e-06,,
