sample_name,porosity,nu,g,all_converged,total_iterations,iterations_x,iterations_y,iterations_z,K_star_xx,K_star_xy,K_star_xz,K_star_yx,K_star_yy,K_star_yz,K_star_zx,K_star_zy,K_star_zz,K_xx,K_xy,K_xz,K_yx,K_yy,K_yz,K_zx,K_zy,K_zz,K_star_eig1,K_star_eig2,K_star_eig3,K_eig1,K_eig2,K_eig3,symmetry_error,error_type,error_message
eps_0.02_coeffs_0.825_-0.597_0.341_58.769_130.353_-3266.267_m_-0.451_rho_0.578_,0.4224576950073242,0.16666666666666666,1e-05,True,70000,22500,22500,25000,0.75175646535475,0.006138901510165364,0.010666530891397937,0.006138776720373069,0.7712786612797323,-0.019815653234880704,0.010666536849187941,-0.019815687678099513,0.7694852437324562,0.3175853035606211,0.0025934261818614415,0.004506158054104392,0.002593373463453428,0.3258326054525705,-0.00837127519067213,0.004506160571018624,-0.008371289741474957,0.3250749624093625,0.7391032726004163,0.7629544291902264,0.7904626685762957,0.31223986491514194,0.3223159695513319,0.33393703695608035,1.3841398686281101e-07,,
