sample_name,porosity,nu,g,all_converged,total_iterations,iterations_x,iterations_y,iterations_z,K_star_xx,K_star_xy,K_star_xz,K_star_yx,K_star_yy,K_star_yz,K_star_zx,K_star_zy,K_star_zz,K_xx,K_xy,K_xz,K_yx,K_yy,K_yz,K_zx,K_zy,K_zz,K_star_eig1,K_star_eig2,K_star_eig3,K_eig1,K_eig2,K_eig3,symmetry_error,error_type,error_message
eps_0.02_coeffs_0.645_-0.619_0.677_48.186_35.34_-3319.755_m_-0.275_rho_0.45_,0.5498847961425781,0.16666666666666666,1e-05,True,37500,12500,12500,12500,2.8299812533706126,-0.16786323787683988,-0.28048850453248536,-0.16781007107681464,2.877353474427191,-0.14843953092837855,-0.2804802350520533,-0.14843746289782644,2.8759650200749163,1.556163664597017,-0.0923054423397392,-0.15423636413518232,-0.09227620672474576,1.5822129287155349,-0.08162464120405136,-0.1542318168736207,-0.0816235040254928,1.581449438777081,2.4532417138614906,2.9955409737126155,3.1345170602986148,1.3490003197151939,1.6472024376667018,1.723623274707737,1.5285976794501716e-05,,
