sample_name,porosity,nu,g,all_converged,total_iterations,iterations_x,iterations_y,iterations_z,K_star_xx,K_star_xy,K_star_xz,K_star_yx,K_star_yy,K_star_yz,K_star_zx,K_star_zy,K_star_zz,K_xx,K_xy,K_xz,K_yx,K_yy,K_yz,K_zx,K_zy,K_zz,K_star_eig1,K_star_eig2,K_star_eig3,K_eig1,K_eig2,K_eig3,symmetry_error,error_type,error_message
eps_0.02_coeffs_0.425_1.045_0.299_94.836_105.006_-3026.704_m_-0.435_rho_0.493_,0.50714111328125,0.16666666666666666,1e-05,True,145000,50000,42500,52500,0.714741739760404,0.009472150524525002,0.04038337355186128,0.00947290081889456,0.6643301486923968,0.022722503597418953,0.04038054885405115,0.022722351981219302,0.8045158564218194,0.36247492161066874,0.004803716962175185,0.020480069021143518,0.004804097467297051,0.3369091311941605,0.011523515770932255,0.020478636500751404,0.011523438880123974,0.4080030670781798,0.6605204306356708,0.69926382966129,0.8238034845776593,0.33497706653758486,0.354625437051737,0.4177846162936875,3.268021178004061e-06,,
