sample_name,porosity,nu,g,all_converged,total_iterations,iterations_x,iterations_y,iterations_z,K_star_xx,K_star_xy,K_star_xz,K_star_yx,K_star_yy,K_star_yz,K_star_zx,K_star_zy,K_star_zz,K_xx,K_xy,K_xz,K_yx,K_yy,K_yz,K_zx,K_zy,K_zz,K_star_eig1,K_star_eig2,K_star_eig3,K_eig1,K_eig2,K_eig3,symmetry_error,error_type,error_message
eps_0.02_coeffs_0.335_0.002_0.889_114.64_149.968_157.72_m_-0.6_rho_0.359_,0.6414413452148438,0.16666666666666666,1e-05,True,32500,12500,10000,10000,35.69343372964301,1.58973669745289,-0.7771172132096912,1.5958282506545718,27.238483720001504,2.4039453241934656,-0.6802089266155347,2.4504618327461087,25.59890087792508,22.89524414687909,1.0197228457515848,-0.49847511063083483,1.0236302198317193,17.471889638970385,1.5419899225735902,-0.4363141289154135,1.5718275343942953,16.42019341515771,23.6494666733826,28.891310170470692,35.990041483716304,15.169745716588148,18.532080860766012,23.08550062365302,0.0029362020998515014,,
