sample_name,porosity,nu,g,all_converged,total_iterations,iterations_x,iterations_y,iterations_z,K_star_xx,K_star_xy,K_star_xz,K_star_yx,K_star_yy,K_star_yz,K_star_zx,K_star_zy,K_star_zz,K_xx,K_xy,K_xz,K_yx,K_yy,K_yz,K_zx,K_zy,K_zz,K_star_eig1,K_star_eig2,K_star_eig3,K_eig1,K_eig2,K_eig3,symmetry_error,error_type,error_message
eps_0.02_coeffs_0.579_1.456_0.854_57.267_74.81_-1451.466_m_-0.508_rho_0.459_,0.5409789085388184,0.16666666666666666,1e-05,True,35000,12500,10000,12500,2.5997108576136836,0.049224952733287725,0.4403135812472203,0.04604878980146755,7.05893843991282,0.10007636078869316,0.4403287984778886,0.10079444436826891,1.5058781744199474,1.406388742268366,0.026629661202528916,0.23820036059793956,0.024911424046331385,3.8187368126667467,0.054139200430004225,0.23820859279877746,0.05452766850112276,0.8146483311901315,1.3495351905593087,2.7535654931194142,7.061426788267731,0.7300700744235005,1.489620855057894,3.820082956643849,0.000598191316424353,,
