sample_name,porosity,nu,g,all_converged,total_iterations,iterations_x,iterations_y,iterations_z,K_star_xx,K_star_xy,K_star_xz,K_star_yx,K_star_yy,K_star_yz,K_star_zx,K_star_zy,K_star_zz,K_xx,K_xy,K_xz,K_yx,K_yy,K_yz,K_zx,K_zy,K_zz,K_star_eig1,K_star_eig2,K_star_eig3,K_eig1,K_eig2,K_eig3,symmetry_error,error_type,error_message
eps_0.02_coeffs_0.261_1.065_0.671_106.361_127.945_-348.403_m_-0.321_rho_0.694_,0.30638933181762695,0.16666666666666666,1e-05,True,77500,27500,22500,27500,1.5559934078069588,-0.04889086458451125,0.22516165088152282,-0.04887640853477395,1.138694930663418,-0.35405761486717113,0.22517038209061704,-0.35404144310593477,1.1575872225027084,0.47673978053060645,-0.014979639332034484,0.06898712776454358,-0.01497521015261475,0.34888397895008366,-0.10847947604409526,0.0689898029138639,-0.10847452118897574,0.3546723756232275,0.7735641137683263,1.3431566184679806,1.7355548287367792,0.23701179193557226,0.41152885885882773,0.5317554843095179,1.4210845271593418e-05,,
