sample_name,porosity,nu,g,all_converged,total_iterations,iterations_x,iterations_y,iterations_z,K_star_xx,K_star_xy,K_star_xz,K_star_yx,K_star_yy,K_star_yz,K_star_zx,K_star_zy,K_star_zz,K_xx,K_xy,K_xz,K_yx,K_yy,K_yz,K_zx,K_zy,K_zz,K_star_eig1,K_star_eig2,K_star_eig3,K_eig1,K_eig2,K_eig3,symmetry_error,error_type,error_message
eps_0.02_coeffs_0.702_0.087_0.633_74.145_143.708_-3632.03_m_-0.237_rho_0.674_,0.32585573196411133,0.16666666666666666,1e-05,True,112500,37500,37500,37500,0.47446910143451987,0.00463239278339563,0.0010139189722701023,0.004632369387803418,0.46944291224206874,0.0020465559715979347,0.0010138598392687762,0.0020465038917110287,0.49425902404643624,0.15460847634229966,0.00150949174117865,0.0003303913088613737,0.001509484117590825,0.1529706637840034,0.000666881994130568,0.00033037204003394334,0.0006668650236008997,0.16105713606051877,0.46662949118933933,0.4770146775109816,0.4945268690227041,0.15205389440754294,0.15543796689796543,0.16114441488131342,1.3995774476421532e-07,,
