sample_name,porosity,nu,g,all_converged,total_iterations,iterations_x,iterations_y,iterations_z,K_star_xx,K_star_xy,K_star_xz,K_star_yx,K_star_yy,K_star_yz,K_star_zx,K_star_zy,K_star_zz,K_xx,K_xy,K_xz,K_yx,K_yy,K_yz,K_zx,K_zy,K_zz,K_star_eig1,K_star_eig2,K_star_eig3,K_eig1,K_eig2,K_eig3,symmetry_error,error_type,error_message
eps_0.02_coeffs_0.929_1.306_0.368_-29.97_93.746_551.533_m_-0.46_rho_0.453_,0.5469560623168945,0.16666666666666666,1e-05,True,35000,12500,12500,10000,2.8064466330036253,-0.12557199460978563,-0.17870970924102833,-0.1255517534296177,3.245616863093503,-0.0948061658148838,-0.17864751007571877,-0.09477673493400145,2.950203746583276,1.5350029994901697,-0.06868236370904665,-0.09774635886427,-0.06867129267284534,1.7752098192269337,-0.05185480713747142,-0.09771233865373288,-0.05183870973875349,1.6136318242637382,2.6446830935856838,3.0706058679389336,3.2869782811557857,1.446525450943689,1.6794864944550298,1.7978326975821237,1.943971354446115e-05,,
