sample_name,porosity,nu,g,all_converged,total_iterations,iterations_x,iterations_y,iterations_z,K_star_xx,K_star_xy,K_star_xz,K_star_yx,K_star_yy,K_star_yz,K_star_zx,K_star_zy,K_star_zz,K_xx,K_xy,K_xz,K_yx,K_yy,K_yz,K_zx,K_zy,K_zz,K_star_eig1,K_star_eig2,K_star_eig3,K_eig1,K_eig2,K_eig3,symmetry_error,error_type,error_message
eps_0.02_coeffs_0.354_0.976_0.784_66.224_51.038_-3997.656_m_-0.242_rho_0.46_,0.5395989418029785,0.16666666666666666,1e-05,True,70000,20000,25000,25000,1.3570501006192026,-0.0687441168570322,-0.021959082499452855,-0.06873797312853344,1.3995059448411564,-0.005769749239004345,-0.021964561763432762,-0.005765507887278025,1.4601053703662272,0.7322627982677472,-0.03709425271123487,-0.011849097679669065,-0.03709093756183822,0.7551719268832656,-0.003113350583835285,-0.011852054284714482,-0.0031110619549319487,0.7878713127704622,1.3034860781317261,1.4461112224659627,1.4670641152288983,0.7033597084147939,0.7803200853720451,0.7916262441346364,5.372313422988575e-06,,
