sample_name,porosity,nu,g,all_converged,total_iterations,iterations_x,iterations_y,iterations_z,K_star_xx,K_star_xy,K_star_xz,K_star_yx,K_star_yy,K_star_yz,K_star_zx,K_star_zy,K_star_zz,K_xx,K_xy,K_xz,K_yx,K_yy,K_yz,K_zx,K_zy,K_zz,K_star_eig1,K_star_eig2,K_star_eig3,K_eig1,K_eig2,K_eig3,symmetry_error,error_type,error_message
eps_0.02_coeffs_0.415_0.931_0.908_82.345_104.203_-3599.029_m_-0.442_rho_0.4_,0.6004147529602051,0.16666666666666666,1e-05,True,80000,25000,27500,27500,1.4876130878159117,-0.14124249789140794,0.34582480519861664,-0.1412448623844499,1.6117473255589845,0.3573365466027182,0.345813538633861,0.35731905108381734,1.5005777500593913,0.8931848446213585,-0.08480407947895198,0.20763831498083846,-0.08480549915545764,0.9677168723097689,0.21455013435212386,0.207631550369144,0.21453962978446509,0.9009690190994898,0.9529695363261038,1.684662950681511,1.9623056764266724,0.5721769687318392,1.0114964893546499,1.1781972779441285,1.0745847155360244e-05,,
