sample_name,porosity,nu,g,all_converged,total_iterations,iterations_x,iterations_y,iterations_z,K_star_xx,K_star_xy,K_star_xz,K_star_yx,K_star_yy,K_star_yz,K_star_zx,K_star_zy,K_star_zz,K_xx,K_xy,K_xz,K_yx,K_yy,K_yz,K_zx,K_zy,K_zz,K_star_eig1,K_star_eig2,K_star_eig3,K_eig1,K_eig2,K_eig3,symmetry_error,error_type,error_message
eps_0.02_coeffs_0.786_-0.247_0.932_82.164_134.715_-3507.596_m_-0.244_rho_0.597_,0.40294504165649414,0.16666666666666666,1e-05,True,82500,30000,25000,27500,0.8207193053144961,-0.006732549200391814,-0.009095918578218716,-0.006733531116662805,0.9265932598635025,0.024490158233281864,-0.009095991197286355,0.024491188441533595,0.856510412229708,0.33070477466823855,-0.002712847318006276,-0.0036651552904044195,-0.0027132429762989937,0.37336615969432574,0.009868187829483894,-0.0036651845518976545,0.009868602946790803,0.34512662373512065,0.8185325832733898,0.8502503881819744,0.9350400059523419,0.32982364586429386,0.34260417808443594,0.37676973414895515,1.3384359487855832e-06,,
