sample_name,porosity,nu,g,all_converged,total_iterations,iterations_x,iterations_y,iterations_z,K_star_xx,K_star_xy,K_star_xz,K_star_yx,K_star_yy,K_star_yz,K_star_zx,K_star_zy,K_star_zz,K_xx,K_xy,K_xz,K_yx,K_yy,K_yz,K_zx,K_zy,K_zz,K_star_eig1,K_star_eig2,K_star_eig3,K_eig1,K_eig2,K_eig3,symmetry_error,error_type,error_message
eps_0.02_coeffs_0.667_0.452_0.442_84.137_34.749_-2849.221_m_-0.292_rho_0.583_,0.41674375534057617,0.16666666666666666,1e-05,True,80000,22500,32500,25000,1.7924865749436698,-0.2039705790896793,-0.0022294700237858365,-0.20397709549225718,1.045477211442133,0.6632133050487325,-0.0022322072318737628,0.6632370883866658,1.4870440005081211,0.7470075866395921,-0.08500346510882495,-0.0009291177101317531,-0.08500618077890656,0.43569609921938807,0.2763900033378439,-0.0009302584245094641,0.27639991489540877,0.619716301128428,0.5454540279033235,1.7478485126482086,2.0317052463423924,0.22731455995407435,0.7284049529274548,0.846700474105879,1.2829396757174353e-05,,
