sample_name,porosity,nu,g,all_converged,total_iterations,iterations_x,iterations_y,iterations_z,K_star_xx,K_star_xy,K_star_xz,K_star_yx,K_star_yy,K_star_yz,K_star_zx,K_star_zy,K_star_zz,K_xx,K_xy,K_xz,K_yx,K_yy,K_yz,K_zx,K_zy,K_zz,K_star_eig1,K_star_eig2,K_star_eig3,K_eig1,K_eig2,K_eig3,symmetry_error,error_type,error_message
eps_0.02_coeffs_0.906_1.019_0.353_-39.546_87.255_572.851_m_-0.299_rho_0.442_,0.5579252243041992,0.16666666666666666,1e-05,True,40000,12500,15000,12500,1.7225592227027642,-0.03843025041318447,0.02469859344789128,-0.03842946493305517,1.741964859477934,-0.038899785941452075,0.024693123898438408,-0.038906311900495975,1.7609120828051996,0.9610592407037067,-0.021441206081842492,0.013779968289412968,-0.021440767842665166,0.9718861349542592,-0.021703171796769984,0.013776916689807631,-0.021706812793933352,0.9824572687790656,1.692164042755005,1.7205998320077034,1.8126722902231893,0.9441010031135867,0.9599660472106653,1.0113355941127795,4.006684645624234e-06,,
