sample_name,porosity,nu,g,all_converged,total_iterations,iterations_x,iterations_y,iterations_z,K_star_xx,K_star_xy,K_star_xz,K_star_yx,K_star_yy,K_star_yz,K_star_zx,K_star_zy,K_star_zz,K_xx,K_xy,K_xz,K_yx,K_yy,K_yz,K_zx,K_zy,K_zz,K_star_eig1,K_star_eig2,K_star_eig3,K_eig1,K_eig2,K_eig3,symmetry_error,error_type,error_message
eps_0.02_coeffs_0.11_-0.377_0.908_98.669_61.414_-2369.811_m_-0.437_rho_0.431_,0.5688319206237793,0.16666666666666666,1e-05,True,137500,47500,40000,50000,2.051994353142492,-0.1835902921623076,-0.06956839061254401,-0.18364020432681,1.36259677945267,0.4622028839219448,-0.06949712749788893,0.4621250251116499,2.1555642291533403,1.1672398890071933,-0.1044320184985662,-0.03957272124683871,-0.10446041013096259,0.7750885430918385,0.26291575417916957,-0.03953218451245982,0.262871465602572,1.226153740497211,1.129234406296346,2.01800755421227,2.4229134012398856,0.6423445761680034,1.1479071128958611,1.378230483532378,4.9298034213117014e-05,,
