sample_name,porosity,nu,g,all_converged,total_iterations,iterations_x,iterations_y,iterations_z,K_star_xx,K_star_xy,K_star_xz,K_star_yx,K_star_yy,K_star_yz,K_star_zx,K_star_zy,K_star_zz,K_xx,K_xy,K_xz,K_yx,K_yy,K_yz,K_zx,K_zy,K_zz,K_star_eig1,K_star_eig2,K_star_eig3,K_eig1,K_eig2,K_eig3,symmetry_error,error_type,error_message
eps_0.02_coeffs_0.847_1.396_0.766_33.521_135.746_-885.715_m_-0.25_rho_0.517_,0.4828681945800781,0.16666666666666666,1e-05,True,95000,35000,27500,32500,0.6893638667356187,0.01688429813890982,0.055778890263320384,0.01688386961971858,0.709458015515819,0.006691567253006986,0.0557781694714932,0.00669226806905282,0.7463810387071583,0.33287188573936977,0.008152890559087158,0.02693385203712981,0.00815268364079894,0.34257471108248855,0.003231144998370656,0.026933503989681553,0.0032314834001494408,0.36040366462932893,0.6530575656811316,0.7087436129561527,0.7834017423213117,0.3153407276973089,0.3422297488082991,0.3782797849455795,1.2443960072292903e-06,,
