sample_name,porosity,nu,g,all_converged,total_iterations,iterations_x,iterations_y,iterations_z,K_star_xx,K_star_xy,K_star_xz,K_star_yx,K_star_yy,K_star_yz,K_star_zx,K_star_zy,K_star_zz,K_xx,K_xy,K_xz,K_yx,K_yy,K_yz,K_zx,K_zy,K_zz,K_star_eig1,K_star_eig2,K_star_eig3,K_eig1,K_eig2,K_eig3,symmetry_error,error_type,error_message
eps_0.02_coeffs_0.803_1.258_0.862_17.66_10.248_-1202.221_m_-0.437_rho_0.352_,0.6484909057617188,0.16666666666666666,1e-05,True,22500,7500,7500,7500,14.454803465191665,1.0377947899148674,1.3244527144506844,1.0383612618301445,12.652196761704907,-0.07297281841683123,1.3228163364760839,-0.07210763491918519,11.271096239160338,9.373808591749773,0.6730004833066849,0.8588955404326913,0.6733678351921116,8.2048345378735,-0.047322209111116315,0.8578343641977741,-0.046761145481077744,7.309203409060589,10.691904587526667,12.40363843160487,15.28255344692537,6.933602890283049,8.043646721252308,9.91059692714851,0.0001222173340281071,,
