sample_name,porosity,nu,g,all_converged,total_iterations,iterations_x,iterations_y,iterations_z,K_star_xx,K_star_xy,K_star_xz,K_star_yx,K_star_yy,K_star_yz,K_star_zx,K_star_zy,K_star_zz,K_xx,K_xy,K_xz,K_yx,K_yy,K_yz,K_zx,K_zy,K_zz,K_star_eig1,K_star_eig2,K_star_eig3,K_eig1,K_eig2,K_eig3,symmetry_error,error_type,error_message
eps_0.02_coeffs_0.409_-0.178_0.8_-22.607_98.945_443.171_m_-0.22_rho_0.618_,0.38228559494018555,0.16666666666666666,1e-05,True,62500,17500,22500,22500,0.8951411064170457,0.0013881893503747324,0.019978597933569105,0.0013879805617721772,0.9062823652878274,0.0021963148749534187,0.01997816060741848,0.0021969646389096748,0.8822419521303331,0.34219955042205624,0.0005306847916976342,0.007637530197105227,0.0005306049748224897,0.34645869319785566,0.0008396195386475469,0.007637363013617552,0.000839867934048135,0.3372683895513351,0.8676741829176966,0.9050488449869328,0.910942395930577,0.33169934123093103,0.34598713615575744,0.34824015578455875,7.396795032307859e-07,,
