sample_name,porosity,nu,g,all_converged,total_iterations,iterations_x,iterations_y,iterations_z,K_star_xx,K_star_xy,K_star_xz,K_star_yx,K_star_yy,K_star_yz,K_star_zx,K_star_zy,K_star_zz,K_xx,K_xy,K_xz,K_yx,K_yy,K_yz,K_zx,K_zy,K_zz,K_star_eig1,K_star_eig2,K_star_eig3,K_eig1,K_eig2,K_eig3,symmetry_error,error_type,error_message
eps_0.02_coeffs_0.304_-0.47_0.718_26.279_141.49_523.244_m_-0.446_rho_0.413_,0.5868687629699707,0.16666666666666666,1e-05,True,40000,12500,12500,15000,6.660399798869145,-0.5838552977843445,-0.6340182552251613,-0.583482481792328,5.498674717535517,0.4678085597810752,-0.6339965771542672,0.4663689972440524,9.168790903089167,3.9087805908477766,-0.34264643636416214,-0.3720855091443696,-0.342427642304112,3.2270004294543218,0.2745422307854832,-0.37207278696172036,0.2736973965001627,5.38087697522626,5.2463819264038865,6.671197336232514,9.410286156857426,3.0789376712166603,3.915117328243339,5.522602996068358,0.00016597246797837569,,
