sample_name,porosity,nu,g,all_converged,total_iterations,iterations_x,iterations_y,iterations_z,K_star_xx,K_star_xy,K_star_xz,K_star_yx,K_star_yy,K_star_yz,K_star_zx,K_star_zy,K_star_zz,K_xx,K_xy,K_xz,K_yx,K_yy,K_yz,K_zx,K_zy,K_zz,K_star_eig1,K_star_eig2,K_star_eig3,K_eig1,K_eig2,K_eig3,symmetry_error,error_type,error_message
eps_0.02_coeffs_0.935_1.218_0.349_100.86_118.067_-3236.23_m_-0.208_rho_0.601_,0.3987393379211426,0.16666666666666666,1e-05,True,125000,37500,45000,42500,0.8231992790828546,0.0622319991712801,0.11548007038515763,0.062233438581930776,0.765828537659111,0.0006204625402598756,0.11548010433319798,0.0006197935454094681,0.6806911068825598,0.3282419355186593,0.02481434614706532,0.046046446808464696,0.024814920096715168,0.3053659640673107,0.0002474028225080931,0.046046460344883834,0.00024713606794436895,0.2714183212871616,0.6101308653586622,0.7506330230467857,0.9089550352190776,0.24328317729836677,0.299306914631421,0.3624361289433438,1.6915159354994207e-06,,
