sample_name,porosity,nu,g,all_converged,total_iterations,iterations_x,iterations_y,iterations_z,K_star_xx,K_star_xy,K_star_xz,K_star_yx,K_star_yy,K_star_yz,K_star_zx,K_star_zy,K_star_zz,K_xx,K_xy,K_xz,K_yx,K_yy,K_yz,K_zx,K_zy,K_zz,K_star_eig1,K_star_eig2,K_star_eig3,K_eig1,K_eig2,K_eig3,symmetry_error,error_type,error_message
eps_0.02_coeffs_0.495_1.357_0.443_65.645_120.506_-28.083_m_-0.494_rho_0.46_,0.5402016639709473,0.16666666666666666,1e-05,True,37500,12500,12500,12500,27.96437252168286,0.10907401153885209,-1.5246568395721476,0.07757138710498578,34.733077464217295,5.731845146855287,-1.59320523418326,5.703899449224231,31.902322694891698,15.106400568116516,0.0589219625292742,-0.8236221617215598,0.0419041923906478,18.762866241001994,3.0963522859550245,-0.8606521185530198,3.0812559735938994,17.23368780431861,26.34697298748819,28.982313254476427,39.270486438827234,14.23267864843872,15.656293845795403,21.21398211920299,0.0020512572679135797,,
