sample_name,porosity,nu,g,all_converged,total_iterations,iterations_x,iterations_y,iterations_z,K_star_xx,K_star_xy,K_star_xz,K_star_yx,K_star_yy,K_star_yz,K_star_zx,K_star_zy,K_star_zz,K_xx,K_xy,K_xz,K_yx,K_yy,K_yz,K_zx,K_zy,K_zz,K_star_eig1,K_star_eig2,K_star_eig3,K_eig1,K_eig2,K_eig3,symmetry_error,error_type,error_message
eps_0.02_coeffs_0.657_1.405_0.382_60.444_55.678_-2303.807_m_-0.582_rho_0.376_,0.6242985725402832,0.16666666666666666,1e-05,True,22500,7500,7500,7500,7.436473644317088,-0.6958966724342992,-1.3310609987359507,-0.6965579526632386,5.702488627915683,0.11240065913100894,-1.3290689825334494,0.11440058976816693,9.533555699340589,4.642579880880596,-0.434447299236266,-0.8309794814748978,-0.434860135539242,3.560055510334959,0.07017157104807584,-0.829735868603199,0.07142012489003315,5.951785214331611,5.424366863101585,7.032771597713496,10.215379510758275,3.386424489569134,4.390549269454382,6.377446846523648,0.0003028834761320978,,
