sample_name,porosity,nu,g,all_converged,total_iterations,iterations_x,iterations_y,iterations_z,K_star_xx,K_star_xy,K_star_xz,K_star_yx,K_star_yy,K_star_yz,K_star_zx,K_star_zy,K_star_zz,K_xx,K_xy,K_xz,K_yx,K_yy,K_yz,K_zx,K_zy,K_zz,K_star_eig1,K_star_eig2,K_star_eig3,K_eig1,K_eig2,K_eig3,symmetry_error,error_type,error_message
eps_0.02_coeffs_0.612_0.727_0.525_76.2_140.947_-3127.989_m_-0.369_rho_0.542_,0.4580364227294922,0.16666666666666666,1e-05,True,67500,20000,25000,22500,0.7236591015803615,-0.00906997839176552,-0.008049071697772137,-0.009070106746529959,0.7922818056045933,0.09177549618145309,-0.008049291583033476,0.0917750730665337,0.7828020926696201,0.331462226163507,-0.004154380456798072,-0.00368676800674075,-0.004154439247955216,0.36289392403279086,0.04203651996517694,-0.0036868687221992646,0.04203632616313286,0.3585518702315532,0.6956384049886951,0.7227279563943291,0.8803766384715503,0.3186277265342716,0.33103572775345497,0.4032445661401244,5.232473800766527e-07,,
