sample_name,porosity,nu,g,all_converged,total_iterations,iterations_x,iterations_y,iterations_z,K_star_xx,K_star_xy,K_star_xz,K_star_yx,K_star_yy,K_star_yz,K_star_zx,K_star_zy,K_star_zz,K_xx,K_xy,K_xz,K_yx,K_yy,K_yz,K_zx,K_zy,K_zz,K_star_eig1,K_star_eig2,K_star_eig3,K_eig1,K_eig2,K_eig3,symmetry_error,error_type,error_message
eps_0.02_coeffs_0.589_1.47_0.416_17.534_75.933_429.701_m_-0.393_rho_0.555_,0.4449882507324219,0.16666666666666666,1e-05,True,72500,15000,35000,22500,34.4122878737405,3.865685496025341e-08,-2.5703857093370143e-12,3.0161765857173735e-08,0.166650503942283,-5.5065053998803136e-12,1.5230375818424008e-08,-3.135210309466415e-13,0.16664959231741178,15.31306378463632,1.720184626758011e-08,-1.1437914405054934e-12,1.3421631427784627e-08,0.0741575162329531,-2.450330205541376e-12,6.777338293437877e-09,-1.395131751287715e-13,0.07415711057059632,0.16664959231741178,0.1666505039422831,34.4122878737405,0.07415711057059632,0.07415751623295311,15.31306378463632,7.167660869516269e-10,,
