sample_name,porosity,nu,g,all_converged,total_iterations,iterations_x,iterations_y,iterations_z,K_star_xx,K_star_xy,K_star_xz,K_star_yx,K_star_yy,K_star_yz,K_star_zx,K_star_zy,K_star_zz,K_xx,K_xy,K_xz,K_yx,K_yy,K_yz,K_zx,K_zy,K_zz,K_star_eig1,K_star_eig2,K_star_eig3,K_eig1,K_eig2,K_eig3,symmetry_error,error_type,error_message
eps_0.02_coeffs_0.733_0.276_0.287_52.833_68.828_-2890.695_m_-0.416_rho_0.393_,0.6071619987487793,0.16666666666666666,1e-05,True,32500,12500,10000,10000,2.6526052202519645,0.06988417459997061,0.09705354147997841,0.06991569728592736,2.8583832269058487,0.019918630114652086,0.09708072923602704,0.019905572575585458,2.8288524298414655,1.6105610874196288,0.04243101513102683,0.05892722223063125,0.04245015450803826,1.7355016732381405,0.012093835272749787,0.05894372960293523,0.012085907231231353,1.717571695467885,2.597289748917001,2.825818792780704,2.9167323353015755,1.5769756352821613,1.7157297863265943,1.770929034516898,1.27988451635635e-05,,
