sample_name,porosity,nu,g,all_converged,total_iterations,iterations_x,iterations_y,iterations_z,K_star_xx,K_star_xy,K_star_xz,K_star_yx,K_star_yy,K_star_yz,K_star_zx,K_star_zy,K_star_zz,K_xx,K_xy,K_xz,K_yx,K_yy,K_yz,K_zx,K_zy,K_zz,K_star_eig1,K_star_eig2,K_star_eig3,K_eig1,K_eig2,K_eig3,symmetry_error,error_type,error_message
eps_0.02_coeffs_0.309_0.896_0.331_5.917_17.474_-348.569_m_-0.52_rho_0.435_,0.5652422904968262,0.16666666666666666,1e-05,True,255000,115000,45000,95000,2.245828882393754,-1.3103457040525281,1.4773135037864626,-1.3096263373611006,9.241833074287458,-2.0728521400069493,1.4773902524590927,-2.0670334558389083,13.393778866528269,1.2694374615481727,-0.7406628071013274,0.8350400686621519,-0.7402561906249577,5.223874895299567,-1.171663691478776,0.8350834502576618,-1.1683747251119547,7.570730244924423,1.8995880457470382,8.449694253586049,14.532158523876397,1.0737274979784455,4.776124533894848,8.214190569898872,0.0004901449814939953,,
