sample_name,porosity,nu,g,all_converged,total_iterations,iterations_x,iterations_y,iterations_z,K_star_xx,K_star_xy,K_star_xz,K_star_yx,K_star_yy,K_star_yz,K_star_zx,K_star_zy,K_star_zz,K_xx,K_xy,K_xz,K_yx,K_yy,K_yz,K_zx,K_zy,K_zz,K_star_eig1,K_star_eig2,K_star_eig3,K_eig1,K_eig2,K_eig3,symmetry_error,error_type,error_message
eps_0.02_coeffs_0.954_0.624_0.428_112.498_93.281_-4110.991_m_-0.376_rho_0.545_,0.4545259475708008,0.16666666666666666,1e-05,True,57500,17500,20000,20000,1.9273762613192569,-0.08061845115620009,-0.055408332105443374,-0.08061011482563188,1.5449574359587608,-0.09734678425837116,-0.05539859445100758,-0.09734803769248643,1.3696218532645164,0.8760425215016026,-0.036643177903462165,-0.025184524653544274,-0.036639388824911384,0.7022232425357106,-0.04424663935800647,-0.025180098636934725,-0.04424720907633543,0.6225286706687305,1.314752877133,1.5812972697977687,1.9459054036117658,0.5975892973003137,0.7187406399459512,0.8844644974597792,6.4335842695848815e-06,,
