sample_name,porosity,nu,g,all_converged,total_iterations,iterations_x,iterations_y,iterations_z,K_star_xx,K_star_xy,K_star_xz,K_star_yx,K_star_yy,K_star_yz,K_star_zx,K_star_zy,K_star_zz,K_xx,K_xy,K_xz,K_yx,K_yy,K_yz,K_zx,K_zy,K_zz,K_star_eig1,K_star_eig2,K_star_eig3,K_eig1,K_eig2,K_eig3,symmetry_error,error_type,error_message
eps_0.02_coeffs_0.955_0.974_0.879_22.435_80.357_-1390.511_m_-0.55_rho_0.497_,0.5025429725646973,0.16666666666666666,1e-05,True,25000,10000,7500,7500,7.60659457481927,-0.8631661755277303,-1.165103986130851,-0.8632960606501316,10.401601331225562,-1.220048215390507,-1.1673088444967443,-1.2176685123153226,11.848654379676361,3.8226406487241755,-0.43377809566700687,-0.5855148205371756,-0.4338433685225103,5.2272516524270065,-0.6131266568345994,-0.5866228566144559,-0.6119307537773749,5.954457992854278,6.914441968682178,10.32254021231497,12.619868104724043,3.474804220567641,5.18752004271539,6.342026030722432,0.00025927179794856914,,
