sample_name,porosity,nu,g,all_converged,total_iterations,iterations_x,iterations_y,iterations_z,K_star_xx,K_star_xy,K_star_xz,K_star_yx,K_star_yy,K_star_yz,K_star_zx,K_star_zy,K_star_zz,K_xx,K_xy,K_xz,K_yx,K_yy,K_yz,K_zx,K_zy,K_zz,K_star_eig1,K_star_eig2,K_star_eig3,K_eig1,K_eig2,K_eig3,symmetry_error,error_type,error_message
eps_0.02_coeffs_0.261_-0.222_0.302_34.442_34.629_-2126.574_m_-0.333_rho_0.544_,0.4559450149536133,0.16666666666666666,1e-05,True,60000,20000,20000,20000,1.1704716290431472,0.006129028302819852,-0.029298737727004674,0.006129863745329617,1.1202233937628607,0.07436337493945681,-0.029298443479018065,0.07436415885965493,1.154589525198122,0.5336707044068578,0.0027944999011803168,-0.01335861341106114,0.002794880817027924,0.5107602720205949,0.033905610098771785,-0.013358479250158485,0.03390596752327824,0.526429338331743,1.0563376813185499,1.1675439010936368,1.2214029655919432,0.48163189990485133,0.5323358214431384,0.5568925934112061,8.39450278943557e-07,,
