sample_name,porosity,nu,g,all_converged,total_iterations,iterations_x,iterations_y,iterations_z,K_star_xx,K_star_xy,K_star_xz,K_star_yx,K_star_yy,K_star_yz,K_star_zx,K_star_zy,K_star_zz,K_xx,K_xy,K_xz,K_yx,K_yy,K_yz,K_zx,K_zy,K_zz,K_star_eig1,K_star_eig2,K_star_eig3,K_eig1,K_eig2,K_eig3,symmetry_error,error_type,error_message
eps_0.02_coeffs_0.799_-0.034_0.348_95.985_66.298_-3530.801_m_-0.238_rho_0.594_,0.40610694885253906,0.16666666666666666,1e-05,True,65000,20000,20000,25000,1.0902666675907957,0.04245109797982005,0.02632106303044621,0.042452946585341635,1.1983722181643288,0.11452687114732785,0.026320734885019167,0.11452999116835458,1.216098839852553,0.4427648698109235,0.017239685876024907,0.010689166597849875,0.017240436607572907,0.4866672851083649,0.0465101582032692,0.01068903333571172,0.04651142526548872,0.4938661893556328,1.0722316434796724,1.1007661235890196,1.3317399585389855,0.43544072119667315,0.44702877185097356,0.5408288512272743,2.5324861579985315e-06,,
