sample_name,porosity,nu,g,all_converged,total_iterations,iterations_x,iterations_y,iterations_z,K_star_xx,K_star_xy,K_star_xz,K_star_yx,K_star_yy,K_star_yz,K_star_zx,K_star_zy,K_star_zz,K_xx,K_xy,K_xz,K_yx,K_yy,K_yz,K_zx,K_zy,K_zz,K_star_eig1,K_star_eig2,K_star_eig3,K_eig1,K_eig2,K_eig3,symmetry_error,error_type,error_message
eps_0.02_coeffs_0.164_0.614_0.853_72.095_73.014_-4032.161_m_-0.381_rho_0.451_,0.5486950874328613,0.16666666666666666,1e-05,True,105000,32500,27500,45000,1.0277349126901012,0.09220458555147308,0.05032911382060972,0.09221010256470684,1.0149393089715997,0.09316598329837172,0.050327928026929196,0.09316360433555375,0.9154229904220564,0.5639130977762992,0.050592203130876263,0.02761533750821788,0.05059523028893493,0.5568922128752197,0.05111971735166857,0.027614686869050668,0.051118412026457165,0.5022880977676817,0.859406566899404,0.9422487195094957,1.1564419256748577,0.47155216136524364,0.5170072435347646,0.6345340035191922,5.030669706203417e-06,,
