sample_name,porosity,nu,g,all_converged,total_iterations,iterations_x,iterations_y,iterations_z,K_star_xx,K_star_xy,K_star_xz,K_star_yx,K_star_yy,K_star_yz,K_star_zx,K_star_zy,K_star_zz,K_xx,K_xy,K_xz,K_yx,K_yy,K_yz,K_zx,K_zy,K_zz,K_star_eig1,K_star_eig2,K_star_eig3,K_eig1,K_eig2,K_eig3,symmetry_error,error_type,error_message
eps_0.02_coeffs_0.853_1.189_0.912_0.443_38.359_-591.303_m_-0.466_rho_0.4_,0.5996618270874023,0.16666666666666666,1e-05,True,22500,7500,7500,7500,13.137970860177473,-0.9054700357488926,0.5258387979383532,-0.9008633916383916,8.98304356591993,1.1505387170980075,0.5171388181271113,1.1518536827587686,8.663262412394275,7.8783396102350745,-0.5429758160100765,0.31532545432515624,-0.540213387386032,5.386788317545279,0.6899341492297871,0.3101084085359234,0.6907226839404763,5.1950277667539675,7.4883011112597995,9.954016463400711,13.341959263831171,4.490448326158676,5.969043699300953,8.000663669074694,0.0007694889613206607,,
