sample_name,porosity,nu,g,all_converged,total_iterations,iterations_x,iterations_y,iterations_z,K_star_xx,K_star_xy,K_star_xz,K_star_yx,K_star_yy,K_star_yz,K_star_zx,K_star_zy,K_star_zz,K_xx,K_xy,K_xz,K_yx,K_yy,K_yz,K_zx,K_zy,K_zz,K_star_eig1,K_star_eig2,K_star_eig3,K_eig1,K_eig2,K_eig3,symmetry_error,error_type,error_message
eps_0.02_coeffs_0.878_0.434_0.556_108.784_137.619_-2561.478_m_-0.399_rho_0.422_,0.5776138305664062,0.16666666666666666,1e-05,True,75000,27500,25000,22500,1.3410436928917753,0.21099256332376348,-0.03495008106818095,0.21097475854295103,2.1630270777422966,-0.05538720573304637,-0.034953766821571565,-0.0553971908487858,1.5997658440991958,0.7746053844081376,0.12187222272246406,-0.020187650204398434,0.12186193843481659,1.2493943559935878,-0.03199241606783453,-0.02018977914653291,-0.03199818360878543,0.9240468772194367,1.2886250553145484,1.5949855203574657,2.220226039061254,0.7443276543640834,0.9212856961116285,1.2824332671454506,9.706670204988686e-06,,
