sample_name,porosity,nu,g,all_converged,total_iterations,iterations_x,iterations_y,iterations_z,K_star_xx,K_star_xy,K_star_xz,K_star_yx,K_star_yy,K_star_yz,K_star_zx,K_star_zy,K_star_zz,K_xx,K_xy,K_xz,K_yx,K_yy,K_yz,K_zx,K_zy,K_zz,K_star_eig1,K_star_eig2,K_star_eig3,K_eig1,K_eig2,K_eig3,symmetry_error,error_type,error_message
eps_0.02_coeffs_0.739_0.868_0.666_82.756_86.584_-2114.178_m_-0.568_rho_0.318_,0.6820311546325684,0.16666666666666666,1e-05,True,30000,10000,10000,10000,12.412874337907512,1.7152306358322045,-0.3745858574744485,1.7220057972197809,9.576251057140361,-1.2866937863868335,-0.37810324697094555,-1.2945584269690584,6.8116169312168715,8.465967016992037,1.1698407310177927,-0.2554792248823288,1.1744616021617835,6.531301565552794,-0.8775652487879634,-0.25787819410191715,-0.8829291786850283,4.645734960512595,6.2852495099891055,9.163422629834066,13.352070186441575,4.2867359804516525,6.249739716611931,9.106527845993842,0.0008923708342834726,,
