sample_name,porosity,nu,g,all_converged,total_iterations,iterations_x,iterations_y,iterations_z,K_star_xx,K_star_xy,K_star_xz,K_star_yx,K_star_yy,K_star_yz,K_star_zx,K_star_zy,K_star_zz,K_xx,K_xy,K_xz,K_yx,K_yy,K_yz,K_zx,K_zy,K_zz,K_star_eig1,K_star_eig2,K_star_eig3,K_eig1,K_eig2,K_eig3,symmetry_error,error_type,error_message
eps_0.02_coeffs_0.995_1.378_0.9_35.699_23.307_-2196.66_m_-0.341_rho_0.545_,0.4545416831970215,0.16666666666666666,1e-05,True,37500,10000,17500,10000,4.670533114530148,0.3247262996680003,-1.1890408453385168,0.3247790556483877,3.785264769642251,0.2872098194083794,-1.1889943859741452,0.2872435077063216,3.878591770163963,2.1229519833059607,0.14760163882943325,-0.5404686272301787,0.14762561862155726,1.7205606197395746,0.13054883474459736,-0.540447509512497,0.13056414748024806,1.7629816316444429,2.832877331531964,3.968318713658875,5.533193609145526,1.2876608305652248,1.8037662675687438,2.51506713655601,1.494818549849703e-05,,
