sample_name,porosity,nu,g,all_converged,total_iterations,iterations_x,iterations_y,iterations_z,K_star_xx,K_star_xy,K_star_xz,K_star_yx,K_star_yy,K_star_yz,K_star_zx,K_star_zy,K_star_zz,K_xx,K_xy,K_xz,K_yx,K_yy,K_yz,K_zx,K_zy,K_zz,K_star_eig1,K_star_eig2,K_star_eig3,K_eig1,K_eig2,K_eig3,symmetry_error,error_type,error_message
eps_0.02_coeffs_0.223_0.429_0.86_92.707_40.368_-3659.825_m_-0.224_rho_0.632_,0.3675827980041504,0.16666666666666666,1e-05,True,257500,77500,75000,105000,0.43812572958584173,0.04708566859217791,-0.00035418836150974056,0.04708619872098483,0.42165077378147403,0.00029027177744314094,-0.0003537103660895088,0.0002900372672605202,0.4124249889654697,0.16104748155877346,0.0173078818070089,-0.00013019354894425596,0.01730807667323905,0.15499157120720927,0.00010669891213418777,-0.00013001784605025398,0.00010661271022509957,0.1516003314107582,0.3820802706810197,0.41243154170818064,0.4776896799435851,0.1404461349591123,0.15160274008625851,0.17559050913137003,1.4402672548582144e-06,,
