sample_name,porosity,nu,g,all_converged,total_iterations,iterations_x,iterations_y,iterations_z,K_star_xx,K_star_xy,K_star_xz,K_star_yx,K_star_yy,K_star_yz,K_star_zx,K_star_zy,K_star_zz,K_xx,K_xy,K_xz,K_yx,K_yy,K_yz,K_zx,K_zy,K_zz,K_star_eig1,K_star_eig2,K_star_eig3,K_eig1,K_eig2,K_eig3,symmetry_error,error_type,error_message
eps_0.02_coeffs_0.533_1.136_0.889_86.456_70.67_-3542.373_m_-0.413_rho_0.307_,0.693267822265625,0.16666666666666666,1e-05,True,35000,10000,12500,12500,4.718155098630548,-0.012688349072525232,-0.07880667770934839,-0.01300672699594573,2.973556313877667,0.65900574013737,-0.07885424445981093,0.6591471006529296,3.4323566480166607,3.270945110339055,-0.00879642412965563,-0.05463413383554893,-0.009017145299282811,2.0614709101061695,0.4568674743255809,-0.054667110333054346,0.45696547502235724,2.379542418609451,2.5044745122490926,3.8946269723058364,4.724966575969946,1.736271591026692,2.7000195596274303,3.275667288400551,7.515797599030969e-05,,
