sample_name,porosity,nu,g,all_converged,total_iterations,iterations_x,iterations_y,iterations_z,K_star_xx,K_star_xy,K_star_xz,K_star_yx,K_star_yy,K_star_yz,K_star_zx,K_star_zy,K_star_zz,K_xx,K_xy,K_xz,K_yx,K_yy,K_yz,K_zx,K_zy,K_zz,K_star_eig1,K_star_eig2,K_star_eig3,K_eig1,K_eig2,K_eig3,symmetry_error,error_type,error_message
eps_0.02_coeffs_0.383_0.202_0.881_-15.165_70.976_-46.88_m_-0.327_rho_0.374_,0.6260643005371094,0.16666666666666666,1e-05,True,32500,10000,12500,10000,3.189498524694383,0.00934664756111728,0.011897422648820571,0.009357739283652657,3.067073401435294,-0.020839135215434772,0.011876598038581897,-0.020821830263973055,3.053864230213491,1.996831162926931,0.0058516023677177694,0.007448551588828214,0.005858546499228632,1.9201851637655603,-0.013046638612449415,0.00743551404378518,-0.013035804600116706,1.9119153732239071,3.0371260341919326,3.082310454857598,3.1909996672936356,1.901436186239418,1.9297245389586417,1.9977709747183385,7.696389556584274e-06,,
