sample_name,porosity,nu,g,all_converged,total_iterations,iterations_x,iterations_y,iterations_z,K_star_xx,K_star_xy,K_star_xz,K_star_yx,K_star_yy,K_star_yz,K_star_zx,K_star_zy,K_star_zz,K_xx,K_xy,K_xz,K_yx,K_yy,K_yz,K_zx,K_zy,K_zz,K_star_eig1,K_star_eig2,K_star_eig3,K_eig1,K_eig2,K_eig3,symmetry_error,error_type,error_message
eps_0.02_coeffs_0.825_1.481_0.839_60.039_52.579_-1543.501_m_-0.494_rho_0.563_,0.43737030029296875,0.16666666666666666,1e-05,True,35000,10000,10000,15000,2.329287536885376,-2.337199519024623,-0.5250735283780075,-2.337317938535533,4.309288086618067,1.6075523894971868,-0.5251894531929597,1.6077598209438262,1.942558899674158,1.0187611894762265,-1.0222216554803814,-0.22965156678257778,-1.0222734486574288,1.8847546244930566,0.7030956713310641,-0.22970226885370484,0.7031863956851709,0.8496175692872655,0.5529703902361327,1.5763438837250698,6.4518202492164,0.24185282563069752,0.6894459977898184,2.821834559836034,5.633926367136469e-05,,
