sample_name,porosity,nu,g,all_converged,total_iterations,iterations_x,iterations_y,iterations_z,K_star_xx,K_star_xy,K_star_xz,K_star_yx,K_star_yy,K_star_yz,K_star_zx,K_star_zy,K_star_zz,K_xx,K_xy,K_xz,K_yx,K_yy,K_yz,K_zx,K_zy,K_zz,K_star_eig1,K_star_eig2,K_star_eig3,K_eig1,K_eig2,K_eig3,symmetry_error,error_type,error_message
eps_0.02_coeffs_0.378_0.763_0.313_100.75_101.408_-537.882_m_-0.313_rho_0.606_,0.39377880096435547,0.16666666666666666,1e-05,True,27500,10000,7500,10000,15.477715140165765,1.2866507063421886,-0.9898270143396317,1.2922781337446414,9.363640616344275,0.9207532671454786,-1.0010917152492236,0.9212113311836129,21.881745716069556,6.094796109562326,0.506655772403368,-0.3897728948687881,0.5088717340184199,3.687203174565187,0.36257311752055943,-0.39420869528618924,0.36275349342826085,8.616567591080791,9.006752179791869,15.6405096741726,22.075839618615127,3.5466680739415333,6.158901145967089,8.69299765529968,0.000624944939944545,,
