sample_name,porosity,nu,g,all_converged,total_iterations,iterations_x,iterations_y,iterations_z,K_star_xx,K_star_xy,K_star_xz,K_star_yx,K_star_yy,K_star_yz,K_star_zx,K_star_zy,K_star_zz,K_xx,K_xy,K_xz,K_yx,K_yy,K_yz,K_zx,K_zy,K_zz,K_star_eig1,K_star_eig2,K_star_eig3,K_eig1,K_eig2,K_eig3,symmetry_error,error_type,error_message
eps_0.02_coeffs_0.896_1.261_0.807_18.019_92.33_-807.181_m_-0.483_rho_0.55_,0.4504966735839844,0.16666666666666666,1e-05,True,102500,32500,35000,35000,14.7411551355417,-1.3487623980563719,-0.6281925509108147,-1.3357708647981368,9.870203910806172,-0.6833488695700838,-0.6238522274311008,-0.6848620859500079,5.9306009470476555,6.640841353347004,-0.6076129737795534,-0.2829986545555598,-0.6017603312619627,4.446494029413814,-0.30784639263869873,-0.2810433532656702,-0.30852809158426736,2.6717159989989963,5.733940344256175,9.703765465260231,15.104254183879123,2.583121051616413,4.371514063338883,6.8044162668045205,0.001034044947288047,,
