sample_name,porosity,nu,g,all_converged,total_iterations,iterations_x,iterations_y,iterations_z,K_star_xx,K_star_xy,K_star_xz,K_star_yx,K_star_yy,K_star_yz,K_star_zx,K_star_zy,K_star_zz,K_xx,K_xy,K_xz,K_yx,K_yy,K_yz,K_zx,K_zy,K_zz,K_star_eig1,K_star_eig2,K_star_eig3,K_eig1,K_eig2,K_eig3,symmetry_error,error_type,error_message
eps_0.02_coeffs_0.293_1.482_0.778_34.073_84.4_-3821.086_m_-0.325_rho_0.384_,0.6159348487854004,0.16666666666666666,1e-05,True,45000,12500,17500,15000,1.6471792871322777,0.01381485774487422,-0.015094596014599948,0.013819549559295246,1.6562293891198554,0.0016886891186359387,-0.015096027893064317,0.0016919425180324632,1.666311545093255,1.014555125142263,0.00850905231608092,-0.009297287713729327,0.008511942168086864,1.020129398341474,0.001040122476932578,-0.009298169657574757,0.0010421263589979147,1.0263393495563808,1.631843797971536,1.6615444923038751,1.6763319310699767,1.0051094629449913,1.0234031556174024,1.032511254477724,2.9010534866290284e-06,,
