sample_name,porosity,nu,g,all_converged,total_iterations,iterations_x,iterations_y,iterations_z,K_star_xx,K_star_xy,K_star_xz,K_star_yx,K_star_yy,K_star_yz,K_star_zx,K_star_zy,K_star_zz,K_xx,K_xy,K_xz,K_yx,K_yy,K_yz,K_zx,K_zy,K_zz,K_star_eig1,K_star_eig2,K_star_eig3,K_eig1,K_eig2,K_eig3,symmetry_error,error_type,error_message
eps_0.02_coeffs_0.382_0.926_0.413_42.05_111.023_589.094_m_-0.239_rho_0.592_,0.40840768814086914,0.16666666666666666,1e-05,True,105000,40000,30000,35000,0.16660029541703952,1.6185605474439924e-12,2.5625601726957544e-13,4.248309515899543e-13,0.1666018167457369,-1.1645787043675483e-13,1.2874675818211499e-13,-2.898035081806538e-13,0.16660487224957168,0.06804084149485895,6.610325712976205e-13,1.0465692758525395e-13,1.7350422678953872e-13,0.06804146281719514,-4.756228963088391e-14,5.258116586478911e-14,-1.1835798079117427e-13,0.06804271070845241,0.16660029541703952,0.16660181674573685,0.16660487224957168,0.06804084149485895,0.06804146281719511,0.06804271070845241,5.944612877026585e-12,,
