sample_name,porosity,nu,g,all_converged,total_iterations,iterations_x,iterations_y,iterations_z,K_star_xx,K_star_xy,K_star_xz,K_star_yx,K_star_yy,K_star_yz,K_star_zx,K_star_zy,K_star_zz,K_xx,K_xy,K_xz,K_yx,K_yy,K_yz,K_zx,K_zy,K_zz,K_star_eig1,K_star_eig2,K_star_eig3,K_eig1,K_eig2,K_eig3,symmetry_error,error_type,error_message
eps_0.02_coeffs_0.218_0.296_0.786_2.127_73.589_476.747_m_-0.45_rho_0.458_,0.542208194732666,0.16666666666666666,1e-05,True,37500,12500,12500,12500,16.755315136063583,5.326399220253479,0.026729746334082514,5.386154181131225,10.28836332516579,0.30390630823391057,0.036025908221361105,0.2870951303383271,11.03389069416263,9.08486917210195,2.8880173056391185,0.014493087505464977,2.9204169351029625,5.578434905291912,0.16478049075537782,0.019533542660308916,0.1556653323372838,5.982665954159482,7.2254861961254955,11.044640817590114,19.807442141676393,3.9177178264670016,5.988494759176251,10.73975744591009,0.0037314514621599125,,
