sample_name,porosity,nu,g,all_converged,total_iterations,iterations_x,iterations_y,iterations_z,K_star_xx,K_star_xy,K_star_xz,K_star_yx,K_star_yy,K_star_yz,K_star_zx,K_star_zy,K_star_zz,K_xx,K_xy,K_xz,K_yx,K_yy,K_yz,K_zx,K_zy,K_zz,K_star_eig1,K_star_eig2,K_star_eig3,K_eig1,K_eig2,K_eig3,symmetry_error,error_type,error_message
eps_0.02_coeffs_0.439_-0.354_0.557_90.445_75.475_-1531.657_m_-0.646_rho_0.376_,0.6238260269165039,0.16666666666666666,1e-05,True,30000,10000,10000,10000,17.81090931416379,0.5850024865192838,0.4881521934992625,0.6192705249286198,18.328534562380902,0.8156900034756384,0.46174549516987434,0.8278656043855551,17.905063043531534,11.11090879322495,0.36493977690160045,0.30452204340122135,0.3863170711527187,11.433816895251901,0.5088486540637167,0.2880488576984165,0.5164441108046711,11.169644340135802,17.261155833969966,17.42624149644944,19.35710958965683,10.767958263892115,10.870942996817561,12.075468767902974,0.002034171274276678,,
