sample_name,porosity,nu,g,all_converged,total_iterations,iterations_x,iterations_y,iterations_z,K_star_xx,K_star_xy,K_star_xz,K_star_yx,K_star_yy,K_star_yz,K_star_zx,K_star_zy,K_star_zz,K_xx,K_xy,K_xz,K_yx,K_yy,K_yz,K_zx,K_zy,K_zz,K_star_eig1,K_star_eig2,K_star_eig3,K_eig1,K_eig2,K_eig3,symmetry_error,error_type,error_message
eps_0.02_coeffs_0.64_0.963_0.752_-15.138_31.547_-1352.986_m_-0.48_rho_0.524_,0.4761776924133301,0.16666666666666666,1e-05,True,37500,12500,12500,12500,2.965050706236606,0.007517484802981081,0.10397760065484998,0.00745706452798241,3.0072118261062135,-0.14997023869272158,0.1039145771611786,-0.14996880462363818,3.001637636782766,1.4118910031842615,0.0035796585662358086,0.049511813942501225,0.0035508877791119624,1.431967187953333,-0.07141248219137647,0.049481803560716964,-0.07141179931966958,1.429312883344219,2.8100008594537114,2.9859445528954685,3.177954756776406,1.3380597249341433,1.4218401868719166,1.5132711626757547,2.3804348974345902e-05,,
