sample_name,porosity,nu,g,all_converged,total_iterations,iterations_x,iterations_y,iterations_z,K_star_xx,K_star_xy,K_star_xz,K_star_yx,K_star_yy,K_star_yz,K_star_zx,K_star_zy,K_star_zz,K_xx,K_xy,K_xz,K_yx,K_yy,K_yz,K_zx,K_zy,K_zz,K_star_eig1,K_star_eig2,K_star_eig3,K_eig1,K_eig2,K_eig3,symmetry_error,error_type,error_message
eps_0.02_coeffs_0.228_1.44_0.759_22.835_14.09_-689.296_m_-0.285_rho_0.552_,0.4484682083129883,0.16666666666666666,1e-05,True,245000,55000,102500,87500,0.16666593905364455,9.71191490245344e-13,-3.914714557064162e-13,3.5508940525652122e-12,0.16666618325972407,1.0211640385005361e-12,-9.022819597381468e-13,6.846318721093267e-13,0.1666662678938699,0.07474437507418967,4.355485075591505e-13,-1.7556250234633382e-13,1.5924630936631667e-12,0.07474448459285261,4.579596067399908e-13,-4.046447738768985e-13,3.070356290388367e-13,0.07474452254857636,0.1666659390536445,0.16666618325972407,0.1666662678938699,0.07474437507418964,0.0747444845928526,0.07474452254857634,1.2988387282367294e-11,,
