sample_name,porosity,nu,g,all_converged,total_iterations,iterations_x,iterations_y,iterations_z,K_star_xx,K_star_xy,K_star_xz,K_star_yx,K_star_yy,K_star_yz,K_star_zx,K_star_zy,K_star_zz,K_xx,K_xy,K_xz,K_yx,K_yy,K_yz,K_zx,K_zy,K_zz,K_star_eig1,K_star_eig2,K_star_eig3,K_eig1,K_eig2,K_eig3,symmetry_error,error_type,error_message
eps_0.02_coeffs_0.705_-0.337_0.55_-13.286_80.033_119.678_m_-0.41_rho_0.492_,0.5077404975891113,0.16666666666666666,1e-05,True,30000,10000,10000,10000,3.495003268406257,-0.380265758511895,1.0826453741936488,-0.3802462965338912,3.3134373884107005,0.18677053697160398,1.0827243889818257,0.1869657076694083,3.616162823186031,1.7745546985761633,-0.1930763254429304,0.5497029010056329,-0.1930664438085347,1.6823663483220146,0.09483096537694771,0.5497430200134987,0.09493006144416569,1.836072311207721,2.307257209294562,3.4649018340589905,4.652444436649434,1.1714879235132853,1.759270981322537,2.3622344532700765,4.7901365803967e-05,,
