sample_name,porosity,nu,g,all_converged,total_iterations,iterations_x,iterations_y,iterations_z,K_star_xx,K_star_xy,K_star_xz,K_star_yx,K_star_yy,K_star_yz,K_star_zx,K_star_zy,K_star_zz,K_xx,K_xy,K_xz,K_yx,K_yy,K_yz,K_zx,K_zy,K_zz,K_star_eig1,K_star_eig2,K_star_eig3,K_eig1,K_eig2,K_eig3,symmetry_error,error_type,error_message
eps_0.02_coeffs_0.226_0.4_0.699_-37.594_4.878_322.487_m_-0.37_rho_0.697_,0.30339622497558594,0.16666666666666666,1e-05,True,57500,22500,17500,17500,0.8492227277101037,-0.011959008853387154,0.0049067223269125436,-0.011959045589461379,0.8383760737918706,-0.018481715456656878,0.004906929213870204,-0.018481778856621077,0.8332718546110371,0.2576509697507154,-0.0036283181405672733,0.0014886810309886886,-0.0036283292861535132,0.2543601358983068,-0.0056072827006226345,0.0014887437997106393,-0.005607301935932436,0.25281153506739396,0.8165647630620205,0.839789472395453,0.8645164206555375,0.24774266656110078,0.25478895569901955,0.2622910184562957,2.1320698022966337e-07,,
