sample_name,porosity,nu,g,all_converged,total_iterations,iterations_x,iterations_y,iterations_z,K_star_xx,K_star_xy,K_star_xz,K_star_yx,K_star_yy,K_star_yz,K_star_zx,K_star_zy,K_star_zz,K_xx,K_xy,K_xz,K_yx,K_yy,K_yz,K_zx,K_zy,K_zz,K_star_eig1,K_star_eig2,K_star_eig3,K_eig1,K_eig2,K_eig3,symmetry_error,error_type,error_message
eps_0.02_coeffs_0.762_1.314_0.866_38.369_135.636_-785.714_m_-0.234_rho_0.305_,0.694678783416748,0.16666666666666666,1e-05,True,62500,22500,20000,20000,0.9678455833576379,-0.07423113307924924,-0.10474970961373588,-0.07424157130109933,1.507866541919079,0.16299756191553808,-0.10474724313796602,0.16299798208422234,1.3221861301405042,0.6723417923821567,-0.05156679321913958,-0.07276740083772767,-0.05157404443039544,1.0474828948951649,0.11323094801138206,-0.07276568742934054,0.11323123989365247,0.9184946523365036,0.9375425043462734,1.2367049298335189,1.623650821237429,0.6512908863207604,0.8591126761022437,1.1279157771908208,6.758591099371606e-06,,
