sample_name,porosity,nu,g,all_converged,total_iterations,iterations_x,iterations_y,iterations_z,K_star_xx,K_star_xy,K_star_xz,K_star_yx,K_star_yy,K_star_yz,K_star_zx,K_star_zy,K_star_zz,K_xx,K_xy,K_xz,K_yx,K_yy,K_yz,K_zx,K_zy,K_zz,K_star_eig1,K_star_eig2,K_star_eig3,K_eig1,K_eig2,K_eig3,symmetry_error,error_type,error_message
eps_0.02_coeffs_0.692_0.692_0.352_92.216_42.805_-3616.612_m_-0.21_rho_0.511_,0.48875856399536133,0.16666666666666666,1e-05,True,72500,20000,27500,25000,2.03866028120874,-0.12309444899945374,0.24577079789731648,-0.12310005485311148,1.6236467255186404,-0.11319922341299031,0.245779791319611,-0.11319784593482707,1.5395571762299953,0.9964126715179633,-0.06016346612877325,0.12012258225228657,-0.06016620603775698,0.7935712420002613,-0.055327089880723226,0.12012697786445264,-0.05532641662647423,0.7524717546429259,1.4190613814352186,1.5991539270641457,2.1836488744580116,0.6935784030115513,0.7816001769994143,1.0672770881501847,4.9453694410798105e-06,,
