sample_name,porosity,nu,g,all_converged,total_iterations,iterations_x,iterations_y,iterations_z,K_star_xx,K_star_xy,K_star_xz,K_star_yx,K_star_yy,K_star_yz,K_star_zx,K_star_zy,K_star_zz,K_xx,K_xy,K_xz,K_yx,K_yy,K_yz,K_zx,K_zy,K_zz,K_star_eig1,K_star_eig2,K_star_eig3,K_eig1,K_eig2,K_eig3,symmetry_error,error_type,error_message
eps_0.02_coeffs_0.695_1.36_0.629_-24.622_43.519_-3752.622_m_-0.296_rho_0.403_,0.5965766906738281,0.16666666666666666,1e-05,True,37500,12500,12500,12500,1.8977868533155657,0.023141603592027087,0.004275894483701709,0.023142417235123985,1.8946544562616843,-0.008227565631858868,0.004280855356595627,-0.008228274815878565,1.8947636803523071,1.132175400555298,0.013805741287817093,0.002550898980757242,0.01380622668832323,1.1303066854870167,-0.004908373876956087,0.0025538585218911497,-0.004908796959611637,1.1303718460335426,1.8698101988747664,1.8977114536313757,1.919683337423414,1.1154851806328807,1.132130418861226,1.1452383325817501,2.186516426098855e-06,,
