sample_name,porosity,nu,g,all_converged,total_iterations,iterations_x,iterations_y,iterations_z,K_star_xx,K_star_xy,K_star_xz,K_star_yx,K_star_yy,K_star_yz,K_star_zx,K_star_zy,K_star_zz,K_xx,K_xy,K_xz,K_yx,K_yy,K_yz,K_zx,K_zy,K_zz,K_star_eig1,K_star_eig2,K_star_eig3,K_eig1,K_eig2,K_eig3,symmetry_error,error_type,error_message
eps_0.02_coeffs_0.547_1.135_0.428_-8.72_80.963_689.931_m_-0.278_rho_0.587_,0.41295909881591797,0.16666666666666666,1e-05,True,287500,87500,95000,105000,0.37371097169103445,0.01210458507849276,-0.000571338910089997,0.012104550217514979,0.2980521518475403,-0.0044874923108677535,-0.0005716382518544695,-0.004487619982326075,0.31874400524397484,0.15432734608715062,0.004998698545554978,-0.00023593960142923392,0.004998684149397009,0.12308334802710538,-0.0018531507806393086,-0.0002360632173345285,-0.0018532035037296815,0.1316282371585281,0.29535461674055546,0.31952424529271006,0.37562826674928385,0.12196937636030061,0.1319504443859139,0.15511911052656954,8.052195395268697e-07,,
