sample_name,porosity,nu,g,all_converged,total_iterations,iterations_x,iterations_y,iterations_z,K_star_xx,K_star_xy,K_star_xz,K_star_yx,K_star_yy,K_star_yz,K_star_zx,K_star_zy,K_star_zz,K_xx,K_xy,K_xz,K_yx,K_yy,K_yz,K_zx,K_zy,K_zz,K_star_eig1,K_star_eig2,K_star_eig3,K_eig1,K_eig2,K_eig3,symmetry_error,error_type,error_message
eps_0.02_coeffs_0.31_0.916_0.349_24.238_81.383_-1035.838_m_-0.285_rho_0.615_,0.3854374885559082,0.16666666666666666,1e-05,True,132500,45000,45000,42500,0.4773605743596975,-0.005257462032679558,-0.0037584564209909646,-0.00525745891226712,0.4539140271426687,0.005377651700505927,-0.0037584890217232277,0.005377520831853366,0.47303020139161817,0.18399266091680766,-0.002026422962054049,-0.0014486500037535846,-0.0020264217593301158,0.17495548264216856,0.002072748565771414,-0.0014486625692979533,0.00207269812408664,0.18232357283548078,0.4518067866242131,0.47103387782281464,0.4814641384469567,0.17414327314895175,0.18155411489277617,0.18557432835272908,2.3522869563513254e-07,,
