sample_name,porosity,nu,g,all_converged,total_iterations,iterations_x,iterations_y,iterations_z,K_star_xx,K_star_xy,K_star_xz,K_star_yx,K_star_yy,K_star_yz,K_star_zx,K_star_zy,K_star_zz,K_xx,K_xy,K_xz,K_yx,K_yy,K_yz,K_zx,K_zy,K_zz,K_star_eig1,K_star_eig2,K_star_eig3,K_eig1,K_eig2,K_eig3,symmetry_error,error_type,error_message
eps_0.02_coeffs_0.438_0.417_0.913_102.721_71.063_-3868.081_m_-0.232_rho_0.315_,0.6851544380187988,0.16666666666666666,1e-05,True,75000,22500,25000,27500,1.396108972954639,0.18486302297812643,0.1743714960146485,0.18488122132125512,1.7438005394472382,-0.08810336725809592,0.17439504510526985,-0.0880899194237722,1.380826136949194,0.9565502587777381,0.12665972061903452,0.1194714043584137,0.12667218929459373,1.1947726786218507,-0.060364413081284554,0.11948753912236423,-0.060355199237915914,0.946079155863094,1.1507235890381786,1.5459106530871867,1.824101407225706,0.7884233739624286,1.0591875447432255,1.2497911745570287,1.740543404189938e-05,,
