sample_name,porosity,nu,g,all_converged,total_iterations,iterations_x,iterations_y,iterations_z,K_star_xx,K_star_xy,K_star_xz,K_star_yx,K_star_yy,K_star_yz,K_star_zx,K_star_zy,K_star_zz,K_xx,K_xy,K_xz,K_yx,K_yy,K_yz,K_zx,K_zy,K_zz,K_star_eig1,K_star_eig2,K_star_eig3,K_eig1,K_eig2,K_eig3,symmetry_error,error_type,error_message
eps_0.02_coeffs_0.963_1.366_0.781_37.343_53.279_-3379.351_m_-0.285_rho_0.463_,0.5367693901062012,0.16666666666666666,1e-05,True,35000,12500,12500,10000,2.884956953376246,0.17637281149800593,0.11756157411711182,0.17642324713159574,3.2187500207044493,-0.1090836700838684,0.11756803291883662,-0.10905656773824697,3.1722581995208268,1.5485565843464117,0.09467152645910062,0.06310345443876708,0.09469859876338226,1.7277264855178496,-0.058552775061464106,0.06310692132582972,-0.05853822735193444,1.70277109901619,2.753733016055685,3.200164459484644,3.322067698061192,1.47811959154352,1.717750325157114,1.7831842521798174,1.516822110157049e-05,,
