sample_name,porosity,nu,g,all_converged,total_iterations,iterations_x,iterations_y,iterations_z,K_star_xx,K_star_xy,K_star_xz,K_star_yx,K_star_yy,K_star_yz,K_star_zx,K_star_zy,K_star_zz,K_xx,K_xy,K_xz,K_yx,K_yy,K_yz,K_zx,K_zy,K_zz,K_star_eig1,K_star_eig2,K_star_eig3,K_eig1,K_eig2,K_eig3,symmetry_error,error_type,error_message
eps_0.02_coeffs_0.48_0.035_0.784_-28.412_53.965_896.513_m_-0.334_rho_0.653_,0.34688234329223633,0.16666666666666666,1e-05,True,57500,17500,20000,20000,1.0457325731673721,-0.0775878021210665,0.10653864752313788,-0.07758046334132594,1.0366987281088968,-0.03632687818914675,0.10654250534610285,-0.03632858597626261,1.1501107092272629,0.362746165437318,-0.02691383861064989,0.036956375704011675,-0.02691129291753658,0.35961248409449514,-0.012601152630742855,0.03695771391468177,-0.012601745031939449,0.3989530978622488,0.9480117384413813,1.0418420995511628,1.2426881725109868,0.3288485332990931,0.3613966288328107,0.43106658526215796,6.373137654689707e-06,,
