sample_name,porosity,nu,g,all_converged,total_iterations,iterations_x,iterations_y,iterations_z,K_star_xx,K_star_xy,K_star_xz,K_star_yx,K_star_yy,K_star_yz,K_star_zx,K_star_zy,K_star_zz,K_xx,K_xy,K_xz,K_yx,K_yy,K_yz,K_zx,K_zy,K_zz,K_star_eig1,K_star_eig2,K_star_eig3,K_eig1,K_eig2,K_eig3,symmetry_error,error_type,error_message
eps_0.02_coeffs_0.824_0.604_0.491_68.901_60.712_-3536.389_m_-0.522_rho_0.517_,0.4827413558959961,0.16666666666666666,1e-05,True,42500,12500,15000,15000,2.8678572717257067,-0.29673025975297473,-0.6950875467255313,-0.2967334805002962,3.2234965147752286,-0.07125716899372947,-0.6951069300997803,-0.07125023552642985,3.5606695044849794,1.3844333078690598,-0.14324396792852215,-0.3355475047727045,-0.1432455227164511,1.5561150782686117,-0.0343987823773431,-0.3355568619290713,-0.03439543530593782,1.7188824244926035,2.34176364155057,3.3067769823809394,4.003482667054405,1.1304661555100681,1.596318004120246,1.932646650999963,5.173170837881175e-06,,
