sample_name,porosity,nu,g,all_converged,total_iterations,iterations_x,iterations_y,iterations_z,K_star_xx,K_star_xy,K_star_xz,K_star_yx,K_star_yy,K_star_yz,K_star_zx,K_star_zy,K_star_zz,K_xx,K_xy,K_xz,K_yx,K_yy,K_yz,K_zx,K_zy,K_zz,K_star_eig1,K_star_eig2,K_star_eig3,K_eig1,K_eig2,K_eig3,symmetry_error,error_type,error_message
eps_0.02_coeffs_0.884_-0.215_0.714_20.866_123.396_-3490.968_m_-0.275_rho_0.438_,0.5620403289794922,0.16666666666666666,1e-05,True,37500,12500,10000,15000,1.589646743213617,-0.011960436836182389,-0.0015490852017933327,-0.01196102143246447,1.6139185045195128,-0.008801370299178919,-0.001548626371089053,-0.008801997815935983,1.5936498758550448,0.8934455785169596,-0.006722247854146386,-0.0008706483564331878,-0.006722576420833087,0.907087287226237,-0.004946725058420851,-0.0008703904750732085,-0.004947077748145431,0.8956955005036963,1.5823931130725166,1.5938598209654102,1.6209621895502477,0.8893687458461599,0.8958134981225936,0.9110461222781392,4.966181413928057e-07,,
