sample_name,porosity,nu,g,all_converged,total_iterations,iterations_x,iterations_y,iterations_z,K_star_xx,K_star_xy,K_star_xz,K_star_yx,K_star_yy,K_star_yz,K_star_zx,K_star_zy,K_star_zz,K_xx,K_xy,K_xz,K_yx,K_yy,K_yz,K_zx,K_zy,K_zz,K_star_eig1,K_star_eig2,K_star_eig3,K_eig1,K_eig2,K_eig3,symmetry_error,error_type,error_message
eps_0.02_coeffs_0.592_-0.01_0.444_30.205_26.694_-2909.23_m_-0.216_rho_0.441_,0.5588312149047852,0.16666666666666666,1e-05,True,37500,12500,12500,12500,2.821744220736134,-0.32851489891673186,-0.0007221806141137217,-0.3285104864146417,2.7335331167503303,-0.2170774496471446,-0.0007030248283801834,-0.2170765425479282,2.6383211980421195,1.5768787510245301,-0.18358438007595995,-0.0004035770699658549,-0.18358191423205614,1.527583632616051,-0.12130965491474614,-0.00039287221895192593,-0.121309147999389,1.474376240410926,2.345393156302523,2.6964581490046102,3.1517472302214498,1.310678906965907,1.5068649833481547,1.761294733737444,5.840367341050848e-06,,
