sample_name,porosity,nu,g,all_converged,total_iterations,iterations_x,iterations_y,iterations_z,K_star_xx,K_star_xy,K_star_xz,K_star_yx,K_star_yy,K_star_yz,K_star_zx,K_star_zy,K_star_zz,K_xx,K_xy,K_xz,K_yx,K_yy,K_yz,K_zx,K_zy,K_zz,K_star_eig1,K_star_eig2,K_star_eig3,K_eig1,K_eig2,K_eig3,symmetry_error,error_type,error_message
eps_0.02_coeffs_0.9_0.251_0.816_106.976_104.06_-3972.529_m_-0.214_rho_0.493_,0.507382869720459,0.16666666666666666,1e-05,True,57500,20000,20000,17500,1.5988226585581997,-0.1206604383830286,-0.11729908320497792,-0.12066651034465281,1.794632967037785,-0.06569610376124783,-0.11730512013560938,-0.06570761004156177,1.6416133167474065,0.8112152286733529,-0.06122103948850967,-0.059515545452120594,-0.06122412029782339,0.9105660249105733,-0.033333077655834965,-0.05951860848730869,-0.03333891574536046,0.8329264756226199,1.4481887730760172,1.7342495418607864,1.852630627406587,0.7347861755802604,0.8799285093607171,0.9399930442655686,6.9420049852945595e-06,,
