sample_name,porosity,nu,g,all_converged,total_iterations,iterations_x,iterations_y,iterations_z,K_star_xx,K_star_xy,K_star_xz,K_star_yx,K_star_yy,K_star_yz,K_star_zx,K_star_zy,K_star_zz,K_xx,K_xy,K_xz,K_yx,K_yy,K_yz,K_zx,K_zy,K_zz,K_star_eig1,K_star_eig2,K_star_eig3,K_eig1,K_eig2,K_eig3,symmetry_error,error_type,error_message
eps_0.02_coeffs_0.831_0.572_0.931_-36.336_111.359_-1090.167_m_-0.558_rho_0.354_,0.6456365585327148,0.16666666666666666,1e-05,True,27500,7500,10000,10000,4.2445091686050365,0.0863120877013745,0.10406109470339958,0.08625384655583336,4.242185837200996,0.03681765365818066,0.10405412954338118,0.036714239827049765,4.100347724477515,2.7404102922787104,0.05572623926328929,0.06718564706144983,0.05568863665051711,2.7389102645866745,0.023770823201117182,0.06718115009950591,0.023704055451081146,2.647334393619111,4.045500444097042,4.173216257369934,4.368326028816571,2.611922984269384,2.694380982421102,2.8203509837940124,2.3125010994226654e-05,,
