sample_name,porosity,nu,g,all_converged,total_iterations,iterations_x,iterations_y,iterations_z,K_star_xx,K_star_xy,K_star_xz,K_star_yx,K_star_yy,K_star_yz,K_star_zx,K_star_zy,K_star_zz,K_xx,K_xy,K_xz,K_yx,K_yy,K_yz,K_zx,K_zy,K_zz,K_star_eig1,K_star_eig2,K_star_eig3,K_eig1,K_eig2,K_eig3,symmetry_error,error_type,error_message
eps_0.02_coeffs_0.214_0.254_0.387_-15.287_17.739_-726.591_m_-0.433_rho_0.666_,0.3344902992248535,0.16666666666666666,1e-05,True,52500,17500,17500,17500,0.9583126965363739,-0.006565659258555093,-0.00043268239666201914,-0.006565097461243565,0.9795231875128795,-0.010932535362476903,-0.000433731457072437,-0.010931722466124815,0.9586342340690127,0.32054630061542794,-0.002196149330002523,-0.00014472806432880555,-0.002195961414251686,0.3276410040888654,-0.0036568270246811916,-0.00014507896485939115,-0.003656555118737143,0.3206538518009323,0.9521974371181053,0.9587949009472494,0.9854777800529109,0.31850080566277367,0.3207075933131092,0.3296327575293426,1.2186269931106668e-06,,
