sample_name,porosity,nu,g,all_converged,total_iterations,iterations_x,iterations_y,iterations_z,K_star_xx,K_star_xy,K_star_xz,K_star_yx,K_star_yy,K_star_yz,K_star_zx,K_star_zy,K_star_zz,K_xx,K_xy,K_xz,K_yx,K_yy,K_yz,K_zx,K_zy,K_zz,K_star_eig1,K_star_eig2,K_star_eig3,K_eig1,K_eig2,K_eig3,symmetry_error,error_type,error_message
eps_0.02_coeffs_0.713_0.621_0.32_91.842_92.133_-2152.987_m_-0.57_rho_0.452_,0.5482692718505859,0.16666666666666666,1e-05,True,42500,10000,12500,20000,3.7287795520473845,0.1698615786298473,0.005760468265469492,0.16968422314095508,3.2919276078971103,-0.18658733701080313,0.005542656442343499,-0.18660007422959668,0.8940026026927528,2.0443752498923735,0.09312988403077743,0.003158287741427366,0.09303264546602379,1.80486275256659,-0.10230010339945292,0.003038868211761629,-0.10230708682512625,0.49015415601088425,0.8794466855391038,3.247241717199301,3.7880213598988424,0.48217359391193565,1.7803628518117085,2.076855712746204,7.84878099006546e-05,,
