sample_name,porosity,nu,g,all_converged,total_iterations,iterations_x,iterations_y,iterations_z,K_star_xx,K_star_xy,K_star_xz,K_star_yx,K_star_yy,K_star_yz,K_star_zx,K_star_zy,K_star_zz,K_xx,K_xy,K_xz,K_yx,K_yy,K_yz,K_zx,K_zy,K_zz,K_star_eig1,K_star_eig2,K_star_eig3,K_eig1,K_eig2,K_eig3,symmetry_error,error_type,error_message
eps_0.02_coeffs_0.499_0.3_0.739_42.49_39.008_-2155.835_m_-0.488_rho_0.337_,0.662590503692627,0.16666666666666666,1e-05,True,22500,7500,7500,7500,11.297026763583055,1.4752280938777276,-0.5628881095440986,1.4725564122665142,6.958172326472005,1.844055102840754,-0.5671580978539845,1.843250747932068,7.912099542194737,7.485302653511584,0.9774721257839575,-0.3729643160254149,0.9757018949194773,4.610418906577184,1.2218533994282141,-0.3757935697304238,1.2213204415041201,5.242482020929014,5.156100878808737,9.261607070462002,11.749590682979058,3.4163834783798794,6.136652893820614,7.78516720881729,0.0004558408777110995,,
