sample_name,porosity,nu,g,all_converged,total_iterations,iterations_x,iterations_y,iterations_z,K_star_xx,K_star_xy,K_star_xz,K_star_yx,K_star_yy,K_star_yz,K_star_zx,K_star_zy,K_star_zz,K_xx,K_xy,K_xz,K_yx,K_yy,K_yz,K_zx,K_zy,K_zz,K_star_eig1,K_star_eig2,K_star_eig3,K_eig1,K_eig2,K_eig3,symmetry_error,error_type,error_message
eps_0.02_coeffs_0.517_0.308_0.79_24.188_82.119_-2281.639_m_-0.475_rho_0.637_,0.3634157180786133,0.16666666666666666,1e-05,True,55000,20000,17500,17500,1.0702992942085117,0.06817516365947701,0.09857458926612997,0.06816392813514918,1.0456405789628955,0.03305460358419851,0.09857372841716859,0.03305405076887386,1.0614203921332244,0.38896358656381924,0.024775926056435818,0.035823555142454985,0.02477184289029423,0.3800022218559376,0.012012562497355406,0.03582324229641153,0.012012361595577234,0.38573685399037905,0.9584859719407092,1.0199037235350432,1.1989705698288788,0.3483288677611105,0.37064904405953936,0.4357247505894861,8.657448972662491e-06,,
