sample_name,porosity,nu,g,all_converged,total_iterations,iterations_x,iterations_y,iterations_z,K_star_xx,K_star_xy,K_star_xz,K_star_yx,K_star_yy,K_star_yz,K_star_zx,K_star_zy,K_star_zz,K_xx,K_xy,K_xz,K_yx,K_yy,K_yz,K_zx,K_zy,K_zz,K_star_eig1,K_star_eig2,K_star_eig3,K_eig1,K_eig2,K_eig3,symmetry_error,error_type,error_message
eps_0.02_coeffs_0.931_0.167_0.349_-38.352_86.12_-18.958_m_-0.341_rho_0.391_,0.6091547012329102,0.16666666666666666,1e-05,True,35000,10000,12500,12500,2.2090815688390655,0.009357668884677367,-0.024063285507958304,0.00935775505735151,2.251985363066195,-0.002232635204749398,-0.024061101919730345,-0.002235157988465761,2.263808420356026,1.3456724230652894,0.005700267993682141,-0.014658263494282557,0.005700320486171713,1.3718074710194745,-0.0013600202311111968,-0.01465693335124794,-0.001361556996672213,1.3790095419505213,2.1988050152686953,2.2518285917689855,2.2742417452236063,1.3394124121454265,1.3717119730467608,1.385365050843098,1.2155958469924878e-06,,
