sample_name,porosity,nu,g,all_converged,total_iterations,iterations_x,iterations_y,iterations_z,K_star_xx,K_star_xy,K_star_xz,K_star_yx,K_star_yy,K_star_yz,K_star_zx,K_star_zy,K_star_zz,K_xx,K_xy,K_xz,K_yx,K_yy,K_yz,K_zx,K_zy,K_zz,K_star_eig1,K_star_eig2,K_star_eig3,K_eig1,K_eig2,K_eig3,symmetry_error,error_type,error_message
eps_0.02_coeffs_0.895_-0.133_0.523_119.713_118.709_-3113.935_m_-0.581_rho_0.501_,0.49941110610961914,0.16666666666666666,1e-05,True,40000,12500,15000,12500,3.516233246209901,0.30672460939712387,0.09652170683935436,0.3068471960490506,2.2733895307672434,-0.1743009250083993,0.09656127921799162,-0.1743762558163584,3.408630683406814,1.7560459348291035,0.1531816764500585,0.04820401237623035,0.1532428975854915,1.1353559801784971,-0.08704781775437448,0.048223775261616975,-0.08708543879650146,1.7023080199193839,2.1719741301446156,3.4210532306019297,3.6052260996374126,1.0847080027770009,1.7085119779547957,1.800489954195188,3.8908662036384576e-05,,
