sample_name,porosity,nu,g,all_converged,total_iterations,iterations_x,iterations_y,iterations_z,K_star_xx,K_star_xy,K_star_xz,K_star_yx,K_star_yy,K_star_yz,K_star_zx,K_star_zy,K_star_zz,K_xx,K_xy,K_xz,K_yx,K_yy,K_yz,K_zx,K_zy,K_zz,K_star_eig1,K_star_eig2,K_star_eig3,K_eig1,K_eig2,K_eig3,symmetry_error,error_type,error_message
eps_0.02_coeffs_0.733_-0.427_0.636_3.551_88.856_-1169.86_m_-0.519_rho_0.44_,0.5604596138000488,0.16666666666666666,1e-05,True,30000,10000,10000,10000,3.6044096350330106,-0.002877081626288076,0.15239303746803576,-0.002819745917840078,3.7157947535920473,0.11990303131131866,0.15238162751566361,0.1199206562844011,3.606150452739426,2.020126032027776,-0.0016124880571406317,0.08541014292515169,-0.0015803537081269144,2.0825528925584464,0.06720080662219682,0.08540374810765172,0.06721068470780384,2.02110169004721,3.425140395297239,3.670785873624606,3.83042857244264,1.9196528631592353,2.057327233074321,2.146800518399874,1.3674017114737373e-05,,
