sample_name,porosity,nu,g,all_converged,total_iterations,iterations_x,iterations_y,iterations_z,K_star_xx,K_star_xy,K_star_xz,K_star_yx,K_star_yy,K_star_yz,K_star_zx,K_star_zy,K_star_zz,K_xx,K_xy,K_xz,K_yx,K_yy,K_yz,K_zx,K_zy,K_zz,K_star_eig1,K_star_eig2,K_star_eig3,K_eig1,K_eig2,K_eig3,symmetry_error,error_type,error_message
eps_0.02_coeffs_0.661_1.433_0.932_88.189_89.647_-3974.688_m_-0.313_rho_0.622_,0.377685546875,0.16666666666666666,1e-05,True,140000,47500,50000,42500,0.8486937209437114,0.05799143478357055,-0.03645851250764735,0.05799214008666851,0.7295173226029757,-0.06403878581335543,-0.03645820261707751,-0.06403852273320995,0.838697754691206,0.3205393521240043,0.02190252676029874,-0.013769853234699819,0.021902793143085006,0.2755281489420907,-0.024186523841128134,-0.013769736193510474,-0.02418642447955952,0.31676402014338273,0.6899961277838422,0.8074716046542939,0.9194410657997573,0.26060156486367286,0.30497035458989075,0.34725960175591425,8.195134388826398e-07,,
