sample_name,porosity,nu,g,all_converged,total_iterations,iterations_x,iterations_y,iterations_z,K_star_xx,K_star_xy,K_star_xz,K_star_yx,K_star_yy,K_star_yz,K_star_zx,K_star_zy,K_star_zz,K_xx,K_xy,K_xz,K_yx,K_yy,K_yz,K_zx,K_zy,K_zz,K_star_eig1,K_star_eig2,K_star_eig3,K_eig1,K_eig2,K_eig3,symmetry_error,error_type,error_message
eps_0.02_coeffs_0.262_-0.587_0.452_33.959_62.576_-1704.393_m_-0.346_rho_0.425_,0.5745806694030762,0.16666666666666666,1e-05,True,95000,32500,32500,30000,0.8792331974377583,0.011888337662498442,0.05687365947206087,0.011892900917428275,0.941933532927676,-0.07291721881431751,0.056874720539423065,-0.0729153004721672,0.9011286825282914,0.5051903991451941,0.0068308090122081565,0.032678505330859337,0.006833430970280397,0.5412167998827886,-0.04189682439734113,0.03267911499965459,-0.04189572215502426,0.5177711216254177,0.806276734917711,0.9129406697010161,1.0030780082749993,0.46327102607314496,0.5245580611221023,0.5763492334581534,4.537412355528295e-06,,
