sample_name,porosity,nu,g,all_converged,total_iterations,iterations_x,iterations_y,iterations_z,K_star_xx,K_star_xy,K_star_xz,K_star_yx,K_star_yy,K_star_yz,K_star_zx,K_star_zy,K_star_zz,K_xx,K_xy,K_xz,K_yx,K_yy,K_yz,K_zx,K_zy,K_zz,K_star_eig1,K_star_eig2,K_star_eig3,K_eig1,K_eig2,K_eig3,symmetry_error,error_type,error_message
eps_0.02_coeffs_0.594_0.847_0.555_-23.938_123.376_-182.571_m_-0.516_rho_0.597_,0.40314292907714844,0.16666666666666666,1e-05,True,60000,20000,20000,20000,0.9272616441156732,0.014853018399329726,-0.011766504543070454,0.01485367051953354,0.9166394251792528,-0.03236111922259354,-0.011766713322628384,-0.03236084037430381,0.9283186418957885,0.37381897522968494,0.005987889343142564,-0.004743583106492997,0.005988152240791641,0.36953670277435763,-0.013046156391611174,-0.004743667274495512,-0.013046043975894884,0.3742450964107886,0.8891447343309758,0.9184499092341065,0.9646250676256324,0.35845241257171256,0.3702665866192788,0.38888177522383977,6.528897339151898e-07,,
