sample_name,porosity,nu,g,all_converged,total_iterations,iterations_x,iterations_y,iterations_z,K_star_xx,K_star_xy,K_star_xz,K_star_yx,K_star_yy,K_star_yz,K_star_zx,K_star_zy,K_star_zz,K_xx,K_xy,K_xz,K_yx,K_yy,K_yz,K_zx,K_zy,K_zz,K_star_eig1,K_star_eig2,K_star_eig3,K_eig1,K_eig2,K_eig3,symmetry_error,error_type,error_message
eps_0.02_coeffs_0.137_0.377_0.868_0.436_32.313_-1233.91_m_-0.372_rho_0.331_,0.6690115928649902,0.16666666666666666,1e-05,True,32500,12500,10000,10000,3.874948079727251,0.06480263846346122,0.057146454324583894,0.06478155404490907,3.7950099268427024,-0.02951687922433389,0.05719393518345776,-0.029496758204997784,3.867881552141048,2.5923851870874635,0.043353716380294276,0.03823164043427628,0.04333961065985407,2.5389056360954863,-0.019747134386275154,0.03826340567930208,-0.019733673191079038,2.5876575982109933,3.7358223836669793,3.866356790432126,3.935660384611898,2.4993084835577295,2.586637514951368,2.6330024228848457,1.1824970289708853e-05,,
