sample_name,porosity,nu,g,all_converged,total_iterations,iterations_x,iterations_y,iterations_z,K_star_xx,K_star_xy,K_star_xz,K_star_yx,K_star_yy,K_star_yz,K_star_zx,K_star_zy,K_star_zz,K_xx,K_xy,K_xz,K_yx,K_yy,K_yz,K_zx,K_zy,K_zz,K_star_eig1,K_star_eig2,K_star_eig3,K_eig1,K_eig2,K_eig3,symmetry_error,error_type,error_message
eps_0.02_coeffs_0.546_0.108_0.389_-14.486_23.012_801.333_m_-0.568_rho_0.691_,0.3086280822753906,0.16666666666666666,1e-05,True,30000,10000,10000,10000,24.452648186192754,-1.8369322164221022,-7.103617972918666,-1.8331395651033315,27.037688746267992,5.922083735824491,-7.110308416350913,5.962499372258399,21.7104214492353,7.546773916259479,-0.5669288672242362,-2.192375992198886,-0.5657583485209848,8.344590026919601,1.8277213464617936,-2.194440850924952,1.8401947468283302,6.700445737267998,14.726680024872072,24.100719407595687,34.3733589492283,4.54506701435957,7.438158812223544,10.608583853863967,0.001307976241547772,,
