sample_name,porosity,nu,g,all_converged,total_iterations,iterations_x,iterations_y,iterations_z,K_star_xx,K_star_xy,K_star_xz,K_star_yx,K_star_yy,K_star_yz,K_star_zx,K_star_zy,K_star_zz,K_xx,K_xy,K_xz,K_yx,K_yy,K_yz,K_zx,K_zy,K_zz,K_star_eig1,K_star_eig2,K_star_eig3,K_eig1,K_eig2,K_eig3,symmetry_error,error_type,error_message
eps_0.02_coeffs_0.103_0.909_0.735_69.059_49.715_-3581.949_m_-0.48_rho_0.48_,0.5198855400085449,0.16666666666666666,1e-05,True,92500,32500,30000,30000,1.2251078363642622,0.022872357005722616,-0.10946996478416735,0.022890681234177278,1.174775535697577,0.13768880962373628,-0.10947612576319068,0.13767621176086325,1.2835185237341886,0.6369158490769345,0.011891007673188328,-0.05691185175653324,0.011900534174593719,0.6107488137649625,0.07158242114436987,-0.056915054760439766,0.07157587169762718,0.667282720822519,1.041901688700368,1.2285187120041496,1.4129814950915112,0.5416696220658053,0.6386891140008794,0.7345886475977312,1.522934767204983e-05,,
