sample_name,porosity,nu,g,all_converged,total_iterations,iterations_x,iterations_y,iterations_z,K_star_xx,K_star_xy,K_star_xz,K_star_yx,K_star_yy,K_star_yz,K_star_zx,K_star_zy,K_star_zz,K_xx,K_xy,K_xz,K_yx,K_yy,K_yz,K_zx,K_zy,K_zz,K_star_eig1,K_star_eig2,K_star_eig3,K_eig1,K_eig2,K_eig3,symmetry_error,error_type,error_message
eps_0.02_coeffs_0.256_0.956_0.924_57.407_52.936_-3298.717_m_-0.413_rho_0.436_,0.5640869140625,0.16666666666666666,1e-05,True,47500,17500,17500,12500,2.1687681164299866,-0.0010482956174211837,-0.08120579375516386,-0.0009992373017294893,2.0833141004818865,0.043585572542646826,-0.08118578301132012,0.04356086204887243,2.5149453800386934,1.2233737141141319,-0.0005913298398563586,-0.04580712560334622,-0.0005636566859487268,1.1751702219637203,0.02458605111322888,-0.04579583780460331,0.02457211224705072,1.418647778461768,2.0782995498223102,2.151662133310979,2.537065913817277,1.1723415795567496,1.2137244528845257,1.4311256820983431,2.1077888887050742e-05,,
