sample_name,porosity,nu,g,all_converged,total_iterations,iterations_x,iterations_y,iterations_z,K_star_xx,K_star_xy,K_star_xz,K_star_yx,K_star_yy,K_star_yz,K_star_zx,K_star_zy,K_star_zz,K_xx,K_xy,K_xz,K_yx,K_yy,K_yz,K_zx,K_zy,K_zz,K_star_eig1,K_star_eig2,K_star_eig3,K_eig1,K_eig2,K_eig3,symmetry_error,error_type,error_message
eps_0.02_coeffs_0.618_1.275_0.719_49.867_127.518_617.35_m_-0.235_rho_0.688_,0.31226587295532227,0.16666666666666666,1e-05,True,80000,22500,20000,37500,0.1666416579406701,-9.611278331976973e-14,1.4312310207991592e-14,-8.614206419912156e-14,0.16664146914983868,1.5915512407063038e-13,1.6277866278949736e-13,1.852031506260907e-12,0.16664527365313014,0.05203650278756556,-3.001274218551363e-14,4.469246041105864e-15,-2.6899226875312107e-14,0.05203644383463178,4.969871375322802e-14,5.0830221234462424e-14,5.783262350433224e-13,0.05203763185117325,0.1666414691498387,0.1666416579406701,0.16664527365313017,0.0520364438346318,0.05203650278756556,0.05203763185117326,8.326535033205109e-12,,
