sample_name,porosity,nu,g,all_converged,total_iterations,iterations_x,iterations_y,iterations_z,K_star_xx,K_star_xy,K_star_xz,K_star_yx,K_star_yy,K_star_yz,K_star_zx,K_star_zy,K_star_zz,K_xx,K_xy,K_xz,K_yx,K_yy,K_yz,K_zx,K_zy,K_zz,K_star_eig1,K_star_eig2,K_star_eig3,K_eig1,K_eig2,K_eig3,symmetry_error,error_type,error_message
eps_0.02_coeffs_0.84_0.115_0.804_31.239_107.573_-3121.865_m_-0.355_rho_0.675_,0.32540082931518555,0.16666666666666666,1e-05,True,62500,22500,17500,22500,0.7728114433650735,0.0016940495697200838,-0.015981564196415138,0.0016942871556417782,0.7928265661258799,0.02597092002707613,-0.015981338626006383,0.025971025661497435,0.7856312528928121,0.2514734845752605,0.0005512451348879485,-0.005200414243267362,0.0005513224455439015,0.2579864221204721,0.008450958914888933,-0.005200340842469285,0.008450993288417231,0.25564506122724934,0.7534034134456209,0.7803701470060931,0.8174957019320515,0.24515809554409684,0.2539330930085962,0.2660137793702892,3.5839835041129e-07,,
