sample_name,porosity,nu,g,all_converged,total_iterations,iterations_x,iterations_y,iterations_z,K_star_xx,K_star_xy,K_star_xz,K_star_yx,K_star_yy,K_star_yz,K_star_zx,K_star_zy,K_star_zz,K_xx,K_xy,K_xz,K_yx,K_yy,K_yz,K_zx,K_zy,K_zz,K_star_eig1,K_star_eig2,K_star_eig3,K_eig1,K_eig2,K_eig3,symmetry_error,error_type,error_message
eps_0.02_coeffs_0.205_0.918_0.797_82.169_94.636_-3452.917_m_-0.354_rho_0.377_,0.6234264373779297,0.16666666666666666,1e-05,True,202500,72500,62500,67500,0.6630237637848255,-0.017661929595860357,0.015500947147929971,-0.017661326904274587,0.5533297497207259,-0.025858589852546267,0.015503355820022737,-0.025860770312175603,0.5077275889571492,0.41334654295327977,-0.01101091384516704,0.009663700256417562,-0.011010538111298885,0.34496039456361366,-0.016120928547390004,0.009665201886279166,-0.016122287903568566,0.3165308019420414,0.4957572177178212,0.5601307572909145,0.6681931274539646,0.3090681560462158,0.3492003224836768,0.41656926092904206,4.659222839129335e-06,,
