sample_name,porosity,nu,g,all_converged,total_iterations,iterations_x,iterations_y,iterations_z,K_star_xx,K_star_xy,K_star_xz,K_star_yx,K_star_yy,K_star_yz,K_star_zx,K_star_zy,K_star_zz,K_xx,K_xy,K_xz,K_yx,K_yy,K_yz,K_zx,K_zy,K_zz,K_star_eig1,K_star_eig2,K_star_eig3,K_eig1,K_eig2,K_eig3,symmetry_error,error_type,error_message
eps_0.02_coeffs_0.236_0.94_0.859_17.919_22.436_-1573.863_m_-0.266_rho_0.302_,0.6980671882629395,0.16666666666666666,1e-05,True,30000,10000,10000,10000,5.301964276092642,-0.5391425811866479,0.011426834765114417,-0.5392631374757421,5.104283717455112,0.1963992931637088,0.011345900476105356,0.19647877095199714,5.134657455678757,3.701127294482542,-0.3763577457217869,0.007976698415228627,-0.3764419021115422,3.563132982740194,0.13709990235561895,0.00792020084366601,0.13715538319181875,3.5843358927790083,4.606401956803351,5.160904658324552,5.773598834098604,3.2155780619946186,3.602658203729725,4.030359904277398,2.5980711297978856e-05,,
