sample_name,porosity,nu,g,all_converged,total_iterations,iterations_x,iterations_y,iterations_z,K_star_xx,K_star_xy,K_star_xz,K_star_yx,K_star_yy,K_star_yz,K_star_zx,K_star_zy,K_star_zz,K_xx,K_xy,K_xz,K_yx,K_yy,K_yz,K_zx,K_zy,K_zz,K_star_eig1,K_star_eig2,K_star_eig3,K_eig1,K_eig2,K_eig3,symmetry_error,error_type,error_message
eps_0.02_coeffs_0.62_1.49_0.891_22.625_36.173_-1896.947_m_-0.519_rho_0.398_,0.6021947860717773,0.16666666666666666,1e-05,True,22500,7500,7500,7500,7.137282603313129,-1.698275901867937,-2.2969637326239147,-1.6977405631169105,8.565552899017375,2.5666898640260105,-2.297112862075706,2.5686061665966973,8.060101392704427,4.298034370435968,-1.022692893416217,-1.3832195835820895,-1.0223705152115667,5.15813129561026,1.5456472535797428,-1.383309388560408,1.546801240996346,4.853751033896477,5.185533521925902,6.179152341780585,12.398251031328439,3.1227012499041993,3.721053322563482,7.466162127475021,0.00019076996595403998,,
