sample_name,porosity,nu,g,all_converged,total_iterations,iterations_x,iterations_y,iterations_z,K_star_xx,K_star_xy,K_star_xz,K_star_yx,K_star_yy,K_star_yz,K_star_zx,K_star_zy,K_star_zz,K_xx,K_xy,K_xz,K_yx,K_yy,K_yz,K_zx,K_zy,K_zz,K_star_eig1,K_star_eig2,K_star_eig3,K_eig1,K_eig2,K_eig3,symmetry_error,error_type,error_message
eps_0.02_coeffs_0.384_1.224_0.812_13.023_79.716_-551.309_m_-0.395_rho_0.635_,0.36518144607543945,0.16666666666666666,1e-05,True,297500,87500,97500,112500,0.46107728387181285,-0.012012280563546479,-0.008373113799603035,-0.012012412737161682,0.40472814298203463,-0.042033466408414356,-0.00837494603823906,-0.04203332004987406,0.32768874703807466,0.1683768692768445,-0.004386661986859798,-0.0030577058054932537,-0.004386710254211731,0.14779920852160663,-0.015349842046588163,-0.003058374905047913,-0.015349788599164773,0.11966585050601299,0.30816888892758937,0.4217936737860689,0.46353161117826386,0.1125375604940386,0.15403122373866884,0.1692731440717567,3.731678131897676e-06,,
