sample_name,porosity,nu,g,all_converged,total_iterations,iterations_x,iterations_y,iterations_z,K_star_xx,K_star_xy,K_star_xz,K_star_yx,K_star_yy,K_star_yz,K_star_zx,K_star_zy,K_star_zz,K_xx,K_xy,K_xz,K_yx,K_yy,K_yz,K_zx,K_zy,K_zz,K_star_eig1,K_star_eig2,K_star_eig3,K_eig1,K_eig2,K_eig3,symmetry_error,error_type,error_message
eps_0.02_coeffs_0.615_0.152_0.898_-15.972_127.365_233.941_m_-0.301_rho_0.658_,0.34211158752441406,0.16666666666666666,1e-05,True,67500,20000,22500,25000,0.7298526401969624,-0.03707773646439674,0.017359595670817286,-0.03707811915921798,0.7464252219860326,-0.008364019420823184,0.01735976223035937,-0.008364355371967589,0.7216902156490724,0.24969104539666778,-0.012684723283646625,0.005938918833725247,-0.012684854207979455,0.25536071766190477,-0.0028614279621428495,0.005938975815674608,-0.0028615428949221927,0.2468985853765409,0.6968552173527208,0.7198369470509451,0.7812759134284014,0.23840224468321003,0.24626456071432637,0.2672835430375772,5.963866158124804e-07,,
