sample_name,porosity,nu,g,all_converged,total_iterations,iterations_x,iterations_y,iterations_z,K_star_xx,K_star_xy,K_star_xz,K_star_yx,K_star_yy,K_star_yz,K_star_zx,K_star_zy,K_star_zz,K_xx,K_xy,K_xz,K_yx,K_yy,K_yz,K_zx,K_zy,K_zz,K_star_eig1,K_star_eig2,K_star_eig3,K_eig1,K_eig2,K_eig3,symmetry_error,error_type,error_message
eps_0.02_coeffs_0.744_0.649_0.831_-10.36_136.422_-1377.121_m_-0.646_rho_0.422_,0.5782022476196289,0.16666666666666666,1e-05,True,30000,10000,10000,10000,4.265723259243225,0.08447433991698171,0.18863630774114978,0.08436618962001313,4.0364245991245005,0.17069365150833718,0.18839564083923097,0.1707823892288436,4.278271052265475,2.466450776217761,0.04884325320618336,0.1090699371186008,0.0487807204613954,2.3338697755609457,0.09869545295652221,0.1089307829749837,0.09874676130596767,2.4737059383458924,3.947467320250568,4.104519158181028,4.528432432201606,2.2824344769739113,2.373242202658097,2.6183498104925897,5.410841499830605e-05,,
