sample_name,porosity,nu,g,all_converged,total_iterations,iterations_x,iterations_y,iterations_z,K_star_xx,K_star_xy,K_star_xz,K_star_yx,K_star_yy,K_star_yz,K_star_zx,K_star_zy,K_star_zz,K_xx,K_xy,K_xz,K_yx,K_yy,K_yz,K_zx,K_zy,K_zz,K_star_eig1,K_star_eig2,K_star_eig3,K_eig1,K_eig2,K_eig3,symmetry_error,error_type,error_message
eps_0.02_coeffs_0.571_-0.259_0.833_70.827_87.898_-3803.384_m_-0.247_rho_0.454_,0.5456123352050781,0.16666666666666666,1e-05,True,50000,17500,17500,15000,1.5404236163774523,0.021473245030576574,-0.06943575490885784,0.02147429021741471,1.5478871291637033,-0.03122343369441483,-0.06942535356516272,-0.031219220899416762,1.4817477046831025,0.8404741265367531,0.011716067365563724,-0.037885004382549395,0.011716637632395206,0.8445463111768925,-0.017035890571130596,-0.037879329281126625,-0.01703359201821396,0.808459825336912,1.4338257511164254,1.5286637448261393,1.6075689542816929,0.7823130163438082,0.8340577955579295,0.87710945114882,6.034370555128016e-06,,
