sample_name,porosity,nu,g,all_converged,total_iterations,iterations_x,iterations_y,iterations_z,K_star_xx,K_star_xy,K_star_xz,K_star_yx,K_star_yy,K_star_yz,K_star_zx,K_star_zy,K_star_zz,K_xx,K_xy,K_xz,K_yx,K_yy,K_yz,K_zx,K_zy,K_zz,K_star_eig1,K_star_eig2,K_star_eig3,K_eig1,K_eig2,K_eig3,symmetry_error,error_type,error_message
eps_0.02_coeffs_0.386_0.16_0.714_107.589_72.002_-3364.844_m_-0.284_rho_0.599_,0.4009542465209961,0.16666666666666666,1e-05,True,162500,55000,45000,62500,0.5456697263140854,0.07417328004630604,-0.02657080225792182,0.0741750785145422,0.6323072753336058,0.017760854295153814,-0.02657026420048175,0.017761003076938207,0.5508051015404012,0.21878859396358227,0.029740091612957473,-0.010653675998783425,0.029740812716433997,0.2535262871511299,0.007121289951482594,-0.010653460262367955,0.007121349606170852,0.2208476444680523,0.4871198098943499,0.5667357913082413,0.674926501985501,0.19531275634163994,0.22723512218047634,0.2706146470606481,2.644680327632942e-06,,
