sample_name,porosity,nu,g,all_converged,total_iterations,iterations_x,iterations_y,iterations_z,K_star_xx,K_star_xy,K_star_xz,K_star_yx,K_star_yy,K_star_yz,K_star_zx,K_star_zy,K_star_zz,K_xx,K_xy,K_xz,K_yx,K_yy,K_yz,K_zx,K_zy,K_zz,K_star_eig1,K_star_eig2,K_star_eig3,K_eig1,K_eig2,K_eig3,symmetry_error,error_type,error_message
eps_0.02_coeffs_0.287_1.119_0.349_-10.033_26.921_-2206.57_m_-0.431_rho_0.494_,0.5057864189147949,0.16666666666666666,1e-05,True,45000,15000,15000,15000,1.362043790822045,-0.006558417548416889,0.008346926301148389,-0.006557129197189384,1.349477260890537,0.019414621693321792,0.008346978799490312,0.01941422746197896,1.353464461818594,0.6889032513650142,-0.0033171585255617267,0.004221761962803558,-0.0033165068950080628,0.6825472711927711,0.00981965198085072,0.004221788515751919,0.009819452583991606,0.6845639432716668,1.3286685770823738,1.3648418764725485,1.3714750599762535,0.6720225215271102,0.6903184850859991,0.693673459216343,8.124085702366461e-07,,
