sample_name,porosity,nu,g,all_converged,total_iterations,iterations_x,iterations_y,iterations_z,K_star_xx,K_star_xy,K_star_xz,K_star_yx,K_star_yy,K_star_yz,K_star_zx,K_star_zy,K_star_zz,K_xx,K_xy,K_xz,K_yx,K_yy,K_yz,K_zx,K_zy,K_zz,K_star_eig1,K_star_eig2,K_star_eig3,K_eig1,K_eig2,K_eig3,symmetry_error,error_type,error_message
eps_0.02_coeffs_0.926_1.112_0.881_57.442_107.382_-3835.838_m_-0.336_rho_0.315_,0.6854515075683594,0.16666666666666666,1e-05,True,30000,10000,10000,10000,3.720889394638365,0.04029513409790811,-0.032807582629220726,0.04032879540811663,3.8885674258679996,-0.07596021785195822,-0.03278765063490312,-0.07593719930279319,3.650824717781712,2.5504892450499876,0.027620360415080317,-0.022488006972872867,0.027643433610909474,2.665424404342435,-0.052067045841845766,-0.022474344557319018,-0.05205126774261856,2.5024633066713045,3.624062811462847,3.7139893623175992,3.922229364507631,2.4841193176396352,2.5457596074934483,2.688498030930645,9.868317594222434e-06,,
