sample_name,porosity,nu,g,all_converged,total_iterations,iterations_x,iterations_y,iterations_z,K_star_xx,K_star_xy,K_star_xz,K_star_yx,K_star_yy,K_star_yz,K_star_zx,K_star_zy,K_star_zz,K_xx,K_xy,K_xz,K_yx,K_yy,K_yz,K_zx,K_zy,K_zz,K_star_eig1,K_star_eig2,K_star_eig3,K_eig1,K_eig2,K_eig3,symmetry_error,error_type,error_message
eps_0.02_coeffs_0.856_1.155_0.822_26.667_106.728_-2960.349_m_-0.482_rho_0.405_,0.5953130722045898,0.16666666666666666,1e-05,True,27500,7500,10000,10000,3.4371971432307773,-0.01765110807020825,-0.13014891428123634,-0.01760736215434832,3.1209229673302716,0.11699532897744408,-0.13002486125796597,0.11702328887851174,2.9607229210593258,2.0462083911095537,-0.010507935373090903,-0.07747935000485463,-0.010481892857523925,1.8579262397952487,0.06964884872714891,-0.07740549961845528,0.06966549362175203,1.7625570580823746,2.877898154913903,3.1642446643821525,3.4767002123243174,1.7132503920937157,1.88371621236032,2.069725084533139,3.450324245828356e-05,,
