sample_name,porosity,nu,g,all_converged,total_iterations,iterations_x,iterations_y,iterations_z,K_star_xx,K_star_xy,K_star_xz,K_star_yx,K_star_yy,K_star_yz,K_star_zx,K_star_zy,K_star_zz,K_xx,K_xy,K_xz,K_yx,K_yy,K_yz,K_zx,K_zy,K_zz,K_star_eig1,K_star_eig2,K_star_eig3,K_eig1,K_eig2,K_eig3,symmetry_error,error_type,error_message
eps_0.02_coeffs_0.335_0.052_0.427_88.589_62.347_-2633.278_m_-0.238_rho_0.478_,0.5221672058105469,0.16666666666666666,1e-05,True,195000,72500,67500,55000,0.4333109454162072,-0.027537704505976462,-0.0017683333627033864,-0.027537878047665304,0.4868702707409915,0.08064788924900597,-0.0017695478396503673,0.08064871484749782,0.49556734972341726,0.2262607656151073,-0.014379286216322236,-0.0009233656909443955,-0.014379376834100989,0.254227688865048,0.04211168298367189,-0.0009239998509783219,0.0421121140841295,0.2587690182960149,0.39931159979297093,0.44151919600193873,0.5749177700857063,0.20850742231163497,0.2305468448880515,0.30020320557648367,2.5269014796188985e-06,,
