sample_name,porosity,nu,g,all_converged,total_iterations,iterations_x,iterations_y,iterations_z,K_star_xx,K_star_xy,K_star_xz,K_star_yx,K_star_yy,K_star_yz,K_star_zx,K_star_zy,K_star_zz,K_xx,K_xy,K_xz,K_yx,K_yy,K_yz,K_zx,K_zy,K_zz,K_star_eig1,K_star_eig2,K_star_eig3,K_eig1,K_eig2,K_eig3,symmetry_error,error_type,error_message
eps_0.02_coeffs_0.934_0.076_0.59_5.942_145.695_-714.268_m_-0.582_rho_0.524_,0.47556257247924805,0.16666666666666666,1e-05,True,32500,10000,12500,10000,2.4308433011115986,0.21131168548232065,0.026752284318923927,0.21133730015831825,2.4650083241692897,0.15580615481882476,0.026764766913283465,0.15595043014037047,2.6135100920680943,1.1560180935705793,0.10049192874289818,0.012722385150403711,0.10050411012410883,1.1722656998247076,0.07409557579374029,0.012728321405088549,0.07416418773679984,1.2428875825843793,2.215244712508247,2.516762080651908,2.7773549241888267,1.0534874741514746,1.196877849393046,1.3208060524351455,4.776983032851678e-05,,
