sample_name,porosity,nu,g,all_converged,total_iterations,iterations_x,iterations_y,iterations_z,K_star_xx,K_star_xy,K_star_xz,K_star_yx,K_star_yy,K_star_yz,K_star_zx,K_star_zy,K_star_zz,K_xx,K_xy,K_xz,K_yx,K_yy,K_yz,K_zx,K_zy,K_zz,K_star_eig1,K_star_eig2,K_star_eig3,K_eig1,K_eig2,K_eig3,symmetry_error,error_type,error_message
eps_0.02_coeffs_0.459_0.644_0.919_13.409_129.294_-2869.494_m_-0.356_rho_0.439_,0.5614829063415527,0.16666666666666666,1e-05,True,50000,17500,17500,15000,1.4412078730893634,0.010063090409934375,0.007211419892510872,0.010062541904681829,1.4512724808881676,0.01266773605021267,0.0072127716806781724,0.012668823719100686,1.4492961671567606,0.8092135852245435,0.00565025325014776,0.004049089000096292,0.005649945273824417,0.8148646904626039,0.007112717254241072,0.004049848006045226,0.007113327961729452,0.8137550240848508,1.4349339599862132,1.438312077429622,1.4685304837184563,0.8056908902612524,0.8075876454613405,0.8245547640494052,1.0265451621605106e-06,,
