sample_name,porosity,nu,g,all_converged,total_iterations,iterations_x,iterations_y,iterations_z,K_star_xx,K_star_xy,K_star_xz,K_star_yx,K_star_yy,K_star_yz,K_star_zx,K_star_zy,K_star_zz,K_xx,K_xy,K_xz,K_yx,K_yy,K_yz,K_zx,K_zy,K_zz,K_star_eig1,K_star_eig2,K_star_eig3,K_eig1,K_eig2,K_eig3,symmetry_error,error_type,error_message
eps_0.02_coeffs_0.43_-0.024_0.767_9.294_68.95_190.045_m_-0.286_rho_0.609_,0.3912935256958008,0.16666666666666666,1e-05,True,75000,20000,30000,25000,1.2086537204444765,-0.1759235217140019,-0.36405694422304236,-0.17591747002139202,0.8136424985927239,0.27182283393209883,-0.3640487822844049,0.27182869786338193,1.2065539305401378,0.47293837561806595,-0.06883773506429357,-0.14245312525907375,-0.06883536707615583,0.31837304193028754,0.1063625150539151,-0.14244993154532778,0.1063648095722613,0.47211674142317683,0.674428400506692,0.8673450174936985,1.6870767315769475,0.263899466663643,0.33938648988979553,0.660142202418092,8.240561014525948e-06,,
