sample_name,porosity,nu,g,all_converged,total_iterations,iterations_x,iterations_y,iterations_z,K_star_xx,K_star_xy,K_star_xz,K_star_yx,K_star_yy,K_star_yz,K_star_zx,K_star_zy,K_star_zz,K_xx,K_xy,K_xz,K_yx,K_yy,K_yz,K_zx,K_zy,K_zz,K_star_eig1,K_star_eig2,K_star_eig3,K_eig1,K_eig2,K_eig3,symmetry_error,error_type,error_message
eps_0.02_coeffs_0.754_1.323_0.875_68.973_93.176_-3759.822_m_-0.455_rho_0.385_,0.6145143508911133,0.16666666666666666,1e-05,True,35000,12500,12500,10000,3.1492402987722166,-0.5630967572262457,-0.5807530489169409,-0.5630202181407492,4.00536763623888,0.4607109341966387,-0.5809458727728725,0.4610070493537752,4.379607513234899,1.9352533580001443,-0.3460310382557772,-0.3568810828832289,-0.3459840038893355,2.461355893063608,0.28311348067628583,-0.356999575909893,0.2832954476898626,2.6913316681533868,2.7925128148978997,3.7117341837322813,5.029968449615817,1.7160391998020983,2.2809139225965986,3.090987796818443,7.468267545351826e-05,,
