sample_name,porosity,nu,g,all_converged,total_iterations,iterations_x,iterations_y,iterations_z,K_star_xx,K_star_xy,K_star_xz,K_star_yx,K_star_yy,K_star_yz,K_star_zx,K_star_zy,K_star_zz,K_xx,K_xy,K_xz,K_yx,K_yy,K_yz,K_zx,K_zy,K_zz,K_star_eig1,K_star_eig2,K_star_eig3,K_eig1,K_eig2,K_eig3,symmetry_error,error_type,error_message
eps_0.02_coeffs_0.685_0.795_0.523_78.119_48.777_-3844.613_m_-0.203_rho_0.615_,0.38456010818481445,0.16666666666666666,1e-05,True,75000,25000,25000,25000,1.2501289282494756,0.08197252877924968,-0.14868084241741414,0.0819722530673198,1.2928937964063736,0.1681844076311946,-0.1486786946816768,0.1681878697195832,1.268974766956922,0.4807497158925845,0.031523364535531076,-0.05717672084505013,0.03152325850772149,0.4971953782175105,0.06467701399365113,-0.05717589491156263,0.06467834537473639,0.48799707366475364,1.0015439371581094,1.3482059724012099,1.462247582053452,0.3851538448253674,0.5184662346020222,0.5623220883474588,2.5932980613244554e-06,,
