sample_name,porosity,nu,g,all_converged,total_iterations,iterations_x,iterations_y,iterations_z,K_star_xx,K_star_xy,K_star_xz,K_star_yx,K_star_yy,K_star_yz,K_star_zx,K_star_zy,K_star_zz,K_xx,K_xy,K_xz,K_yx,K_yy,K_yz,K_zx,K_zy,K_zz,K_star_eig1,K_star_eig2,K_star_eig3,K_eig1,K_eig2,K_eig3,symmetry_error,error_type,error_message
eps_0.02_coeffs_0.448_0.244_0.408_111.647_53.654_-3627.456_m_-0.26_rho_0.599_,0.4007883071899414,0.16666666666666666,1e-05,True,207500,67500,67500,72500,0.5072450705263866,-0.06203911018964424,0.030306038075927477,-0.0620388347967146,0.49673390607803375,-0.07443695911867577,0.030305782791059742,-0.0744373233094785,0.5270674667504016,0.2032978931467129,-0.02486454995247776,0.012146305698084883,-0.024864439578211675,0.1990851413408625,-0.029833462837540937,0.012146203382894892,-0.029833608800956254,0.2112424777737842,0.42230473626717613,0.4855841617857936,0.6231575453018525,0.16925480036681612,0.1946164542003748,0.24975425769416862,8.258452728037886e-07,,
