sample_name,porosity,nu,g,all_converged,total_iterations,iterations_x,iterations_y,iterations_z,K_star_xx,K_star_xy,K_star_xz,K_star_yx,K_star_yy,K_star_yz,K_star_zx,K_star_zy,K_star_zz,K_xx,K_xy,K_xz,K_yx,K_yy,K_yz,K_zx,K_zy,K_zz,K_star_eig1,K_star_eig2,K_star_eig3,K_eig1,K_eig2,K_eig3,symmetry_error,error_type,error_message
eps_0.02_coeffs_0.233_1.434_0.534_98.179_93.239_-1346.367_m_-0.278_rho_0.487_,0.5133090019226074,0.16666666666666666,1e-05,True,190000,67500,47500,75000,0.16665751990256886,-1.4975155380670403e-14,-3.7685243665240866e-13,1.5178097551973414e-15,0.16665845424579717,-1.3760171353259175e-12,-4.655785851231278e-13,-4.015700174974508e-12,0.16665834334736834,0.0855468052040847,-7.686882062087889e-15,-1.9344174813015053e-13,7.791054105487445e-16,0.08554728481087469,-7.063219823625522e-13,-2.389856788460925e-13,-2.061295048836605e-12,0.08554722788571287,0.16665751990256886,0.16665834334736826,0.16665845424579737,0.0855468052040847,0.0855472278857128,0.08554728481087476,1.2939973048678445e-11,,
