sample_name,porosity,nu,g,all_converged,total_iterations,iterations_x,iterations_y,iterations_z,K_star_xx,K_star_xy,K_star_xz,K_star_yx,K_star_yy,K_star_yz,K_star_zx,K_star_zy,K_star_zz,K_xx,K_xy,K_xz,K_yx,K_yy,K_yz,K_zx,K_zy,K_zz,K_star_eig1,K_star_eig2,K_star_eig3,K_eig1,K_eig2,K_eig3,symmetry_error,error_type,error_message
eps_0.02_coeffs_0.84_-0.333_0.872_49.907_100.78_-2794.119_m_-0.483_rho_0.507_,0.493192195892334,0.16666666666666666,1e-05,True,35000,12500,10000,12500,2.7695257157986473,-0.015366388378762969,-0.361474821378615,-0.015320787794896065,2.9215822785082515,-0.2426714866119295,-0.3614832950863278,-0.242670458852952,2.8137986144865472,1.365908469355023,-0.007578582827456551,-0.1782765609155083,-0.007556092975365259,1.440901579417613,-0.11968368336259463,-0.17828074008202255,-0.11968317647988767,1.387743517477427,2.368691733265856,2.886863102107614,3.2493517734199764,1.168220277321406,1.4237783525690086,1.6025549363596476,1.3254227210175129e-05,,
