sample_name,porosity,nu,g,all_converged,total_iterations,iterations_x,iterations_y,iterations_z,K_star_xx,K_star_xy,K_star_xz,K_star_yx,K_star_yy,K_star_yz,K_star_zx,K_star_zy,K_star_zz,K_xx,K_xy,K_xz,K_yx,K_yy,K_yz,K_zx,K_zy,K_zz,K_star_eig1,K_star_eig2,K_star_eig3,K_eig1,K_eig2,K_eig3,symmetry_error,error_type,error_message
eps_0.02_coeffs_0.785_1.185_0.276_35.922_49.937_-2298.595_m_-0.429_rho_0.374_,0.6255550384521484,0.16666666666666666,1e-05,True,30000,10000,10000,10000,4.67675174736619,0.1884387143639258,0.19348244274358922,0.18863244458168485,4.787331986929754,0.3519045265807307,0.19331822393337714,0.35198774251766374,4.899891163387686,2.9255656191548094,0.11787878720979902,0.12103391691028156,0.11799997612361862,2.9947396451670425,0.22013564965669408,0.12093118900614477,0.22018770580532207,3.065151605124326,4.483589908704258,4.566291003832241,5.314093985147131,2.8047322577431566,2.8564663444859777,3.3242582672170435,4.543661345808024e-05,,
