sample_name,porosity,nu,g,all_converged,total_iterations,iterations_x,iterations_y,iterations_z,K_star_xx,K_star_xy,K_star_xz,K_star_yx,K_star_yy,K_star_yz,K_star_zx,K_star_zy,K_star_zz,K_xx,K_xy,K_xz,K_yx,K_yy,K_yz,K_zx,K_zy,K_zz,K_star_eig1,K_star_eig2,K_star_eig3,K_eig1,K_eig2,K_eig3,symmetry_error,error_type,error_message
eps_0.02_coeffs_0.483_1.14_0.619_-19.125_93.806_711.031_m_-0.223_rho_0.648_,0.3517313003540039,0.16666666666666666,1e-05,True,80000,25000,27500,27500,0.6364778658837559,0.0001402313325418266,-0.006310380621902095,0.0001404008351002225,0.6213160636267165,0.001899251749385674,-0.0063105872481652395,0.0018993694926094597,0.6254112563752989,0.22386918741383474,4.932374894531141e-05,-0.0022195583818703317,4.938336830058934e-05,0.21853630699025603,0.0006680262875110399,-0.002219631058794555,0.0006680677014882498,0.2199767144609152,0.620027335301048,0.6238162708683381,0.639361579716385,0.2180830209004657,0.21941570813450606,0.22488347983003423,3.7982708167885856e-07,,
