sample_name,porosity,nu,g,all_converged,total_iterations,iterations_x,iterations_y,iterations_z,K_star_xx,K_star_xy,K_star_xz,K_star_yx,K_star_yy,K_star_yz,K_star_zx,K_star_zy,K_star_zz,K_xx,K_xy,K_xz,K_yx,K_yy,K_yz,K_zx,K_zy,K_zz,K_star_eig1,K_star_eig2,K_star_eig3,K_eig1,K_eig2,K_eig3,symmetry_error,error_type,error_message
eps_0.02_coeffs_0.572_1.039_0.751_10.467_85.628_-385.581_m_-0.528_rho_0.439_,0.5607028007507324,0.16666666666666666,1e-05,True,45000,20000,12500,12500,11.445778111132753,-5.727687690392156,2.7354285901108435,-5.743413889848387,24.021145719949082,3.6081283871987333,2.7023454585827142,3.61107123691825,30.74663721021678,6.417679843683563,-3.211530529828376,1.5337624717287772,-3.220348253908649,13.46872368241692,2.0230876921705527,1.5152126672233504,2.0247377562504743,17.239725597435235,8.548501504435682,25.344753007360246,32.32030652950269,4.793168735758937,14.21087399556244,18.122086392214346,0.0012387937109828995,,
