sample_name,porosity,nu,g,all_converged,total_iterations,iterations_x,iterations_y,iterations_z,K_star_xx,K_star_xy,K_star_xz,K_star_yx,K_star_yy,K_star_yz,K_star_zx,K_star_zy,K_star_zz,K_xx,K_xy,K_xz,K_yx,K_yy,K_yz,K_zx,K_zy,K_zz,K_star_eig1,K_star_eig2,K_star_eig3,K_eig1,K_eig2,K_eig3,symmetry_error,error_type,error_message
eps_0.02_coeffs_0.248_0.118_0.817_-24.205_16.763_-2535.218_m_-0.249_rho_0.391_,0.6091299057006836,0.16666666666666666,1e-05,True,32500,10000,10000,12500,2.3023661637512656,-0.03141985852140789,0.009635833754572484,-0.03142340706027741,2.340088568713361,0.015595804628581728,0.00964167216362125,0.015594346937760862,2.393043897882374,1.402440084214253,-0.01913877545827401,0.0058694745062702015,-0.019140936979420972,1.4254179291916171,0.009499871002734273,0.005873030855823518,0.009498983079662017,1.4576746038546866,2.2822250350460966,2.3559647859221737,2.397308809378729,1.3901715203853684,1.4350886078829057,1.4602724889922827,2.4317507964170947e-06,,
