sample_name,porosity,nu,g,all_converged,total_iterations,iterations_x,iterations_y,iterations_z,K_star_xx,K_star_xy,K_star_xz,K_star_yx,K_star_yy,K_star_yz,K_star_zx,K_star_zy,K_star_zz,K_xx,K_xy,K_xz,K_yx,K_yy,K_yz,K_zx,K_zy,K_zz,K_star_eig1,K_star_eig2,K_star_eig3,K_eig1,K_eig2,K_eig3,symmetry_error,error_type,error_message
eps_0.02_coeffs_0.656_0.34_0.532_34.526_76.792_-1340.589_m_-0.222_rho_0.652_,0.34836435317993164,0.16666666666666666,1e-05,True,70000,25000,22500,22500,0.9107856017817597,0.012976093100966436,0.009263104884104882,0.012976074823773527,0.9379527066892279,-0.03613651284516649,0.009263248089172298,-0.03613774411191689,0.9634015188609513,0.31728523705029754,0.0045204082799207455,0.003226935541389063,0.00452040191279826,0.32674928797915903,-0.012588672923484714,0.0032269854289297454,-0.012589101852929812,0.335614746970559,0.8956124512507856,0.9275377207044039,0.9889896553767489,0.3119994522798732,0.323121078123178,0.3445287415969647,1.0789095277436637e-06,,
