sample_name,porosity,nu,g,all_converged,total_iterations,iterations_x,iterations_y,iterations_z,K_star_xx,K_star_xy,K_star_xz,K_star_yx,K_star_yy,K_star_yz,K_star_zx,K_star_zy,K_star_zz,K_xx,K_xy,K_xz,K_yx,K_yy,K_yz,K_zx,K_zy,K_zz,K_star_eig1,K_star_eig2,K_star_eig3,K_eig1,K_eig2,K_eig3,symmetry_error,error_type,error_message
eps_0.02_coeffs_0.518_0.249_0.911_-0.143_139.36_72.653_m_-0.381_rho_0.398_,0.6021966934204102,0.16666666666666666,1e-05,True,32500,12500,10000,10000,2.211921500522784,0.17709317931721627,0.179998784294996,0.17746300582912747,4.165302391477395,0.01832675732339408,0.18007894007310993,0.01854902394837525,2.599705048184641,1.3320118137203325,0.1066449270121354,0.10839467272214025,0.10686763531474754,2.508331327243814,0.011036312661266203,0.108442942266679,0.011170160887887578,1.5655337838851389,2.1287996196321943,2.6660696480246084,4.182059672528014,1.2819560918971342,1.6054983264689364,2.518422506483214,0.00011499474977249552,,
