sample_name,porosity,nu,g,all_converged,total_iterations,iterations_x,iterations_y,iterations_z,K_star_xx,K_star_xy,K_star_xz,K_star_yx,K_star_yy,K_star_yz,K_star_zx,K_star_zy,K_star_zz,K_xx,K_xy,K_xz,K_yx,K_yy,K_yz,K_zx,K_zy,K_zz,K_star_eig1,K_star_eig2,K_star_eig3,K_eig1,K_eig2,K_eig3,symmetry_error,error_type,error_message
eps_0.02_coeffs_0.947_1.5_0.283_102.667_114.997_-1498.822_m_-0.52_rho_0.324_,0.6755514144897461,0.16666666666666666,1e-05,True,22500,7500,7500,7500,10.337623671550578,2.329909086446577,-1.3636559431513366,2.329166548530283,10.146750176591942,-0.27622105357253623,-1.3540766390703791,-0.2757707780267005,9.314158354352635,6.9835962937786755,1.5739733789814971,-0.9212197012732343,1.5734717564418323,6.854651434270767,-0.18660152345277478,-0.914748388851516,-0.18629733917087532,6.292192851064408,7.54639664046522,9.29319338070965,12.958942181320284,5.097978924766946,6.2780299334651515,8.754431720881753,0.000770998860252651,,
