sample_name,porosity,nu,g,all_converged,total_iterations,iterations_x,iterations_y,iterations_z,K_star_xx,K_star_xy,K_star_xz,K_star_yx,K_star_yy,K_star_yz,K_star_zx,K_star_zy,K_star_zz,K_xx,K_xy,K_xz,K_yx,K_yy,K_yz,K_zx,K_zy,K_zz,K_star_eig1,K_star_eig2,K_star_eig3,K_eig1,K_eig2,K_eig3,symmetry_error,error_type,error_message
eps_0.02_coeffs_0.742_0.965_0.311_27.203_76.685_-1637.666_m_-0.329_rho_0.44_,0.5596981048583984,0.16666666666666666,1e-05,True,35000,12500,10000,12500,2.5415457471397964,-0.027091027125962352,-0.024779548746414574,-0.02708428614736596,2.3934073286552247,-0.07859965071151796,-0.024815228859507415,-0.078596752321378,2.319302174795871,1.4224983380850664,-0.015162796541068594,-0.01386906647261454,-0.0151590236281233,1.3395855460025312,-0.04399207554576867,-0.013889036564293735,-0.04399045332230019,1.298109031827211,2.2649078962395253,2.442384475264592,2.546962879086775,1.2676646572040846,1.3669979621411665,1.4255302965695584,1.2285732668126616e-05,,
