sample_name,porosity,nu,g,all_converged,total_iterations,iterations_x,iterations_y,iterations_z,K_star_xx,K_star_xy,K_star_xz,K_star_yx,K_star_yy,K_star_yz,K_star_zx,K_star_zy,K_star_zz,K_xx,K_xy,K_xz,K_yx,K_yy,K_yz,K_zx,K_zy,K_zz,K_star_eig1,K_star_eig2,K_star_eig3,K_eig1,K_eig2,K_eig3,symmetry_error,error_type,error_message
eps_0.02_coeffs_0.808_0.341_0.84_87.624_122.027_-3693.4_m_-0.454_rho_0.333_,0.6674509048461914,0.16666666666666666,1e-05,True,32500,10000,10000,12500,3.6768070215720203,-0.0668719949324045,-0.09685644941838639,-0.06705823356555718,3.9408049974336627,0.15942518048641965,-0.09686271455745846,0.15918009409237185,3.2128271569678732,2.454088173493075,-0.044633773526503315,-0.06464692480449137,-0.04475807867071838,2.6302938613594913,0.10640848097092817,-0.064651106477234,0.10624489783545549,2.1444043930326235,3.1664273829778997,3.6665572972283775,3.99745449576728,2.1134348218983576,2.4472469857054873,2.6681046202813468,6.932313862497272e-05,,
