sample_name,porosity,nu,g,all_converged,total_iterations,iterations_x,iterations_y,iterations_z,K_star_xx,K_star_xy,K_star_xz,K_star_yx,K_star_yy,K_star_yz,K_star_zx,K_star_zy,K_star_zz,K_xx,K_xy,K_xz,K_yx,K_yy,K_yz,K_zx,K_zy,K_zz,K_star_eig1,K_star_eig2,K_star_eig3,K_eig1,K_eig2,K_eig3,symmetry_error,error_type,error_message
eps_0.02_coeffs_0.667_0.662_0.397_3.878_86.539_-1733.534_m_-0.495_rho_0.378_,0.6221628189086914,0.16666666666666666,1e-05,True,35000,12500,10000,12500,2.7670193279070174,0.011615783805837337,0.02087913284814383,0.011607207017078519,2.6043810671815253,0.024304637557771173,0.020854125107189554,0.024305345246176353,2.6782968537394276,1.7215365450254627,0.007226908796473685,0.01299022014917022,0.007221572637402315,1.6203490662700837,0.015121441815496966,0.012974661262563568,0.015121882112910042,1.6663367203968014,2.5969439975181197,2.679396055377664,2.7733571959321877,1.6157219980438782,1.6670206027865948,1.7254797308618735,8.044842770219142e-06,,
