sample_name,porosity,nu,g,all_converged,total_iterations,iterations_x,iterations_y,iterations_z,K_star_xx,K_star_xy,K_star_xz,K_star_yx,K_star_yy,K_star_yz,K_star_zx,K_star_zy,K_star_zz,K_xx,K_xy,K_xz,K_yx,K_yy,K_yz,K_zx,K_zy,K_zz,K_star_eig1,K_star_eig2,K_star_eig3,K_eig1,K_eig2,K_eig3,symmetry_error,error_type,error_message
eps_0.02_coeffs_0.836_0.327_0.935_15.984_45.727_-3242.224_m_-0.34_rho_0.434_,0.5659079551696777,0.16666666666666666,1e-05,True,30000,10000,10000,10000,3.3555865709103476,-0.03861533372006739,0.09626856333463739,-0.038615875814848474,3.4736868445739324,0.10276583057626042,0.0962542715334136,0.10277380815030497,3.4637026986003017,1.8989531347387056,-0.02185272454371804,0.054479145823827256,-0.021853031319467114,1.9657870191126443,0.05815600104272508,0.054471057979821005,0.058160515615339844,1.9601369114805913,3.2616911215399225,3.4515267010388886,3.579758291505769,1.8458169529857509,1.9532464175984612,2.02581369474773,3.894414501397652e-06,,
