sample_name,porosity,nu,g,all_converged,total_iterations,iterations_x,iterations_y,iterations_z,K_star_xx,K_star_xy,K_star_xz,K_star_yx,K_star_yy,K_star_yz,K_star_zx,K_star_zy,K_star_zz,K_xx,K_xy,K_xz,K_yx,K_yy,K_yz,K_zx,K_zy,K_zz,K_star_eig1,K_star_eig2,K_star_eig3,K_eig1,K_eig2,K_eig3,symmetry_error,error_type,error_message
eps_0.02_coeffs_0.556_0.753_0.783_27.193_116.889_-1223.649_m_-0.309_rho_0.627_,0.3725094795227051,0.16666666666666666,1e-05,True,117500,37500,35000,45000,0.44833918845888593,0.05156467106710247,0.0037964552354047593,0.05156473841395449,0.5867133131872777,0.040384272078871415,0.0037964026565989765,0.04038465432316572,0.5059984168569903,0.16701059774245158,0.01920832878096583,0.0014142155637718757,0.019208353868306622,0.21855627092443466,0.015043524173003702,0.0014141959776682997,0.015043666562626824,0.18848920690271023,0.42999900755179943,0.4932117228223373,0.6178401881290172,0.16017870649840052,0.18372604216304556,0.2301513269081504,6.155052417582225e-07,,
