sample_name,porosity,nu,g,all_converged,total_iterations,iterations_x,iterations_y,iterations_z,K_star_xx,K_star_xy,K_star_xz,K_star_yx,K_star_yy,K_star_yz,K_star_zx,K_star_zy,K_star_zz,K_xx,K_xy,K_xz,K_yx,K_yy,K_yz,K_zx,K_zy,K_zz,K_star_eig1,K_star_eig2,K_star_eig3,K_eig1,K_eig2,K_eig3,symmetry_error,error_type,error_message
eps_0.02_coeffs_0.899_1.198_0.706_27.957_3.152_847.837_m_-0.457_rho_0.519_,0.4813718795776367,0.16666666666666666,1e-05,True,45000,15000,15000,15000,37.76645468567107,6.326447624402892,28.142286018456833,6.584171476353764,55.030052142409424,6.384954082728224,28.17149167645091,6.04933769358139,41.92615029835184,18.17970927702513,3.045373984008295,13.546905116316012,3.1694349990338746,26.48991963304698,3.0735373478197903,13.560963898798923,2.9119810557591195,20.18206977257212,11.58624848276892,50.52187950083916,72.61452914282424,5.577294209404016,24.31981209511383,34.954592378126385,0.006723929097844509,,
