sample_name,porosity,nu,g,all_converged,total_iterations,iterations_x,iterations_y,iterations_z,K_star_xx,K_star_xy,K_star_xz,K_star_yx,K_star_yy,K_star_yz,K_star_zx,K_star_zy,K_star_zz,K_xx,K_xy,K_xz,K_yx,K_yy,K_yz,K_zx,K_zy,K_zz,K_star_eig1,K_star_eig2,K_star_eig3,K_eig1,K_eig2,K_eig3,symmetry_error,error_type,error_message
eps_0.02_coeffs_0.952_0.182_0.396_6.97_109.681_622.545_m_-0.249_rho_0.631_,0.3691544532775879,0.16666666666666666,1e-05,True,140000,52500,50000,37500,0.42868851505258293,0.001547175581810349,-0.0750231057839841,0.001547166430187089,0.5587926891158838,-0.08449705408026287,-0.07502437042471602,-0.08449815688264291,0.8040658850511014,0.15825227440061726,0.0005711467560276333,-0.027695113598873295,0.0005711433776651522,0.2062808096460872,-0.031192463802566215,-0.027695580446631278,-0.031192870906975895,0.2968245021951992,0.4126315816412376,0.5359679724372596,0.8429475351410703,0.15232478592583745,0.19785496383937395,0.3111778364766924,2.1956386309218166e-06,,
