sample_name,porosity,nu,g,all_converged,total_iterations,iterations_x,iterations_y,iterations_z,K_star_xx,K_star_xy,K_star_xz,K_star_yx,K_star_yy,K_star_yz,K_star_zx,K_star_zy,K_star_zz,K_xx,K_xy,K_xz,K_yx,K_yy,K_yz,K_zx,K_zy,K_zz,K_star_eig1,K_star_eig2,K_star_eig3,K_eig1,K_eig2,K_eig3,symmetry_error,error_type,error_message
eps_0.02_coeffs_0.098_0.35_0.772_53.107_55.713_-2860.328_m_-0.632_rho_0.407_,0.5927953720092773,0.16666666666666666,1e-05,True,47500,17500,15000,15000,2.5890458735539283,0.10390149290312266,0.22713510028306594,0.10408384685248176,3.4207287334883367,-0.09999112461491191,0.22705776762059146,-0.10021269521515808,2.272759680819549,1.5347744117624853,0.061592324137825886,0.13464463626866457,0.061700422715073575,2.0277921621110426,-0.05927427591372272,0.13459879382424456,-0.05940562194012196,1.347281420479111,2.139506477141717,2.7047991760020804,3.4382286347180147,1.2682895380334827,1.60339243374854,2.0381660225706164,8.630811638270548e-05,,
