sample_name,porosity,nu,g,all_converged,total_iterations,iterations_x,iterations_y,iterations_z,K_star_xx,K_star_xy,K_star_xz,K_star_yx,K_star_yy,K_star_yz,K_star_zx,K_star_zy,K_star_zz,K_xx,K_xy,K_xz,K_yx,K_yy,K_yz,K_zx,K_zy,K_zz,K_star_eig1,K_star_eig2,K_star_eig3,K_eig1,K_eig2,K_eig3,symmetry_error,error_type,error_message
eps_0.02_coeffs_0.944_0.193_0.918_37.72_122.724_-2650.635_m_-0.495_rho_0.411_,0.5886960029602051,0.16666666666666666,1e-05,True,30000,10000,10000,10000,3.2267417565375607,-0.26411615609758815,-0.2885559371166459,-0.26423226493281426,4.922144779321559,0.4678813192742232,-0.2884597046573163,0.4673318051635493,4.159886329677897,1.8995699746584531,-0.15548412541186374,-0.16987172681100574,-0.15555247821906973,2.897646957578042,0.2754398625164828,-0.16981507514684335,0.27511636575595877,2.4489084550501756,3.1344054280231717,3.9635359994200394,5.210831438093805,1.8452119471340118,2.333317800447459,3.067595639705203,0.00011102172311793006,,
