sample_name,porosity,nu,g,all_converged,total_iterations,iterations_x,iterations_y,iterations_z,K_star_xx,K_star_xy,K_star_xz,K_star_yx,K_star_yy,K_star_yz,K_star_zx,K_star_zy,K_star_zz,K_xx,K_xy,K_xz,K_yx,K_yy,K_yz,K_zx,K_zy,K_zz,K_star_eig1,K_star_eig2,K_star_eig3,K_eig1,K_eig2,K_eig3,symmetry_error,error_type,error_message
eps_0.02_coeffs_0.358_0.109_0.929_-0.025_14.101_-1753.451_m_-0.254_rho_0.609_,0.3913154602050781,0.16666666666666666,1e-05,True,42500,12500,15000,15000,2.0225397134911574,-0.09587171437835372,0.10421847219483402,-0.0958707086258679,1.8439838275487408,0.004934562066291543,0.10422112970525621,0.004936661056086663,1.9002831686017874,0.791451058767839,-0.03751608403261529,0.04078229940879161,-0.03751569046611845,0.721579380087957,0.0019309704258813965,0.040783339333705475,0.0019317917930390396,0.7436101826413725,1.7788274309307421,1.8800638047534115,2.1079154739575303,0.6960826747600807,0.7356980329719914,0.8248599137650965,1.496688305777429e-06,,
