sample_name,porosity,nu,g,all_converged,total_iterations,iterations_x,iterations_y,iterations_z,K_star_xx,K_star_xy,K_star_xz,K_star_yx,K_star_yy,K_star_yz,K_star_zx,K_star_zy,K_star_zz,K_xx,K_xy,K_xz,K_yx,K_yy,K_yz,K_zx,K_zy,K_zz,K_star_eig1,K_star_eig2,K_star_eig3,K_eig1,K_eig2,K_eig3,symmetry_error,error_type,error_message
eps_0.02_coeffs_0.258_1.104_0.294_97.914_108.893_-864.005_m_-0.346_rho_0.457_,0.5429291725158691,0.16666666666666666,1e-05,True,222500,82500,75000,65000,0.16664856992888732,-3.7427231777981625e-13,-1.4137530214087935e-13,-2.734837591344645e-13,0.16664877223885657,6.202677439234467e-13,8.536433561783231e-14,3.8029296716860574e-13,0.16664959318637407,0.09047837017244374,-2.0320335978779206e-13,-7.675677580552861e-14,-1.4848231104340407e-13,0.09047848001242795,3.367614529466419e-13,4.634678809935663e-14,2.064721459784557e-13,0.0904789257287843,0.16664856992888732,0.16664877223885646,0.16664959318637407,0.09047837017244374,0.09047848001242796,0.09047892572878431,1.6912649928707957e-12,,
