sample_name,porosity,nu,g,all_converged,total_iterations,iterations_x,iterations_y,iterations_z,K_star_xx,K_star_xy,K_star_xz,K_star_yx,K_star_yy,K_star_yz,K_star_zx,K_star_zy,K_star_zz,K_xx,K_xy,K_xz,K_yx,K_yy,K_yz,K_zx,K_zy,K_zz,K_star_eig1,K_star_eig2,K_star_eig3,K_eig1,K_eig2,K_eig3,symmetry_error,error_type,error_message
eps_0.02_coeffs_0.681_-0.383_0.519_73.388_95.009_-1075.701_m_-0.433_rho_0.336_,0.6640477180480957,0.16666666666666666,1e-05,True,25000,7500,10000,7500,7.976885742616023,2.2729488038529944,-0.2545949367054322,2.277854369065149,7.782424302879327,-0.8874449613137827,-0.25432243599439797,-0.8901229069229355,10.519268218146994,5.29703277451456,1.5093464664387295,-0.16906318674584161,1.512603995823597,5.167901099209059,-0.5893058014536979,-0.16888223327051285,-0.5910840851245128,6.985296055796369,5.554585992922476,9.541105433130786,11.18288683758908,3.688510153302088,6.335749290526786,7.4259704856911135,0.0005035972173822015,,
