sample_name,porosity,nu,g,all_converged,total_iterations,iterations_x,iterations_y,iterations_z,K_star_xx,K_star_xy,K_star_xz,K_star_yx,K_star_yy,K_star_yz,K_star_zx,K_star_zy,K_star_zz,K_xx,K_xy,K_xz,K_yx,K_yy,K_yz,K_zx,K_zy,K_zz,K_star_eig1,K_star_eig2,K_star_eig3,K_eig1,K_eig2,K_eig3,symmetry_error,error_type,error_message
eps_0.02_coeffs_0.69_0.806_0.932_109.728_110.595_-3725.353_m_-0.344_rho_0.671_,0.3290987014770508,0.16666666666666666,1e-05,True,190000,60000,60000,70000,0.49294199316956094,0.03211967495666956,0.02268395096150259,0.03211939520708579,0.6167631633375431,-0.023957361445677495,0.022683781436892578,-0.023957708965957246,0.44244820295900206,0.16222656985561174,0.0105705433201049,0.0074652588057996004,0.010570451254880141,0.2029759561732636,-0.007884336542588823,0.007465203015470576,-0.007884450911061627,0.1456091290646622,0.4274903952898661,0.4982691935045869,0.6263937706716527,0.14068653398380607,0.1639797445683769,0.20614537654135456,7.438056110512136e-07,,
