sample_name,porosity,nu,g,all_converged,total_iterations,iterations_x,iterations_y,iterations_z,K_star_xx,K_star_xy,K_star_xz,K_star_yx,K_star_yy,K_star_yz,K_star_zx,K_star_zy,K_star_zz,K_xx,K_xy,K_xz,K_yx,K_yy,K_yz,K_zx,K_zy,K_zz,K_star_eig1,K_star_eig2,K_star_eig3,K_eig1,K_eig2,K_eig3,symmetry_error,error_type,error_message
eps_0.02_coeffs_0.252_0.958_0.439_54.413_98.901_-1290.792_m_-0.285_rho_0.438_,0.5617599487304688,0.16666666666666666,1e-05,True,317500,120000,100000,97500,0.1666567015084666,1.8722176889555325e-09,2.0802534609857106e-08,1.8842125175934794e-09,0.1666572158915793,3.3029030064749336e-08,2.0811233991035386e-08,3.302330919155352e-08,0.16665830824750674,0.09362106009498523,1.0517369129599366e-09,1.168603077589713e-08,1.0584751272806204e-09,0.09362134905481626,1.8554386235790698e-08,1.1690917739821827e-08,1.8551172478357523e-08,0.09362196269662605,0.16665670123482798,0.16665721489721927,0.16665830951550545,0.09362105994126602,0.09362134849622464,0.09362196340893694,7.781694942984053e-11,,
