sample_name,porosity,nu,g,all_converged,total_iterations,iterations_x,iterations_y,iterations_z,K_star_xx,K_star_xy,K_star_xz,K_star_yx,K_star_yy,K_star_yz,K_star_zx,K_star_zy,K_star_zz,K_xx,K_xy,K_xz,K_yx,K_yy,K_yz,K_zx,K_zy,K_zz,K_star_eig1,K_star_eig2,K_star_eig3,K_eig1,K_eig2,K_eig3,symmetry_error,error_type,error_message
eps_0.02_coeffs_0.65_0.146_0.405_118.482_139.064_-2405.572_m_-0.338_rho_0.521_,0.4787721633911133,0.16666666666666666,1e-05,True,180000,62500,65000,52500,0.43856052555903,0.021276211808287815,-0.002759705141561338,0.021275934629345575,0.4590586169894688,-0.002373692666604034,-0.002760059655223912,-0.0023736301609755743,0.5095365165132855,0.20997057159984042,0.010186457956221508,-0.0013212700009469004,0.010186325250659685,0.21978448717938046,-0.001136457973215634,-0.0013214397322200825,-0.0011364280472606722,0.2439519003378374,0.4251799972580604,0.47210245688938346,0.5098732049143406,0.20356434711786917,0.22602951462718993,0.24411309737199924,7.88720006800592e-07,,
