sample_name,porosity,nu,g,all_converged,total_iterations,iterations_x,iterations_y,iterations_z,K_star_xx,K_star_xy,K_star_xz,K_star_yx,K_star_yy,K_star_yz,K_star_zx,K_star_zy,K_star_zz,K_xx,K_xy,K_xz,K_yx,K_yy,K_yz,K_zx,K_zy,K_zz,K_star_eig1,K_star_eig2,K_star_eig3,K_eig1,K_eig2,K_eig3,symmetry_error,error_type,error_message
eps_0.02_coeffs_0.889_-0.253_0.439_32.88_112.044_-1150.24_m_-0.415_rho_0.421_,0.5787172317504883,0.16666666666666666,1e-05,True,32500,10000,10000,12500,2.670805460329666,0.09113353563808062,0.04639898635247604,0.09114971669077904,2.6391665514764058,-0.02158319248973751,0.04642909022122895,-0.021595114248654353,2.573260006614374,1.5456411425460728,0.05274054746410448,0.02685189293793362,0.05274991171812892,1.5273311607989082,-0.01249056540999882,0.026869314565523283,-0.012497464737316773,1.4891899076021136,2.5202175111502476,2.612692613630355,2.7503218936398435,1.4584933014619763,1.5120102367751067,1.5916586727100106,1.1239808328237783e-05,,
