sample_name,porosity,nu,g,all_converged,total_iterations,iterations_x,iterations_y,iterations_z,K_star_xx,K_star_xy,K_star_xz,K_star_yx,K_star_yy,K_star_yz,K_star_zx,K_star_zy,K_star_zz,K_xx,K_xy,K_xz,K_yx,K_yy,K_yz,K_zx,K_zy,K_zz,K_star_eig1,K_star_eig2,K_star_eig3,K_eig1,K_eig2,K_eig3,symmetry_error,error_type,error_message
eps_0.02_coeffs_0.904_-0.386_0.573_91.088_102.689_-3384.955_m_-0.362_rho_0.415_,0.5849442481994629,0.16666666666666666,1e-05,True,37500,12500,12500,12500,2.50186302380259,-0.07827890099910918,-0.08065915129454011,-0.0782708601256957,2.615982040036401,0.15021651570871586,-0.08066732077827318,0.15020711328351594,2.6176840277984943,1.4634503855562409,-0.04578879289480411,-0.0471811066143915,-0.04578408943215039,1.53020364771239,0.08786828684837761,-0.047185885306911916,0.08786278695383778,1.5311992156643321,2.460370674102284,2.466889847410659,2.8082685701245422,1.4391796742547658,1.4429930271845155,1.6426805474936816,4.685333751732566e-06,,
