sample_name,porosity,nu,g,all_converged,total_iterations,iterations_x,iterations_y,iterations_z,K_star_xx,K_star_xy,K_star_xz,K_star_yx,K_star_yy,K_star_yz,K_star_zx,K_star_zy,K_star_zz,K_xx,K_xy,K_xz,K_yx,K_yy,K_yz,K_zx,K_zy,K_zz,K_star_eig1,K_star_eig2,K_star_eig3,K_eig1,K_eig2,K_eig3,symmetry_error,error_type,error_message
eps_0.02_coeffs_0.793_0.653_0.546_2.147_46.117_-1955.1_m_-0.264_rho_0.443_,0.5571599006652832,0.16666666666666666,1e-05,True,35000,10000,15000,10000,2.5794974759523854,-0.026333695622534792,0.04510439629123118,-0.026329355476693465,2.641169349778847,0.011478572136717201,0.04510148595209823,0.011477474013500315,2.5611415829335478,1.4371925574679798,-0.014672079237201287,0.025130360957189932,-0.014669661081975462,1.4715536525629729,0.0063954001114726435,0.025128739432927715,0.006394788281250205,1.4269653899369816,2.51887871436049,2.6116818741286627,2.651247820175628,1.403418214280987,1.4551244135588464,1.4771689721281018,1.680412197843505e-06,,
