sample_name,porosity,nu,g,all_converged,total_iterations,iterations_x,iterations_y,iterations_z,K_star_xx,K_star_xy,K_star_xz,K_star_yx,K_star_yy,K_star_yz,K_star_zx,K_star_zy,K_star_zz,K_xx,K_xy,K_xz,K_yx,K_yy,K_yz,K_zx,K_zy,K_zz,K_star_eig1,K_star_eig2,K_star_eig3,K_eig1,K_eig2,K_eig3,symmetry_error,error_type,error_message
eps_0.02_coeffs_0.954_-0.578_0.484_20.605_34.868_-3028.471_m_-0.253_rho_0.36_,0.6400628089904785,0.16666666666666666,1e-05,True,27500,7500,10000,10000,4.2687860597841745,-0.054811991839172035,-0.05929310151620797,-0.05477016583914981,4.389473296514465,-0.07440110482807677,-0.05932025783338423,-0.07439663517653952,4.338279648027951,2.7322911964048555,-0.03508311746294364,-0.037951309110221675,-0.03505634619588058,2.8095386081557443,-0.04762138014825387,-0.037968690858875345,-0.04761851929053573,2.776771457702995,4.196243627367604,4.356975618857929,4.44331975810106,2.6858594833413028,2.7887380533092347,2.844003725613057,9.433904902402988e-06,,
