sample_name,porosity,nu,g,all_converged,total_iterations,iterations_x,iterations_y,iterations_z,K_star_xx,K_star_xy,K_star_xz,K_star_yx,K_star_yy,K_star_yz,K_star_zx,K_star_zy,K_star_zz,K_xx,K_xy,K_xz,K_yx,K_yy,K_yz,K_zx,K_zy,K_zz,K_star_eig1,K_star_eig2,K_star_eig3,K_eig1,K_eig2,K_eig3,symmetry_error,error_type,error_message
eps_0.02_coeffs_0.665_0.689_0.36_9.308_73.086_592.576_m_-0.437_rho_0.41_,0.5896401405334473,0.16666666666666666,1e-05,True,62500,20000,20000,22500,35.08881059991881,-30.396757136562186,15.74002273467923,-30.388073935246023,45.41664901413479,-15.089857723990987,15.796579344229237,-15.190075156003937,91.01915761195639,20.68977121328764,-17.923148149763595,9.280949217275916,-17.91802818571925,26.779479307252686,-8.89758582900377,9.314297264479077,-8.956678049699788,53.66854888554995,9.359396468647404,57.10953532649036,105.05568543087223,5.5186758490815135,33.67407443571165,61.94504912129714,0.0013608978575203458,,
