sample_name,porosity,nu,g,all_converged,total_iterations,iterations_x,iterations_y,iterations_z,K_star_xx,K_star_xy,K_star_xz,K_star_yx,K_star_yy,K_star_yz,K_star_zx,K_star_zy,K_star_zz,K_xx,K_xy,K_xz,K_yx,K_yy,K_yz,K_zx,K_zy,K_zz,K_star_eig1,K_star_eig2,K_star_eig3,K_eig1,K_eig2,K_eig3,symmetry_error,error_type,error_message
eps_0.02_coeffs_0.726_1.457_0.853_-19.31_83.535_-2930.02_m_-0.329_rho_0.448_,0.5515379905700684,0.16666666666666666,1e-05,True,40000,15000,10000,15000,1.612592469843194,-0.00174378018353684,-0.013851667200640098,-0.0017418261389287079,1.6377184444402888,-0.002755449756445654,-0.013850496786494845,-0.0027546468317860857,1.6521198142975766,0.8894060104257387,-0.0009617610184238137,-0.007639720693886363,-0.0009606832885871603,0.9032639399661351,-0.0015197352217868204,-0.007639075166020556,-0.0015192923783335028,0.9112068425586799,1.60801301185491,1.6376935545665097,1.6567241621596387,0.8868802653689806,0.9032502122551652,0.9137463153264073,1.2066235744175137e-06,,
