sample_name,porosity,nu,g,all_converged,total_iterations,iterations_x,iterations_y,iterations_z,K_star_xx,K_star_xy,K_star_xz,K_star_yx,K_star_yy,K_star_yz,K_star_zx,K_star_zy,K_star_zz,K_xx,K_xy,K_xz,K_yx,K_yy,K_yz,K_zx,K_zy,K_zz,K_star_eig1,K_star_eig2,K_star_eig3,K_eig1,K_eig2,K_eig3,symmetry_error,error_type,error_message
eps_0.02_coeffs_0.408_-0.503_0.417_101.049_76.225_-1744.481_m_-0.202_rho_0.339_,0.6608247756958008,0.16666666666666666,1e-05,True,90000,27500,32500,30000,0.6836271561341292,-0.055587189071578294,0.24553747123701844,-0.05561469203640833,0.7386122791733502,-0.0456843667951406,0.24551433493110245,-0.04566103668422182,1.0745386562221726,0.4517577621118941,-0.03673339174978579,0.16225724435511685,-0.03675156639035057,0.4880932937108933,-0.03018936144020348,0.16224195531094948,-0.030173944324888614,0.7100817664744844,0.5599388916616824,0.7347175122308404,1.20212168763713,0.37002149248568644,0.4855195352197217,0.7943917945918635,3.996993695782249e-05,,
