sample_name,porosity,nu,g,all_converged,total_iterations,iterations_x,iterations_y,iterations_z,K_star_xx,K_star_xy,K_star_xz,K_star_yx,K_star_yy,K_star_yz,K_star_zx,K_star_zy,K_star_zz,K_xx,K_xy,K_xz,K_yx,K_yy,K_yz,K_zx,K_zy,K_zz,K_star_eig1,K_star_eig2,K_star_eig3,K_eig1,K_eig2,K_eig3,symmetry_error,error_type,error_message
eps_0.02_coeffs_0.663_-0.128_0.767_99.143_99.202_-3332.851_m_-0.513_rho_0.327_,0.6725716590881348,0.16666666666666666,1e-05,True,27500,10000,10000,7500,3.4013116508611296,0.24139266103509702,0.20464994181319202,0.24177906330212656,4.689084729400272,-0.0981747468310902,0.20410311693084993,-0.09868164220215443,4.502576909675856,2.2876258200954727,0.16235386252407494,0.1376417508975888,0.16261374573788642,3.1537454960575784,-0.06602955235674395,0.1372739719792413,-0.06637047581744471,3.028305622312617,3.317073000213909,4.525688128285668,4.750212161437682,2.2309692910703256,3.0438495729565678,3.1948580744387773,0.00016154623926200283,,
