sample_name,porosity,nu,g,all_converged,total_iterations,iterations_x,iterations_y,iterations_z,K_star_xx,K_star_xy,K_star_xz,K_star_yx,K_star_yy,K_star_yz,K_star_zx,K_star_zy,K_star_zz,K_xx,K_xy,K_xz,K_yx,K_yy,K_yz,K_zx,K_zy,K_zz,K_star_eig1,K_star_eig2,K_star_eig3,K_eig1,K_eig2,K_eig3,symmetry_error,error_type,error_message
eps_0.02_coeffs_0.979_0.415_0.949_-31.5_9.223_-1537.027_m_-0.203_rho_0.488_,0.5122227668762207,0.16666666666666666,1e-05,True,32500,10000,10000,12500,3.2429291790418313,0.021553351171980383,-0.0331761829573121,0.021548445415742388,3.2654401950406267,0.044456805032875135,-0.03316203055714684,0.0444452230099571,3.2751846028843365,1.6611021568724378,0.011040117172766626,-0.016993596228786125,0.01103760433273278,1.6726328117725355,0.022771787680415996,-0.016986347047215532,0.022765855104590893,1.677624119319811,3.194767339191804,3.2719283767716494,3.316858261003339,1.6364325660066077,1.675956206170796,1.6989703157873801,4.73992780226416e-06,,
