sample_name,porosity,nu,g,all_converged,total_iterations,iterations_x,iterations_y,iterations_z,K_star_xx,K_star_xy,K_star_xz,K_star_yx,K_star_yy,K_star_yz,K_star_zx,K_star_zy,K_star_zz,K_xx,K_xy,K_xz,K_yx,K_yy,K_yz,K_zx,K_zy,K_zz,K_star_eig1,K_star_eig2,K_star_eig3,K_eig1,K_eig2,K_eig3,symmetry_error,error_type,error_message
eps_0.02_coeffs_0.848_0.726_0.708_-29.577_51.383_-528.74_m_-0.282_rho_0.656_,0.3436298370361328,0.16666666666666666,1e-05,True,57500,17500,20000,20000,1.0810764600464406,0.007500601854047078,-0.003948413184383031,0.007500810934782137,1.029928632634786,-0.013740591179148727,-0.003946907939793343,-0.013741279174425563,1.0257503357639257,0.37149012778935775,0.002577430592779113,-0.0013567925791008592,0.0025775024391580287,0.3539142081911386,-0.004721677107671001,-0.0013562753321478052,-0.004721913523375862,0.3524784207183163,1.013884789611876,1.0400795603407094,1.0827910784925676,0.3484010650277426,0.3574023698244904,0.37207932184657955,1.3021975914207482e-06,,
