sample_name,porosity,nu,g,all_converged,total_iterations,iterations_x,iterations_y,iterations_z,K_star_xx,K_star_xy,K_star_xz,K_star_yx,K_star_yy,K_star_yz,K_star_zx,K_star_zy,K_star_zz,K_xx,K_xy,K_xz,K_yx,K_yy,K_yz,K_zx,K_zy,K_zz,K_star_eig1,K_star_eig2,K_star_eig3,K_eig1,K_eig2,K_eig3,symmetry_error,error_type,error_message
eps_0.02_coeffs_0.748_-0.588_0.541_-6.639_82.176_-19.51_m_-0.404_rho_0.65_,0.3499794006347656,0.16666666666666666,1e-05,True,50000,15000,20000,15000,1.2839803050715157,0.024787487178634778,0.043740734185772685,0.0247954143837497,1.4100521421289676,-0.07670506615751133,0.04373499677409609,-0.07671145380075291,1.3849780223710564,0.4493666575957726,0.008675109906020537,0.015308355933661328,0.008677884264515366,0.4934892035660634,-0.02684519307945586,0.015306347957761557,-0.026847428623009015,0.4847137781617453,1.2490912799781686,1.3541703129453246,1.4757488766480478,0.4371562175048716,0.4739317144819976,0.5164817073367123,7.001291490122393e-06,,
