sample_name,porosity,nu,g,all_converged,total_iterations,iterations_x,iterations_y,iterations_z,K_star_xx,K_star_xy,K_star_xz,K_star_yx,K_star_yy,K_star_yz,K_star_zx,K_star_zy,K_star_zz,K_xx,K_xy,K_xz,K_yx,K_yy,K_yz,K_zx,K_zy,K_zz,K_star_eig1,K_star_eig2,K_star_eig3,K_eig1,K_eig2,K_eig3,symmetry_error,error_type,error_message
eps_0.02_coeffs_0.356_-0.242_0.605_35.967_66.671_-1306.468_m_-0.445_rho_0.554_,0.44568395614624023,0.16666666666666666,1e-05,True,62500,22500,22500,17500,1.2678148962317164,-0.25968899371763043,0.04871016729954564,-0.2596910928174713,1.2095906877692992,0.012176178035964895,0.04871606823435568,0.012178105245555546,1.3383025752238151,0.5650447586136864,-0.11573921808770966,0.021709340066606724,-0.11574015362283109,0.5390951630426729,0.005426727197809792,0.021711970018577824,0.0054275861242044764,0.5964599862464512,0.9726440658804627,1.3381747492949225,1.5048893440494453,0.433491855203769,0.5964030162807642,0.6707050364182772,4.143864817353282e-06,,
