sample_name,porosity,nu,g,all_converged,total_iterations,iterations_x,iterations_y,iterations_z,K_star_xx,K_star_xy,K_star_xz,K_star_yx,K_star_yy,K_star_yz,K_star_zx,K_star_zy,K_star_zz,K_xx,K_xy,K_xz,K_yx,K_yy,K_yz,K_zx,K_zy,K_zz,K_star_eig1,K_star_eig2,K_star_eig3,K_eig1,K_eig2,K_eig3,symmetry_error,error_type,error_message
eps_0.02_coeffs_0.336_0.193_0.685_66.652_104.839_-3369.963_m_-0.524_rho_0.429_,0.5708250999450684,0.16666666666666666,1e-05,True,80000,27500,25000,27500,1.0387415784935872,0.049468737719622,-0.04817147339760031,0.049453879268109936,1.0117318435294183,0.13772915131456057,-0.0481764326197251,0.13771796356633412,1.1108086756449096,0.5929397653606999,0.0282379971529596,-0.0274974861166864,0.028229515575890197,0.5775219307002885,0.07861925656448347,-0.027500316965151435,0.07861287031698395,0.6340774732948545,0.884681318247587,1.0681915480678896,1.2084092313524386,0.5049983019082135,0.6097505471863304,0.689790320261299,1.4798459351106514e-05,,
