sample_name,porosity,nu,g,all_converged,total_iterations,iterations_x,iterations_y,iterations_z,K_star_xx,K_star_xy,K_star_xz,K_star_yx,K_star_yy,K_star_yz,K_star_zx,K_star_zy,K_star_zz,K_xx,K_xy,K_xz,K_yx,K_yy,K_yz,K_zx,K_zy,K_zz,K_star_eig1,K_star_eig2,K_star_eig3,K_eig1,K_eig2,K_eig3,symmetry_error,error_type,error_message
eps_0.02_coeffs_0.205_0.719_0.505_107.219_116.516_-744.448_m_-0.391_rho_0.435_,0.5649728775024414,0.16666666666666666,1e-05,True,35000,10000,12500,12500,5.903791711311511,1.3829663719531478,-0.33677776700430706,1.3839966642094983,2.882150673678752,-0.3637975189389906,-0.33762024588613865,-0.36346813791676846,3.4299801243944574,3.3354821913147275,0.7813384906514815,-0.19027030410327012,0.7819205778322205,1.6283369595038846,-0.20553573110321044,-0.19074628182137357,-0.2053496397592909,1.9378457406553184,2.300738951462655,3.4083069306893026,6.5068766272327645,1.2998551057898053,1.9256009740430493,3.676208811641076,0.00025190478361209075,,
