sample_name,porosity,nu,g,all_converged,total_iterations,iterations_x,iterations_y,iterations_z,K_star_xx,K_star_xy,K_star_xz,K_star_yx,K_star_yy,K_star_yz,K_star_zx,K_star_zy,K_star_zz,K_xx,K_xy,K_xz,K_yx,K_yy,K_yz,K_zx,K_zy,K_zz,K_star_eig1,K_star_eig2,K_star_eig3,K_eig1,K_eig2,K_eig3,symmetry_error,error_type,error_message
eps_0.02_coeffs_0.97_0.851_0.833_86.483_84.699_-3216.458_m_-0.321_rho_0.362_,0.6378507614135742,0.16666666666666666,1e-05,True,37500,12500,12500,12500,4.728559238395978,-0.8729093660075395,0.28116949141931014,-0.8727959606889701,3.965153008982483,-0.06578839385985402,0.28108984710803137,-0.0656778030906274,4.189696604827615,3.016115110600065,-0.5567859037529495,0.17934417418807438,-0.5567135680841516,2.5291758659008017,-0.041963177115684,0.17929337300348297,-0.04189263670932748,2.672401169481161,3.3815361808389515,4.139427892434712,5.362444778932414,2.1569154276956755,2.640337233006067,3.4204394852802853,3.311632496757925e-05,,
