sample_name,porosity,nu,g,all_converged,total_iterations,iterations_x,iterations_y,iterations_z,K_star_xx,K_star_xy,K_star_xz,K_star_yx,K_star_yy,K_star_yz,K_star_zx,K_star_zy,K_star_zz,K_xx,K_xy,K_xz,K_yx,K_yy,K_yz,K_zx,K_zy,K_zz,K_star_eig1,K_star_eig2,K_star_eig3,K_eig1,K_eig2,K_eig3,symmetry_error,error_type,error_message
eps_0.02_coeffs_0.154_-0.03_0.857_11.805_31.341_-1471.708_m_-0.345_rho_0.395_,0.6047792434692383,0.16666666666666666,1e-05,True,30000,10000,10000,10000,3.1224607199105288,0.01601908563338247,0.10322335403538158,0.0159440889217591,3.5618680175469373,-0.1336279720485821,0.10323994855915279,-0.13362802616105013,3.351535335543965,1.8883994319499027,0.009688010490425994,0.06242734196187542,0.009642654035907732,2.154143844989312,-0.08081542384187,0.0624373779854075,-0.08081545656796747,2.026939004690699,3.0739017076380932,3.3332306644574037,3.628731700905934,1.8590319492441658,2.0158687195590166,2.194581612826733,1.8704585088237204e-05,,
