sample_name,porosity,nu,g,all_converged,total_iterations,iterations_x,iterations_y,iterations_z,K_star_xx,K_star_xy,K_star_xz,K_star_yx,K_star_yy,K_star_yz,K_star_zx,K_star_zy,K_star_zz,K_xx,K_xy,K_xz,K_yx,K_yy,K_yz,K_zx,K_zy,K_zz,K_star_eig1,K_star_eig2,K_star_eig3,K_eig1,K_eig2,K_eig3,symmetry_error,error_type,error_message
eps_0.02_coeffs_0.879_1.16_0.829_34.688_15.399_-2612.075_m_-0.314_rho_0.346_,0.6541948318481445,0.16666666666666666,1e-05,True,25000,7500,10000,7500,7.673713217393758,-0.7454254434999851,-0.3768329781075031,-0.7455041279419468,6.870651597038281,0.7739709348207557,-0.37677941621061317,0.7738492417867658,7.565756449861543,5.020103527903794,-0.4876534726658013,-0.24652218674787352,-0.48770494762107947,4.494744766211643,0.5063277855604156,-0.24648714683174414,0.5062481746065074,4.949478768521187,6.218704134122711,7.244027788821836,8.647389341349037,4.0682441053357685,4.739005541211588,5.657077416089268,1.6962043023378525e-05,,
