sample_name,porosity,nu,g,all_converged,total_iterations,iterations_x,iterations_y,iterations_z,K_star_xx,K_star_xy,K_star_xz,K_star_yx,K_star_yy,K_star_yz,K_star_zx,K_star_zy,K_star_zz,K_xx,K_xy,K_xz,K_yx,K_yy,K_yz,K_zx,K_zy,K_zz,K_star_eig1,K_star_eig2,K_star_eig3,K_eig1,K_eig2,K_eig3,symmetry_error,error_type,error_message
eps_0.02_coeffs_0.415_0.108_0.752_49.949_60.177_-1187.322_m_-0.519_rho_0.314_,0.6857366561889648,0.16666666666666666,1e-05,True,55000,20000,17500,17500,5.202436395891376,0.6848052909117239,-2.111526049553364,0.6859781211856926,13.494449082240369,-1.974327153589477,-2.113133799318856,-1.9675150658890226,20.179081705677152,3.567501338154322,0.4695960903303169,-1.4479508126766183,0.4704003430406653,9.253638390767756,-1.3538685005255249,-1.4490533056247954,-1.3491972022841492,13.837536013814963,4.889851253742113,12.95968545413674,21.02643047593004,3.3531502480025335,8.886931368580495,14.418594126154009,0.00039859951759065146,,
