sample_name,porosity,nu,g,all_converged,total_iterations,iterations_x,iterations_y,iterations_z,K_star_xx,K_star_xy,K_star_xz,K_star_yx,K_star_yy,K_star_yz,K_star_zx,K_star_zy,K_star_zz,K_xx,K_xy,K_xz,K_yx,K_yy,K_yz,K_zx,K_zy,K_zz,K_star_eig1,K_star_eig2,K_star_eig3,K_eig1,K_eig2,K_eig3,symmetry_error,error_type,error_message
eps_0.02_coeffs_0.851_0.291_0.664_66.486_126.103_-3765.519_m_-0.469_rho_0.467_,0.5329685211181641,0.16666666666666666,1e-05,True,42500,15000,15000,12500,1.8086038402972087,-0.09633430053822621,-0.0004169491385143036,-0.09633570167361152,1.8312182557655448,-0.1052537919180986,-0.0004155256924891564,-0.10526983977561917,1.8571046398700448,0.9639289140518355,-0.05134314969081118,-0.00022222076573546093,-0.05134389645186538,0.9759816856199462,-0.05609695782066798,-0.0002214621138125467,-0.05610551082355783,0.9897783134732184,1.688157976746011,1.8311256996513052,1.9776430595354817,0.8997350602801537,0.9759323561246194,1.0540214967402273,7.191330779843945e-06,,
