sample_name,porosity,nu,g,all_converged,total_iterations,iterations_x,iterations_y,iterations_z,K_star_xx,K_star_xy,K_star_xz,K_star_yx,K_star_yy,K_star_yz,K_star_zx,K_star_zy,K_star_zz,K_xx,K_xy,K_xz,K_yx,K_yy,K_yz,K_zx,K_zy,K_zz,K_star_eig1,K_star_eig2,K_star_eig3,K_eig1,K_eig2,K_eig3,symmetry_error,error_type,error_message
eps_0.02_coeffs_0.263_0.819_0.947_-29.523_95.721_409.101_m_-0.227_rho_0.383_,0.6169037818908691,0.16666666666666666,1e-05,True,42500,12500,15000,15000,1.7219756498895482,0.006781844466896344,-0.007985634859095375,0.006782322543847187,1.7215373364102495,-0.0012794969153387512,-0.007986020726264621,-0.0012789760503093546,1.7155058370104244,1.0622932907408495,0.00418374549982402,-0.004926368345375494,0.00418404042730303,1.0620228934978164,-0.0007893264859901768,-0.00492660638829151,-0.0007890051623836874,1.0583020387075917,1.7093740616017377,1.7181191268912939,1.731525634817191,1.0545193232682675,1.0599141871182771,1.068184712559713,3.8242086613363556e-07,,
