sample_name,porosity,nu,g,all_converged,total_iterations,iterations_x,iterations_y,iterations_z,K_star_xx,K_star_xy,K_star_xz,K_star_yx,K_star_yy,K_star_yz,K_star_zx,K_star_zy,K_star_zz,K_xx,K_xy,K_xz,K_yx,K_yy,K_yz,K_zx,K_zy,K_zz,K_star_eig1,K_star_eig2,K_star_eig3,K_eig1,K_eig2,K_eig3,symmetry_error,error_type,error_message
eps_0.02_coeffs_0.692_0.144_0.837_111.997_81.16_-3677.498_m_-0.407_rho_0.309_,0.6909661293029785,0.16666666666666666,1e-05,True,30000,10000,10000,10000,5.725505476086098,-0.04946634609557785,-0.18807380457569248,-0.04876989302255083,5.271313642183983,-1.0928144870163523,-0.18891114659972025,-1.0931024493853896,2.9909458190921727,3.956130357114218,-0.03417956969242293,-0.12995262877095104,-0.03369834420831229,3.6422991836818523,-0.755097796139909,-0.13053120374819624,-0.7552967683834276,2.0666422555730453,2.5398563031958967,5.695502146934279,5.752406487232076,1.7549546788050416,3.9353990729039827,3.97471804466009,0.00018778552911871173,,
