sample_name,porosity,nu,g,all_converged,total_iterations,iterations_x,iterations_y,iterations_z,K_star_xx,K_star_xy,K_star_xz,K_star_yx,K_star_yy,K_star_yz,K_star_zx,K_star_zy,K_star_zz,K_xx,K_xy,K_xz,K_yx,K_yy,K_yz,K_zx,K_zy,K_zz,K_star_eig1,K_star_eig2,K_star_eig3,K_eig1,K_eig2,K_eig3,symmetry_error,error_type,error_message
eps_0.02_coeffs_0.536_0.357_0.944_19.505_91.034_-3892.689_m_-0.388_rho_0.528_,0.47246217727661133,0.16666666666666666,1e-05,True,45000,17500,12500,15000,1.3436208297926517,-0.00982523891627106,0.023569256240663333,-0.009825405135526028,1.3592327486164746,-0.034478116060439545,0.02356815924375104,-0.03447728636031518,1.3402100037946592,0.6348100226780434,-0.0046420537706443185,0.011135582120254157,-0.004642132302955426,0.6421860638370125,-0.016289605782310968,0.01113506383070451,-0.016289213780383727,0.6331985364007202,1.3083060622658444,1.3394438854630188,1.395313634474922,0.6181251307223107,0.6328365744657021,0.6592329177277634,8.390671417140911e-07,,
