sample_name,porosity,nu,g,all_converged,total_iterations,iterations_x,iterations_y,iterations_z,K_star_xx,K_star_xy,K_star_xz,K_star_yx,K_star_yy,K_star_yz,K_star_zx,K_star_zy,K_star_zz,K_xx,K_xy,K_xz,K_yx,K_yy,K_yz,K_zx,K_zy,K_zz,K_star_eig1,K_star_eig2,K_star_eig3,K_eig1,K_eig2,K_eig3,symmetry_error,error_type,error_message
eps_0.02_coeffs_0.472_1.111_0.643_4.883_73.319_-1531.896_m_-0.535_rho_0.507_,0.4927639961242676,0.16666666666666666,1e-05,True,37500,12500,12500,12500,2.289434060243836,0.0855082959866555,0.17732495885449753,0.0855982296864136,2.402839073631689,-0.25869745498729235,0.1772934536013259,-0.25872007036163885,2.5541803624867465,1.1281506763887599,0.04213540963216104,0.08737935533771353,0.04217972572144008,1.1840325839662842,-0.12747679170671602,0.08736383068326177,-0.12748793574895284,1.2586081222410994,2.065048862284244,2.4139685337785033,2.767436100299525,1.0175817295710559,1.1895167812229337,1.3636928718021535,3.287520282496872e-05,,
