sample_name,porosity,nu,g,all_converged,total_iterations,iterations_x,iterations_y,iterations_z,K_star_xx,K_star_xy,K_star_xz,K_star_yx,K_star_yy,K_star_yz,K_star_zx,K_star_zy,K_star_zz,K_xx,K_xy,K_xz,K_yx,K_yy,K_yz,K_zx,K_zy,K_zz,K_star_eig1,K_star_eig2,K_star_eig3,K_eig1,K_eig2,K_eig3,symmetry_error,error_type,error_message
eps_0.02_coeffs_0.053_0.68_0.686_-22.54_44.425_-971.123_m_-0.325_rho_0.352_,0.6483535766601562,0.16666666666666666,1e-05,True,40000,12500,12500,15000,1.7345969708493805,0.0057817282592603535,-0.005354312535077607,0.005782122358740376,1.7263243918543416,0.0046460948998829806,-0.005355948470794683,0.004646232636273973,1.7633336405130315,1.1246321501140686,0.0037486041961685493,-0.003471487682673875,0.003748859711975982,1.1192685939344316,0.003012312245841641,-0.003472548347447227,0.003012401547723377,1.1432636726717982,1.7222844586841304,1.7373307099241784,1.7646398346084449,1.1166492888140576,1.1264045796208695,1.144110548285372,7.91580727591946e-07,,
