sample_name,porosity,nu,g,all_converged,total_iterations,iterations_x,iterations_y,iterations_z,K_star_xx,K_star_xy,K_star_xz,K_star_yx,K_star_yy,K_star_yz,K_star_zx,K_star_zy,K_star_zz,K_xx,K_xy,K_xz,K_yx,K_yy,K_yz,K_zx,K_zy,K_zz,K_star_eig1,K_star_eig2,K_star_eig3,K_eig1,K_eig2,K_eig3,symmetry_error,error_type,error_message
eps_0.02_coeffs_0.454_0.799_0.892_20.756_73.722_-2004.396_m_-0.336_rho_0.501_,0.4989471435546875,0.16666666666666666,1e-05,True,45000,15000,17500,12500,2.050465538369067,-0.00450248757781694,0.11377124322506796,-0.0045048724094359895,1.970232165048564,0.006541785324806841,0.11377680288769655,0.006550098552004402,1.9316964083397736,1.0230739233265704,-0.0022465033158422256,0.05676583682581325,-0.0022476932207664098,0.9830417108905486,0.003264005101560347,0.05676861080360091,0.003268152962524291,0.9638144051559793,1.8621560823070271,1.9708135786743977,2.1194244507759787,0.9291174581200788,0.9833318055583823,1.0574807756946372,4.224967666244722e-06,,
