sample_name,porosity,nu,g,all_converged,total_iterations,iterations_x,iterations_y,iterations_z,K_star_xx,K_star_xy,K_star_xz,K_star_yx,K_star_yy,K_star_yz,K_star_zx,K_star_zy,K_star_zz,K_xx,K_xy,K_xz,K_yx,K_yy,K_yz,K_zx,K_zy,K_zz,K_star_eig1,K_star_eig2,K_star_eig3,K_eig1,K_eig2,K_eig3,symmetry_error,error_type,error_message
eps_0.02_coeffs_0.916_1.268_0.826_46.66_39.878_-3035.608_m_-0.447_rho_0.441_,0.5585842132568359,0.16666666666666666,1e-05,True,25000,7500,10000,7500,6.709149343942439,-0.1343531386620104,0.044988772424404425,-0.13468715147207663,5.138043836676408,0.3279376863912824,0.045080382197070744,0.3278451257390819,6.135008810528931,3.7476249079087043,-0.07504754225810567,0.02513001805007678,-0.07523411654083421,2.870030174189026,0.18318081455014149,0.025181189822868235,0.18312911163105353,3.42691906975306,5.0279098731761405,6.233114039827192,6.721178078144446,2.80851108083437,3.48171910207701,3.7543439689394082,4.8493796424948626e-05,,
