sample_name,porosity,nu,g,all_converged,total_iterations,iterations_x,iterations_y,iterations_z,K_star_xx,K_star_xy,K_star_xz,K_star_yx,K_star_yy,K_star_yz,K_star_zx,K_star_zy,K_star_zz,K_xx,K_xy,K_xz,K_yx,K_yy,K_yz,K_zx,K_zy,K_zz,K_star_eig1,K_star_eig2,K_star_eig3,K_eig1,K_eig2,K_eig3,symmetry_error,error_type,error_message
eps_0.02_coeffs_0.731_1.172_0.339_30.392_48.889_224.454_m_-0.372_rho_0.552_,0.44805002212524414,0.16666666666666666,1e-05,True,82500,25000,25000,32500,0.16665765369461613,2.7236193219549223e-09,-2.6939034894414525e-10,2.722415249494166e-09,0.16665755460035891,-9.753982011140115e-10,1.4742688441959486e-08,-1.5919164054349387e-08,234.4287791660603,0.07467096542521404,1.2203176974626455e-09,-1.2070035180475152e-10,1.2197782127699632e-09,0.0746709210260299,-4.3702718559005617e-10,6.6054618826055285e-09,-7.132581806766634e-09,105.0358196921473,0.16665755452564332,0.16665765376935268,234.42877916606028,0.07467092099254657,0.07467096545869972,105.0358196921473,1.2778255106644202e-10,,
