sample_name,porosity,nu,g,all_converged,total_iterations,iterations_x,iterations_y,iterations_z,K_star_xx,K_star_xy,K_star_xz,K_star_yx,K_star_yy,K_star_yz,K_star_zx,K_star_zy,K_star_zz,K_xx,K_xy,K_xz,K_yx,K_yy,K_yz,K_zx,K_zy,K_zz,K_star_eig1,K_star_eig2,K_star_eig3,K_eig1,K_eig2,K_eig3,symmetry_error,error_type,error_message
eps_0.02_coeffs_0.518_0.146_0.312_89.834_93.769_-3489.164_m_-0.434_rho_0.403_,0.5966329574584961,0.16666666666666666,1e-05,True,52500,17500,17500,17500,1.4597054903117215,-0.14040673214109145,-0.001837152759558696,-0.14040381123727452,1.4804678830829978,-0.08049260207721787,-0.0018371235146250036,-0.08049790795813799,1.4471139482136153,0.8709084037030865,-0.08377128384442227,-0.0010961058842385422,-0.08376954113693953,0.883295931506128,-0.048024539230860384,-0.0010960884357472625,-0.04802770489428568,0.8633958747021302,1.3052445915214776,1.451858736939115,1.630183993147741,0.7787519408461661,0.866226772031941,0.9726214970332376,3.3677373744439323e-06,,
