sample_name,porosity,nu,g,all_converged,total_iterations,iterations_x,iterations_y,iterations_z,K_star_xx,K_star_xy,K_star_xz,K_star_yx,K_star_yy,K_star_yz,K_star_zx,K_star_zy,K_star_zz,K_xx,K_xy,K_xz,K_yx,K_yy,K_yz,K_zx,K_zy,K_zz,K_star_eig1,K_star_eig2,K_star_eig3,K_eig1,K_eig2,K_eig3,symmetry_error,error_type,error_message
eps_0.02_coeffs_0.426_1.314_0.824_56.14_68.332_-2959.439_m_-0.585_rho_0.348_,0.6515717506408691,0.16666666666666666,1e-05,True,25000,7500,10000,7500,8.919332444331447,0.631316860070501,-1.5757538894985639,0.6322311138477238,5.330051978185744,-0.27060766569475786,-1.5776099360069975,-0.27072676940820234,7.490321904688862,5.811585055300943,0.411348231725233,-1.0267167203597378,0.41194393365938803,3.472911298433313,-0.17632031047357244,-1.0279260678325088,-0.1763979150886493,4.880482156301771,5.221943697688713,6.483260999979195,10.034501629538148,3.4024709968510853,4.224309719618114,6.538197793566823,0.0002247958596536507,,
