sample_name,porosity,nu,g,all_converged,total_iterations,iterations_x,iterations_y,iterations_z,K_star_xx,K_star_xy,K_star_xz,K_star_yx,K_star_yy,K_star_yz,K_star_zx,K_star_zy,K_star_zz,K_xx,K_xy,K_xz,K_yx,K_yy,K_yz,K_zx,K_zy,K_zz,K_star_eig1,K_star_eig2,K_star_eig3,K_eig1,K_eig2,K_eig3,symmetry_error,error_type,error_message
eps_0.02_coeffs_0.171_1.189_0.568_90.273_42.286_-2266.974_m_-0.354_rho_0.431_,0.5691657066345215,0.16666666666666666,1e-05,True,40000,12500,10000,17500,3.693226552947659,0.9867500807620747,-0.19732588577438137,0.9868510095234238,3.1543795769163214,0.24564544861127852,-0.19732814411508992,0.24587730447581863,1.3137379438109948,2.1020579007698323,0.5616243069886174,-0.11231112721405864,0.5616817521783903,1.795364680889081,0.13981296534039236,-0.11231241258414384,0.1399449297473707,0.7477345851217682,1.2289535992224705,2.4856004182213267,4.446790056231178,0.699478243722496,1.4147185184480031,2.5309604046101817,6.824392725480434e-05,,
