sample_name,porosity,nu,g,all_converged,total_iterations,iterations_x,iterations_y,iterations_z,K_star_xx,K_star_xy,K_star_xz,K_star_yx,K_star_yy,K_star_yz,K_star_zx,K_star_zy,K_star_zz,K_xx,K_xy,K_xz,K_yx,K_yy,K_yz,K_zx,K_zy,K_zz,K_star_eig1,K_star_eig2,K_star_eig3,K_eig1,K_eig2,K_eig3,symmetry_error,error_type,error_message
eps_0.02_coeffs_0.463_-0.566_0.68_51.971_52.845_-4025.25_m_-0.419_rho_0.391_,0.6086611747741699,0.16666666666666666,1e-05,True,35000,12500,12500,10000,2.482338789846573,0.027973102007410957,-0.18516207436574234,0.027978089430775552,2.4877734546738983,-0.05368921967803824,-0.18513525437342412,-0.05370085074002036,2.5845121640765782,1.5109032440155064,0.017026141129908443,-0.11270096570707494,0.017029176780872634,1.51421111349381,-0.032678543521943236,-0.11268464141904311,-0.03268562289779314,1.5730922100049822,2.3406058880627216,2.4743847891351396,2.7396337313991874,1.424635929511595,1.506061952598332,1.6675086854043728,9.594737799210515e-06,,
