sample_name,porosity,nu,g,all_converged,total_iterations,iterations_x,iterations_y,iterations_z,K_star_xx,K_star_xy,K_star_xz,K_star_yx,K_star_yy,K_star_yz,K_star_zx,K_star_zy,K_star_zz,K_xx,K_xy,K_xz,K_yx,K_yy,K_yz,K_zx,K_zy,K_zz,K_star_eig1,K_star_eig2,K_star_eig3,K_eig1,K_eig2,K_eig3,symmetry_error,error_type,error_message
eps_0.02_coeffs_0.469_0.611_0.765_-24.649_58.807_-1369.124_m_-0.6_rho_0.372_,0.6284346580505371,0.16666666666666666,1e-05,True,27500,7500,10000,10000,4.446317185594331,0.011022208285655017,-0.14050414602947556,0.011015633083962315,4.397337995105013,0.024446162986117233,-0.1405444637226916,0.024478419713524692,4.300147317264176,2.7942198201131996,0.006926737694957408,-0.0882976749647162,0.006922605610330041,2.7634395992864533,0.015362816076828281,-0.08832301200046581,0.015383087322286416,2.702361608891847,4.211011149700715,4.401065985050442,4.531725363212366,2.6463453519091664,2.765782397373023,2.847893279009309,9.695781567063124e-06,,
