sample_name,porosity,nu,g,all_converged,total_iterations,iterations_x,iterations_y,iterations_z,K_star_xx,K_star_xy,K_star_xz,K_star_yx,K_star_yy,K_star_yz,K_star_zx,K_star_zy,K_star_zz,K_xx,K_xy,K_xz,K_yx,K_yy,K_yz,K_zx,K_zy,K_zz,K_star_eig1,K_star_eig2,K_star_eig3,K_eig1,K_eig2,K_eig3,symmetry_error,error_type,error_message
eps_0.02_coeffs_0.272_0.841_0.252_42.448_26.349_-1466.166_m_-0.249_rho_0.427_,0.5734686851501465,0.16666666666666666,1e-05,True,155000,57500,40000,57500,0.5822850105399148,-0.06258784201242189,-0.013573919138732451,-0.06259617985910315,1.0133565919100496,-0.09133121134489132,-0.013575223593426503,-0.09133080961964891,0.6538187307002737,0.3339222193769641,-0.035892167465248676,-0.0077842175608233075,-0.035896948959221964,0.5811282723508897,-0.052375589683124966,-0.007784965624741544,-0.052375359306278416,0.3749445678212237,0.5638813503448626,0.6430850998562333,1.0424938829491421,0.32336829656295746,0.3687891666542047,0.5978375963319149,8.86088426672084e-06,,
