sample_name,porosity,nu,g,all_converged,total_iterations,iterations_x,iterations_y,iterations_z,K_star_xx,K_star_xy,K_star_xz,K_star_yx,K_star_yy,K_star_yz,K_star_zx,K_star_zy,K_star_zz,K_xx,K_xy,K_xz,K_yx,K_yy,K_yz,K_zx,K_zy,K_zz,K_star_eig1,K_star_eig2,K_star_eig3,K_eig1,K_eig2,K_eig3,symmetry_error,error_type,error_message
eps_0.02_coeffs_0.91_-0.13_0.829_18.084_112.138_-1904.184_m_-0.207_rho_0.599_,0.4007840156555176,0.16666666666666666,1e-05,True,55000,17500,17500,20000,1.138468697383132,-0.008741001901657207,0.004672547470900923,-0.00874190402641972,1.1544404420909666,0.02972254437675509,0.00467327040827881,0.029722154752654384,1.1671790541091613,0.45628005623531787,-0.0035032538429986913,0.0018726823387287047,-0.0035036154001836335,0.4626812762163486,0.011912320690815227,0.0018729720804740817,0.01191216453570355,0.46778670829487834,1.1238882501987686,1.1449256260833434,1.191274317301148,0.4504364460627156,0.45886789004858997,0.47744370463523944,8.633773701496696e-07,,
