sample_name,porosity,nu,g,all_converged,total_iterations,iterations_x,iterations_y,iterations_z,K_star_xx,K_star_xy,K_star_xz,K_star_yx,K_star_yy,K_star_yz,K_star_zx,K_star_zy,K_star_zz,K_xx,K_xy,K_xz,K_yx,K_yy,K_yz,K_zx,K_zy,K_zz,K_star_eig1,K_star_eig2,K_star_eig3,K_eig1,K_eig2,K_eig3,symmetry_error,error_type,error_message
eps_0.02_coeffs_0.543_1.396_0.545_63.002_49.458_-3346.619_m_-0.209_rho_0.499_,0.5013556480407715,0.16666666666666666,1e-05,True,62500,20000,22500,20000,1.7820233865280526,0.1023407260688079,0.18986216354679117,0.10234382975374759,1.8607629086287767,-0.0984414637821526,0.18985343902535967,-0.09844586068821735,1.7142397009558237,0.893427489776582,0.05130910103919026,0.09518846804342443,0.05131065708916451,0.9329039939058112,-0.04935418386858325,0.0951840939553283,-0.04935638828227272,0.8594437561699253,1.499951603075841,1.9095924494253087,1.9474819436115036,0.7520092079898822,0.9573849599753896,0.9763810718870464,4.657358361775249e-06,,
