sample_name,porosity,nu,g,all_converged,total_iterations,iterations_x,iterations_y,iterations_z,K_star_xx,K_star_xy,K_star_xz,K_star_yx,K_star_yy,K_star_yz,K_star_zx,K_star_zy,K_star_zz,K_xx,K_xy,K_xz,K_yx,K_yy,K_yz,K_zx,K_zy,K_zz,K_star_eig1,K_star_eig2,K_star_eig3,K_eig1,K_eig2,K_eig3,symmetry_error,error_type,error_message
eps_0.02_coeffs_0.829_0.42_0.264_44.116_66.809_-1247.182_m_-0.498_rho_0.389_,0.6107068061828613,0.16666666666666666,1e-05,True,25000,7500,10000,7500,7.994787751638377,-2.082657350965301,0.14280290909379278,-2.082851271215902,5.869019060779939,0.6683560664699727,0.14178585856612647,0.6685976936012005,4.7873758825631185,4.882471293912932,-1.2718930191812774,0.08721070852629167,-1.272011447598176,3.584249886035253,0.4081695987468172,0.08658958884681399,0.40831716208041646,2.923683035236979,4.034722110464142,5.334359437868973,9.282101146648312,2.464032253916933,3.2577296153323645,5.668642345935869,0.0001314233538063615,,
