sample_name,porosity,nu,g,all_converged,total_iterations,iterations_x,iterations_y,iterations_z,K_star_xx,K_star_xy,K_star_xz,K_star_yx,K_star_yy,K_star_yz,K_star_zx,K_star_zy,K_star_zz,K_xx,K_xy,K_xz,K_yx,K_yy,K_yz,K_zx,K_zy,K_zz,K_star_eig1,K_star_eig2,K_star_eig3,K_eig1,K_eig2,K_eig3,symmetry_error,error_type,error_message
eps_0.02_coeffs_0.691_1.336_0.792_83.899_131.046_-2149.669_m_-0.411_rho_0.329_,0.6709423065185547,0.16666666666666666,1e-05,True,112500,42500,42500,27500,0.33826193418317185,0.024191449595529456,0.008633875124427927,0.02419301148606219,0.4702579825353438,0.18476011071535664,0.008634879429722377,0.1847602579059808,1.596018623863755,0.22695424232828487,0.01623106698965189,0.005792832090176847,0.016232114928088452,0.3155159754610258,0.12396337483598492,0.005793505921087554,0.12396347359240178,1.0708364167417175,0.3334148339824854,0.44543922615611337,1.625684480443672,0.22370211773970974,0.2988640218110228,1.0907404949802952,1.5331232623280492e-06,,
