sample_name,porosity,nu,g,all_converged,total_iterations,iterations_x,iterations_y,iterations_z,K_star_xx,K_star_xy,K_star_xz,K_star_yx,K_star_yy,K_star_yz,K_star_zx,K_star_zy,K_star_zz,K_xx,K_xy,K_xz,K_yx,K_yy,K_yz,K_zx,K_zy,K_zz,K_star_eig1,K_star_eig2,K_star_eig3,K_eig1,K_eig2,K_eig3,symmetry_error,error_type,error_message
eps_0.02_coeffs_0.413_0.808_0.473_112.789_102.916_-3259.958_m_-0.602_rho_0.492_,0.5084567070007324,0.16666666666666666,1e-05,True,52500,20000,17500,15000,2.110148903066014,0.012301438083529983,-0.6045992874872945,0.012219692585689322,2.000923827401631,-0.307132261539361,-0.6045204041946554,-0.3071074428219413,2.1948361905688087,1.0729193625341533,0.006254748699325056,-0.3074125627707789,0.006213184652680858,1.0173831402399351,-0.1561634583159912,-0.3073724540315662,-0.15615083907266,1.1159791818626486,1.4650959854525276,2.014015204856952,2.8267977307269736,0.7449378802031851,1.024039538910971,1.437304265522581,4.364857584280272e-05,,
