sample_name,porosity,nu,g,all_converged,total_iterations,iterations_x,iterations_y,iterations_z,K_star_xx,K_star_xy,K_star_xz,K_star_yx,K_star_yy,K_star_yz,K_star_zx,K_star_zy,K_star_zz,K_xx,K_xy,K_xz,K_yx,K_yy,K_yz,K_zx,K_zy,K_zz,K_star_eig1,K_star_eig2,K_star_eig3,K_eig1,K_eig2,K_eig3,symmetry_error,error_type,error_message
eps_0.02_coeffs_0.832_1.33_0.616_13.638_5.466_-1141.587_m_-0.465_rho_0.466_,0.5338058471679688,0.16666666666666666,1e-05,True,22500,7500,7500,7500,10.342559220823892,-0.19740153584600514,0.24444168479831335,-0.20068626779263754,10.255943154811481,2.547449731101564,0.24343532939616497,2.548187045745523,10.12899484279646,5.5209185867567845,-0.10537409407453492,0.13048440063692926,-0.10712750319402672,5.474682424260672,1.3598435618284845,0.12994720223893336,1.3602371446966324,5.4069166730189515,7.607352347758643,10.37840740062238,12.741737470050813,4.060849164700537,5.540054554743547,6.801613964592327,0.0002744003044854964,,
