sample_name,porosity,nu,g,all_converged,total_iterations,iterations_x,iterations_y,iterations_z,K_star_xx,K_star_xy,K_star_xz,K_star_yx,K_star_yy,K_star_yz,K_star_zx,K_star_zy,K_star_zz,K_xx,K_xy,K_xz,K_yx,K_yy,K_yz,K_zx,K_zy,K_zz,K_star_eig1,K_star_eig2,K_star_eig3,K_eig1,K_eig2,K_eig3,symmetry_error,error_type,error_message
eps_0.02_coeffs_0.615_1.254_0.822_17.471_63.378_99.927_m_-0.392_rho_0.604_,0.3963494300842285,0.16666666666666666,1e-05,True,37500,12500,12500,12500,10.215433778793324,7.841879467724852,-10.048764637260653,7.842320869416463,14.168447306517908,-7.83884845427323,-10.048771314040112,-7.8418793510386635,10.215426451279672,4.048881356287911,3.1081244578219582,-3.9828221370288093,3.1082994071308665,5.615656015116795,-3.1069231173678302,-3.982824783366542,-3.108124411573454,4.048878452032051,0.16665878878896964,5.714732190742781,28.717916557059155,0.06605511595503581,2.265030846884895,11.382329860596823,0.00014793313124249636,,
