sample_name,porosity,nu,g,all_converged,total_iterations,iterations_x,iterations_y,iterations_z,K_star_xx,K_star_xy,K_star_xz,K_star_yx,K_star_yy,K_star_yz,K_star_zx,K_star_zy,K_star_zz,K_xx,K_xy,K_xz,K_yx,K_yy,K_yz,K_zx,K_zy,K_zz,K_star_eig1,K_star_eig2,K_star_eig3,K_eig1,K_eig2,K_eig3,symmetry_error,error_type,error_message
eps_0.02_coeffs_0.74_0.074_0.281_110.908_108.488_-1216.66_m_-0.284_rho_0.579_,0.4212765693664551,0.16666666666666666,1e-05,True,95000,32500,32500,30000,1.3229088390430401,-0.19912468300409095,-0.10801978014862157,-0.19919050780889666,1.4893574958791316,0.3506014820020811,-0.10800381166686825,0.35066103040150876,1.561696956587518,0.5573104972966119,-0.0838865633321463,-0.04550620240473,-0.08391429378009406,0.6274314164241748,0.14770018955263167,-0.04549947525751897,0.14772527589805381,0.6579063362612233,1.1298017257081492,1.2926596700412674,1.9515018957602732,0.4759589950706297,0.5445672311533588,0.8221220237580209,4.9071458175672015e-05,,
