sample_name,porosity,nu,g,all_converged,total_iterations,iterations_x,iterations_y,iterations_z,K_star_xx,K_star_xy,K_star_xz,K_star_yx,K_star_yy,K_star_yz,K_star_zx,K_star_zy,K_star_zz,K_xx,K_xy,K_xz,K_yx,K_yy,K_yz,K_zx,K_zy,K_zz,K_star_eig1,K_star_eig2,K_star_eig3,K_eig1,K_eig2,K_eig3,symmetry_error,error_type,error_message
eps_0.02_coeffs_0.658_-0.463_0.87_-17.749_74.631_43.36_m_-0.266_rho_0.335_,0.6649847030639648,0.16666666666666666,1e-05,True,22500,7500,7500,7500,4.559256508441867,0.003997586134922529,0.10073771953174178,0.004040418870580533,4.5898776569775075,-0.08981184962597107,0.10068824407453113,-0.08981283733191846,4.535784597807738,3.031835835458664,0.002658333628904081,0.06698904251015628,0.0026868167429070357,3.0521984308251144,-0.05972350615515183,0.0669561420879341,-0.05972416296449797,3.016227373935284,4.415784376399186,4.579783434097013,4.6893509527309165,2.9364290623343066,3.045485927020267,3.11834665086449,1.1711104480177394e-05,,
