sample_name,porosity,nu,g,all_converged,total_iterations,iterations_x,iterations_y,iterations_z,K_star_xx,K_star_xy,K_star_xz,K_star_yx,K_star_yy,K_star_yz,K_star_zx,K_star_zy,K_star_zz,K_xx,K_xy,K_xz,K_yx,K_yy,K_yz,K_zx,K_zy,K_zz,K_star_eig1,K_star_eig2,K_star_eig3,K_eig1,K_eig2,K_eig3,symmetry_error,error_type,error_message
eps_0.02_coeffs_0.812_1.014_0.91_-13.876_115.505_-3468.144_m_-0.564_rho_0.361_,0.6389694213867188,0.16666666666666666,1e-05,True,35000,12500,12500,10000,3.245134337188491,-0.0014866005848322194,0.06898651604706263,-0.0014740108578113974,3.2797864291088903,-0.00020050910574321188,0.06896296410350483,-0.00021571337902961856,3.2440135599618425,2.073541609755503,-0.000949892315523401,0.044080274242077194,-0.0009418478649334896,2.09568323687972,-0.0001281191872795085,0.044065225270329536,-0.00013783425298392933,2.0728254673794884,3.1756011911837554,3.279751441028826,3.3135816940466456,2.0291120556856583,2.095660880566445,2.1172773777626084,7.704204539861418e-06,,
