sample_name,porosity,nu,g,all_converged,total_iterations,iterations_x,iterations_y,iterations_z,K_star_xx,K_star_xy,K_star_xz,K_star_yx,K_star_yy,K_star_yz,K_star_zx,K_star_zy,K_star_zz,K_xx,K_xy,K_xz,K_yx,K_yy,K_yz,K_zx,K_zy,K_zz,K_star_eig1,K_star_eig2,K_star_eig3,K_eig1,K_eig2,K_eig3,symmetry_error,error_type,error_message
eps_0.02_coeffs_0.329_-0.148_0.372_85.899_29.777_-2947.416_m_-0.326_rho_0.509_,0.4905548095703125,0.16666666666666666,1e-05,True,77500,25000,25000,27500,1.795059844730798,0.38295806731893145,0.02937046697815871,0.3829255189000984,1.8480215036085537,0.09560297755719191,0.02935273000167006,0.09559392644810707,1.2834359432217726,0.8805752402992313,0.18786192178705333,0.014407823835461799,0.18784595500365087,0.9065558367845367,0.046898500449923136,0.014399122876338055,0.04689406038482963,0.629595674722851,1.263834390331347,1.4485920353521782,2.214090865877599,0.6199800386774058,0.7106137900472592,1.086132923081954,1.840294656969488e-05,,
