sample_name,porosity,nu,g,all_converged,total_iterations,iterations_x,iterations_y,iterations_z,K_star_xx,K_star_xy,K_star_xz,K_star_yx,K_star_yy,K_star_yz,K_star_zx,K_star_zy,K_star_zz,K_xx,K_xy,K_xz,K_yx,K_yy,K_yz,K_zx,K_zy,K_zz,K_star_eig1,K_star_eig2,K_star_eig3,K_eig1,K_eig2,K_eig3,symmetry_error,error_type,error_message
eps_0.02_coeffs_0.393_1.178_0.81_4.873_102.32_-1096.007_m_-0.393_rho_0.437_,0.5627045631408691,0.16666666666666666,1e-05,True,40000,15000,12500,12500,1.9141566676099786,-0.04560032052095873,-0.05091599539791219,-0.04559720824878719,1.8182800725783952,0.026197270987871724,-0.050915589061785706,0.0261970749998544,1.9823379348071868,1.0771046914306548,-0.02565950843782969,-0.02865066294726468,-0.025657757148077033,1.0231544939079737,0.014741323926713323,-0.02865043430007214,0.014741213643361655,1.1154706016032507,1.799871252576857,1.895216240302839,2.0196871821158653,1.0127957668910699,1.066446826557089,1.1364871934937213,1.3464342758818827e-06,,
