sample_name,porosity,nu,g,all_converged,total_iterations,iterations_x,iterations_y,iterations_z,K_star_xx,K_star_xy,K_star_xz,K_star_yx,K_star_yy,K_star_yz,K_star_zx,K_star_zy,K_star_zz,K_xx,K_xy,K_xz,K_yx,K_yy,K_yz,K_zx,K_zy,K_zz,K_star_eig1,K_star_eig2,K_star_eig3,K_eig1,K_eig2,K_eig3,symmetry_error,error_type,error_message
eps_0.02_coeffs_0.102_-0.191_0.681_1.8_23.254_-582.813_m_-0.507_rho_0.511_,0.48855018615722656,0.16666666666666666,1e-05,True,32500,10000,12500,10000,3.280931428608582,0.37722078460801456,-0.09826718243595889,0.3773403789463909,3.693310043447625,0.05294548657554223,-0.09828168976822663,0.05292073632407955,3.318136246750221,1.6028996602158179,0.1842912845426206,-0.04800845027223386,0.1843497123788977,1.8043673092626917,0.0258665273226661,-0.04801553783211391,0.025854435582706566,1.6210760810448617,3.015955203610297,3.3592654912114392,3.917157023984689,1.4734454761656672,1.6411697810828962,1.9137277932748082,2.9099841908719136e-05,,
