sample_name,porosity,nu,g,all_converged,total_iterations,iterations_x,iterations_y,iterations_z,K_star_xx,K_star_xy,K_star_xz,K_star_yx,K_star_yy,K_star_yz,K_star_zx,K_star_zy,K_star_zz,K_xx,K_xy,K_xz,K_yx,K_yy,K_yz,K_zx,K_zy,K_zz,K_star_eig1,K_star_eig2,K_star_eig3,K_eig1,K_eig2,K_eig3,symmetry_error,error_type,error_message
eps_0.02_coeffs_0.986_0.521_0.279_-36.084_61.339_829.29_m_-0.373_rho_0.454_,0.5455102920532227,0.16666666666666666,1e-05,True,25000,10000,7500,7500,3.5177594654405966,-0.5245134437797561,-0.005857802887015224,-0.5243053265295133,4.822790140869832,-0.06765282555658893,-0.006276474050360093,-0.06656245426693017,5.163752250090154,1.9189739933654884,-0.2861274819021363,-0.0031954917636858858,-0.2860139518001751,2.6308816582573047,-0.03690531262760055,-0.0034238811922764076,-0.03631050386693235,2.8168799980371655,3.332783748485846,4.986592689617548,5.184925418297191,1.8180678359867477,2.7202376344637327,2.8284301792094784,0.00021162273795536792,,
