sample_name,porosity,nu,g,all_converged,total_iterations,iterations_x,iterations_y,iterations_z,K_star_xx,K_star_xy,K_star_xz,K_star_yx,K_star_yy,K_star_yz,K_star_zx,K_star_zy,K_star_zz,K_xx,K_xy,K_xz,K_yx,K_yy,K_yz,K_zx,K_zy,K_zz,K_star_eig1,K_star_eig2,K_star_eig3,K_eig1,K_eig2,K_eig3,symmetry_error,error_type,error_message
eps_0.02_coeffs_0.167_0.685_0.913_73.722_108.602_333.046_m_-0.203_rho_0.573_,0.42733287811279297,0.16666666666666666,1e-05,True,27500,7500,10000,10000,11.621039793198214,3.828259740646021,-2.186508944838399,3.8232357311928764,13.446498041519801,-1.3256144842751694,-2.1849880309941523,-1.3252095849272194,3.2038601759039596,4.966052381490689,1.6359412531335986,-0.9343671604171591,1.6337943287143204,5.74613070862069,-0.5664786528333139,-0.9337172239267356,-0.5663056260296084,1.3691147900399983,2.6545109523438803,8.730595751222655,16.886291307055437,1.1343598052470416,3.7308706100093003,7.21606746489504,0.00038788013930977824,,
