sample_name,porosity,nu,g,all_converged,total_iterations,iterations_x,iterations_y,iterations_z,K_star_xx,K_star_xy,K_star_xz,K_star_yx,K_star_yy,K_star_yz,K_star_zx,K_star_zy,K_star_zz,K_xx,K_xy,K_xz,K_yx,K_yy,K_yz,K_zx,K_zy,K_zz,K_star_eig1,K_star_eig2,K_star_eig3,K_eig1,K_eig2,K_eig3,symmetry_error,error_type,error_message
eps_0.02_coeffs_0.624_1.47_0.619_46.393_41.813_-4050.605_m_-0.37_rho_0.563_,0.43731212615966797,0.16666666666666666,1e-05,True,42500,15000,15000,12500,2.101784175276404,-0.12601612927209624,-0.12322774812140938,-0.12601094942846552,2.0477770443621583,-0.17487364627936947,-0.12321956430365068,-0.17486570090321762,2.1709071027886786,0.9191357064188684,-0.05510838142239198,-0.05388898853284157,-0.05510611621396066,0.8955177331709762,-0.07647436606372478,-0.0538854096500974,-0.07647089145438667,0.9493640008156419,1.816986236572754,2.2022919448204963,2.3011901410339908,0.7945901143184843,0.9630889728137614,1.0063383532732408,4.831272650434649e-06,,
