sample_name,porosity,nu,g,all_converged,total_iterations,iterations_x,iterations_y,iterations_z,K_star_xx,K_star_xy,K_star_xz,K_star_yx,K_star_yy,K_star_yz,K_star_zx,K_star_zy,K_star_zz,K_xx,K_xy,K_xz,K_yx,K_yy,K_yz,K_zx,K_zy,K_zz,K_star_eig1,K_star_eig2,K_star_eig3,K_eig1,K_eig2,K_eig3,symmetry_error,error_type,error_message
eps_0.02_coeffs_0.662_-0.428_0.872_31.539_115.355_-340.669_m_-0.353_rho_0.554_,0.44622278213500977,0.16666666666666666,1e-05,True,62500,20000,20000,22500,1.828845533768868,0.15624355563335848,-0.012843365426750259,0.15624269007180316,1.20910945627902,0.025299537613121356,-0.012839292273832395,0.02530116043782359,1.274314896613648,0.8160725421735312,0.0697194340853834,-0.005731002252701098,0.06971904785209808,0.5395321854865732,0.011289230060456335,-0.005729184719074027,0.011289954201809884,0.5686283384830293,1.1649832001406588,1.2812044027204368,1.866082283800441,0.5198420447073114,0.5717025930655368,0.8326884283702854,2.4826840547746327e-06,,
