sample_name,porosity,nu,g,all_converged,total_iterations,iterations_x,iterations_y,iterations_z,K_star_xx,K_star_xy,K_star_xz,K_star_yx,K_star_yy,K_star_yz,K_star_zx,K_star_zy,K_star_zz,K_xx,K_xy,K_xz,K_yx,K_yy,K_yz,K_zx,K_zy,K_zz,K_star_eig1,K_star_eig2,K_star_eig3,K_eig1,K_eig2,K_eig3,symmetry_error,error_type,error_message
eps_0.02_coeffs_0.817_1.169_0.694_-0.548_41.696_-1099.054_m_-0.599_rho_0.369_,0.630742073059082,0.16666666666666666,1e-05,True,30000,10000,10000,10000,16.494456541511852,-0.6879933143024379,0.13505380528042044,-0.7137208940166871,17.98791926664286,-0.9352591504317996,0.13490185776317962,-0.9361905888720553,12.418108580790646,10.403747712976122,-0.4339463293139083,0.08518411711708998,-0.4501737962776666,11.345737488261719,-0.5899072953908292,0.08508827742506933,-0.590494792803563,7.832623549720667,12.26488426730317,16.220059068406922,18.415541053235273,7.735978528588522,10.230673681947746,11.615456540422239,0.0013271509815442645,,
