sample_name,porosity,nu,g,all_converged,total_iterations,iterations_x,iterations_y,iterations_z,K_star_xx,K_star_xy,K_star_xz,K_star_yx,K_star_yy,K_star_yz,K_star_zx,K_star_zy,K_star_zz,K_xx,K_xy,K_xz,K_yx,K_yy,K_yz,K_zx,K_zy,K_zz,K_star_eig1,K_star_eig2,K_star_eig3,K_eig1,K_eig2,K_eig3,symmetry_error,error_type,error_message
eps_0.02_coeffs_0.069_0.459_0.299_7.876_43.527_534.972_m_-0.331_rho_0.614_,0.3864927291870117,0.16666666666666666,1e-05,True,110000,42500,12500,55000,0.1666103244130597,-6.546984722373134e-11,-9.138473066803147e-13,2.4867574799035786e-13,30.66157699227336,3.49626787074172e-13,-2.7379452919132446e-12,2.2485506124752925e-10,0.16661518981334447,0.06439367899313685,-2.530361993295663e-11,-3.531953396190749e-13,9.611136852341495e-14,11.850476572921417,1.3512821113318297e-13,-1.0581959482362794e-12,8.690484629307026e-11,0.0643955594349715,0.1666103244130597,0.16661518981334597,30.66157699227336,0.06439367899313685,0.06439555943497269,11.850476572921423,1.0789475682055454e-11,,
