sample_name,porosity,nu,g,all_converged,total_iterations,iterations_x,iterations_y,iterations_z,K_star_xx,K_star_xy,K_star_xz,K_star_yx,K_star_yy,K_star_yz,K_star_zx,K_star_zy,K_star_zz,K_xx,K_xy,K_xz,K_yx,K_yy,K_yz,K_zx,K_zy,K_zz,K_star_eig1,K_star_eig2,K_star_eig3,K_eig1,K_eig2,K_eig3,symmetry_error,error_type,error_message
eps_0.02_coeffs_0.471_1.367_0.596_1.607_28.114_-2502.531_m_-0.429_rho_0.673_,0.32674217224121094,0.16666666666666666,1e-05,True,50000,15000,17500,17500,0.9629608756248199,-0.007739564898003896,-0.01867104030529419,-0.007739898335135242,0.9939564646286264,-0.0024584738192008323,-0.01867165348158686,-0.002458051720771623,0.918727871202928,0.3146399282849522,-0.002528842246975619,-0.006100616267355026,-0.002528951194948221,0.32476749436595176,-0.0008032870760838261,-0.00610081661790886,-0.0008031491587261666,0.3001871403353881,0.9115979892451319,0.9682120085722686,0.9958352136389735,0.2978575072166744,0.316355694870929,0.32538136089868863,6.943355066817244e-07,,
