sample_name,porosity,nu,g,all_converged,total_iterations,iterations_x,iterations_y,iterations_z,K_star_xx,K_star_xy,K_star_xz,K_star_yx,K_star_yy,K_star_yz,K_star_zx,K_star_zy,K_star_zz,K_xx,K_xy,K_xz,K_yx,K_yy,K_yz,K_zx,K_zy,K_zz,K_star_eig1,K_star_eig2,K_star_eig3,K_eig1,K_eig2,K_eig3,symmetry_error,error_type,error_message
eps_0.02_coeffs_0.956_0.604_0.715_74.443_96.55_-1572.407_m_-0.224_rho_0.304_,0.6963582038879395,0.16666666666666666,1e-05,True,30000,10000,10000,10000,4.740173189562839,-0.16175829545066736,0.4281833504128313,-0.1621560153959359,1.7657062116761746,-0.5391082639717159,0.42848339216565856,-0.5388432640838048,4.878238902142096,3.3008584884017433,-0.11264171608400136,0.29816898882819937,-0.11291867163073899,1.2295640061565987,-0.3754124624004892,0.2983779253642896,-0.37522792755451295,3.3970016800319436,1.6724367266390865,4.392569669787656,5.319111906954366,1.16461503507862,3.058801925705972,3.7040072138056956,0.00011242787873179463,,
