sample_name,porosity,nu,g,all_converged,total_iterations,iterations_x,iterations_y,iterations_z,K_star_xx,K_star_xy,K_star_xz,K_star_yx,K_star_yy,K_star_yz,K_star_zx,K_star_zy,K_star_zz,K_xx,K_xy,K_xz,K_yx,K_yy,K_yz,K_zx,K_zy,K_zz,K_star_eig1,K_star_eig2,K_star_eig3,K_eig1,K_eig2,K_eig3,symmetry_error,error_type,error_message
eps_0.02_coeffs_0.959_1.212_0.701_41.219_149.836_-2382.525_m_-0.229_rho_0.695_,0.30549192428588867,0.16666666666666666,1e-05,True,82500,25000,30000,27500,0.630944421907873,0.007803834603644965,-0.014121047622110796,0.0078037495474278335,0.5987611889972841,0.012385376019735462,-0.014121106741011162,0.012385296044429011,0.6080232563591329,0.19274842556608374,0.0023840084498763054,-0.0043138660110113,0.0023839824658888615,0.18291670781448702,0.003783632353273287,-0.004313884071357934,0.003783607921463024,0.1857461945957237,0.5854058193126476,0.6145636103594939,0.6377594375921484,0.17883675022997791,0.1877442199248049,0.1948303578215115,1.7432209751285065e-07,,
