sample_name,porosity,nu,g,all_converged,total_iterations,iterations_x,iterations_y,iterations_z,K_star_xx,K_star_xy,K_star_xz,K_star_yx,K_star_yy,K_star_yz,K_star_zx,K_star_zy,K_star_zz,K_xx,K_xy,K_xz,K_yx,K_yy,K_yz,K_zx,K_zy,K_zz,K_star_eig1,K_star_eig2,K_star_eig3,K_eig1,K_eig2,K_eig3,symmetry_error,error_type,error_message
eps_0.02_coeffs_0.712_0.64_0.841_-39.901_44.299_-2774.261_m_-0.208_rho_0.451_,0.5487933158874512,0.16666666666666666,1e-05,True,37500,12500,12500,12500,1.7562786943445237,-0.0036414529827128793,-0.006233531629646652,-0.003641956218506293,1.764001311577428,0.0021760905232359263,-0.006234861099083822,0.002175199260044868,1.774712279104506,0.9638340082918144,-0.0019984050570312504,-0.0034209204927230933,-0.0019986812294709912,0.9680721290103896,0.0011942239339179025,-0.003421650096663889,0.0011937348146359534,0.9739502363959376,1.753559658840707,1.7640495785324077,1.7773830476533423,0.9623418197816594,0.9680986175926611,0.9754159363238215,7.761567708443321e-07,,
