sample_name,porosity,nu,g,all_converged,total_iterations,iterations_x,iterations_y,iterations_z,K_star_xx,K_star_xy,K_star_xz,K_star_yx,K_star_yy,K_star_yz,K_star_zx,K_star_zy,K_star_zz,K_xx,K_xy,K_xz,K_yx,K_yy,K_yz,K_zx,K_zy,K_zz,K_star_eig1,K_star_eig2,K_star_eig3,K_eig1,K_eig2,K_eig3,symmetry_error,error_type,error_message
eps_0.02_coeffs_0.429_1.311_0.894_-13.53_52.501_-270.136_m_-0.5_rho_0.335_,0.6646060943603516,0.16666666666666666,1e-05,True,22500,7500,7500,7500,6.0397531512439295,0.12507845114816013,-0.41926157193614866,0.12476860345817214,6.093194071503209,-0.11393477682876137,-0.4193537988434138,-0.11365133153605346,6.282152802906021,4.0140567527488535,0.08312790090622073,-0.2786437958398653,0.08292197424313125,4.049573914041397,-0.07572174703998137,-0.27870509040449776,-0.07553336757102995,4.175157038514306,5.7215345290257416,6.046367235273518,6.647198261353902,3.8025667170836903,4.018452513303528,4.417768474917333,5.707796568465778e-05,,
