sample_name,porosity,nu,g,all_converged,total_iterations,iterations_x,iterations_y,iterations_z,K_star_xx,K_star_xy,K_star_xz,K_star_yx,K_star_yy,K_star_yz,K_star_zx,K_star_zy,K_star_zz,K_xx,K_xy,K_xz,K_yx,K_yy,K_yz,K_zx,K_zy,K_zz,K_star_eig1,K_star_eig2,K_star_eig3,K_eig1,K_eig2,K_eig3,symmetry_error,error_type,error_message
eps_0.02_coeffs_0.934_-0.144_0.859_-9.3_144.679_515.565_m_-0.203_rho_0.339_,0.6607198715209961,0.16666666666666666,1e-05,True,30000,10000,10000,10000,2.9810439057521494,-0.3025242912221208,0.22289221959990063,-0.3025556610442949,3.0421895082898875,0.07314726614141712,0.22287662051499887,0.07322153189613909,3.059601780979049,1.9696349464070084,-0.19988381082826007,0.147269318697076,-0.19990453749313655,2.010035061059817,0.04832985228706922,0.14725901207170386,0.04837892114698753,2.021539695633888,2.603754406035825,3.123194990711332,3.35588579827393,1.7203522766282178,2.0635569929978095,2.217300433474686,2.2026489865601004e-05,,
