sample_name,porosity,nu,g,all_converged,total_iterations,iterations_x,iterations_y,iterations_z,K_star_xx,K_star_xy,K_star_xz,K_star_yx,K_star_yy,K_star_yz,K_star_zx,K_star_zy,K_star_zz,K_xx,K_xy,K_xz,K_yx,K_yy,K_yz,K_zx,K_zy,K_zz,K_star_eig1,K_star_eig2,K_star_eig3,K_eig1,K_eig2,K_eig3,symmetry_error,error_type,error_message
eps_0.02_coeffs_0.968_-0.472_0.853_100.057_95.594_-3217.012_m_-0.399_rho_0.569_,0.43071985244750977,0.16666666666666666,1e-05,True,50000,20000,15000,15000,1.9316481265319092,-0.37516004478686976,0.17763104664275006,-0.3751295708572717,2.1786751689707557,-0.07792710949958494,0.17763667957573548,-0.07798061548412005,2.6386299920057286,0.8319991960403326,-0.1615888791348017,0.07650921820006203,-0.16157575340834174,0.9383986473101373,-0.03356475310532216,0.07651164441612636,-0.033587799195086185,1.1365103208202814,1.650107605768431,2.3557667279671715,2.743078953772792,0.710734104479092,1.0146754974707728,1.1814985622208862,2.2001179507913977e-05,,
