sample_name,porosity,nu,g,all_converged,total_iterations,iterations_x,iterations_y,iterations_z,K_star_xx,K_star_xy,K_star_xz,K_star_yx,K_star_yy,K_star_yz,K_star_zx,K_star_zy,K_star_zz,K_xx,K_xy,K_xz,K_yx,K_yy,K_yz,K_zx,K_zy,K_zz,K_star_eig1,K_star_eig2,K_star_eig3,K_eig1,K_eig2,K_eig3,symmetry_error,error_type,error_message
eps_0.02_coeffs_0.885_1.167_0.265_36.06_145.58_740.324_m_-0.394_rho_0.36_,0.6404104232788086,0.16666666666666666,1e-05,True,227500,77500,77500,72500,2.411759293670119,0.41064329520237186,0.10436550305929256,0.41064419809731395,2.3884329504835873,0.04500775631088557,0.10447245161536768,0.04495338192901596,1.9653247843515176,1.5445157901058812,0.26298024649715573,0.06683675598990733,0.2629808247204877,1.5295773567922477,0.028823436269883696,0.06690524695997246,0.028788614348975058,1.2586144770268886,1.9263817047288339,2.015054090687662,2.824081233088728,1.233674922921945,1.2904616431469793,1.8085710578560914,4.275927757762537e-05,,
