sample_name,porosity,nu,g,all_converged,total_iterations,iterations_x,iterations_y,iterations_z,K_star_xx,K_star_xy,K_star_xz,K_star_yx,K_star_yy,K_star_yz,K_star_zx,K_star_zy,K_star_zz,K_xx,K_xy,K_xz,K_yx,K_yy,K_yz,K_zx,K_zy,K_zz,K_star_eig1,K_star_eig2,K_star_eig3,K_eig1,K_eig2,K_eig3,symmetry_error,error_type,error_message
eps_0.02_coeffs_0.635_1.025_0.865_-12.448_105.523_-487.301_m_-0.567_rho_0.425_,0.5745611190795898,0.16666666666666666,1e-05,True,25000,10000,7500,7500,4.218571423815191,-0.10743449004718755,-1.1288861797085115,-0.10740785688128823,3.822955053240878,-0.13608006368382616,-1.128646390747222,-0.13669111989448593,5.802588877495808,2.423827118184435,-0.061727680829257135,-0.6486141067268053,-0.06171237844765339,2.196521333581052,-0.07818631367460101,-0.6484763333128639,-0.07853740281481822,3.333941959012772,3.541954973383621,3.910758507373699,6.391401873794555,2.035069613236813,2.2469697844466596,3.6722510130947867,0.0001121006747078216,,
