sample_name,porosity,nu,g,all_converged,total_iterations,iterations_x,iterations_y,iterations_z,K_star_xx,K_star_xy,K_star_xz,K_star_yx,K_star_yy,K_star_yz,K_star_zx,K_star_zy,K_star_zz,K_xx,K_xy,K_xz,K_yx,K_yy,K_yz,K_zx,K_zy,K_zz,K_star_eig1,K_star_eig2,K_star_eig3,K_eig1,K_eig2,K_eig3,symmetry_error,error_type,error_message
eps_0.02_coeffs_0.891_-0.623_0.604_61.326_146.438_-1818.259_m_-0.209_rho_0.499_,0.5014986991882324,0.16666666666666666,1e-05,True,85000,27500,27500,30000,0.8819997263640929,0.06643729038391019,0.011452373163910356,0.06643712173442738,0.8923308640068749,-0.010221153460930416,0.01145488126121162,-0.010219203425984081,0.8968298541433235,0.4423217154559695,0.03331821470512182,0.005743350244319265,0.03331813012762558,0.44750276754495927,-0.005125895164859904,0.005744608051853286,-0.0051249172248709444,0.44975900524604895,0.8175560555746202,0.8998000535469494,0.9538043353927214,0.4100032983841343,0.4512485563832969,0.47833163347954627,2.9116758508140006e-06,,
