sample_name,porosity,nu,g,all_converged,total_iterations,iterations_x,iterations_y,iterations_z,K_star_xx,K_star_xy,K_star_xz,K_star_yx,K_star_yy,K_star_yz,K_star_zx,K_star_zy,K_star_zz,K_xx,K_xy,K_xz,K_yx,K_yy,K_yz,K_zx,K_zy,K_zz,K_star_eig1,K_star_eig2,K_star_eig3,K_eig1,K_eig2,K_eig3,symmetry_error,error_type,error_message
eps_0.02_coeffs_0.396_-0.255_0.329_43.08_92.348_-3617.935_m_-0.578_rho_0.532_,0.46824169158935547,0.16666666666666666,1e-05,True,60000,20000,22500,17500,0.7550844306956355,0.023607366176824452,-0.007999075136428196,0.02360727559964939,0.7533499676309889,-0.01040164520917775,-0.007999597470072594,-0.010401906559105792,0.7507033094199766,0.3535620111217098,0.011053953072605616,-0.003745500473031493,0.011053910660595946,0.35274986320232044,-0.004870483948057705,-0.00374574505142072,-0.004870606322990108,0.3515105874845372,0.7303703977966094,0.7457093225746727,0.7830579873753196,0.3419898705510746,0.3491721946363171,0.3666603966211756,6.405749740200797e-07,,
