sample_name,porosity,nu,g,all_converged,total_iterations,iterations_x,iterations_y,iterations_z,K_star_xx,K_star_xy,K_star_xz,K_star_yx,K_star_yy,K_star_yz,K_star_zx,K_star_zy,K_star_zz,K_xx,K_xy,K_xz,K_yx,K_yy,K_yz,K_zx,K_zy,K_zz,K_star_eig1,K_star_eig2,K_star_eig3,K_eig1,K_eig2,K_eig3,symmetry_error,error_type,error_message
eps_0.02_coeffs_0.38_0.301_0.458_28.831_68.872_-478.115_m_-0.433_rho_0.431_,0.5685358047485352,0.16666666666666666,1e-05,True,67500,22500,22500,22500,4.257559076038177,0.41839750420980953,1.2364303793989424,0.4195709244184313,3.1983768624454143,-0.1241502939526682,1.2355717049695942,-0.1248937540490511,3.7573255336096327,2.420574775559795,0.2378739617607027,0.7029549407671144,0.23854109316331967,1.8183917633794986,-0.07058388728214741,0.7024667536094079,-0.07100657096634289,2.136174095952972,2.5403772877315345,3.375324643302489,5.297559541059203,1.444295445645348,1.9189929123675429,3.0118522768793743,0.0003408502781660211,,
