sample_name,porosity,nu,g,all_converged,total_iterations,iterations_x,iterations_y,iterations_z,K_star_xx,K_star_xy,K_star_xz,K_star_yx,K_star_yy,K_star_yz,K_star_zx,K_star_zy,K_star_zz,K_xx,K_xy,K_xz,K_yx,K_yy,K_yz,K_zx,K_zy,K_zz,K_star_eig1,K_star_eig2,K_star_eig3,K_eig1,K_eig2,K_eig3,symmetry_error,error_type,error_message
eps_0.02_coeffs_0.637_0.542_0.696_110.002_134.299_-3099.101_m_-0.36_rho_0.552_,0.447721004486084,0.16666666666666666,1e-05,True,255000,95000,92500,67500,0.43329843491487313,0.002504516529976816,-0.014761239252424448,0.0025043915825985015,0.3631860297414424,0.050718619239460805,-0.014760822084678191,0.0507159946937245,0.5750819904813024,0.19399681052233508,0.0011213246565532214,-0.006608916865554886,0.0011212687149874947,0.16260601405115135,0.022707791152038616,-0.006608730090792492,0.02270661608778524,0.2574762864401453,0.351271550299528,0.4324592772151352,0.5878356276229545,0.15727165134748872,0.19362110199408622,0.2631863576720569,4.645438499310177e-06,,
