sample_name,porosity,nu,g,all_converged,total_iterations,iterations_x,iterations_y,iterations_z,K_star_xx,K_star_xy,K_star_xz,K_star_yx,K_star_yy,K_star_yz,K_star_zx,K_star_zy,K_star_zz,K_xx,K_xy,K_xz,K_yx,K_yy,K_yz,K_zx,K_zy,K_zz,K_star_eig1,K_star_eig2,K_star_eig3,K_eig1,K_eig2,K_eig3,symmetry_error,error_type,error_message
eps_0.02_coeffs_0.68_-0.24_0.564_-0.078_131.356_83.793_m_-0.44_rho_0.305_,0.6951627731323242,0.16666666666666666,1e-05,True,27500,10000,7500,10000,3.6780765503432935,0.34201677755732257,-0.3635089115225515,0.3419541715246177,3.449982050153811,-0.32926065441425556,-0.3636499275179963,-0.32944263378117017,4.518811895749255,2.5568618945296167,0.23775733154452963,-0.2526978629923296,0.2377138101612197,2.3982990892416645,-0.22888974960597774,-0.252795892062779,-0.22901625488733496,3.141309808712387,3.2005388561172494,3.6522065846486025,4.794125055480509,2.224895466736223,2.538878057436456,3.3326972683109872,4.944484408457667e-05,,
