sample_name,porosity,nu,g,all_converged,total_iterations,iterations_x,iterations_y,iterations_z,K_star_xx,K_star_xy,K_star_xz,K_star_yx,K_star_yy,K_star_yz,K_star_zx,K_star_zy,K_star_zz,K_xx,K_xy,K_xz,K_yx,K_yy,K_yz,K_zx,K_zy,K_zz,K_star_eig1,K_star_eig2,K_star_eig3,K_eig1,K_eig2,K_eig3,symmetry_error,error_type,error_message
eps_0.02_coeffs_0.599_1.295_0.302_13.048_64.56_-28.976_m_-0.494_rho_0.371_,0.6292629241943359,0.16666666666666666,1e-05,True,102500,32500,35000,35000,21.872052955805795,-5.4388334571205155,-2.610942752306455,-5.4318321439357025,18.63212756896579,3.6091416143381574,-2.604022863691984,3.572664905372282,18.69077443081473,13.763272001103724,-3.422456245433645,-1.6429694712203677,-3.418050578625769,11.724507078009315,2.2710990060698952,-1.6386150418757266,2.248145565521043,11.761411373791203,14.04021921521733,17.26773362430866,27.88700211606031,8.834989399697164,10.865944554641331,17.548256498565745,0.0014973390235477183,,
