sample_name,porosity,nu,g,all_converged,total_iterations,iterations_x,iterations_y,iterations_z,K_star_xx,K_star_xy,K_star_xz,K_star_yx,K_star_yy,K_star_yz,K_star_zx,K_star_zy,K_star_zz,K_xx,K_xy,K_xz,K_yx,K_yy,K_yz,K_zx,K_zy,K_zz,K_star_eig1,K_star_eig2,K_star_eig3,K_eig1,K_eig2,K_eig3,symmetry_error,error_type,error_message
eps_0.02_coeffs_0.776_0.572_0.697_71.758_100.113_-1859.586_m_-0.413_rho_0.314_,0.6864023208618164,0.16666666666666666,1e-05,True,30000,10000,10000,10000,6.578981113278822,0.23594580097231538,1.5488661549213376,0.2358005820441826,3.98764845750645,0.22099342472124214,1.5513137257061427,0.22150093299689688,4.738221917239374,4.51582790506064,0.1619537453849975,1.0631453234423238,0.16185406677569408,2.7371311560134695,0.15169039962386172,1.0648253417094875,0.1520387544821277,3.2523265207514314,3.8152612965705255,3.9989432680505943,7.490646923403524,2.618804208660272,2.7448839401846654,5.141597432980603,0.00038039883815749187,,
