sample_name,porosity,nu,g,all_converged,total_iterations,iterations_x,iterations_y,iterations_z,K_star_xx,K_star_xy,K_star_xz,K_star_yx,K_star_yy,K_star_yz,K_star_zx,K_star_zy,K_star_zz,K_xx,K_xy,K_xz,K_yx,K_yy,K_yz,K_zx,K_zy,K_zz,K_star_eig1,K_star_eig2,K_star_eig3,K_eig1,K_eig2,K_eig3,symmetry_error,error_type,error_message
eps_0.02_coeffs_0.716_0.788_0.311_36.235_116.033_-386.119_m_-0.366_rho_0.377_,0.6228814125061035,0.16666666666666666,1e-05,True,62500,20000,20000,22500,1.8495750401127642,0.14254520490029393,0.0545453873068404,0.14263564833986522,1.9882670432386287,0.026713959553353445,0.05455030713977075,0.026687940494574174,1.5462130008431119,1.1520659135214717,0.08878875857426703,0.03397530789137724,0.08884509411165911,1.238454584331811,0.016639628860223712,0.03397837236386219,0.0166234220721392,0.9631073380004586,1.5366936858556293,1.7648540955113627,2.0825073028275116,0.957177933634965,1.0992948118792993,1.2971550903394757,4.2545275453850925e-05,,
