sample_name,porosity,nu,g,all_converged,total_iterations,iterations_x,iterations_y,iterations_z,K_star_xx,K_star_xy,K_star_xz,K_star_yx,K_star_yy,K_star_yz,K_star_zx,K_star_zy,K_star_zz,K_xx,K_xy,K_xz,K_yx,K_yy,K_yz,K_zx,K_zy,K_zz,K_star_eig1,K_star_eig2,K_star_eig3,K_eig1,K_eig2,K_eig3,symmetry_error,error_type,error_message
eps_0.02_coeffs_0.771_1.08_0.48_-16.071_6.068_-1306.668_m_-0.207_rho_0.48_,0.5201807022094727,0.16666666666666666,1e-05,True,35000,12500,12500,10000,2.81449638506075,0.02002330740788379,0.03313988841148569,0.02002182265153376,2.9501502754166613,-0.013327789737354444,0.03313388960607951,-0.013336114926686356,2.9849427429699658,1.4640467059469233,0.010415738107989125,0.017238730425030192,0.010414965766388357,1.534611241889708,-0.006932859024477238,0.01723560996222159,-0.006937189627309938,1.5527096120931863,2.8048970429444293,2.9513481350002215,2.9933442255027245,1.4590533134241066,1.5352343453290336,1.5570799011766774,2.9015064895032344e-06,,
