sample_name,porosity,nu,g,all_converged,total_iterations,iterations_x,iterations_y,iterations_z,K_star_xx,K_star_xy,K_star_xz,K_star_yx,K_star_yy,K_star_yz,K_star_zx,K_star_zy,K_star_zz,K_xx,K_xy,K_xz,K_yx,K_yy,K_yz,K_zx,K_zy,K_zz,K_star_eig1,K_star_eig2,K_star_eig3,K_eig1,K_eig2,K_eig3,symmetry_error,error_type,error_message
eps_0.02_coeffs_0.684_1.463_0.404_78.365_69.717_-2499.961_m_-0.388_rho_0.361_,0.6390781402587891,0.16666666666666666,1e-05,True,45000,12500,12500,20000,3.3935299310975644,-0.9846751653199781,0.1360940423659298,-0.9846579127020525,2.870135005898704,0.2971785628117878,0.13607428220426457,0.2970974426632552,1.8024900610142527,2.1687307972783683,-0.6292843734117073,0.08697472749551928,-0.6292733476407287,1.8342405418613923,0.18992032324653707,0.08696209920815104,0.18986848113287536,1.15193199602794,1.6019338719484897,2.3112170123128637,4.153004113749167,1.0237609197024022,1.477048269963379,2.6540941455019182,2.4039433202152926e-05,,
