sample_name,porosity,nu,g,all_converged,total_iterations,iterations_x,iterations_y,iterations_z,K_star_xx,K_star_xy,K_star_xz,K_star_yx,K_star_yy,K_star_yz,K_star_zx,K_star_zy,K_star_zz,K_xx,K_xy,K_xz,K_yx,K_yy,K_yz,K_zx,K_zy,K_zz,K_star_eig1,K_star_eig2,K_star_eig3,K_eig1,K_eig2,K_eig3,symmetry_error,error_type,error_message
eps_0.02_coeffs_0.807_1.461_0.353_72.712_149.85_-1789.496_m_-0.574_rho_0.306_,0.6941876411437988,0.16666666666666666,1e-05,True,35000,10000,12500,12500,4.449453396726533,-0.3279871759943091,0.505618582605183,-0.3279855237930609,4.345259165397402,0.10159308700107027,0.5057499372737884,0.1020571072192962,4.374505472104268,3.088755557852855,-0.22768464402890543,0.350994171177163,-0.22768349709121824,3.0164252101856945,0.0705246654217897,0.35108535596471535,0.070846782522523,3.0367276348507017,3.749337328181471,4.447118623499983,4.9727620825467485,2.6027436357026894,3.0871347871341106,3.4520299800524525,8.912168005936199e-05,,
