sample_name,porosity,nu,g,all_converged,total_iterations,iterations_x,iterations_y,iterations_z,K_star_xx,K_star_xy,K_star_xz,K_star_yx,K_star_yy,K_star_yz,K_star_zx,K_star_zy,K_star_zz,K_xx,K_xy,K_xz,K_yx,K_yy,K_yz,K_zx,K_zy,K_zz,K_star_eig1,K_star_eig2,K_star_eig3,K_eig1,K_eig2,K_eig3,symmetry_error,error_type,error_message
eps_0.02_coeffs_0.14_-0.544_0.343_97.267_42.514_406.358_m_-0.51_rho_0.449_,0.5512022972106934,0.16666666666666666,1e-05,True,22500,7500,7500,7500,18.830286574821372,-0.48132149410220704,1.8989416400104253,-0.4851239974434441,18.77892562731678,2.1633168177842412,1.9032197812592564,2.164631213257995,14.444860131140077,10.37929721717722,-0.2653055132460197,1.0467009942427878,-0.2674014618228609,10.35098694492577,1.1924251995572006,1.0490591155269355,1.193149697361777,7.962040087171568,12.909378210077355,19.287234908001036,19.85745921519984,7.115678924956306,10.631168188132447,10.9454771361858,0.0002719123027015627,,
