sample_name,porosity,nu,g,all_converged,total_iterations,iterations_x,iterations_y,iterations_z,K_star_xx,K_star_xy,K_star_xz,K_star_yx,K_star_yy,K_star_yz,K_star_zx,K_star_zy,K_star_zz,K_xx,K_xy,K_xz,K_yx,K_yy,K_yz,K_zx,K_zy,K_zz,K_star_eig1,K_star_eig2,K_star_eig3,K_eig1,K_eig2,K_eig3,symmetry_error,error_type,error_message
eps_0.02_coeffs_0.864_1.489_0.44_47.984_81.733_-2354.175_m_-0.595_rho_0.315_,0.6852631568908691,0.16666666666666666,1e-05,True,22500,7500,7500,7500,10.002339729294686,-0.030714130516457754,0.6332720506592934,-0.02819554299600283,9.68351420156767,2.4822680959739043,0.6305523537462332,2.481679196467701,10.192844914380192,6.854234899191438,-0.021047262038866022,0.4339580046055418,-0.019321366803693132,6.635755511563826,1.7010068716965645,0.4320942965131118,1.7006033205618523,6.984781083727211,7.36769055253794,9.996542404874072,12.514465887830537,5.048806887027186,6.850262206357447,8.575702401097846,0.00030106399414143406,,
