sample_name,porosity,nu,g,all_converged,total_iterations,iterations_x,iterations_y,iterations_z,K_star_xx,K_star_xy,K_star_xz,K_star_yx,K_star_yy,K_star_yz,K_star_zx,K_star_zy,K_star_zz,K_xx,K_xy,K_xz,K_yx,K_yy,K_yz,K_zx,K_zy,K_zz,K_star_eig1,K_star_eig2,K_star_eig3,K_eig1,K_eig2,K_eig3,symmetry_error,error_type,error_message
eps_0.02_coeffs_0.26_-0.447_0.75_86.217_109.962_460.679_m_-0.294_rho_0.42_,0.5798459053039551,0.16666666666666666,1e-05,True,30000,10000,10000,10000,22.057059659280185,1.4616553645096353,0.006498640263808438,1.4983231807920736,15.88680490800649,3.486754934511257,0.025106262190093695,3.5005454916758403,17.002716118493698,12.789695726478666,0.8475348780764719,0.003768209947012737,0.8687965612042815,9.21189877427034,2.0217805715747126,0.014557763328413336,2.0297769696784562,9.858955320354127,12.762204984496929,19.615536822141895,22.56883887914155,7.400112302910269,11.373988706657931,13.08644881153493,0.0018867286784628014,,
