sample_name,porosity,nu,g,all_converged,total_iterations,iterations_x,iterations_y,iterations_z,K_star_xx,K_star_xy,K_star_xz,K_star_yx,K_star_yy,K_star_yz,K_star_zx,K_star_zy,K_star_zz,K_xx,K_xy,K_xz,K_yx,K_yy,K_yz,K_zx,K_zy,K_zz,K_star_eig1,K_star_eig2,K_star_eig3,K_eig1,K_eig2,K_eig3,symmetry_error,error_type,error_message
eps_0.02_coeffs_0.665_0.236_0.325_21.771_117.864_-1130.727_m_-0.327_rho_0.528_,0.4719367027282715,0.16666666666666666,1e-05,True,55000,20000,17500,17500,1.0351192593391134,-0.004571859513293398,0.009333724412775567,-0.004571420326707909,1.0344546228633988,0.008430843008430708,0.009333961698120934,0.008430179159699751,1.0301750140955674,0.48851077018303174,-0.0021576283040405666,0.004404927123539673,-0.002157421035771528,0.48819710383617004,0.003978824250618489,0.004405039107203171,0.003978510956037291,0.4861773993853127,1.0176319281947404,1.0392269460848418,1.0428900220184976,0.48025785678323885,0.4904493383216516,0.4921780782996241,6.563144884907213e-07,,
