sample_name,porosity,nu,g,all_converged,total_iterations,iterations_x,iterations_y,iterations_z,K_star_xx,K_star_xy,K_star_xz,K_star_yx,K_star_yy,K_star_yz,K_star_zx,K_star_zy,K_star_zz,K_xx,K_xy,K_xz,K_yx,K_yy,K_yz,K_zx,K_zy,K_zz,K_star_eig1,K_star_eig2,K_star_eig3,K_eig1,K_eig2,K_eig3,symmetry_error,error_type,error_message
eps_0.02_coeffs_0.722_0.678_0.779_32.649_90.864_-231.048_m_-0.312_rho_0.594_,0.4057302474975586,0.16666666666666666,1e-05,True,190000,52500,52500,85000,0.6635085218760682,0.2739966900207666,0.02546709194848219,0.2739725121408399,0.5849220531731995,0.016208804892720936,0.025468349526340087,0.016210462656846412,0.20831428853358575,0.26920547679751644,0.11116874485563748,0.01033276951930076,0.11115893515843085,0.23732056940074234,0.006576402420763304,0.010333279756676294,0.006577075025812226,0.08451940784400958,0.20688972412965276,0.347578850953328,0.9022762884998727,0.08394141897582563,0.1410232532222107,0.36608078184423193,3.470772377233724e-05,,
