sample_name,porosity,nu,g,all_converged,total_iterations,iterations_x,iterations_y,iterations_z,K_star_xx,K_star_xy,K_star_xz,K_star_yx,K_star_yy,K_star_yz,K_star_zx,K_star_zy,K_star_zz,K_xx,K_xy,K_xz,K_yx,K_yy,K_yz,K_zx,K_zy,K_zz,K_star_eig1,K_star_eig2,K_star_eig3,K_eig1,K_eig2,K_eig3,symmetry_error,error_type,error_message
eps_0.02_coeffs_0.47_1.493_0.612_109.626_39.694_-3837.416_m_-0.516_rho_0.301_,0.6988186836242676,0.16666666666666666,1e-05,True,22500,7500,7500,7500,6.948857337830792,-2.1454304650982197,-0.30321525600490057,-2.1445799280542786,5.290808719464889,-1.6346543723576683,-0.301016714081961,-1.6343188817503171,9.515917332211755,4.855991337515746,-1.499266893427338,-0.21189248605613992,-1.4986725222499173,3.6973159846442503,-1.142327016671639,-0.21035610388365852,-1.1420925695670416,6.649900823573571,3.4357139244420205,8.174875400236687,10.144994064828724,2.400941081988138,5.71275566598581,7.089511397759617,0.00024990774404416477,,
