sample_name,porosity,nu,g,all_converged,total_iterations,iterations_x,iterations_y,iterations_z,K_star_xx,K_star_xy,K_star_xz,K_star_yx,K_star_yy,K_star_yz,K_star_zx,K_star_zy,K_star_zz,K_xx,K_xy,K_xz,K_yx,K_yy,K_yz,K_zx,K_zy,K_zz,K_star_eig1,K_star_eig2,K_star_eig3,K_eig1,K_eig2,K_eig3,symmetry_error,error_type,error_message
eps_0.02_coeffs_0.773_-0.026_0.77_-3.57_71.181_549.122_m_-0.641_rho_0.389_,0.6105437278747559,0.16666666666666666,1e-05,True,47500,17500,15000,15000,57.57605260824046,3.1072230059647903,5.159570496262451,2.847046961049249,47.98190354835394,-4.315527692999886,5.069245013377257,-4.363375500230087,48.96255669203715,35.15269779574819,1.8970955173999478,3.150143405020681,1.7382466650335031,29.29505026293899,-2.6348183654308954,3.094995747977867,-2.6640315440278552,29.893781889035434,42.0855147919875,52.45745614916835,59.977541907475654,25.695047090628247,32.02757083213978,36.61891202495458,0.004386420537776142,,
