sample_name,porosity,nu,g,all_converged,total_iterations,iterations_x,iterations_y,iterations_z,K_star_xx,K_star_xy,K_star_xz,K_star_yx,K_star_yy,K_star_yz,K_star_zx,K_star_zy,K_star_zz,K_xx,K_xy,K_xz,K_yx,K_yy,K_yz,K_zx,K_zy,K_zz,K_star_eig1,K_star_eig2,K_star_eig3,K_eig1,K_eig2,K_eig3,symmetry_error,error_type,error_message
eps_0.02_coeffs_0.763_0.674_0.519_14.833_147.299_914.834_m_-0.444_rho_0.538_,0.4615802764892578,0.16666666666666666,1e-05,True,42500,12500,15000,15000,9.868355384275246,1.0575083064894788,1.4973312455160506,1.0558154160560007,5.3255686596351195,-0.4640469619913456,1.4971521986278369,-0.46345159792587765,4.765063393551667,4.555038206768024,0.4881249764991004,0.6911385703013034,0.48734357166474956,2.4581774543769046,-0.2141949250199654,0.6910559257891372,-0.21392011671001496,2.1994592786844196,3.941241390404907,5.582304733074352,10.435441313982773,1.8191992906940042,2.576681762139751,4.816793886995591,0.00020446252845532568,,
