sample_name,porosity,nu,g,all_converged,total_iterations,iterations_x,iterations_y,iterations_z,K_star_xx,K_star_xy,K_star_xz,K_star_yx,K_star_yy,K_star_yz,K_star_zx,K_star_zy,K_star_zz,K_xx,K_xy,K_xz,K_yx,K_yy,K_yz,K_zx,K_zy,K_zz,K_star_eig1,K_star_eig2,K_star_eig3,K_eig1,K_eig2,K_eig3,symmetry_error,error_type,error_message
eps_0.02_coeffs_0.375_1.238_0.908_12.859_20.672_-2238.328_m_-0.374_rho_0.349_,0.6509075164794922,0.16666666666666666,1e-05,True,22500,7500,7500,7500,4.9663188486857175,0.11632860809618004,0.12911729138301498,0.11628573455912242,4.86474719230196,-0.09144967728001971,0.12918704603763292,-0.09145857636226072,4.917607170523508,3.2326142678433114,0.0757191653914007,0.08404341546867722,0.07569125868387183,3.1665005132418513,-0.05952528232118867,0.08408881929767748,-0.05953107480070911,3.200907470387199,4.6894396885019125,4.978788716472586,5.080444806536683,3.0523915413231464,3.2407309985152897,3.3068997116339274,1.3670635289675481e-05,,
