sample_name,porosity,nu,g,all_converged,total_iterations,iterations_x,iterations_y,iterations_z,K_star_xx,K_star_xy,K_star_xz,K_star_yx,K_star_yy,K_star_yz,K_star_zx,K_star_zy,K_star_zz,K_xx,K_xy,K_xz,K_yx,K_yy,K_yz,K_zx,K_zy,K_zz,K_star_eig1,K_star_eig2,K_star_eig3,K_eig1,K_eig2,K_eig3,symmetry_error,error_type,error_message
eps_0.02_coeffs_0.977_-0.513_0.68_62.815_51.399_-3812.632_m_-0.298_rho_0.589_,0.4106755256652832,0.16666666666666666,1e-05,True,47500,17500,15000,15000,2.1449572117918203,0.2110775472401558,0.056765435407356686,0.21107197530954655,1.6763490561503698,-0.20205594216861192,0.056769664477256385,-0.20204468184339675,1.9578712456212912,0.880881430482146,0.08668438266898963,0.023312175025534888,0.08668209441345771,0.6884355298330544,-0.08297943026388876,0.02331391180103902,-0.08297480592391186,0.8040498029804666,1.499849446442903,2.0514394566532443,2.227888610467334,0.6159514598367235,0.8424759772315741,0.9149393262273697,5.547188347334545e-06,,
