sample_name,porosity,nu,g,all_converged,total_iterations,iterations_x,iterations_y,iterations_z,K_star_xx,K_star_xy,K_star_xz,K_star_yx,K_star_yy,K_star_yz,K_star_zx,K_star_zy,K_star_zz,K_xx,K_xy,K_xz,K_yx,K_yy,K_yz,K_zx,K_zy,K_zz,K_star_eig1,K_star_eig2,K_star_eig3,K_eig1,K_eig2,K_eig3,symmetry_error,error_type,error_message
eps_0.02_coeffs_0.452_0.795_0.786_24.009_41.332_-958.372_m_-0.35_rho_0.623_,0.37688159942626953,0.16666666666666666,1e-05,True,57500,20000,20000,17500,1.923139471444449,-0.22688515087397318,-0.13070060691693441,-0.22687436092342494,1.970559993625628,-0.14619619262109232,-0.13073204821606083,-0.14619846466542996,1.8006650959703956,0.7247958799177745,-0.08550883854745349,-0.049258653780838386,-0.08550477201363314,0.7426678021630462,-0.05509865490506825,-0.04927050342794119,-0.05509951119677219,0.6786375414003798,1.5601729111416012,1.957709442030617,2.1764822078682537,0.5880004621325857,0.7378246657244087,0.8202760956242059,1.4204694798376425e-05,,
