sample_name,porosity,nu,g,all_converged,total_iterations,iterations_x,iterations_y,iterations_z,K_star_xx,K_star_xy,K_star_xz,K_star_yx,K_star_yy,K_star_yz,K_star_zx,K_star_zy,K_star_zz,K_xx,K_xy,K_xz,K_yx,K_yy,K_yz,K_zx,K_zy,K_zz,K_star_eig1,K_star_eig2,K_star_eig3,K_eig1,K_eig2,K_eig3,symmetry_error,error_type,error_message
eps_0.02_coeffs_0.72_0.755_0.413_44.061_125.751_-1164.459_m_-0.579_rho_0.655_,0.3447227478027344,0.16666666666666666,1e-05,True,137500,42500,50000,45000,0.45975936112331145,-0.02372302525131696,-0.038254809363583095,-0.023723038330452913,0.6398453346540619,-0.026468314262387597,-0.038254936472866805,-0.026468227953624295,0.6447667719265423,0.15848951029445757,-0.008177866450827635,-0.013187303000484136,-0.00817787095950332,0.22056924193070837,-0.009124230022236557,-0.013187346817945688,-0.009124200269642512,0.2222657733104166,0.4479023807092085,0.6267182381152863,0.6697508488794206,0.1544021394254648,0.21604403314118992,0.23087835296892778,2.1363315349979011e-07,,
