sample_name,porosity,nu,g,all_converged,total_iterations,iterations_x,iterations_y,iterations_z,K_star_xx,K_star_xy,K_star_xz,K_star_yx,K_star_yy,K_star_yz,K_star_zx,K_star_zy,K_star_zz,K_xx,K_xy,K_xz,K_yx,K_yy,K_yz,K_zx,K_zy,K_zz,K_star_eig1,K_star_eig2,K_star_eig3,K_eig1,K_eig2,K_eig3,symmetry_error,error_type,error_message
eps_0.02_coeffs_0.207_0.496_0.634_51.705_93.606_-1125.696_m_-0.612_rho_0.314_,0.6864285469055176,0.16666666666666666,1e-05,True,30000,10000,10000,10000,18.625200247015414,-0.9126515683866526,-3.3692994882022833,-0.922007608969617,20.82864446463627,0.5920510485213176,-3.353270520109437,0.5821106851934692,16.69665521436104,12.784869141383078,-0.6264700899186916,-2.3127833517761975,-0.6328923432608449,14.297376153871927,0.40640074093037615,-2.30178061049983,0.39957739177552826,11.461060776976282,14.170530212216379,19.891644548608397,22.088325165187932,9.727056462452426,13.654192663062327,15.16205694671653,0.0009041507710408869,,
