sample_name,porosity,nu,g,all_converged,total_iterations,iterations_x,iterations_y,iterations_z,K_star_xx,K_star_xy,K_star_xz,K_star_yx,K_star_yy,K_star_yz,K_star_zx,K_star_zy,K_star_zz,K_xx,K_xy,K_xz,K_yx,K_yy,K_yz,K_zx,K_zy,K_zz,K_star_eig1,K_star_eig2,K_star_eig3,K_eig1,K_eig2,K_eig3,symmetry_error,error_type,error_message
eps_0.02_coeffs_0.765_0.938_0.296_-11.761_101.621_-186.362_m_-0.466_rho_0.443_,0.557307243347168,0.16666666666666666,1e-05,True,42500,15000,15000,12500,1.9594295682030747,-0.011941467780097057,0.04488233878149806,-0.011944694738929463,1.918551772432619,-0.023991094416512707,0.04488587363499553,-0.02398655626772087,2.0441750787120228,1.092004291188187,-0.006655066490044916,0.025013252501290374,-0.006656864897576199,1.0692227995132462,-0.01337041069414833,0.025015222500748682,-0.013367881550955252,1.1392335780359775,1.91369210305996,1.9401545473040418,2.068309768983715,1.0665144705715908,1.0812621824254878,1.1526840157403322,2.726482402983959e-06,,
