sample_name,porosity,nu,g,all_converged,total_iterations,iterations_x,iterations_y,iterations_z,K_star_xx,K_star_xy,K_star_xz,K_star_yx,K_star_yy,K_star_yz,K_star_zx,K_star_zy,K_star_zz,K_xx,K_xy,K_xz,K_yx,K_yy,K_yz,K_zx,K_zy,K_zz,K_star_eig1,K_star_eig2,K_star_eig3,K_eig1,K_eig2,K_eig3,symmetry_error,error_type,error_message
eps_0.02_coeffs_0.658_0.605_0.438_89.269_119.709_-2259.539_m_-0.253_rho_0.446_,0.5536923408508301,0.16666666666666666,1e-05,True,115000,35000,42500,37500,0.7165582094437094,-0.07037995186422556,0.03150060483729308,-0.07037848538716092,0.8257705703761472,0.0018745051193383854,0.03150382983550121,0.0018731411901917855,0.8452113682431015,0.39675279234276684,-0.038968840296671796,0.017441643630577784,-0.038968028319553066,0.4572228401172941,0.0010378991274633351,0.017443429287384883,0.0010371439303413998,0.4679870609962558,0.6770211591435167,0.8422601466280025,0.8682588422914385,0.37486143041171627,0.4663529921918221,0.48074827085277855,3.8728787979394695e-06,,
