sample_name,porosity,nu,g,all_converged,total_iterations,iterations_x,iterations_y,iterations_z,K_star_xx,K_star_xy,K_star_xz,K_star_yx,K_star_yy,K_star_yz,K_star_zx,K_star_zy,K_star_zz,K_xx,K_xy,K_xz,K_yx,K_yy,K_yz,K_zx,K_zy,K_zz,K_star_eig1,K_star_eig2,K_star_eig3,K_eig1,K_eig2,K_eig3,symmetry_error,error_type,error_message
eps_0.02_coeffs_0.551_1.403_0.866_-34.15_135.866_716.67_m_-0.402_rho_0.499_,0.5008730888366699,0.16666666666666666,1e-05,True,50000,17500,15000,17500,1.2276133328623995,0.01949607784890135,-0.055816856202169904,0.0194973888206665,1.2835642853010965,-0.018458854958320798,-0.05581853798846349,-0.01846481790568398,1.312839231376071,0.6148784819278691,0.009765060732379397,-0.027957161175133076,0.009765717362856788,0.6429028082991928,-0.009245543699362218,-0.02795800353662871,-0.009248530379226585,0.6575658409652922,1.1989246630636108,1.2750135125914726,1.3500786738844837,0.6005090992711345,0.6386199563601834,0.6762180755610363,4.051727675475656e-06,,
