sample_name,porosity,nu,g,all_converged,total_iterations,iterations_x,iterations_y,iterations_z,K_star_xx,K_star_xy,K_star_xz,K_star_yx,K_star_yy,K_star_yz,K_star_zx,K_star_zy,K_star_zz,K_xx,K_xy,K_xz,K_yx,K_yy,K_yz,K_zx,K_zy,K_zz,K_star_eig1,K_star_eig2,K_star_eig3,K_eig1,K_eig2,K_eig3,symmetry_error,error_type,error_message
eps_0.02_coeffs_0.441_1.315_0.927_-38.301_75.842_-3343.24_m_-0.426_rho_0.304_,0.6961908340454102,0.16666666666666666,1e-05,True,32500,12500,10000,10000,2.4641586316072157,0.02157806728735541,0.026939800276709194,0.021577889793868255,2.46689419004719,0.0008602678498600739,0.026941569804998507,0.0008597828938199696,2.458081816614799,1.7155246529588242,0.015022452661871943,0.018755242023658945,0.015022329092533085,1.7174291236707298,0.0005989105918965365,0.01875647395303455,0.000598572969946501,1.7112940300609139,2.428429045255077,2.4626371093597133,2.4980684836544143,1.6906500424362316,1.7144653831163172,1.7391323811379198,6.110256977128808e-07,,
