sample_name,porosity,nu,g,all_converged,total_iterations,iterations_x,iterations_y,iterations_z,K_star_xx,K_star_xy,K_star_xz,K_star_yx,K_star_yy,K_star_yz,K_star_zx,K_star_zy,K_star_zz,K_xx,K_xy,K_xz,K_yx,K_yy,K_yz,K_zx,K_zy,K_zz,K_star_eig1,K_star_eig2,K_star_eig3,K_eig1,K_eig2,K_eig3,symmetry_error,error_type,error_message
eps_0.02_coeffs_0.15_1.439_0.574_74.084_129.843_-69.584_m_-0.49_rho_0.377_,0.6228427886962891,0.16666666666666666,1e-05,True,37500,10000,15000,12500,14.644860007446027,1.6229795224822567,-0.883627203423895,1.6231718934719874,10.947973752281598,1.0387830065241872,-0.8894373735305323,1.0410079035351314,14.985647516910422,9.12144544710444,1.0108610917798204,-0.5503608315484418,1.0109809086635284,6.8188665024448465,0.6469985046338402,-0.5539796541004597,0.6483842656926987,9.333702489852106,10.001001865539092,14.837358424567686,15.740120986531274,6.229051891689152,9.241341698044115,9.803620849668121,0.00036939168253768566,,
