sample_name,porosity,nu,g,all_converged,total_iterations,iterations_x,iterations_y,iterations_z,K_star_xx,K_star_xy,K_star_xz,K_star_yx,K_star_yy,K_star_yz,K_star_zx,K_star_zy,K_star_zz,K_xx,K_xy,K_xz,K_yx,K_yy,K_yz,K_zx,K_zy,K_zz,K_star_eig1,K_star_eig2,K_star_eig3,K_eig1,K_eig2,K_eig3,symmetry_error,error_type,error_message
eps_0.02_coeffs_0.246_1.173_0.397_85.072_50.837_-3157.165_m_-0.287_rho_0.431_,0.5685834884643555,0.16666666666666666,1e-05,True,330000,122500,117500,90000,0.24038408047803933,0.03641233297852428,-0.01634403586881505,0.036412176950499024,0.2612917725298609,0.08226958321042062,-0.016345040237918346,0.08226900961656046,0.38236253206960935,0.13667841904949998,0.02070345130805503,-0.009292948929877415,0.02070336259309613,0.14856618753206316,0.04677712661628952,-0.009293519997565872,0.04677680048029155,0.21740502234220246,0.1888388842988369,0.27121225424974726,0.42398724652892533,0.10737067159234953,0.15420680963560304,0.24107214769581303,3.0703395228160977e-06,,
