sample_name,porosity,nu,g,all_converged,total_iterations,iterations_x,iterations_y,iterations_z,K_star_xx,K_star_xy,K_star_xz,K_star_yx,K_star_yy,K_star_yz,K_star_zx,K_star_zy,K_star_zz,K_xx,K_xy,K_xz,K_yx,K_yy,K_yz,K_zx,K_zy,K_zz,K_star_eig1,K_star_eig2,K_star_eig3,K_eig1,K_eig2,K_eig3,symmetry_error,error_type,error_message
eps_0.02_coeffs_0.674_1.43_0.938_-4.03_36.014_787.963_m_-0.612_rho_0.303_,0.6968040466308594,0.16666666666666666,1e-05,True,67500,22500,22500,22500,86.06130514408586,45.03309016340054,4.173367897047643,46.36267510411434,90.34196019408022,14.084663372573605,5.127236971872678,14.260281069097639,100.4646925288865,59.967865682732224,31.379239458149844,2.9080196387421173,32.30569962517867,62.95064344379911,9.814250433442735,3.572679470036236,9.936621555040672,70.00420429765317,41.13138835014932,96.16575167799778,139.5708178389055,28.660517845929437,67.00868491652719,97.2535106617279,0.013374299522344823,,
