sample_name,porosity,nu,g,all_converged,total_iterations,iterations_x,iterations_y,iterations_z,K_star_xx,K_star_xy,K_star_xz,K_star_yx,K_star_yy,K_star_yz,K_star_zx,K_star_zy,K_star_zz,K_xx,K_xy,K_xz,K_yx,K_yy,K_yz,K_zx,K_zy,K_zz,K_star_eig1,K_star_eig2,K_star_eig3,K_eig1,K_eig2,K_eig3,symmetry_error,error_type,error_message
eps_0.02_coeffs_0.379_1.486_0.738_-7.696_1.847_-1730.816_m_-0.551_rho_0.366_,0.6341156959533691,0.16666666666666666,1e-05,True,22500,7500,7500,7500,6.0611425152648355,-0.05972005607792961,-0.11883023132967702,-0.0594946687439786,6.108507058702,-0.374877440669953,-0.11907655998147709,-0.3749887491384269,6.355685222877858,3.8434656043397153,-0.03786942492223057,-0.075352114839918,-0.03772650327610315,3.8735002047648868,-0.23771566918764508,-0.07550831570438746,-0.23778625163459693,4.030239758365737,5.785849214863723,6.105721054731754,6.633764527249215,3.668897801564562,3.8717335559183654,4.2065742099874095,4.646140356340084e-05,,
