sample_name,porosity,nu,g,all_converged,total_iterations,iterations_x,iterations_y,iterations_z,K_star_xx,K_star_xy,K_star_xz,K_star_yx,K_star_yy,K_star_yz,K_star_zx,K_star_zy,K_star_zz,K_xx,K_xy,K_xz,K_yx,K_yy,K_yz,K_zx,K_zy,K_zz,K_star_eig1,K_star_eig2,K_star_eig3,K_eig1,K_eig2,K_eig3,symmetry_error,error_type,error_message
eps_0.02_coeffs_0.928_0.898_0.72_28.089_99.774_907.689_m_-0.475_rho_0.403_,0.5966858863830566,0.16666666666666666,1e-05,True,75000,22500,27500,25000,69.9049687714422,-0.37953683799963406,-8.906834790083101,0.21183270178675456,147.63666179677776,-10.915211532685575,-8.137186455682086,-10.0371984674342,100.29190283332447,41.711308253967886,-0.22646427459683421,-5.314582611588182,0.12639758343054736,88.09271240684589,-6.512952668439055,-4.855344312972869,-5.989054664343633,59.8427629391456,67.79818810354143,100.31614294679531,149.7192023512077,40.45422196372683,59.85722667273794,89.3353349634946,0.009608629707671543,,
