sample_name,porosity,nu,g,all_converged,total_iterations,iterations_x,iterations_y,iterations_z,K_star_xx,K_star_xy,K_star_xz,K_star_yx,K_star_yy,K_star_yz,K_star_zx,K_star_zy,K_star_zz,K_xx,K_xy,K_xz,K_yx,K_yy,K_yz,K_zx,K_zy,K_zz,K_star_eig1,K_star_eig2,K_star_eig3,K_eig1,K_eig2,K_eig3,symmetry_error,error_type,error_message
eps_0.02_coeffs_0.52_1.285_0.688_-34.72_102.565_-671.497_m_-0.626_rho_0.444_,0.5557880401611328,0.16666666666666666,1e-05,True,35000,12500,12500,10000,2.644457029498029,-0.0019333963996388884,-0.009219459826723127,-0.001935145797673127,2.717614391159793,-0.019185938678186458,-0.00920454936245803,-0.01917604061068784,2.5388353721638572,1.4697575897150406,-0.0010745585958098882,-0.005124065508438744,-0.0010755308903147994,1.5104175763763916,-0.010663315256600926,-0.005115778450726953,-0.010657814029064487,1.4110543357867105,2.535994351582802,2.6452521710113905,2.719660270227486,1.4094753305259085,1.4701995198584026,1.511554651493832,5.572624723462807e-06,,
