sample_name,porosity,nu,g,all_converged,total_iterations,iterations_x,iterations_y,iterations_z,K_star_xx,K_star_xy,K_star_xz,K_star_yx,K_star_yy,K_star_yz,K_star_zx,K_star_zy,K_star_zz,K_xx,K_xy,K_xz,K_yx,K_yy,K_yz,K_zx,K_zy,K_zz,K_star_eig1,K_star_eig2,K_star_eig3,K_eig1,K_eig2,K_eig3,symmetry_error,error_type,error_message
eps_0.02_coeffs_0.919_1.151_0.649_76.583_107.655_-2365.582_m_-0.366_rho_0.332_,0.6677818298339844,0.16666666666666666,1e-05,True,40000,12500,12500,15000,2.9719472409368737,-0.18425628487366974,-0.13481377332039335,-0.18437988718001577,2.3238415917471618,0.7252931839365014,-0.13493489322006566,0.7253750808410777,3.7107227620325656,1.9846123667228868,-0.12304299907135108,-0.09002618823471625,-0.12312553844565453,1.5518191903812386,0.4843376095352335,-0.09010706990294874,0.4843922988000292,2.4779532360367234,1.9995359536485544,2.950351097770473,4.056624543297577,1.3352537779462723,1.97019085472187,2.708940160472706,5.014127548980036e-05,,
