sample_name,porosity,nu,g,all_converged,total_iterations,iterations_x,iterations_y,iterations_z,K_star_xx,K_star_xy,K_star_xz,K_star_yx,K_star_yy,K_star_yz,K_star_zx,K_star_zy,K_star_zz,K_xx,K_xy,K_xz,K_yx,K_yy,K_yz,K_zx,K_zy,K_zz,K_star_eig1,K_star_eig2,K_star_eig3,K_eig1,K_eig2,K_eig3,symmetry_error,error_type,error_message
eps_0.02_coeffs_0.688_1.407_0.541_87.748_67.547_-1809.575_m_-0.607_rho_0.348_,0.6516890525817871,0.16666666666666666,1e-05,True,152500,20000,65000,67500,47.26704689243957,-1.2028079459541342e-12,-3.6076667101965686e-13,1.4330248031461142e-09,0.16666645466721727,1.1124921125394981e-12,1.4165287207759876e-09,1.2114271734943619e-12,0.16666656475362263,30.80341700767285,-7.838567707366952e-13,-2.3510769003988546e-13,9.338865762884932e-10,0.10861470393924419,7.249989308255764e-13,9.231362599973942e-10,7.89473826966373e-13,0.1086147756813494,0.16666645466721733,0.16666656475362263,47.26704689243957,0.10861470393924415,0.10861477568134939,30.80341700767285,6.031970598363766e-11,,
