sample_name,porosity,nu,g,all_converged,total_iterations,iterations_x,iterations_y,iterations_z,K_star_xx,K_star_xy,K_star_xz,K_star_yx,K_star_yy,K_star_yz,K_star_zx,K_star_zy,K_star_zz,K_xx,K_xy,K_xz,K_yx,K_yy,K_yz,K_zx,K_zy,K_zz,K_star_eig1,K_star_eig2,K_star_eig3,K_eig1,K_eig2,K_eig3,symmetry_error,error_type,error_message
eps_0.02_coeffs_0.9_0.071_0.626_117.277_101.381_-3986.337_m_-0.375_rho_0.302_,0.6980867385864258,0.16666666666666666,1e-05,True,35000,10000,12500,12500,3.736456490907735,-0.3495046875641269,-0.15112100030150144,-0.34951956733589956,3.5650524222022018,0.3872959874803654,-0.1512260342463002,0.3871859008278748,3.775814036438727,2.6083707256078617,-0.24398458746230905,-0.10549556623239341,-0.24399497483365676,2.4887158183047724,0.2703661927677775,-0.10556888903635885,0.2702893427355784,2.635845706206359,3.18763920422177,3.6036884257340605,4.285995319592832,2.2252486558654043,2.515687100002341,2.991996494251247,3.355470659607518e-05,,
