sample_name,porosity,nu,g,all_converged,total_iterations,iterations_x,iterations_y,iterations_z,K_star_xx,K_star_xy,K_star_xz,K_star_yx,K_star_yy,K_star_yz,K_star_zx,K_star_zy,K_star_zz,K_xx,K_xy,K_xz,K_yx,K_yy,K_yz,K_zx,K_zy,K_zz,K_star_eig1,K_star_eig2,K_star_eig3,K_eig1,K_eig2,K_eig3,symmetry_error,error_type,error_message
eps_0.02_coeffs_0.909_1.269_0.927_-22.164_91.675_-1320.815_m_-0.513_rho_0.666_,0.33444690704345703,0.16666666666666666,1e-05,True,52500,17500,17500,17500,1.4949840485794408,0.047295314517449845,-0.15830323127945944,0.04729440664940901,1.3044135330477091,-0.061373027405306264,-0.15830115572395353,-0.06136829518823319,1.1838438646293472,0.4999927911266993,0.01581777165800861,-0.05294402607640025,0.015817468024350353,0.4362570716334345,-0.020526019191598004,-0.052943331913280905,-0.020524436516234458,0.3959329189476582,1.109527150379569,1.2955861126043446,1.5781281832725833,0.3710779237251872,0.43330476816897934,0.5278000898136255,3.1929091875177624e-06,,
