sample_name,porosity,nu,g,all_converged,total_iterations,iterations_x,iterations_y,iterations_z,K_star_xx,K_star_xy,K_star_xz,K_star_yx,K_star_yy,K_star_yz,K_star_zx,K_star_zy,K_star_zz,K_xx,K_xy,K_xz,K_yx,K_yy,K_yz,K_zx,K_zy,K_zz,K_star_eig1,K_star_eig2,K_star_eig3,K_eig1,K_eig2,K_eig3,symmetry_error,error_type,error_message
eps_0.02_coeffs_0.924_0.87_0.869_52.296_29.449_-2537.209_m_-0.238_rho_0.316_,0.6836352348327637,0.16666666666666666,1e-05,True,27500,10000,7500,10000,7.191924536214447,-1.5852160210777053,-0.25257474175140976,-1.5854061356358122,8.761804589981784,-0.5265275438374962,-0.2525133522830519,-0.5258382850454159,4.376707143912288,4.916653019214479,-1.0837095268301162,-0.17266899289004964,-1.083839495840693,5.989878338430984,-0.359952781077265,-0.17262702488643256,-0.3594815794810806,2.9920712161227114,4.236152772691863,6.329853815653286,9.764429681763366,2.895983295546665,4.327311099721201,6.675308178500312,8.195275700810825e-05,,
