sample_name,porosity,nu,g,all_converged,total_iterations,iterations_x,iterations_y,iterations_z,K_star_xx,K_star_xy,K_star_xz,K_star_yx,K_star_yy,K_star_yz,K_star_zx,K_star_zy,K_star_zz,K_xx,K_xy,K_xz,K_yx,K_yy,K_yz,K_zx,K_zy,K_zz,K_star_eig1,K_star_eig2,K_star_eig3,K_eig1,K_eig2,K_eig3,symmetry_error,error_type,error_message
eps_0.02_coeffs_0.652_1.269_0.828_-39.942_113.746_-1494.513_m_-0.522_rho_0.683_,0.31676626205444336,0.16666666666666666,1e-05,True,70000,22500,25000,22500,0.6817122704286168,0.013360053607168677,0.01752517243981412,0.013359920773420676,0.6853905639032883,0.0004909900598547453,0.017525320405316454,0.0004908811461468801,0.679686868530406,0.21594344770032078,0.004232014241989804,0.005551383365619469,0.004231972164739976,0.21710860697503173,0.00015552908596607506,0.005551430236098555,0.00015549458577794812,0.2153018687118666,0.6597674416882237,0.6828022326377886,0.7042200285362987,0.20899206632880155,0.21628871095510074,0.2230731461033168,2.7122745603724225e-07,,
