sample_name,porosity,nu,g,all_converged,total_iterations,iterations_x,iterations_y,iterations_z,K_star_xx,K_star_xy,K_star_xz,K_star_yx,K_star_yy,K_star_yz,K_star_zx,K_star_zy,K_star_zz,K_xx,K_xy,K_xz,K_yx,K_yy,K_yz,K_zx,K_zy,K_zz,K_star_eig1,K_star_eig2,K_star_eig3,K_eig1,K_eig2,K_eig3,symmetry_error,error_type,error_message
eps_0.02_coeffs_0.952_0.864_0.612_49.989_80.144_-3122.39_m_-0.256_rho_0.455_,0.5447335243225098,0.16666666666666666,1e-05,True,37500,12500,12500,12500,2.570986591337263,-0.04282918650178275,0.07901112971065953,-0.042816454497408264,2.4701488074844002,-0.186357268638458,0.07898299232846329,-0.18636284996641922,2.478499710577764,1.4005025868850636,-0.023330493706982182,0.043040011147990526,-0.02332355815736758,1.345572865502022,-0.10151505172854394,0.04302468377262156,-0.10151809206499467,1.3501218823753458,2.2856335138671593,2.5203922164760977,2.7136093790561713,1.2450611993184995,1.3729421347560469,1.4781940006878862,1.0198444089072356e-05,,
