sample_name,porosity,nu,g,all_converged,total_iterations,iterations_x,iterations_y,iterations_z,K_star_xx,K_star_xy,K_star_xz,K_star_yx,K_star_yy,K_star_yz,K_star_zx,K_star_zy,K_star_zz,K_xx,K_xy,K_xz,K_yx,K_yy,K_yz,K_zx,K_zy,K_zz,K_star_eig1,K_star_eig2,K_star_eig3,K_eig1,K_eig2,K_eig3,symmetry_error,error_type,error_message
eps_0.02_coeffs_0.359_-0.1_0.816_-1.395_73.043_-1148.039_m_-0.431_rho_0.544_,0.4558901786804199,0.16666666666666666,1e-05,True,47500,17500,12500,17500,1.5326922518587347,-0.015494950871356609,-0.00859941568014473,-0.015499901776189547,1.5169359260739144,-0.018239931261285248,-0.00859379250603116,-0.018238492070434115,1.512220890096469,0.6987393445619737,-0.0070639959213870925,-0.003920389150968385,-0.007066252990276011,0.691556190384585,-0.008315405521825909,-0.003917825601117,-0.008314749408851631,0.689406651790343,1.4896000215810536,1.5297872207100605,1.542461825738005,0.6790940200009438,0.6974149693925322,0.7031931973434256,4.09599135457247e-06,,
