sample_name,porosity,nu,g,all_converged,total_iterations,iterations_x,iterations_y,iterations_z,K_star_xx,K_star_xy,K_star_xz,K_star_yx,K_star_yy,K_star_yz,K_star_zx,K_star_zy,K_star_zz,K_xx,K_xy,K_xz,K_yx,K_yy,K_yz,K_zx,K_zy,K_zz,K_star_eig1,K_star_eig2,K_star_eig3,K_eig1,K_eig2,K_eig3,symmetry_error,error_type,error_message
eps_0.02_coeffs_0.188_0.954_0.525_49.061_101.885_-954.679_m_-0.549_rho_0.342_,0.6583957672119141,0.16666666666666666,1e-05,True,32500,12500,10000,10000,18.35514050412141,0.7190701965657927,0.23510402493334467,0.712796949627081,9.70379087727688,-0.7898226713163997,0.2389813625282139,-0.7962971499736677,8.372887303132432,12.084946814493495,0.473432773747157,0.15479149487059843,0.469302494516034,6.388934839508684,-0.5200159036427244,0.15734431753111194,-0.5242786729855735,5.512673559724771,7.974351279159834,10.040981340869825,18.41648606450107,5.250279128459745,6.610939613482496,12.125336471784708,0.0006184576531257896,,
