sample_name,porosity,nu,g,all_converged,total_iterations,iterations_x,iterations_y,iterations_z,K_star_xx,K_star_xy,K_star_xz,K_star_yx,K_star_yy,K_star_yz,K_star_zx,K_star_zy,K_star_zz,K_xx,K_xy,K_xz,K_yx,K_yy,K_yz,K_zx,K_zy,K_zz,K_star_eig1,K_star_eig2,K_star_eig3,K_eig1,K_eig2,K_eig3,symmetry_error,error_type,error_message
eps_0.02_coeffs_0.27_0.165_0.389_8.412_52.968_153.813_m_-0.438_rho_0.619_,0.38118648529052734,0.16666666666666666,1e-05,True,50000,17500,15000,17500,4.412177254302235,-1.54881117493295,-1.4222904167978359,-1.5491279330232948,15.10355350575513,0.632309463073287,-1.422457158166393,0.6333063827311618,3.8211317298388967,1.6818623400462782,-0.5903858881513834,-0.5421578850415663,-0.5905066320545291,5.75727047625622,0.24102782184484675,-0.5422214445977991,0.24140783414534908,1.456563773929402,2.64339888268154,5.310020275980961,15.383443331233762,1.007627929310283,2.024107965822619,5.863960695098997,9.08571408556165e-05,,
