sample_name,porosity,nu,g,all_converged,total_iterations,iterations_x,iterations_y,iterations_z,K_star_xx,K_star_xy,K_star_xz,K_star_yx,K_star_yy,K_star_yz,K_star_zx,K_star_zy,K_star_zz,K_xx,K_xy,K_xz,K_yx,K_yy,K_yz,K_zx,K_zy,K_zz,K_star_eig1,K_star_eig2,K_star_eig3,K_eig1,K_eig2,K_eig3,symmetry_error,error_type,error_message
eps_0.02_coeffs_0.812_0.113_0.794_44.161_144.515_-919.706_m_-0.412_rho_0.563_,0.43726682662963867,0.16666666666666666,1e-05,True,57500,22500,17500,17500,1.0172640753420832,-0.1458315173053025,0.08647908224987227,-0.14581982776341798,2.275009178991302,-0.23380712217784272,0.08646484469679601,-0.2339978762128262,2.1968538997466,0.44481583406916636,-0.06376728479467486,0.03781443386524516,-0.06376217334579026,0.9947860442508263,-0.1022360983581135,0.037808208255592536,-0.10231950876965752,0.9606113333111421,0.9975316728697674,1.9994597677560788,2.492135713454139,0.43618750905831805,0.8742974276203346,1.0897282749524817,8.097041560417306e-05,,
