sample_name,porosity,nu,g,all_converged,total_iterations,iterations_x,iterations_y,iterations_z,K_star_xx,K_star_xy,K_star_xz,K_star_yx,K_star_yy,K_star_yz,K_star_zx,K_star_zy,K_star_zz,K_xx,K_xy,K_xz,K_yx,K_yy,K_yz,K_zx,K_zy,K_zz,K_star_eig1,K_star_eig2,K_star_eig3,K_eig1,K_eig2,K_eig3,symmetry_error,error_type,error_message
eps_0.02_coeffs_0.469_-0.289_0.698_36.38_48.802_-2722.585_m_-0.379_rho_0.372_,0.627997875213623,0.16666666666666666,1e-05,True,27500,10000,10000,7500,3.5937760113913506,-0.0972687794584113,-0.0791842624176627,-0.0972812168794125,3.6034133677018056,0.017490426107806892,-0.07918137594149947,0.01747854666575527,3.469702178564232,2.2568836991474575,-0.061084586824504794,-0.04972754854865012,-0.06109239749846669,2.2629359384331,0.010983950432283607,-0.049725735847752764,0.010976490167916466,2.1789655957624166,3.425755497190643,3.5259680117775485,3.715168048689197,2.1513671732371127,2.2143004194675036,2.3331176406383567,4.002478401616947e-06,,
