sample_name,porosity,nu,g,all_converged,total_iterations,iterations_x,iterations_y,iterations_z,K_star_xx,K_star_xy,K_star_xz,K_star_yx,K_star_yy,K_star_yz,K_star_zx,K_star_zy,K_star_zz,K_xx,K_xy,K_xz,K_yx,K_yy,K_yz,K_zx,K_zy,K_zz,K_star_eig1,K_star_eig2,K_star_eig3,K_eig1,K_eig2,K_eig3,symmetry_error,error_type,error_message
eps_0.02_coeffs_0.621_0.678_0.61_70.811_81.531_-3900.414_m_-0.452_rho_0.595_,0.4046783447265625,0.16666666666666666,1e-05,True,60000,20000,22500,17500,1.5562634500292432,0.12829758936660393,0.020960504660558668,0.12829842765879387,1.1711490226562469,0.02636936253755716,0.020970280940651665,0.02636307931341797,1.0890252387911095,0.6297861169162835,0.0519192560972855,0.00848226233066828,0.051919595335981325,0.4739386479166614,0.01067110998319326,0.008486218579513897,0.010668567298449066,0.44070493099943564,1.0804564097179634,1.1393757594688572,1.5966055422897798,0.43723731143387007,0.46108069636342663,0.6461116880350837,7.35823369405797e-06,,
