sample_name,porosity,nu,g,all_converged,total_iterations,iterations_x,iterations_y,iterations_z,K_star_xx,K_star_xy,K_star_xz,K_star_yx,K_star_yy,K_star_yz,K_star_zx,K_star_zy,K_star_zz,K_xx,K_xy,K_xz,K_yx,K_yy,K_yz,K_zx,K_zy,K_zz,K_star_eig1,K_star_eig2,K_star_eig3,K_eig1,K_eig2,K_eig3,symmetry_error,error_type,error_message
eps_0.02_coeffs_0.41_1.134_0.777_-11.641_42.242_-296.169_m_-0.274_rho_0.592_,0.4084286689758301,0.16666666666666666,1e-05,True,52500,15000,17500,20000,1.3381593490271455,0.014783004017476939,-0.023093883535606412,0.014783911991874704,1.2955655053056179,0.013662750827498255,-0.023094121355884352,0.013662702159070918,1.302081598914974,0.5465426418007203,0.006037802654322455,-0.009432204113930564,0.0060381734970971985,0.5291460949029723,0.005580259135023534,-0.009432301246550139,0.005580239257442535,0.5318074543427636,1.2739681715676956,1.3113278808772661,1.3505104008027753,0.520325124630966,0.5355839009775977,0.5515871654378922,5.847682635073101e-07,,
