sample_name,porosity,nu,g,all_converged,total_iterations,iterations_x,iterations_y,iterations_z,K_star_xx,K_star_xy,K_star_xz,K_star_yx,K_star_yy,K_star_yz,K_star_zx,K_star_zy,K_star_zz,K_xx,K_xy,K_xz,K_yx,K_yy,K_yz,K_zx,K_zy,K_zz,K_star_eig1,K_star_eig2,K_star_eig3,K_eig1,K_eig2,K_eig3,symmetry_error,error_type,error_message
eps_0.02_coeffs_0.818_1.291_0.887_30.642_36.728_-3564.735_m_-0.326_rho_0.56_,0.44049596786499023,0.16666666666666666,1e-05,True,35000,12500,12500,10000,2.1360001079777025,-0.09447305207178311,0.03245319361322465,-0.09448123928060047,2.1164771865530763,-0.08488196404289544,0.03246311207880711,-0.08488703444239419,2.178237341215028,0.9408994349233617,-0.04161499850951972,0.014295500930967311,-0.041618604941991835,0.9322996667548689,-0.037390162905356523,0.014299869975063793,-0.03739239639589119,0.9595047658581768,2.017940784210425,2.1267274949279136,2.2860463566074682,0.8888947788350087,0.9368148862633575,1.0069942024380412,5.258865368633581e-06,,
