sample_name,porosity,nu,g,all_converged,total_iterations,iterations_x,iterations_y,iterations_z,K_star_xx,K_star_xy,K_star_xz,K_star_yx,K_star_yy,K_star_yz,K_star_zx,K_star_zy,K_star_zz,K_xx,K_xy,K_xz,K_yx,K_yy,K_yz,K_zx,K_zy,K_zz,K_star_eig1,K_star_eig2,K_star_eig3,K_eig1,K_eig2,K_eig3,symmetry_error,error_type,error_message
eps_0.02_coeffs_0.678_0.385_0.638_104.458_89.175_-3335.317_m_-0.457_rho_0.591_,0.4089231491088867,0.16666666666666666,1e-05,True,67500,20000,30000,17500,1.6996693762405204,0.06105906262947022,-0.14241990572049815,0.061042997625810655,1.1115024838783651,0.2012708704974574,-0.14248214772232407,0.2012501403769566,1.2373490514598344,0.6950341537762108,0.024968464172079704,-0.05823879634301685,0.024961894820192787,0.45451909594989065,0.0823043181877072,-0.05826424853841035,0.0822958411615506,0.5059806706698494,0.9396556874045094,1.368784838877251,1.7400803852969595,0.38424696277152737,0.5597278067661856,0.7115591508582377,3.971534207597103e-05,,
