sample_name,porosity,nu,g,all_converged,total_iterations,iterations_x,iterations_y,iterations_z,K_star_xx,K_star_xy,K_star_xz,K_star_yx,K_star_yy,K_star_yz,K_star_zx,K_star_zy,K_star_zz,K_xx,K_xy,K_xz,K_yx,K_yy,K_yz,K_zx,K_zy,K_zz,K_star_eig1,K_star_eig2,K_star_eig3,K_eig1,K_eig2,K_eig3,symmetry_error,error_type,error_message
eps_0.02_coeffs_0.839_0.847_0.824_-6.424_113.288_-674.875_m_-0.408_rho_0.438_,0.5624737739562988,0.16666666666666666,1e-05,True,32500,10000,12500,10000,2.5370354955559935,0.24820847043817895,0.2644347736838508,0.24818325825004145,2.455357217229619,0.5664308641450554,0.26447039580921217,0.5664870490570496,2.7381142438961845,1.4270159298464684,0.13961075509528295,0.14873762511923536,0.13959657390067154,1.3810740403859796,0.3186025058409969,0.14875766163052367,0.31863410838048567,1.5401174522877845,2.0102843941132265,2.3775268078320977,3.3426957547364715,1.1307322498823182,1.337296476283592,1.8801786963543217,2.2024858258684755e-05,,
