sample_name,porosity,nu,g,all_converged,total_iterations,iterations_x,iterations_y,iterations_z,K_star_xx,K_star_xy,K_star_xz,K_star_yx,K_star_yy,K_star_yz,K_star_zx,K_star_zy,K_star_zz,K_xx,K_xy,K_xz,K_yx,K_yy,K_yz,K_zx,K_zy,K_zz,K_star_eig1,K_star_eig2,K_star_eig3,K_eig1,K_eig2,K_eig3,symmetry_error,error_type,error_message
eps_0.02_coeffs_0.284_1.488_0.394_-3.762_56.758_-1051.602_m_-0.626_rho_0.372_,0.628324031829834,0.16666666666666666,1e-05,True,25000,7500,10000,7500,4.366116459471281,-0.19208388772610263,0.06750885331795824,-0.19204323724791195,4.159690144759962,-0.1395001245796097,0.06750063620562496,-0.13946348316686472,4.106439237764413,2.7433358972535955,-0.12069092278561397,0.04241743490094838,-0.12066538111326139,2.613633282918405,-0.0876512807166245,0.042412271891797144,-0.08762825803643662,2.5801744583363666,3.9728987578541455,4.13661686962453,4.522730214516986,2.496267765586655,2.5991357896577902,2.841740083263921,1.0714911343122513e-05,,
