sample_name,porosity,nu,g,all_converged,total_iterations,iterations_x,iterations_y,iterations_z,K_star_xx,K_star_xy,K_star_xz,K_star_yx,K_star_yy,K_star_yz,K_star_zx,K_star_zy,K_star_zz,K_xx,K_xy,K_xz,K_yx,K_yy,K_yz,K_zx,K_zy,K_zz,K_star_eig1,K_star_eig2,K_star_eig3,K_eig1,K_eig2,K_eig3,symmetry_error,error_type,error_message
eps_0.02_coeffs_0.112_1.26_0.276_-5.998_33.883_-616.124_m_-0.518_rho_0.508_,0.4924759864807129,0.16666666666666666,1e-05,True,65000,22500,20000,22500,1.1751516176122687,-0.024252461278557732,-0.05687987775703613,-0.024254907119899135,1.1439371907253717,-0.030833232152181877,-0.05687962254670729,-0.030834707651041716,1.2625244576332526,0.5787339521480075,-0.011943754792743011,-0.028011973909298726,-0.011944959310870393,0.5633615964744528,-0.015184626420534603,-0.02801184822434027,-0.015185353068291154,0.621762977728963,1.1092689002246992,1.1797383953336738,1.2926059704125206,0.5462882959105338,0.5809928300311245,0.6365774004097651,1.9574076764252313e-06,,
