sample_name,porosity,nu,g,all_converged,total_iterations,iterations_x,iterations_y,iterations_z,K_star_xx,K_star_xy,K_star_xz,K_star_yx,K_star_yy,K_star_yz,K_star_zx,K_star_zy,K_star_zz,K_xx,K_xy,K_xz,K_yx,K_yy,K_yz,K_zx,K_zy,K_zz,K_star_eig1,K_star_eig2,K_star_eig3,K_eig1,K_eig2,K_eig3,symmetry_error,error_type,error_message
eps_0.02_coeffs_0.948_1.242_0.767_18.175_34.906_-387.081_m_-0.43_rho_0.641_,0.35915184020996094,0.16666666666666666,1e-05,True,27500,7500,10000,10000,6.042849214947936,-1.529913930838776,-0.12161981448688568,-1.5301633544816358,3.8580846295461853,-0.8396079297151096,-0.1211022010630562,-0.8394753524370898,4.522090382813718,2.1703004156598693,-0.5494714036236013,-0.043679980178959056,-0.5495609845839262,1.3856381943872778,-0.30154673301205714,-0.043494078365273324,-0.3014991176386863,1.6241170825833136,2.7116069803646896,4.845695085093785,6.865722161849367,0.9738786369241531,1.740340306907796,2.465836748798511,9.444039450236223e-05,,
