sample_name,porosity,nu,g,all_converged,total_iterations,iterations_x,iterations_y,iterations_z,K_star_xx,K_star_xy,K_star_xz,K_star_yx,K_star_yy,K_star_yz,K_star_zx,K_star_zy,K_star_zz,K_xx,K_xy,K_xz,K_yx,K_yy,K_yz,K_zx,K_zy,K_zz,K_star_eig1,K_star_eig2,K_star_eig3,K_eig1,K_eig2,K_eig3,symmetry_error,error_type,error_message
eps_0.02_coeffs_0.925_0.987_0.344_1.836_62.516_-139.997_m_-0.327_rho_0.634_,0.3661661148071289,0.16666666666666666,1e-05,True,45000,25000,10000,10000,0.44128332907521817,-0.08360957029874676,0.22236403913156905,-0.08339739898701976,10.287624826819258,2.039562365396137,0.2224515664124341,2.0348529140071507,3.9011987075354444,0.16158300213662838,-0.03061499151698562,0.08142217628162701,-0.03053730157209701,3.7669796134297697,0.7468186272439413,0.08145422580600101,0.7450941857259632,1.4284867738288465,0.42180743689606526,3.3274029972993984,10.880896429234454,0.15445159036498543,1.2183822279187166,3.984215571111542,0.000585589192527683,,
