sample_name,porosity,nu,g,all_converged,total_iterations,iterations_x,iterations_y,iterations_z,K_star_xx,K_star_xy,K_star_xz,K_star_yx,K_star_yy,K_star_yz,K_star_zx,K_star_zy,K_star_zz,K_xx,K_xy,K_xz,K_yx,K_yy,K_yz,K_zx,K_zy,K_zz,K_star_eig1,K_star_eig2,K_star_eig3,K_eig1,K_eig2,K_eig3,symmetry_error,error_type,error_message
eps_0.02_coeffs_0.778_0.364_0.327_118.353_103.467_-2923.034_m_-0.235_rho_0.349_,0.6505351066589355,0.16666666666666666,1e-05,True,90000,35000,30000,25000,1.0074076873114692,0.05487495761464642,-0.1369445920089082,0.05487190689360609,1.188687233203179,-0.03415299518239114,-0.13695246347096152,-0.03414825007537433,1.3239070125168653,0.6553540673141982,0.03569808640474858,-0.08908726476887951,0.03569610180361122,0.7732827760359451,-0.022217722363698934,-0.08909238543128592,-0.022214635504999643,0.8612479895941717,0.9496767844502852,1.1820323222118843,1.3882928263693437,0.6177980882638812,0.7689535228044174,0.9031332218760164,6.661764417680702e-06,,
