sample_name,porosity,nu,g,all_converged,total_iterations,iterations_x,iterations_y,iterations_z,K_star_xx,K_star_xy,K_star_xz,K_star_yx,K_star_yy,K_star_yz,K_star_zx,K_star_zy,K_star_zz,K_xx,K_xy,K_xz,K_yx,K_yy,K_yz,K_zx,K_zy,K_zz,K_star_eig1,K_star_eig2,K_star_eig3,K_eig1,K_eig2,K_eig3,symmetry_error,error_type,error_message
eps_0.02_coeffs_0.432_0.263_0.5_115.756_86.616_-1697.234_m_-0.245_rho_0.676_,0.32439088821411133,0.16666666666666666,1e-05,True,32500,10000,7500,15000,4.245985324133469,-0.4830317543414412,-0.28720142323255515,-0.4847228191739754,4.819751677788283,0.12617103424035156,-0.28738016735894184,0.12660951355725544,1.628669415448766,1.3773589506397372,-0.15669109982644053,-0.09316552477876547,-0.15723966584949395,1.5634835277291945,0.040928733864120694,-0.0932235077446871,0.04107097255919466,0.5283255182845827,1.5957582317217847,3.9840962547844683,5.114551930864265,0.5176494301632094,1.292404522820048,1.6591140436702572,0.00037197547624778505,,
