sample_name,porosity,nu,g,all_converged,total_iterations,iterations_x,iterations_y,iterations_z,K_star_xx,K_star_xy,K_star_xz,K_star_yx,K_star_yy,K_star_yz,K_star_zx,K_star_zy,K_star_zz,K_xx,K_xy,K_xz,K_yx,K_yy,K_yz,K_zx,K_zy,K_zz,K_star_eig1,K_star_eig2,K_star_eig3,K_eig1,K_eig2,K_eig3,symmetry_error,error_type,error_message
eps_0.02_coeffs_0.269_1.247_0.938_22.144_111.527_-2431.92_m_-0.362_rho_0.599_,0.4006338119506836,0.16666666666666666,1e-05,True,80000,27500,27500,25000,0.7703501016788196,0.02004624023714862,0.010942790419208084,0.02004637531946758,0.7391636252994654,-0.007523074718071165,0.010943034071934197,-0.00752291714864256,0.7555253733803027,0.3086282977721822,0.008031201641488028,0.004384051839024753,0.0080312557600324,0.29613394085901157,-0.003013998101890665,0.004384149454545208,-0.003013934974249836,0.3026890103628142,0.7248821242252058,0.7582191618294719,0.78193781430391,0.290412288643253,0.30376823309779355,0.3132707272529611,3.4596361855089605e-07,,
