sample_name,porosity,nu,g,all_converged,total_iterations,iterations_x,iterations_y,iterations_z,K_star_xx,K_star_xy,K_star_xz,K_star_yx,K_star_yy,K_star_yz,K_star_zx,K_star_zy,K_star_zz,K_xx,K_xy,K_xz,K_yx,K_yy,K_yz,K_zx,K_zy,K_zz,K_star_eig1,K_star_eig2,K_star_eig3,K_eig1,K_eig2,K_eig3,symmetry_error,error_type,error_message
eps_0.02_coeffs_0.874_-0.577_0.572_102.061_130.323_-1070.402_m_-0.261_rho_0.598_,0.4016399383544922,0.16666666666666666,1e-05,True,95000,32500,30000,32500,1.5748375811185713,-0.09864655247063756,0.12542672681846162,-0.09861553892065915,1.3890473359172326,-0.19909024912377404,0.12537973932139107,-0.19912799628668829,1.5130783972272017,0.6325176689988006,-0.03962039525319005,0.050376382827372654,-0.039607938972888564,0.5578968863692689,-0.0799625953850531,0.05035751077194581,-0.07997775615323903,0.6077127141878471,1.2424052528303124,1.4523358120986138,1.7822222493340796,0.498999569158064,0.5833160660413085,0.7158116343565443,3.668181598268516e-05,,
