sample_name,porosity,nu,g,all_converged,total_iterations,iterations_x,iterations_y,iterations_z,K_star_xx,K_star_xy,K_star_xz,K_star_yx,K_star_yy,K_star_yz,K_star_zx,K_star_zy,K_star_zz,K_xx,K_xy,K_xz,K_yx,K_yy,K_yz,K_zx,K_zy,K_zz,K_star_eig1,K_star_eig2,K_star_eig3,K_eig1,K_eig2,K_eig3,symmetry_error,error_type,error_message
eps_0.02_coeffs_0.704_0.87_0.59_60.029_73.851_-3432.552_m_-0.205_rho_0.394_,0.6060829162597656,0.16666666666666666,1e-05,True,37500,12500,12500,12500,2.4168446101454255,0.01922782851466994,0.038386152166059714,0.019221470800644947,2.4013245370978162,0.21105446551783047,0.03837779585099485,0.2110459665657208,2.510665447137896,1.4648082294636358,0.011653658379513836,0.02326519104879659,0.011649805077656821,1.4554017783303763,0.12791650595069284,0.023260126428992892,0.12791135488101305,1.5216714359539645,2.2375907523850995,2.410511733865219,2.6807321081308184,1.3561655286014442,1.4609699813394164,1.6247459338071166,4.502383685855169e-06,,
