sample_name,porosity,nu,g,all_converged,total_iterations,iterations_x,iterations_y,iterations_z,K_star_xx,K_star_xy,K_star_xz,K_star_yx,K_star_yy,K_star_yz,K_star_zx,K_star_zy,K_star_zz,K_xx,K_xy,K_xz,K_yx,K_yy,K_yz,K_zx,K_zy,K_zz,K_star_eig1,K_star_eig2,K_star_eig3,K_eig1,K_eig2,K_eig3,symmetry_error,error_type,error_message
eps_0.02_coeffs_0.909_1.037_0.504_49.145_61.743_-2093.851_m_-0.561_rho_0.462_,0.5377697944641113,0.16666666666666666,1e-05,True,25000,10000,7500,7500,4.655894249541021,-0.8078840596788937,-0.9424281608638765,-0.8081327551133227,8.812891293701865,1.36207003319483,-0.941949928531121,1.361223779209365,7.84124782233045,2.5037992936223126,-0.4344556447243505,-0.5068093983649573,-0.43458938561700755,4.739306739648608,0.7324801217969091,-0.5065522194616653,0.7320250319650812,4.216786229756806,4.352183941523491,6.915228000198706,10.042621423851138,2.3404730637030933,3.7188007403393257,5.400618458985305,0.000109598294816544,,
