sample_name,porosity,nu,g,all_converged,total_iterations,iterations_x,iterations_y,iterations_z,K_star_xx,K_star_xy,K_star_xz,K_star_yx,K_star_yy,K_star_yz,K_star_zx,K_star_zy,K_star_zz,K_xx,K_xy,K_xz,K_yx,K_yy,K_yz,K_zx,K_zy,K_zz,K_star_eig1,K_star_eig2,K_star_eig3,K_eig1,K_eig2,K_eig3,symmetry_error,error_type,error_message
eps_0.02_coeffs_0.472_1.377_0.841_45.918_81.76_-1283.897_m_-0.421_rho_0.418_,0.5822582244873047,0.16666666666666666,1e-05,True,85000,22500,20000,42500,1.2643435114164936,-0.07450497292883898,0.14854278345606106,-0.07449635625341564,2.896242465306205,-0.12740483685005088,0.14854942333041699,-0.1273561024480405,0.47265114191816854,0.7361744080994118,-0.04338113325302049,0.08649025735552829,-0.043376116122887505,1.6863609955339252,-0.07418251409540536,0.08649412347698159,-0.07415413808901934,0.2752050146951699,0.4405641505843612,1.285624949159133,2.907048018897374,0.2565221000920076,0.7485657002539782,1.692652617982521,2.20057059298235e-05,,
