sample_name,porosity,nu,g,all_converged,total_iterations,iterations_x,iterations_y,iterations_z,K_star_xx,K_star_xy,K_star_xz,K_star_yx,K_star_yy,K_star_yz,K_star_zx,K_star_zy,K_star_zz,K_xx,K_xy,K_xz,K_yx,K_yy,K_yz,K_zx,K_zy,K_zz,K_star_eig1,K_star_eig2,K_star_eig3,K_eig1,K_eig2,K_eig3,symmetry_error,error_type,error_message
eps_0.02_coeffs_0.632_0.276_0.742_6.635_118.425_-494.482_m_-0.272_rho_0.465_,0.5350131988525391,0.16666666666666666,1e-05,True,42500,15000,12500,15000,1.9825956323706009,-0.038435047462612,0.0161279878763681,-0.03843397920892283,1.7876268338510057,-0.10056547509509291,0.016142071709225016,-0.10056492708640967,1.7898323444133428,1.0607148313056678,-0.02056325769102121,0.008628686384790665,-0.02056268616119778,0.9564039507332629,-0.053803856524751004,0.00863622142125955,-0.05380356333287239,0.957583927994322,1.6872725554224663,1.8756162607832718,1.9971659944292108,0.9027130872126721,1.0034794555014968,1.0685101673190844,6.212475348657116e-06,,
