sample_name,porosity,nu,g,all_converged,total_iterations,iterations_x,iterations_y,iterations_z,K_star_xx,K_star_xy,K_star_xz,K_star_yx,K_star_yy,K_star_yz,K_star_zx,K_star_zy,K_star_zz,K_xx,K_xy,K_xz,K_yx,K_yy,K_yz,K_zx,K_zy,K_zz,K_star_eig1,K_star_eig2,K_star_eig3,K_eig1,K_eig2,K_eig3,symmetry_error,error_type,error_message
eps_0.02_coeffs_0.864_1.371_0.806_28.739_147.187_789.422_m_-0.361_rho_0.557_,0.44344186782836914,0.16666666666666666,1e-05,True,30000,10000,10000,10000,14.48589797090081,2.465303931423139,2.3964588530163384,2.4760392939547318,7.590005434448915,7.17620301388091,2.412487783446858,7.173850137598533,9.6234790481479,6.423653653387437,1.0932189801148984,1.0626901899553962,1.0979794893277226,3.365726186679499,3.1822288683909226,1.0697980888047969,3.1811855045374964,4.26745352411788,1.3544656087702174,11.661817979308944,18.683098865418465,0.6006267594623549,5.171338347019216,8.284868257703245,0.0012457239869769405,,
