sample_name,porosity,nu,g,all_converged,total_iterations,iterations_x,iterations_y,iterations_z,K_star_xx,K_star_xy,K_star_xz,K_star_yx,K_star_yy,K_star_yz,K_star_zx,K_star_zy,K_star_zz,K_xx,K_xy,K_xz,K_yx,K_yy,K_yz,K_zx,K_zy,K_zz,K_star_eig1,K_star_eig2,K_star_eig3,K_eig1,K_eig2,K_eig3,symmetry_error,error_type,error_message
eps_0.02_coeffs_0.475_1.229_0.303_12.858_10.928_540.935_m_-0.465_rho_0.582_,0.41815996170043945,0.16666666666666666,1e-05,True,45000,15000,15000,15000,36.01636362941053,9.31622323880366,21.616775798408014,9.165852321948265,60.01870873990125,12.269139133582314,21.65339459803007,12.326718382607266,31.611139385139758,15.060601235863407,3.8956715527308825,9.03927013994928,3.83279245589777,25.097420947986937,5.130462750196143,9.054582655796755,5.1545400867631574,13.218512834597295,11.838969593640249,42.69624167743214,73.1110004833792,4.950583071849276,17.85385878458773,30.572093162010646,0.002731721099804331,,
