sample_name,porosity,nu,g,all_converged,total_iterations,iterations_x,iterations_y,iterations_z,K_star_xx,K_star_xy,K_star_xz,K_star_yx,K_star_yy,K_star_yz,K_star_zx,K_star_zy,K_star_zz,K_xx,K_xy,K_xz,K_yx,K_yy,K_yz,K_zx,K_zy,K_zz,K_star_eig1,K_star_eig2,K_star_eig3,K_eig1,K_eig2,K_eig3,symmetry_error,error_type,error_message
eps_0.02_coeffs_0.791_0.619_0.829_98.054_82.642_-2965.104_m_-0.292_rho_0.67_,0.32982826232910156,0.16666666666666666,1e-05,True,90000,27500,32500,30000,0.9601943310070031,0.0050568145275306274,-0.11243886254202057,0.005060571055449699,0.8983909665824291,-0.03636757559106338,-0.11244148020205653,-0.0363728120042917,1.0931970151902142,0.316699227694294,0.0016678803485359836,-0.03708551465049535,0.0016691193576119218,0.29631473140004455,-0.011995054262322682,-0.03708637802875638,-0.011996781379398618,0.36056727190354876,0.8814604031708927,0.9085637516371019,1.1617581579716514,0.29073055308976486,0.29967000341767475,0.3831806744904475,5.725267876244468e-06,,
