sample_name,porosity,nu,g,all_converged,total_iterations,iterations_x,iterations_y,iterations_z,K_star_xx,K_star_xy,K_star_xz,K_star_yx,K_star_yy,K_star_yz,K_star_zx,K_star_zy,K_star_zz,K_xx,K_xy,K_xz,K_yx,K_yy,K_yz,K_zx,K_zy,K_zz,K_star_eig1,K_star_eig2,K_star_eig3,K_eig1,K_eig2,K_eig3,symmetry_error,error_type,error_message
eps_0.02_coeffs_0.379_-0.494_0.726_59.47_44.552_-2808.864_m_-0.261_rho_0.666_,0.3343930244445801,0.16666666666666666,1e-05,True,107500,37500,32500,37500,0.7057849779058102,0.011613865472168711,-0.008812228387410708,0.011615385852312235,0.7900634543902723,-0.013468089897983275,-0.008811110172200862,-0.013468338992529272,0.6864619304588641,0.236009573369475,0.0038835956007309764,-0.0029467477025626513,0.003884104005245475,0.26419170801669567,-0.004503635314478123,-0.0029463737791966507,-0.004503718609956732,0.22954808109220456,0.6823381029004318,0.7063575833895842,0.7936146764649302,0.22816910192265244,0.23620104864900776,0.26537921190671493,2.132149882381307e-06,,
