sample_name,porosity,nu,g,all_converged,total_iterations,iterations_x,iterations_y,iterations_z,K_star_xx,K_star_xy,K_star_xz,K_star_yx,K_star_yy,K_star_yz,K_star_zx,K_star_zy,K_star_zz,K_xx,K_xy,K_xz,K_yx,K_yy,K_yz,K_zx,K_zy,K_zz,K_star_eig1,K_star_eig2,K_star_eig3,K_eig1,K_eig2,K_eig3,symmetry_error,error_type,error_message
eps_0.02_coeffs_0.775_-0.425_0.436_58.709_68.639_-2693.459_m_-0.473_rho_0.586_,0.41364622116088867,0.16666666666666666,1e-05,True,45000,15000,15000,15000,1.8188530039406765,-0.12065138027489397,0.31301768661713214,-0.12063113115781561,1.636634866766762,0.06786436383703465,0.3130066904280248,0.06786259809279657,1.7770578936208306,0.7523616719271918,-0.049906987528555276,0.1294785832257,-0.049898611557793966,0.6769878280582257,0.02807183765267705,0.12947403469362856,0.028071107259245432,0.7350732824803851,1.4074382251419042,1.709589149358458,2.1155183898279075,0.5821815033473365,0.707165091369784,0.8750761877486819,1.0671657918755593e-05,,
