sample_name,porosity,nu,g,all_converged,total_iterations,iterations_x,iterations_y,iterations_z,K_star_xx,K_star_xy,K_star_xz,K_star_yx,K_star_yy,K_star_yz,K_star_zx,K_star_zy,K_star_zz,K_xx,K_xy,K_xz,K_yx,K_yy,K_yz,K_zx,K_zy,K_zz,K_star_eig1,K_star_eig2,K_star_eig3,K_eig1,K_eig2,K_eig3,symmetry_error,error_type,error_message
eps_0.02_coeffs_0.746_-0.114_0.795_70.688_43.167_-3358.324_m_-0.274_rho_0.504_,0.49587488174438477,0.16666666666666666,1e-05,True,47500,15000,15000,17500,2.65641298149158,0.44054189358254586,0.11586072179404187,0.44052705564688155,2.4877787758714436,-0.13735373534947476,0.1157643227046395,-0.1373447114919888,2.226850411509969,1.3172484730613858,0.21845365938369227,0.057452421718439575,0.2184463016240994,1.2336270062914423,-0.06811026727357032,0.05740461983138191,-0.06810579256930659,1.1042391844699404,1.9883182705560254,2.362100530785256,3.0206233675317113,0.9859570872821687,1.1713063213714874,1.4978512551691119,3.207014970311101e-05,,
