sample_name,porosity,nu,g,all_converged,total_iterations,iterations_x,iterations_y,iterations_z,K_star_xx,K_star_xy,K_star_xz,K_star_yx,K_star_yy,K_star_yz,K_star_zx,K_star_zy,K_star_zz,K_xx,K_xy,K_xz,K_yx,K_yy,K_yz,K_zx,K_zy,K_zz,K_star_eig1,K_star_eig2,K_star_eig3,K_eig1,K_eig2,K_eig3,symmetry_error,error_type,error_message
eps_0.02_coeffs_0.737_1.027_0.765_-27.532_19.24_200.799_m_-0.225_rho_0.315_,0.6849350929260254,0.16666666666666666,1e-05,True,22500,7500,7500,7500,5.740419421282858,-0.01758500833155416,0.013748584684254293,-0.01756673177069979,5.90276270512661,-0.0737043234246126,0.013734387183331396,-0.07374683713320589,5.9358875935728515,3.931814709750735,-0.012044589315677978,0.009416888128311044,-0.012032071057770823,4.043009321956172,-0.05048267761388686,0.009407163761697103,-0.05051179674483283,4.065697720502262,5.738334209023337,5.8439883308802445,5.996747180078735,3.93038647469799,4.002752690470066,4.107382587041109,6.7436702478438274e-06,,
