sample_name,porosity,nu,g,all_converged,total_iterations,iterations_x,iterations_y,iterations_z,K_star_xx,K_star_xy,K_star_xz,K_star_yx,K_star_yy,K_star_yz,K_star_zx,K_star_zy,K_star_zz,K_xx,K_xy,K_xz,K_yx,K_yy,K_yz,K_zx,K_zy,K_zz,K_star_eig1,K_star_eig2,K_star_eig3,K_eig1,K_eig2,K_eig3,symmetry_error,error_type,error_message
eps_0.02_coeffs_0.506_0.75_0.806_108.224_67.722_-3441.62_m_-0.426_rho_0.326_,0.6741962432861328,0.16666666666666666,1e-05,True,55000,17500,15000,22500,1.2349304771045426,0.06227023080330035,0.2885151661966646,0.062286938028606784,2.069598923999506,0.29831023495369663,0.2884765142421781,0.2982551878550174,0.9369374408433953,0.8325854883834343,0.04198235567614553,0.19451584118086554,0.04199361962468286,1.3953158196694895,0.20111963973958588,0.19448978217835505,0.20108252719245256,0.6316797028107404,0.7227451251744386,1.3561289030873243,2.1625928136856816,0.4872720482459723,0.9142970118732183,1.4580119507444738,3.6944535829617e-05,,
