sample_name,porosity,nu,g,all_converged,total_iterations,iterations_x,iterations_y,iterations_z,K_star_xx,K_star_xy,K_star_xz,K_star_yx,K_star_yy,K_star_yz,K_star_zx,K_star_zy,K_star_zz,K_xx,K_xy,K_xz,K_yx,K_yy,K_yz,K_zx,K_zy,K_zz,K_star_eig1,K_star_eig2,K_star_eig3,K_eig1,K_eig2,K_eig3,symmetry_error,error_type,error_message
eps_0.02_coeffs_0.629_1.332_0.799_58.531_85.993_-3366.312_m_-0.294_rho_0.301_,0.6993312835693359,0.16666666666666666,1e-05,True,30000,10000,10000,10000,3.4696699479119046,0.06568944314201175,0.035750338420842444,0.06569376003325428,3.4477534949356676,-0.09018917409933969,0.03572793102756198,-0.0902330512131288,3.4566303814719697,2.4264487382351834,0.04593868258945799,0.025001330055885892,0.04594170152655166,2.4111218770440246,-0.06307211088694953,0.02498565986478162,-0.063102795525255,2.417329761499556,3.3252901575957488,3.4990207024587394,3.5497429642650538,2.3254794341519145,2.4469746390861498,2.4824463035407005,1.1672968767232166e-05,,
