sample_name,porosity,nu,g,all_converged,total_iterations,iterations_x,iterations_y,iterations_z,K_star_xx,K_star_xy,K_star_xz,K_star_yx,K_star_yy,K_star_yz,K_star_zx,K_star_zy,K_star_zz,K_xx,K_xy,K_xz,K_yx,K_yy,K_yz,K_zx,K_zy,K_zz,K_star_eig1,K_star_eig2,K_star_eig3,K_eig1,K_eig2,K_eig3,symmetry_error,error_type,error_message
eps_0.02_coeffs_0.984_0.53_0.917_-26.223_91.914_-3929.929_m_-0.415_rho_0.46_,0.5403985977172852,0.16666666666666666,1e-05,True,40000,15000,12500,12500,1.9236969606760224,-0.0005399620858667285,-0.005380401180696145,-0.0005418787573424251,1.896816771539093,-0.02009185241006773,-0.005380407608583773,-0.020091570059684847,1.895215058506177,1.039563139982326,-0.0002917947540228804,-0.002907561253204622,-0.00029283052060063156,1.0250371234663538,-0.010857608867943257,-0.0029075647268260825,-0.010857456286192283,1.0241715599894206,1.8755303523989082,1.914918442651609,1.9252799956707751,1.0135339724125765,1.0348192411518973,1.0404186098736277,8.302110960691807e-07,,
