sample_name,porosity,nu,g,all_converged,total_iterations,iterations_x,iterations_y,iterations_z,K_star_xx,K_star_xy,K_star_xz,K_star_yx,K_star_yy,K_star_yz,K_star_zx,K_star_zy,K_star_zz,K_xx,K_xy,K_xz,K_yx,K_yy,K_yz,K_zx,K_zy,K_zz,K_star_eig1,K_star_eig2,K_star_eig3,K_eig1,K_eig2,K_eig3,symmetry_error,error_type,error_message
eps_0.02_coeffs_0.547_1.097_0.762_5.006_7.68_629.685_m_-0.362_rho_0.56_,0.4403691291809082,0.16666666666666666,1e-05,True,55000,17500,20000,17500,54.88860764185248,-9.135234773144385,25.94204026137222,-8.221599672966725,100.43640746789646,-11.941906101661814,25.814222764665356,-12.01198994978675,27.733094755848256,24.17124834919512,-4.022875381912744,11.424073679076544,-3.6205386884583963,44.229093294696426,-5.258846790748987,11.36778679935766,-5.289709553917413,12.212798787124509,11.719142208563998,65.54474871197316,105.79421894506001,5.16074844913255,28.86388391267308,46.5885080692104,0.01046009109399213,,
