sample_name,porosity,nu,g,all_converged,total_iterations,iterations_x,iterations_y,iterations_z,K_star_xx,K_star_xy,K_star_xz,K_star_yx,K_star_yy,K_star_yz,K_star_zx,K_star_zy,K_star_zz,K_xx,K_xy,K_xz,K_yx,K_yy,K_yz,K_zx,K_zy,K_zz,K_star_eig1,K_star_eig2,K_star_eig3,K_eig1,K_eig2,K_eig3,symmetry_error,error_type,error_message
eps_0.02_coeffs_0.269_1.039_0.544_91.709_122.189_-1422.977_m_-0.211_rho_0.599_,0.40139150619506836,0.16666666666666666,1e-05,True,57500,15000,22500,20000,0.16663590185931534,-5.711701725009718e-13,-3.5625416954941685e-13,-8.958894152816596e-13,0.166635017990454,-8.544254226786742e-13,-8.750918218405033e-13,-4.7091777526607e-13,0.16663543618468313,0.06688623563348418,-2.292628558338621e-13,-1.4299739770371369e-13,-3.596024017841244e-13,0.06688588085603064,-3.4295910734035095e-13,-3.51254424427546e-13,-1.8902239510807855e-13,0.06688604871564216,0.1666350179904539,0.16663543618468313,0.16663590185931537,0.0668858808560306,0.06688604871564216,0.0668862356334842,3.539181897936287e-12,,
