sample_name,porosity,nu,g,all_converged,total_iterations,iterations_x,iterations_y,iterations_z,K_star_xx,K_star_xy,K_star_xz,K_star_yx,K_star_yy,K_star_yz,K_star_zx,K_star_zy,K_star_zz,K_xx,K_xy,K_xz,K_yx,K_yy,K_yz,K_zx,K_zy,K_zz,K_star_eig1,K_star_eig2,K_star_eig3,K_eig1,K_eig2,K_eig3,symmetry_error,error_type,error_message
eps_0.02_coeffs_0.052_0.922_0.509_17.599_11.532_-1542.27_m_-0.413_rho_0.39_,0.6099319458007812,0.16666666666666666,1e-05,True,92500,35000,27500,30000,1.4382047215868095,-0.03237153596531409,0.09012697967769787,-0.03238502468289726,1.8012725018631066,0.006816498931084479,0.09011841326977894,0.006823242446011158,1.2489589068479048,0.8772070042973136,-0.019744433919883998,0.054971324083965725,-0.019752661119645853,1.098653641978806,0.004157600456585302,0.05496609915811522,0.004161713541766068,0.7617799362789592,1.2123357742942846,1.471959318886324,1.804141037117213,0.73944231777921,0.8977950115079283,1.1004032532679409,9.34339273012669e-06,,
