sample_name,porosity,nu,g,all_converged,total_iterations,iterations_x,iterations_y,iterations_z,K_star_xx,K_star_xy,K_star_xz,K_star_yx,K_star_yy,K_star_yz,K_star_zx,K_star_zy,K_star_zz,K_xx,K_xy,K_xz,K_yx,K_yy,K_yz,K_zx,K_zy,K_zz,K_star_eig1,K_star_eig2,K_star_eig3,K_eig1,K_eig2,K_eig3,symmetry_error,error_type,error_message
eps_0.02_coeffs_0.604_0.577_0.543_119.033_56.385_-3122.206_m_-0.301_rho_0.699_,0.3013010025024414,0.16666666666666666,1e-05,True,327500,117500,97500,112500,0.7244434915503477,0.1111170682115214,-0.020758336348235387,0.11111713470764496,0.30632074071583715,0.1506693379467098,-0.020757045027064776,0.15066981133166285,0.5737531324338991,0.2182755502604887,0.033479684047263564,-0.006254507552006191,0.033479704082612256,0.09229474626497215,0.0453968225697228,-0.006254118475642933,0.045396965201083724,0.17287239399124985,0.2148288844834629,0.635542177878183,0.754146302338438,0.06472815826134852,0.19148949532728152,0.22722503692808066,1.9292664513548702e-06,,
