sample_name,porosity,nu,g,all_converged,total_iterations,iterations_x,iterations_y,iterations_z,K_star_xx,K_star_xy,K_star_xz,K_star_yx,K_star_yy,K_star_yz,K_star_zx,K_star_zy,K_star_zz,K_xx,K_xy,K_xz,K_yx,K_yy,K_yz,K_zx,K_zy,K_zz,K_star_eig1,K_star_eig2,K_star_eig3,K_eig1,K_eig2,K_eig3,symmetry_error,error_type,error_message
eps_0.02_coeffs_0.592_1.357_0.67_-24.85_48.326_-3973.878_m_-0.492_rho_0.511_,0.4893622398376465,0.16666666666666666,1e-05,True,42500,12500,12500,17500,1.4794625324016575,0.010944208544046062,-0.04113840111284571,0.010943935104600627,1.4687126066701484,0.008226547170586624,-0.04114002676883124,0.008227397384613807,1.4756585838152254,0.7239930986119517,0.005355682406364689,-0.020131580111921704,0.005355548595425211,0.718732490877892,0.004025761549528323,-0.020132375646575988,0.004026177612169007,0.7221315898114681,1.431469581235094,1.4735155227006207,1.5188486189513166,0.7005071605326636,0.7210828566243163,0.7432671621443324,1.026723731808918e-06,,
