sample_name,porosity,nu,g,all_converged,total_iterations,iterations_x,iterations_y,iterations_z,K_star_xx,K_star_xy,K_star_xz,K_star_yx,K_star_yy,K_star_yz,K_star_zx,K_star_zy,K_star_zz,K_xx,K_xy,K_xz,K_yx,K_yy,K_yz,K_zx,K_zy,K_zz,K_star_eig1,K_star_eig2,K_star_eig3,K_eig1,K_eig2,K_eig3,symmetry_error,error_type,error_message
eps_0.02_coeffs_0.89_1.306_0.887_116.336_90.36_-2835.032_m_-0.267_rho_0.363_,0.6369438171386719,0.16666666666666666,1e-05,True,62500,25000,20000,17500,0.993029454445838,0.8112127064767649,0.559441103942263,0.8112749156421376,2.097198834237046,0.46926212281736424,0.559275270607169,0.4691778728555946,2.3889183216583008,0.632503971245865,0.5166969177747036,0.35633255220925747,0.5167365415179571,1.3357978307777167,0.29889360774588825,0.35622692569179387,0.2988399452536449,1.5216067546295475,0.5178107563088266,1.8106329001128527,3.150702953919505,0.32981635967880646,1.1532714308347438,2.0068207661395783,7.556608242750003e-05,,
