sample_name,porosity,nu,g,all_converged,total_iterations,iterations_x,iterations_y,iterations_z,K_star_xx,K_star_xy,K_star_xz,K_star_yx,K_star_yy,K_star_yz,K_star_zx,K_star_zy,K_star_zz,K_xx,K_xy,K_xz,K_yx,K_yy,K_yz,K_zx,K_zy,K_zz,K_star_eig1,K_star_eig2,K_star_eig3,K_eig1,K_eig2,K_eig3,symmetry_error,error_type,error_message
eps_0.02_coeffs_0.21_1.453_0.881_85.863_90.938_-3215.446_m_-0.426_rho_0.481_,0.5192689895629883,0.16666666666666666,1e-05,True,182500,72500,62500,47500,0.43110165064759987,-0.09107598995714784,-0.046729407579447386,-0.09107656053197939,0.4407579173937131,0.06009789972027569,-0.04673111548758511,0.060096936116661885,0.6534756015768964,0.22385771853071557,-0.04729293727849703,-0.02426513225665669,-0.04729323356031328,0.22887191840692048,0.031206975662605354,-0.024266019120389632,0.031206475293130476,0.3393296153349009,0.3445254696859983,0.49172931771373485,0.6890803822184759,0.17890139252256237,0.2553397859477089,0.35781807380226566,3.160157742320893e-06,,
