sample_name,porosity,nu,g,all_converged,total_iterations,iterations_x,iterations_y,iterations_z,K_star_xx,K_star_xy,K_star_xz,K_star_yx,K_star_yy,K_star_yz,K_star_zx,K_star_zy,K_star_zz,K_xx,K_xy,K_xz,K_yx,K_yy,K_yz,K_zx,K_zy,K_zz,K_star_eig1,K_star_eig2,K_star_eig3,K_eig1,K_eig2,K_eig3,symmetry_error,error_type,error_message
eps_0.02_coeffs_0.814_0.306_0.367_75.879_83.787_-2852.205_m_-0.309_rho_0.373_,0.6267051696777344,0.16666666666666666,1e-05,True,37500,12500,12500,12500,2.667331532403922,-0.10693741267895308,0.054826720715229156,-0.10690901693717748,2.6615961198322595,0.0607689026926645,0.05482237346799413,0.06080547336706863,2.6832775420568944,1.6716304606019714,-0.0670182293578612,0.034360189308711445,-0.0670004335996936,1.6680360478930756,0.03808418547313604,0.03435746486639538,0.038107104503843706,1.68162390728722,2.5172053659422637,2.7234163336059423,2.771583494744871,1.57754561597655,1.706779095455625,1.7369657043500926,1.4205106510375684e-05,,
