sample_name,porosity,nu,g,all_converged,total_iterations,iterations_x,iterations_y,iterations_z,K_star_xx,K_star_xy,K_star_xz,K_star_yx,K_star_yy,K_star_yz,K_star_zx,K_star_zy,K_star_zz,K_xx,K_xy,K_xz,K_yx,K_yy,K_yz,K_zx,K_zy,K_zz,K_star_eig1,K_star_eig2,K_star_eig3,K_eig1,K_eig2,K_eig3,symmetry_error,error_type,error_message
eps_0.02_coeffs_0.947_1.228_0.929_-6.858_132.818_-2592.364_m_-0.57_rho_0.452_,0.547696590423584,0.16666666666666666,1e-05,True,35000,12500,12500,10000,2.791617505135942,0.04889098706970779,-0.0030279865765522095,0.04895667545813892,2.7823472366877966,-0.05883762967430676,-0.003007220007540927,-0.05886472852983341,2.856365269487283,1.5289593893297473,0.026777426920522488,-0.0016584179238260258,0.02681340422689664,1.5238820949083869,-0.0322251691612233,-0.0016470441447837504,-0.03224001111199963,1.5644215191025266,2.7231633038028717,2.8108375246389756,2.896329182869175,1.4914672566594551,1.5394861284794332,1.5863096182017724,2.1503359686863214e-05,,
