sample_name,porosity,nu,g,all_converged,total_iterations,iterations_x,iterations_y,iterations_z,K_star_xx,K_star_xy,K_star_xz,K_star_yx,K_star_yy,K_star_yz,K_star_zx,K_star_zy,K_star_zz,K_xx,K_xy,K_xz,K_yx,K_yy,K_yz,K_zx,K_zy,K_zz,K_star_eig1,K_star_eig2,K_star_eig3,K_eig1,K_eig2,K_eig3,symmetry_error,error_type,error_message
eps_0.02_coeffs_0.479_1.477_0.684_-38.072_74.51_299.175_m_-0.591_rho_0.317_,0.6834025382995605,0.16666666666666666,1e-05,True,22500,7500,7500,7500,6.584346935734919,0.19173937217630763,0.1317912667100999,0.1914999353017497,5.797209294717012,-0.24484136242716156,0.1319716126592605,-0.2449104890650473,6.329220727391008,4.499759408926177,0.13103517363725276,0.09006648619539666,0.13087154186941735,3.9618275470634114,-0.16732520856344488,0.09018973507482504,-0.1673724498832401,4.325405510557206,5.64676416497423,6.413106668090642,6.650906124778068,3.8590129635223898,4.382733375358982,4.5452461276654255,4.017752189018155e-05,,
