sample_name,porosity,nu,g,all_converged,total_iterations,iterations_x,iterations_y,iterations_z,K_star_xx,K_star_xy,K_star_xz,K_star_yx,K_star_yy,K_star_yz,K_star_zx,K_star_zy,K_star_zz,K_xx,K_xy,K_xz,K_yx,K_yy,K_yz,K_zx,K_zy,K_zz,K_star_eig1,K_star_eig2,K_star_eig3,K_eig1,K_eig2,K_eig3,symmetry_error,error_type,error_message
eps_0.02_coeffs_0.682_0.934_0.419_17.888_3.686_-1096.812_m_-0.376_rho_0.406_,0.5937566757202148,0.16666666666666666,1e-05,True,22500,7500,7500,7500,8.717791941529843,-0.8200350609438782,-0.848850792878686,-0.8188675474365283,10.806905143743009,-0.6606660162612619,-0.8490769580264659,-0.660296888756504,6.628156363635551,5.176247162823237,-0.4869012917600609,-0.5040108249621172,-0.4862080728210784,6.416672072972539,-0.39227485757660424,-0.5041451120284268,-0.39205568565646237,3.935512088626032,6.150156051467656,8.883735996872366,11.118961400568386,3.6516962122799987,5.274777553478946,6.601957558662865,0.00011358007979691636,,
