sample_name,porosity,nu,g,all_converged,total_iterations,iterations_x,iterations_y,iterations_z,K_star_xx,K_star_xy,K_star_xz,K_star_yx,K_star_yy,K_star_yz,K_star_zx,K_star_zy,K_star_zz,K_xx,K_xy,K_xz,K_yx,K_yy,K_yz,K_zx,K_zy,K_zz,K_star_eig1,K_star_eig2,K_star_eig3,K_eig1,K_eig2,K_eig3,symmetry_error,error_type,error_message
eps_0.02_coeffs_0.702_1.32_0.811_18.976_57.615_473.875_m_-0.296_rho_0.55_,0.4496016502380371,0.16666666666666666,1e-05,True,120000,20000,37500,62500,0.1666646245658476,3.006170247331231e-13,7.514791941372375e-13,-3.1083284993764854e-09,0.1666643832904076,3.4713914857099186e-13,3.1368601085021547e-09,8.100721806355809e-13,0.16666418032083724,0.07493269024110798,1.3515791040966096e-13,3.3786628580365227e-13,-1.3975096228015894e-09,0.07493258176327199,1.560743340597451e-13,1.4103374813484368e-09,3.6420978922568243e-13,0.07493249050781821,0.16666418029868607,0.16666438325037822,0.16666462462802803,0.07493249049785902,0.07493258174527476,0.07493269026906439,2.1632910390326378e-08,,
