sample_name,porosity,nu,g,all_converged,total_iterations,iterations_x,iterations_y,iterations_z,K_star_xx,K_star_xy,K_star_xz,K_star_yx,K_star_yy,K_star_yz,K_star_zx,K_star_zy,K_star_zz,K_xx,K_xy,K_xz,K_yx,K_yy,K_yz,K_zx,K_zy,K_zz,K_star_eig1,K_star_eig2,K_star_eig3,K_eig1,K_eig2,K_eig3,symmetry_error,error_type,error_message
eps_0.02_coeffs_0.563_0.277_0.489_94.764_80.913_-1940.153_m_-0.309_rho_0.687_,0.31326723098754883,0.16666666666666666,1e-05,True,117500,42500,35000,40000,2.0307596010696574,-0.014621110267444934,-0.3951951803058945,-0.014632500907417764,1.9892910027960211,0.172488230286941,-0.3951772352300638,0.17253639751512304,0.8010007259974979,0.6361704370284709,-0.004580314727446094,-0.12380169983405266,-0.0045838830416895585,0.6231796840743538,0.05403491027993266,-0.12379607822983732,0.05404999949412959,0.2509272794522525,0.6652418594387765,1.9850649888883765,2.170744481536024,0.20839847524339364,0.6218558123993913,0.6800231129122927,2.4688520158747222e-05,,
