sample_name,porosity,nu,g,all_converged,total_iterations,iterations_x,iterations_y,iterations_z,K_star_xx,K_star_xy,K_star_xz,K_star_yx,K_star_yy,K_star_yz,K_star_zx,K_star_zy,K_star_zz,K_xx,K_xy,K_xz,K_yx,K_yy,K_yz,K_zx,K_zy,K_zz,K_star_eig1,K_star_eig2,K_star_eig3,K_eig1,K_eig2,K_eig3,symmetry_error,error_type,error_message
eps_0.02_coeffs_0.776_-0.457_0.552_94.58_105.932_-2224.612_m_-0.506_rho_0.563_,0.4374842643737793,0.16666666666666666,1e-05,True,47500,17500,15000,15000,2.090811736996916,0.0661920922544226,0.14856487072394323,0.06617839179759245,1.8123797882972523,0.16022632964766234,0.1486107544770809,0.16023582203694164,2.04783225486384,0.9146972347041594,0.028957998787287408,0.06499479318044993,0.028952005053009485,0.7928876384491292,0.07009649795921823,0.06501486660043806,0.07010065073015923,0.8958943875800047,1.7310499946705835,1.9464506420137158,2.2735231434737084,0.757307133512695,0.8515415272612405,0.9946305999593572,1.9967798548456954e-05,,
