sample_name,porosity,nu,g,all_converged,total_iterations,iterations_x,iterations_y,iterations_z,K_star_xx,K_star_xy,K_star_xz,K_star_yx,K_star_yy,K_star_yz,K_star_zx,K_star_zy,K_star_zz,K_xx,K_xy,K_xz,K_yx,K_yy,K_yz,K_zx,K_zy,K_zz,K_star_eig1,K_star_eig2,K_star_eig3,K_eig1,K_eig2,K_eig3,symmetry_error,error_type,error_message
eps_0.02_coeffs_0.637_0.69_0.427_96.425_144.738_-3252.148_m_-0.575_rho_0.353_,0.6472902297973633,0.16666666666666666,1e-05,True,47500,15000,17500,15000,1.6053844156200514,-0.31275335403450755,-0.08251857007006169,-0.31273635144993694,1.6868111366077128,0.25101180158074277,-0.0825299848824783,0.25100799584714123,1.4002594607067287,1.0391496472998087,-0.2024421904028925,-0.05341346418320005,-0.20243118479601865,1.091856368239558,0.16247748672704915,-0.0534208528797523,0.16247502331287164,0.9063742680967903,1.2218000918281031,1.4167056545579737,2.0539492665484156,0.7908592622058523,0.9170197286940543,1.3295012927362497,1.0602935998649203e-05,,
