sample_name,porosity,nu,g,all_converged,total_iterations,iterations_x,iterations_y,iterations_z,K_star_xx,K_star_xy,K_star_xz,K_star_yx,K_star_yy,K_star_yz,K_star_zx,K_star_zy,K_star_zz,K_xx,K_xy,K_xz,K_yx,K_yy,K_yz,K_zx,K_zy,K_zz,K_star_eig1,K_star_eig2,K_star_eig3,K_eig1,K_eig2,K_eig3,symmetry_error,error_type,error_message
eps_0.02_coeffs_0.69_0.083_0.785_84.109_131.536_-1684.786_m_-0.566_rho_0.316_,0.6836991310119629,0.16666666666666666,1e-05,True,25000,7500,10000,7500,6.501776006345516,-0.9173107343535118,-0.5351330629176633,-0.9079782855924061,12.217206667419934,0.9293726286654654,-0.5384677024208255,0.9308831660506706,9.976163786013903,4.445258605572859,-0.6271645519454416,-0.3658700100925764,-0.62078396483726,8.352893581908567,0.6354112586048823,-0.36814990022312666,0.6364440117025082,6.820694511330719,6.317559641717258,9.651076082131185,12.726510735930912,4.319310037158337,6.598432330683433,8.70110433097038,0.0008253856964103421,,
