sample_name,porosity,nu,g,all_converged,total_iterations,iterations_x,iterations_y,iterations_z,K_star_xx,K_star_xy,K_star_xz,K_star_yx,K_star_yy,K_star_yz,K_star_zx,K_star_zy,K_star_zz,K_xx,K_xy,K_xz,K_yx,K_yy,K_yz,K_zx,K_zy,K_zz,K_star_eig1,K_star_eig2,K_star_eig3,K_eig1,K_eig2,K_eig3,symmetry_error,error_type,error_message
eps_0.02_coeffs_0.92_0.112_0.613_75.84_111.597_-2842.538_m_-0.236_rho_0.635_,0.36501216888427734,0.16666666666666666,1e-05,True,72500,25000,22500,25000,0.9076703023442002,0.011353815832878493,0.009567804635841047,0.01135293185544445,0.935260684712599,-0.06771446364081611,0.00956731004835595,-0.0677149624678632,0.9556391670925084,0.3313107056905043,0.004144280942271626,0.0034923651215893843,0.004143958279751182,0.3413815309991401,-0.024716603238369828,0.0034921845911387458,-0.024716785316312183,0.3488199250512008,0.8709676556479449,0.91367506966691,1.0139274288344533,0.3179137930161105,0.333502518834612,0.37009584989012245,9.862269654503012e-07,,
