sample_name,porosity,nu,g,all_converged,total_iterations,iterations_x,iterations_y,iterations_z,K_star_xx,K_star_xy,K_star_xz,K_star_yx,K_star_yy,K_star_yz,K_star_zx,K_star_zy,K_star_zz,K_xx,K_xy,K_xz,K_yx,K_yy,K_yz,K_zx,K_zy,K_zz,K_star_eig1,K_star_eig2,K_star_eig3,K_eig1,K_eig2,K_eig3,symmetry_error,error_type,error_message
eps_0.02_coeffs_0.617_0.59_0.747_62.279_69.695_-1587.343_m_-0.534_rho_0.479_,0.5212178230285645,0.16666666666666666,1e-05,True,22500,7500,7500,7500,9.472229854653515,3.7872092850664822,0.9885824280049758,3.776941628330434,9.437861355531773,-1.9714602360855564,0.9905399209394091,-1.968187482139559,6.662826745750206,4.937095024068681,1.9739609789159178,0.515266781009046,1.9686092932243502,4.919181549775687,-1.0275602124398935,0.5162870612149252,-1.0258543947528527,3.4727840516364172,3.9997974425672815,8.263474801029322,13.309645712338895,2.0847657155701396,4.307070346443902,6.9372245634667475,0.0009578488807815179,,
