sample_name,porosity,nu,g,all_converged,total_iterations,iterations_x,iterations_y,iterations_z,K_star_xx,K_star_xy,K_star_xz,K_star_yx,K_star_yy,K_star_yz,K_star_zx,K_star_zy,K_star_zz,K_xx,K_xy,K_xz,K_yx,K_yy,K_yz,K_zx,K_zy,K_zz,K_star_eig1,K_star_eig2,K_star_eig3,K_eig1,K_eig2,K_eig3,symmetry_error,error_type,error_message
eps_0.02_coeffs_0.771_1.161_0.735_37.693_140.487_-3193.97_m_-0.332_rho_0.549_,0.45146751403808594,0.16666666666666666,1e-05,True,55000,20000,17500,17500,1.1380110604756695,0.0025364832898369166,-0.01002859303970771,0.0025361696043094124,1.1479895224466277,0.002479602228379224,-0.010029560190575526,0.0024802603908867004,1.1077890671590678,0.5137750244207964,0.0011451398052618185,-0.004527583968936492,0.0011449981864365265,0.5182799758407485,0.0011194598538496665,-0.004528020606134484,0.00111975699284075,0.5001307762288746,1.1045409205404093,1.1406514200422673,1.1485973094986877,0.49866434354971767,0.514967060990495,0.5185543719502069,8.740516213978785e-07,,
