sample_name,porosity,nu,g,all_converged,total_iterations,iterations_x,iterations_y,iterations_z,K_star_xx,K_star_xy,K_star_xz,K_star_yx,K_star_yy,K_star_yz,K_star_zx,K_star_zy,K_star_zz,K_xx,K_xy,K_xz,K_yx,K_yy,K_yz,K_zx,K_zy,K_zz,K_star_eig1,K_star_eig2,K_star_eig3,K_eig1,K_eig2,K_eig3,symmetry_error,error_type,error_message
eps_0.02_coeffs_0.849_1.121_0.914_37.308_71.78_-2912.641_m_-0.405_rho_0.396_,0.6037478446960449,0.16666666666666666,1e-05,True,30000,10000,10000,10000,3.940936543150793,0.1653210950571356,-0.2520127214228238,0.1652882969749617,4.11452538110739,-0.13660156834918977,-0.25192403775264305,-0.13626680196678154,4.694322626370466,2.3793319440111733,0.09981225482353559,-0.15215213739501468,0.09979245305211293,2.4841358307907595,-0.08247290247292278,-0.1520985948202833,-0.08227078799106713,2.834187167979046,3.8122105807127493,4.120498103223227,4.817075866692671,2.3016139216327804,2.4877418488951664,2.9082991722530327,6.650701298734273e-05,,
