sample_name,porosity,nu,g,all_converged,total_iterations,iterations_x,iterations_y,iterations_z,K_star_xx,K_star_xy,K_star_xz,K_star_yx,K_star_yy,K_star_yz,K_star_zx,K_star_zy,K_star_zz,K_xx,K_xy,K_xz,K_yx,K_yy,K_yz,K_zx,K_zy,K_zz,K_star_eig1,K_star_eig2,K_star_eig3,K_eig1,K_eig2,K_eig3,symmetry_error,error_type,error_message
eps_0.02_coeffs_0.893_0.622_0.681_27.099_82.542_-2364.083_m_-0.507_rho_0.521_,0.47870397567749023,0.16666666666666666,1e-05,True,35000,12500,12500,10000,5.096547986209201,-0.3976367369693709,-0.3402356076116081,-0.3972586448669195,3.2616213285240203,0.10193350416359062,-0.3397941419773387,0.10203522805824576,2.9999391575419847,2.439737783229451,-0.1903502868626623,-0.16287213803072334,-0.19016929267004656,1.561351097118946,0.048795973697848834,-0.16266080667647362,0.048844669330641646,1.4360828015059288,2.940132751219256,3.1832093377340045,5.234766383321947,1.4074532370282553,1.5238149653869784,2.5059034794390933,0.00012279921646251272,,
