sample_name,porosity,nu,g,all_converged,total_iterations,iterations_x,iterations_y,iterations_z,K_star_xx,K_star_xy,K_star_xz,K_star_yx,K_star_yy,K_star_yz,K_star_zx,K_star_zy,K_star_zz,K_xx,K_xy,K_xz,K_yx,K_yy,K_yz,K_zx,K_zy,K_zz,K_star_eig1,K_star_eig2,K_star_eig3,K_eig1,K_eig2,K_eig3,symmetry_error,error_type,error_message
eps_0.02_coeffs_0.904_0.245_0.668_26.758_126.65_941.519_m_-0.589_rho_0.387_,0.6129894256591797,0.16666666666666666,1e-05,True,40000,12500,12500,15000,54.38968711455469,4.478847222105695,-4.649968101731711,4.293474999321059,46.06187052378281,8.560794065126482,-4.505132806129035,8.376847341121746,49.53754916159051,33.340303066133366,2.745485986293782,-2.8503812760140277,2.6318547739158626,28.235439557161122,5.247676237168396,-2.7615987713473658,5.1349188404688455,30.365993809126746,37.04316744021432,55.725528821896845,57.22041053781686,22.707069933773795,34.15915990708861,35.07550659155883,0.0047948132904777,,
