sample_name,porosity,nu,g,all_converged,total_iterations,iterations_x,iterations_y,iterations_z,K_star_xx,K_star_xy,K_star_xz,K_star_yx,K_star_yy,K_star_yz,K_star_zx,K_star_zy,K_star_zz,K_xx,K_xy,K_xz,K_yx,K_yy,K_yz,K_zx,K_zy,K_zz,K_star_eig1,K_star_eig2,K_star_eig3,K_eig1,K_eig2,K_eig3,symmetry_error,error_type,error_message
eps_0.02_coeffs_0.658_1.401_0.59_50.115_135.341_-1976.364_m_-0.241_rho_0.645_,0.35484981536865234,0.16666666666666666,1e-05,True,140000,50000,40000,50000,0.4660804282271529,-0.013033333295070351,-6.413893898181497e-05,-0.013033109982417744,0.4790228783142179,0.021570786977697803,-6.405681264510495e-05,0.021570919470143318,0.4861289839571569,0.1653885539033476,-0.004624875913393824,-2.2759690655638298e-05,-0.004624796670940276,0.16998117992716064,0.007654389776392595,-2.2730548140219847e-05,0.007654436791312424,0.1725027802025477,0.45261025494339086,0.472295925905148,0.5063261096499889,0.16060866540062085,0.16759412210680852,0.17966972652562657,4.655895066479597e-07,,
