sample_name,porosity,nu,g,all_converged,total_iterations,iterations_x,iterations_y,iterations_z,K_star_xx,K_star_xy,K_star_xz,K_star_yx,K_star_yy,K_star_yz,K_star_zx,K_star_zy,K_star_zz,K_xx,K_xy,K_xz,K_yx,K_yy,K_yz,K_zx,K_zy,K_zz,K_star_eig1,K_star_eig2,K_star_eig3,K_eig1,K_eig2,K_eig3,symmetry_error,error_type,error_message
eps_0.02_coeffs_0.051_0.601_0.473_81.88_8.53_-3238.013_m_-0.468_rho_0.41_,0.5899391174316406,0.16666666666666666,1e-05,True,62500,22500,20000,20000,1.510981894028451,0.021749035557632652,-0.06179218005979375,0.021733332834111406,2.013631863477239,-0.019925180437491384,-0.061716405884959795,-0.01993967850806108,1.6395531066327524,0.8913873250183331,0.012830606841859176,-0.03645362416865175,0.01282134319100378,1.1879202043719923,-0.011754643361959858,-0.03640892201882609,-0.011763196340916207,0.9672365127092305,1.485843208226482,1.6623722022859722,2.0159514536259895,0.8765570309029281,0.980698389859479,1.1892886213371487,3.704139176747467e-05,,
