sample_name,porosity,nu,g,all_converged,total_iterations,iterations_x,iterations_y,iterations_z,K_star_xx,K_star_xy,K_star_xz,K_star_yx,K_star_yy,K_star_yz,K_star_zx,K_star_zy,K_star_zz,K_xx,K_xy,K_xz,K_yx,K_yy,K_yz,K_zx,K_zy,K_zz,K_star_eig1,K_star_eig2,K_star_eig3,K_eig1,K_eig2,K_eig3,symmetry_error,error_type,error_message
eps_0.02_coeffs_0.786_0.842_0.532_-24.759_121.688_862.817_m_-0.289_rho_0.436_,0.5643305778503418,0.16666666666666666,1e-05,True,42500,15000,12500,15000,1.6152387326086093,-0.06733610758791438,0.03572660000959189,-0.06734584240165094,1.6129154301440114,-0.05408362810391288,0.0357173270204737,-0.05408027929615117,1.6330435300297639,0.9115286073392702,-0.037999824505280506,0.020161612828041017,-0.038005318158341725,0.9102174967169026,-0.030521045100124142,0.02015637979673355,-0.030519155265504864,0.9215763989564586,1.5436796451539372,1.5921054149508898,1.7254126326775563,0.8711456261655326,0.8984737688178938,0.9737031080292052,6.973657566882505e-06,,
