sample_name,porosity,nu,g,all_converged,total_iterations,iterations_x,iterations_y,iterations_z,K_star_xx,K_star_xy,K_star_xz,K_star_yx,K_star_yy,K_star_yz,K_star_zx,K_star_zy,K_star_zz,K_xx,K_xy,K_xz,K_yx,K_yy,K_yz,K_zx,K_zy,K_zz,K_star_eig1,K_star_eig2,K_star_eig3,K_eig1,K_eig2,K_eig3,symmetry_error,error_type,error_message
eps_0.02_coeffs_0.322_0.459_0.46_118.189_129.862_314.272_m_-0.355_rho_0.539_,0.46123218536376953,0.16666666666666666,1e-05,True,40000,12500,15000,12500,35.89841710402717,4.250408303070391,0.8883538575050873,4.46879371568597,40.546815707696474,-12.386952675639206,0.8988602257701577,-12.346736683619882,29.97921429156399,16.557505371990572,1.9604251103134678,0.4097373910734061,2.06115149142572,18.70149641840286,-5.713261252582663,0.4145832662685411,-5.694712342697018,13.82737852318681,21.11713272276501,35.8224196107471,49.48489476977555,9.739901274337663,16.52245288208284,22.82402615715973,0.004864446054333917,,
