sample_name,porosity,nu,g,all_converged,total_iterations,iterations_x,iterations_y,iterations_z,K_star_xx,K_star_xy,K_star_xz,K_star_yx,K_star_yy,K_star_yz,K_star_zx,K_star_zy,K_star_zz,K_xx,K_xy,K_xz,K_yx,K_yy,K_yz,K_zx,K_zy,K_zz,K_star_eig1,K_star_eig2,K_star_eig3,K_eig1,K_eig2,K_eig3,symmetry_error,error_type,error_message
eps_0.02_coeffs_0.353_1.45_0.323_-3.816_47.247_400.842_m_-0.438_rho_0.35_,0.6500658988952637,0.16666666666666666,1e-05,True,30000,10000,10000,10000,9.826662660636115,0.23301152616159285,1.7812355044527324,0.23294748349036157,1.2990740784015402,-0.01902164281679638,1.815000326653222,-0.017760713035879498,8.213981752116307,6.387978295626939,0.1514728472071931,1.157920459346224,0.15143121525055148,0.8444837585076335,-0.012365321336165374,1.179869818841024,-0.011545633884689833,5.33962943119878,1.292022949265358,7.03776864853755,11.009926893351054,0.8399000599074941,4.575013402728466,7.1571780226973924,0.003640360990594603,,
