sample_name,porosity,nu,g,all_converged,total_iterations,iterations_x,iterations_y,iterations_z,K_star_xx,K_star_xy,K_star_xz,K_star_yx,K_star_yy,K_star_yz,K_star_zx,K_star_zy,K_star_zz,K_xx,K_xy,K_xz,K_yx,K_yy,K_yz,K_zx,K_zy,K_zz,K_star_eig1,K_star_eig2,K_star_eig3,K_eig1,K_eig2,K_eig3,symmetry_error,error_type,error_message
eps_0.02_coeffs_0.685_1.326_0.271_-15.01_58.342_-508.343_m_-0.386_rho_0.403_,0.5972647666931152,0.16666666666666666,1e-05,True,37500,10000,12500,15000,2.3743373165635395,0.002110227206200872,0.052947546890879084,0.0021014694144900464,2.4585640033995584,-0.0723021562883466,0.05293355471630754,-0.07231471104504313,2.536757199155027,1.4181080234280796,0.0012603643599810282,0.031623704240753676,0.001255133639558115,1.4684136558905285,-0.043183530506968486,0.03161534720787267,-0.043191029020797723,1.5151156967104076,2.3524150816314395,2.42799679406531,2.589246643421378,1.4050146448959668,1.4501569387390474,1.5464657923940006,6.887523861769206e-06,,
