sample_name,porosity,nu,g,all_converged,total_iterations,iterations_x,iterations_y,iterations_z,K_star_xx,K_star_xy,K_star_xz,K_star_yx,K_star_yy,K_star_yz,K_star_zx,K_star_zy,K_star_zz,K_xx,K_xy,K_xz,K_yx,K_yy,K_yz,K_zx,K_zy,K_zz,K_star_eig1,K_star_eig2,K_star_eig3,K_eig1,K_eig2,K_eig3,symmetry_error,error_type,error_message
eps_0.02_coeffs_0.48_1.322_0.792_20.463_48.54_-1822.652_m_-0.566_rho_0.351_,0.6489081382751465,0.16666666666666666,1e-05,True,30000,10000,10000,10000,12.999240635326933,-0.8673116838667188,0.1882778150568163,-0.8718007590047343,7.941432826918247,-1.4673594937389414,0.2046081299080686,-1.4678216952056429,10.259256280060342,8.435313039660633,-0.5628056100822348,0.122175006447031,-0.5657186074726218,5.153260390952653,-0.9521815172624979,0.1327718806546041,-0.9524814435557633,6.657314892781561,7.146367867427837,10.832155078238207,13.221406796639474,4.63733626828193,7.029073585327231,8.57947846978569,0.0012933571712823574,,
