sample_name,porosity,nu,g,all_converged,total_iterations,iterations_x,iterations_y,iterations_z,K_star_xx,K_star_xy,K_star_xz,K_star_yx,K_star_yy,K_star_yz,K_star_zx,K_star_zy,K_star_zz,K_xx,K_xy,K_xz,K_yx,K_yy,K_yz,K_zx,K_zy,K_zz,K_star_eig1,K_star_eig2,K_star_eig3,K_eig1,K_eig2,K_eig3,symmetry_error,error_type,error_message
eps_0.02_coeffs_0.248_1.407_0.475_11.299_8.684_-1621.8_m_-0.247_rho_0.579_,0.4210052490234375,0.16666666666666666,1e-05,True,95000,30000,32500,32500,1.103631871687631,-0.14390564165087394,0.019364354692465818,-0.1439060416881918,0.8972002698244627,-0.016417616503922313,0.019365349087434116,-0.016420344638150425,1.0203636829827254,0.4646348109700535,-0.06058503049910374,0.008152494969479743,-0.060585198916914364,0.3777260230213432,-0.0069119027246051104,0.008152913614980998,-0.006913051283435187,0.42957846644861414,0.823151684674937,1.0167324951090906,1.1813116447107912,0.3465511799906341,0.42804971729362357,0.4973384031557532,2.3517606176394318e-06,,
