sample_name,porosity,nu,g,all_converged,total_iterations,iterations_x,iterations_y,iterations_z,K_star_xx,K_star_xy,K_star_xz,K_star_yx,K_star_yy,K_star_yz,K_star_zx,K_star_zy,K_star_zz,K_xx,K_xy,K_xz,K_yx,K_yy,K_yz,K_zx,K_zy,K_zz,K_star_eig1,K_star_eig2,K_star_eig3,K_eig1,K_eig2,K_eig3,symmetry_error,error_type,error_message
eps_0.02_coeffs_0.289_1.145_0.936_-8.305_115.568_699.571_m_-0.456_rho_0.557_,0.4434037208557129,0.16666666666666666,1e-05,True,110000,35000,37500,37500,1.839427098098099,-0.23238994224746776,0.3856012175002821,-0.2324439262187957,1.479964507261202,-0.4251004842572616,0.38545246943254097,-0.42507044195867266,2.2685544923825214,0.8156088195395235,-0.10304256508197143,0.1709770146061181,-0.10306650177572481,0.6562217692540087,-0.1884911364572352,0.1709110591594116,-0.1884778155902578,1.005885502886353,1.2854346985751033,1.6134084750353719,2.6891029241313475,0.5699665282652425,0.7153913210908253,1.192358242323818,6.720839196471231e-05,,
