sample_name,porosity,nu,g,all_converged,total_iterations,iterations_x,iterations_y,iterations_z,K_star_xx,K_star_xy,K_star_xz,K_star_yx,K_star_yy,K_star_yz,K_star_zx,K_star_zy,K_star_zz,K_xx,K_xy,K_xz,K_yx,K_yy,K_yz,K_zx,K_zy,K_zz,K_star_eig1,K_star_eig2,K_star_eig3,K_eig1,K_eig2,K_eig3,symmetry_error,error_type,error_message
eps_0.02_coeffs_0.869_0.238_0.62_21.539_128.464_162.806_m_-0.399_rho_0.474_,0.5260281562805176,0.16666666666666666,1e-05,True,45000,17500,12500,15000,3.46141358365758,-0.27237621899701386,0.6257365971552726,-0.27252277251366375,5.842480197040017,-0.4020389343874954,0.6261567126458245,-0.4018505688901394,6.809347554098519,1.8208010055357358,-0.14327756029365768,0.329155068518833,-0.14335465156981744,3.0733090861543952,-0.21148379940883819,0.3293760610957529,-0.21138471385355714,3.581908539355696,3.3323893955876556,5.6979971744466935,7.082854764761767,1.7529306497697228,2.9973069481657943,3.7257810331103127,7.057636825208641e-05,,
