sample_name,porosity,nu,g,all_converged,total_iterations,iterations_x,iterations_y,iterations_z,K_star_xx,K_star_xy,K_star_xz,K_star_yx,K_star_yy,K_star_yz,K_star_zx,K_star_zy,K_star_zz,K_xx,K_xy,K_xz,K_yx,K_yy,K_yz,K_zx,K_zy,K_zz,K_star_eig1,K_star_eig2,K_star_eig3,K_eig1,K_eig2,K_eig3,symmetry_error,error_type,error_message
eps_0.02_coeffs_0.72_0.528_0.414_99.824_138.79_-2851.295_m_-0.537_rho_0.475_,0.5249996185302734,0.16666666666666666,1e-05,True,65000,22500,25000,17500,1.1672489148252516,0.29783632457149145,0.021436394362890344,0.29784210457965693,1.0345878083969509,-0.15229008808567895,0.02142507301835095,-0.15228928930618238,1.409969881084467,0.6128052350131328,0.15636395678449172,0.011254098863181934,0.1563669912865737,0.5431582047444709,-0.07995223815092319,0.011248155161617502,-0.0799518187919922,0.7402336497085201,0.7681270445980259,1.3434079192435484,1.5002716404650953,0.40326640539675007,0.7052886451334113,0.7876420389359624,8.356926373270537e-06,,
