sample_name,porosity,nu,g,all_converged,total_iterations,iterations_x,iterations_y,iterations_z,K_star_xx,K_star_xy,K_star_xz,K_star_yx,K_star_yy,K_star_yz,K_star_zx,K_star_zy,K_star_zz,K_xx,K_xy,K_xz,K_yx,K_yy,K_yz,K_zx,K_zy,K_zz,K_star_eig1,K_star_eig2,K_star_eig3,K_eig1,K_eig2,K_eig3,symmetry_error,error_type,error_message
eps_0.02_coeffs_0.975_0.091_0.783_26.534_133.03_-2559.199_m_-0.242_rho_0.678_,0.3222541809082031,0.16666666666666666,1e-05,True,72500,22500,25000,25000,0.7259934002642745,-0.006238133491601403,-0.019620947756074227,-0.006237977619258211,0.7163191503452983,-0.0015949071051246063,-0.019620930674679876,-0.0015948116960088103,0.7248135290336967,0.23395440854692504,-0.002010264598732039,-0.006322932447776346,-0.0020102143682177577,0.2308368410633841,-0.0005139654827866035,-0.0063229269432256005,-0.0005139347368001414,0.23357419010993802,0.7033929848733445,0.7183002262753201,0.7454328684946047,0.22667133019693556,0.2314752510645302,0.24021885845878113,2.0740609107260249e-07,,
