sample_name,porosity,nu,g,all_converged,total_iterations,iterations_x,iterations_y,iterations_z,K_star_xx,K_star_xy,K_star_xz,K_star_yx,K_star_yy,K_star_yz,K_star_zx,K_star_zy,K_star_zz,K_xx,K_xy,K_xz,K_yx,K_yy,K_yz,K_zx,K_zy,K_zz,K_star_eig1,K_star_eig2,K_star_eig3,K_eig1,K_eig2,K_eig3,symmetry_error,error_type,error_message
eps_0.02_coeffs_0.965_-0.352_0.916_38.277_38.512_-3640.521_m_-0.226_rho_0.493_,0.5068449974060059,0.16666666666666666,1e-05,True,32500,10000,12500,10000,3.0154659919906655,0.09844680750486823,0.19790272767458314,0.09844398299476426,2.9347832729765386,-0.13909539194558454,0.1978610262032186,-0.13905066635412336,2.8701387000454646,1.5283738528884077,0.04989727189443449,0.10030600749486558,0.04989584030561817,1.4874802203789832,-0.07049980356984717,0.10028487131271999,-0.07047713462755904,1.4547154419794206,2.635150896457922,3.0316443427610724,3.153592725793675,1.335613049279649,1.5365737690426684,1.598382696924494,1.6952115598003696e-05,,
