sample_name,porosity,nu,g,all_converged,total_iterations,iterations_x,iterations_y,iterations_z,K_star_xx,K_star_xy,K_star_xz,K_star_yx,K_star_yy,K_star_yz,K_star_zx,K_star_zy,K_star_zz,K_xx,K_xy,K_xz,K_yx,K_yy,K_yz,K_zx,K_zy,K_zz,K_star_eig1,K_star_eig2,K_star_eig3,K_eig1,K_eig2,K_eig3,symmetry_error,error_type,error_message
eps_0.02_coeffs_0.369_0.541_0.944_98.753_79.421_-3248.287_m_-0.399_rho_0.308_,0.6922259330749512,0.16666666666666666,1e-05,True,72500,20000,27500,25000,1.540483605033989,-0.31920867217607324,0.5277070010853863,-0.31915747389873067,1.4614826657635192,0.17783034341509546,0.5277203755377747,0.17785630011475975,1.3699173352997682,1.0663627008813175,-0.2209645209426985,0.36529247121651576,-0.2209290801673932,1.011676201981019,0.12309877539955345,0.3653017293592998,0.12311674330019812,0.9482923056634328,0.7522744498550015,1.5942134626191353,2.025395693623139,0.5207438829793243,1.1035559016821799,1.4020314238642653,3.104311627450523e-05,,
