sample_name,porosity,nu,g,all_converged,total_iterations,iterations_x,iterations_y,iterations_z,K_star_xx,K_star_xy,K_star_xz,K_star_yx,K_star_yy,K_star_yz,K_star_zx,K_star_zy,K_star_zz,K_xx,K_xy,K_xz,K_yx,K_yy,K_yz,K_zx,K_zy,K_zz,K_star_eig1,K_star_eig2,K_star_eig3,K_eig1,K_eig2,K_eig3,symmetry_error,error_type,error_message
eps_0.02_coeffs_0.52_0.564_0.862_99.722_55.737_-4180.153_m_-0.256_rho_0.681_,0.3194756507873535,0.16666666666666666,1e-05,True,132500,50000,45000,37500,0.768524297745153,0.02122608358909549,0.003133404928044586,0.02122601998220048,0.6551518788779741,0.02895788411419009,0.0031326215044610844,0.028958029770928043,0.8051675423173212,0.24552480016802658,0.0067812168682930465,0.0010010465785673447,0.006781196547438868,0.2093050728690982,0.009251338872805645,0.0010007962938081633,0.009251385406586795,0.2572314245746802,0.6463765209052084,0.7707107084190672,0.811756489616173,0.20650155966985675,0.24622330514096374,0.25933643280098445,8.746111762571616e-07,,
