sample_name,porosity,nu,g,all_converged,total_iterations,iterations_x,iterations_y,iterations_z,K_star_xx,K_star_xy,K_star_xz,K_star_yx,K_star_yy,K_star_yz,K_star_zx,K_star_zy,K_star_zz,K_xx,K_xy,K_xz,K_yx,K_yy,K_yz,K_zx,K_zy,K_zz,K_star_eig1,K_star_eig2,K_star_eig3,K_eig1,K_eig2,K_eig3,symmetry_error,error_type,error_message
eps_0.02_coeffs_0.201_1.377_0.804_66.405_32.383_-3178.471_m_-0.335_rho_0.659_,0.3409895896911621,0.16666666666666666,1e-05,True,217500,72500,80000,65000,0.5413649417337189,0.015183966644854528,-0.007739857696536526,0.015184422385702981,0.4408206057465966,0.07988588631041499,-0.007739822961659141,0.07988587929039714,0.4532647605542013,0.18459980935496068,0.005177574556113237,-0.002639210900209973,0.005177729958998157,0.1503152374809415,0.027240255595103232,-0.0026391990559783856,0.027240253201350227,0.15455856472283994,0.3653849451647188,0.5259194576673137,0.5441459052024843,0.12459246253104522,0.17933306008057578,0.18554808894712116,7.692729481931314e-07,,
