sample_name,porosity,nu,g,all_converged,total_iterations,iterations_x,iterations_y,iterations_z,K_star_xx,K_star_xy,K_star_xz,K_star_yx,K_star_yy,K_star_yz,K_star_zx,K_star_zy,K_star_zz,K_xx,K_xy,K_xz,K_yx,K_yy,K_yz,K_zx,K_zy,K_zz,K_star_eig1,K_star_eig2,K_star_eig3,K_eig1,K_eig2,K_eig3,symmetry_error,error_type,error_message
eps_0.02_coeffs_0.229_1.314_0.639_-21.558_57.918_-725.268_m_-0.457_rho_0.575_,0.42496824264526367,0.16666666666666666,1e-05,True,57500,20000,20000,17500,1.0239819360663684,-0.001797263819485656,0.01153323237199425,-0.0017971110518089203,0.9799961795792222,0.0012679886157463413,0.01153447513173768,0.0012685282884941805,0.9879285528798794,0.43515980387061937,-0.0007637800469367336,0.004901257493145863,-0.0007637151255256183,0.4164672542348543,0.0005388548937279232,0.0049017856265700585,0.0005390842375071759,0.4198382609764408,0.9793835833366378,0.9851271957324583,1.027395889456374,0.41620692028619183,0.4186477731524795,0.4366106256432428,1.116018764833609e-06,,
