sample_name,porosity,nu,g,all_converged,total_iterations,iterations_x,iterations_y,iterations_z,K_star_xx,K_star_xy,K_star_xz,K_star_yx,K_star_yy,K_star_yz,K_star_zx,K_star_zy,K_star_zz,K_xx,K_xy,K_xz,K_yx,K_yy,K_yz,K_zx,K_zy,K_zz,K_star_eig1,K_star_eig2,K_star_eig3,K_eig1,K_eig2,K_eig3,symmetry_error,error_type,error_message
eps_0.02_coeffs_0.245_-0.53_0.551_-22.296_75.098_294.1_m_-0.461_rho_0.576_,0.4244728088378906,0.16666666666666666,1e-05,True,65000,22500,22500,20000,0.8799553917253818,-0.033502643189128004,-0.02950312824896811,-0.03350278872727966,0.8875247827775516,-0.040994630068518036,-0.029502656378030477,-0.04099439443666704,0.8491586458598572,0.3735171367777192,-0.01422096105798279,-0.012523275717344011,-0.014221022834970816,0.3767301374588261,-0.0174011057724541,-0.012523075420961705,-0.017401005753140453,0.36044475555711325,0.7997630059006344,0.8962072687427457,0.9206685457194106,0.3394776495192767,0.38041561666416757,0.39079876361021415,5.112776475988996e-07,,
