sample_name,porosity,nu,g,all_converged,total_iterations,iterations_x,iterations_y,iterations_z,K_star_xx,K_star_xy,K_star_xz,K_star_yx,K_star_yy,K_star_yz,K_star_zx,K_star_zy,K_star_zz,K_xx,K_xy,K_xz,K_yx,K_yy,K_yz,K_zx,K_zy,K_zz,K_star_eig1,K_star_eig2,K_star_eig3,K_eig1,K_eig2,K_eig3,symmetry_error,error_type,error_message
eps_0.02_coeffs_0.515_0.515_0.697_-32.134_35.918_767.024_m_-0.262_rho_0.585_,0.41458797454833984,0.16666666666666666,1e-05,True,42500,15000,15000,12500,1.8146168473709068,0.01617166414403181,0.036000067691494796,0.01617002026770069,1.8207889143508402,-0.06595640885615497,0.03600199378243756,-0.06595644625899463,1.8216186633090592,0.7523183233327981,0.00670457748255016,0.014925195147819956,0.006703895951191634,0.7548771880807855,-0.027344733956155474,0.014925993681962714,-0.02734474946292301,0.7552211920207571,1.7373627131551692,1.829449634170055,1.8902120777055824,0.7202896883028098,0.7584678183687644,0.7836591967627665,1.136083274694062e-06,,
