sample_name,porosity,nu,g,all_converged,total_iterations,iterations_x,iterations_y,iterations_z,K_star_xx,K_star_xy,K_star_xz,K_star_yx,K_star_yy,K_star_yz,K_star_zx,K_star_zy,K_star_zz,K_xx,K_xy,K_xz,K_yx,K_yy,K_yz,K_zx,K_zy,K_zz,K_star_eig1,K_star_eig2,K_star_eig3,K_eig1,K_eig2,K_eig3,symmetry_error,error_type,error_message
eps_0.02_coeffs_0.703_1.192_0.384_6.951_83.668_-2595.87_m_-0.431_rho_0.681_,0.31925439834594727,0.16666666666666666,1e-05,True,75000,25000,25000,25000,0.6699288852131606,-0.001048042764014116,-0.015743471496656943,-0.0010480625060326108,0.6818936595239541,0.007710569851522809,-0.01574330688673748,0.007710330456777629,0.6907398723339729,0.21387774318329877,-0.0003345922620661502,-0.005026172520541782,-0.0003345985647923869,0.21769755000723617,0.0024616333388523142,-0.005026119968100983,0.002461556911026975,0.22052174235553895,0.6610797185474016,0.6795962466599021,0.701886451863784,0.2110526078035588,0.21696409084557103,0.2240803368969439,3.491062929935302e-07,,
