sample_name,porosity,nu,g,all_converged,total_iterations,iterations_x,iterations_y,iterations_z,K_star_xx,K_star_xy,K_star_xz,K_star_yx,K_star_yy,K_star_yz,K_star_zx,K_star_zy,K_star_zz,K_xx,K_xy,K_xz,K_yx,K_yy,K_yz,K_zx,K_zy,K_zz,K_star_eig1,K_star_eig2,K_star_eig3,K_eig1,K_eig2,K_eig3,symmetry_error,error_type,error_message
eps_0.02_coeffs_0.434_0.309_0.332_-11.597_44.447_352.436_m_-0.216_rho_0.515_,0.4854745864868164,0.16666666666666666,1e-05,True,45000,15000,12500,17500,1.3177949901435784,-0.018706587951931735,0.023288952046533223,-0.018707164291334975,1.3615959765638106,0.04114384855948159,0.023290476861385558,0.04114055331347785,1.418876353526909,0.639755977914352,-0.00908157305054332,0.011306194364502014,-0.009081852848676785,0.6610202436844289,0.01997429286589052,0.011306934623361919,0.019972693107699484,0.6888284110043982,1.2986986174392186,1.3579711648586317,1.4415975379364474,0.6304851742723049,0.659260489720765,0.6998589686101094,2.1953204538611004e-06,,
