sample_name,porosity,nu,g,all_converged,total_iterations,iterations_x,iterations_y,iterations_z,K_star_xx,K_star_xy,K_star_xz,K_star_yx,K_star_yy,K_star_yz,K_star_zx,K_star_zy,K_star_zz,K_xx,K_xy,K_xz,K_yx,K_yy,K_yz,K_zx,K_zy,K_zz,K_star_eig1,K_star_eig2,K_star_eig3,K_eig1,K_eig2,K_eig3,symmetry_error,error_type,error_message
eps_0.02_coeffs_0.41_-0.539_0.587_115.438_143.308_-735.998_m_-0.474_rho_0.495_,0.5046205520629883,0.16666666666666666,1e-05,True,37500,12500,12500,12500,4.655716894786924,-1.4756089904088758,-0.326111938998548,-1.4727524537918006,6.808031450738965,0.9144790275739327,-0.32601546754057065,0.9148167432784949,7.012061377127792,2.349370429696359,-0.7446226233692357,-0.16456278669177885,-0.7431811562845391,3.4354725891340836,0.46146491174438264,-0.164514105211396,0.4616353300296591,3.5384302832257846,3.9024929294190254,6.287129594849764,8.286187198384884,1.9692781364653376,3.172614807044642,4.181380358546248,0.00036636107060632124,,
