sample_name,porosity,nu,g,all_converged,total_iterations,iterations_x,iterations_y,iterations_z,K_star_xx,K_star_xy,K_star_xz,K_star_yx,K_star_yy,K_star_yz,K_star_zx,K_star_zy,K_star_zz,K_xx,K_xy,K_xz,K_yx,K_yy,K_yz,K_zx,K_zy,K_zz,K_star_eig1,K_star_eig2,K_star_eig3,K_eig1,K_eig2,K_eig3,symmetry_error,error_type,error_message
eps_0.02_coeffs_0.8_1.207_0.582_14.3_26.527_-1832.027_m_-0.38_rho_0.555_,0.44536876678466797,0.16666666666666666,1e-05,True,37500,12500,12500,12500,2.424661326890347,-0.02925085782856577,-0.06712516240828802,-0.029272348850640353,3.238047933420188,-0.13130029962824163,-0.06713571295376004,-0.13127111787687773,2.68551250109413,1.0798684250276307,-0.013027418478501987,-0.029895450801999787,-0.013036989908500288,1.4421254148969918,-0.05847705252388737,-0.029900149685425568,-0.05846405588326982,1.196043390797102,2.403909663514435,2.676434984953658,3.267877112936571,1.0706262823011703,1.1920005486281529,1.4554103997924017,1.0983343547979496e-05,,
