sample_name,porosity,nu,g,all_converged,total_iterations,iterations_x,iterations_y,iterations_z,K_star_xx,K_star_xy,K_star_xz,K_star_yx,K_star_yy,K_star_yz,K_star_zx,K_star_zy,K_star_zz,K_xx,K_xy,K_xz,K_yx,K_yy,K_yz,K_zx,K_zy,K_zz,K_star_eig1,K_star_eig2,K_star_eig3,K_eig1,K_eig2,K_eig3,symmetry_error,error_type,error_message
eps_0.02_coeffs_0.863_0.849_0.787_64.802_39.118_-3179.786_m_-0.444_rho_0.53_,0.4696478843688965,0.16666666666666666,1e-05,True,32500,12500,10000,10000,3.8794115671543388,0.044181306691833025,-0.37774966346218525,0.04417044330107084,4.126205894299557,-0.43755436863853775,-0.37779156200354513,-0.43739322000581166,3.571148821214416,1.8219574351102603,0.02074965721647275,-0.17740933026607794,0.020744555247984214,1.9378638687282574,-0.20549648352745747,-0.17742900782738574,-0.20542080041302874,1.677182488649829,3.1839911214147527,3.9286593411392694,4.46411582011429,1.4953546940217886,1.845086547972161,2.096562550494398,3.498320679669857e-05,,
