sample_name,porosity,nu,g,all_converged,total_iterations,iterations_x,iterations_y,iterations_z,K_star_xx,K_star_xy,K_star_xz,K_star_yx,K_star_yy,K_star_yz,K_star_zx,K_star_zy,K_star_zz,K_xx,K_xy,K_xz,K_yx,K_yy,K_yz,K_zx,K_zy,K_zz,K_star_eig1,K_star_eig2,K_star_eig3,K_eig1,K_eig2,K_eig3,symmetry_error,error_type,error_message
eps_0.02_coeffs_0.718_-0.118_0.739_56.005_73.164_-2375.765_m_-0.222_rho_0.642_,0.35764503479003906,0.16666666666666666,1e-05,True,62500,20000,20000,22500,1.154150785397372,0.1304623698868244,0.0028738755276980846,0.13046158866753788,1.2563772800847115,-0.06503379157233097,0.0028761324332742385,-0.06503220257075677,1.1746039089425933,0.412776297796394,0.046659218816964255,0.0010278273130858234,0.04665893941776535,0.4493370960453113,-0.02325901264941446,0.0010286344841591247,-0.023258444350891173,0.42009125587828966,1.051742265485144,1.1729822144078976,1.3604074945316351,0.3761503991295889,0.4195112648800095,0.4865429857103968,1.9489577104611315e-06,,
