sample_name,porosity,nu,g,all_converged,total_iterations,iterations_x,iterations_y,iterations_z,K_star_xx,K_star_xy,K_star_xz,K_star_yx,K_star_yy,K_star_yz,K_star_zx,K_star_zy,K_star_zz,K_xx,K_xy,K_xz,K_yx,K_yy,K_yz,K_zx,K_zy,K_zz,K_star_eig1,K_star_eig2,K_star_eig3,K_eig1,K_eig2,K_eig3,symmetry_error,error_type,error_message
eps_0.02_coeffs_0.274_0.672_0.589_7.377_37.49_-1528.71_m_-0.608_rho_0.501_,0.4985198974609375,0.16666666666666666,1e-05,True,30000,12500,10000,7500,3.8348921570980914,0.004531980814684677,0.40299334279588905,0.004668974428692398,3.515007995292884,-0.2709532339644448,0.40307001465698966,-0.271185239133039,4.273795997148642,1.911770044930294,0.0022592826110315414,0.20090019992804706,0.0023275766534394736,1.752301425387784,-0.13507557841266443,0.20093842237638107,-0.1351912376055224,2.130572342267506,3.375721252015691,3.682949070438031,4.565025827085892,1.68286421241157,1.836023392948623,2.2757562072253896,5.85390334455513e-05,,
