sample_name,porosity,nu,g,all_converged,total_iterations,iterations_x,iterations_y,iterations_z,K_star_xx,K_star_xy,K_star_xz,K_star_yx,K_star_yy,K_star_yz,K_star_zx,K_star_zy,K_star_zz,K_xx,K_xy,K_xz,K_yx,K_yy,K_yz,K_zx,K_zy,K_zz,K_star_eig1,K_star_eig2,K_star_eig3,K_eig1,K_eig2,K_eig3,symmetry_error,error_type,error_message
eps_0.02_coeffs_0.639_-0.522_0.483_4.869_138.441_-731.579_m_-0.511_rho_0.413_,0.5870928764343262,0.16666666666666666,1e-05,True,40000,12500,12500,15000,1.589289607363311,0.006582205038042953,-0.038935699884358695,0.006587774291769812,1.5169054197541967,0.04153223266090167,-0.03893486996744072,0.04152634697594432,1.6294343302555436,0.9330606070741071,0.0038643656890651507,-0.022858872041091806,0.003867635358255245,0.8905643661623103,0.024383277937628428,-0.022858384802781233,0.02437982249391703,0.9566292879105669,1.4990856705749473,1.5758342427724954,1.660709444025609,0.8801025183593267,0.9251610583730125,0.9749906844146453,4.209475359971129e-06,,
