sample_name,porosity,nu,g,all_converged,total_iterations,iterations_x,iterations_y,iterations_z,K_star_xx,K_star_xy,K_star_xz,K_star_yx,K_star_yy,K_star_yz,K_star_zx,K_star_zy,K_star_zz,K_xx,K_xy,K_xz,K_yx,K_yy,K_yz,K_zx,K_zy,K_zz,K_star_eig1,K_star_eig2,K_star_eig3,K_eig1,K_eig2,K_eig3,symmetry_error,error_type,error_message
eps_0.02_coeffs_0.526_-0.172_0.75_-25.879_104.83_673.522_m_-0.504_rho_0.312_,0.6876893043518066,0.16666666666666666,1e-05,True,22500,7500,7500,7500,5.163890842098616,0.019188437982674687,0.04225064373438381,0.01916834437255738,5.5597312494192614,-0.17777471665412165,0.04194266774647004,-0.17791353241497165,5.529576547669278,3.551152500951462,0.01319568356790334,0.02905531579811442,0.013181865407139852,3.8233677152961327,-0.12225377122721245,0.02884352400522894,-0.12234923334122445,3.8026306494267508,5.154446841270118,5.375179613564179,5.723572184352858,3.544657962591414,3.6964535292179646,3.936039373864967,5.095385864804795e-05,,
