sample_name,porosity,nu,g,all_converged,total_iterations,iterations_x,iterations_y,iterations_z,K_star_xx,K_star_xy,K_star_xz,K_star_yx,K_star_yy,K_star_yz,K_star_zx,K_star_zy,K_star_zz,K_xx,K_xy,K_xz,K_yx,K_yy,K_yz,K_zx,K_zy,K_zz,K_star_eig1,K_star_eig2,K_star_eig3,K_eig1,K_eig2,K_eig3,symmetry_error,error_type,error_message
eps_0.02_coeffs_0.504_0.041_0.539_39.023_111.378_-1203.243_m_-0.318_rho_0.475_,0.5250129699707031,0.16666666666666666,1e-05,True,75000,25000,27500,22500,0.961432499808402,-0.0022084877024115684,0.02872766793234795,-0.0022096879321958788,0.8497180878947418,-0.012391793770363039,0.028727636445096207,-0.012389708241157425,0.9471327313982627,0.5047645321507666,-0.0011594846877868718,0.015082398261494125,-0.00116011482399058,0.44611301696344535,-0.006505852450642756,0.015082381730278573,-0.006504757520760556,0.49725696826786614,0.8481489713574182,0.9255906576896089,0.9845436900543798,0.44528921042995473,0.48594710017075793,0.5168982067813653,2.1331074555487376e-06,,
