sample_name,porosity,nu,g,all_converged,total_iterations,iterations_x,iterations_y,iterations_z,K_star_xx,K_star_xy,K_star_xz,K_star_yx,K_star_yy,K_star_yz,K_star_zx,K_star_zy,K_star_zz,K_xx,K_xy,K_xz,K_yx,K_yy,K_yz,K_zx,K_zy,K_zz,K_star_eig1,K_star_eig2,K_star_eig3,K_eig1,K_eig2,K_eig3,symmetry_error,error_type,error_message
eps_0.02_coeffs_0.681_1.306_0.251_77.642_114.559_-2504.348_m_-0.207_rho_0.694_,0.30600929260253906,0.16666666666666666,1e-05,True,307500,107500,107500,92500,0.36045861381163535,-0.007328499307369498,-0.012844149583846593,-0.00732845520745212,0.367326581227251,0.03014479442926792,-0.012844097697154932,0.030144491166936866,0.3770220662313808,0.11030368542499035,-0.0022425888888863376,-0.003930429128234093,-0.0022425753939018167,0.11240534727546017,0.009224587218949237,-0.003930413250424282,0.009224494417857838,0.11537225578301247,0.3411651819125414,0.35641130888175454,0.4072307704759713,0.10439971597767336,0.10906517250645073,0.12461639999933885,6.870929843821009e-07,,
