sample_name,porosity,nu,g,all_converged,total_iterations,iterations_x,iterations_y,iterations_z,K_star_xx,K_star_xy,K_star_xz,K_star_yx,K_star_yy,K_star_yz,K_star_zx,K_star_zy,K_star_zz,K_xx,K_xy,K_xz,K_yx,K_yy,K_yz,K_zx,K_zy,K_zz,K_star_eig1,K_star_eig2,K_star_eig3,K_eig1,K_eig2,K_eig3,symmetry_error,error_type,error_message
eps_0.02_coeffs_0.823_1.336_0.277_26.293_52.922_-518.521_m_-0.417_rho_0.508_,0.4920506477355957,0.16666666666666666,1e-05,True,97500,25000,35000,37500,9.549985158264715,-0.3687400363206244,-1.047244452787505,-0.37086115424180743,4.5876286470090095,-0.07723569165039611,-1.047943028410743,-0.07907337319306841,8.565357966562832,4.699076382989478,-0.18143877371761033,-0.5152973113316014,-0.18248247116465202,2.2573456473311575,-0.038003872104884144,-0.5156410459195079,-0.0389081044982878,4.2145899355344865,4.553612473741804,7.920805183529999,10.228554114564751,2.240607967241543,3.897437321143401,5.032966677470176,0.0002982220100897727,,
