sample_name,porosity,nu,g,all_converged,total_iterations,iterations_x,iterations_y,iterations_z,K_star_xx,K_star_xy,K_star_xz,K_star_yx,K_star_yy,K_star_yz,K_star_zx,K_star_zy,K_star_zz,K_xx,K_xy,K_xz,K_yx,K_yy,K_yz,K_zx,K_zy,K_zz,K_star_eig1,K_star_eig2,K_star_eig3,K_eig1,K_eig2,K_eig3,symmetry_error,error_type,error_message
eps_0.02_coeffs_0.308_1.07_0.606_108.672_93.736_-4165.171_m_-0.438_rho_0.363_,0.6366043090820312,0.16666666666666666,1e-05,True,100000,27500,35000,37500,1.0002072698786881,-0.04017087818622235,-0.1482790207065123,-0.040174957019946195,0.8765673368629516,-0.028187413499958798,-0.14828235902915105,-0.02819405359035313,0.8924366082772932,0.636736257979947,-0.02557295415295852,-0.09439506352822948,-0.02557555075608315,0.5580265438475155,-0.017944228895950792,-0.0943971887188064,-0.017948456006108518,0.5681289904118776,0.7686659889906143,0.8951937024261677,1.105351523602151,0.4893360808362263,0.5698841684275961,0.7036715429755176,7.41550454017895e-06,,
