sample_name,porosity,nu,g,all_converged,total_iterations,iterations_x,iterations_y,iterations_z,K_star_xx,K_star_xy,K_star_xz,K_star_yx,K_star_yy,K_star_yz,K_star_zx,K_star_zy,K_star_zz,K_xx,K_xy,K_xz,K_yx,K_yy,K_yz,K_zx,K_zy,K_zz,K_star_eig1,K_star_eig2,K_star_eig3,K_eig1,K_eig2,K_eig3,symmetry_error,error_type,error_message
eps_0.02_coeffs_0.313_-0.659_0.266_65.107_46.206_-3066.598_m_-0.419_rho_0.461_,0.5390863418579102,0.16666666666666666,1e-05,True,92500,35000,27500,30000,0.8363256159271775,0.0018674085758378285,-0.1360501554859016,0.0018685610441806673,0.746776572152785,-0.0406622539981434,-0.13604719298912862,-0.04066705019097029,0.863971822474635,0.4508517168922457,0.0010066944579025048,-0.07334278063009458,0.0010073157378455528,0.40257705046703457,-0.021920465759556307,-0.07334118358854647,-0.021923051321602202,0.46575540924616277,0.6984783528757452,0.7576145469106093,0.9909811107682432,0.376540140118724,0.4084196546323783,0.5342243818543408,5.691835414509281e-06,,
