sample_name,porosity,nu,g,all_converged,total_iterations,iterations_x,iterations_y,iterations_z,K_star_xx,K_star_xy,K_star_xz,K_star_yx,K_star_yy,K_star_yz,K_star_zx,K_star_zy,K_star_zz,K_xx,K_xy,K_xz,K_yx,K_yy,K_yz,K_zx,K_zy,K_zz,K_star_eig1,K_star_eig2,K_star_eig3,K_eig1,K_eig2,K_eig3,symmetry_error,error_type,error_message
eps_0.02_coeffs_0.212_1.178_0.839_57.436_90.084_-3933.454_m_-0.234_rho_0.497_,0.503474235534668,0.16666666666666666,1e-05,True,142500,50000,42500,50000,0.4878428697991187,0.008285101902837527,0.00048896438190896,0.00828513057211452,0.5863335833347322,-0.044063204706613394,0.0004892682855108156,-0.04406337211968819,0.5561080097039935,0.24561631593314984,0.004171335346857947,0.00024618096838529505,0.004171349781100265,0.29520385263775684,-0.022184688304869762,0.00024633397601891554,-0.022184772593039616,0.27998605506042384,0.4868060825660605,0.5253537560625783,0.6181246242092053,0.24509432027357378,0.26450208071887304,0.31120982263888364,5.204189285920411e-07,,
