sample_name,porosity,nu,g,all_converged,total_iterations,iterations_x,iterations_y,iterations_z,K_star_xx,K_star_xy,K_star_xz,K_star_yx,K_star_yy,K_star_yz,K_star_zx,K_star_zy,K_star_zz,K_xx,K_xy,K_xz,K_yx,K_yy,K_yz,K_zx,K_zy,K_zz,K_star_eig1,K_star_eig2,K_star_eig3,K_eig1,K_eig2,K_eig3,symmetry_error,error_type,error_message
eps_0.02_coeffs_0.223_-0.526_0.896_87.913_23.981_-3747.184_m_-0.242_rho_0.347_,0.6532654762268066,0.16666666666666666,1e-05,True,87500,32500,27500,27500,0.7280591457966789,0.08581361886258958,0.265028890201818,0.08579469752516404,1.0837490359509154,0.16223540121679564,0.26502595541918833,0.16220767975308614,1.2493659064764309,0.47561590460014946,0.056059074593015255,0.1731342241715527,0.05604671393651112,0.7079758300808173,0.10598278663673705,0.17313230697938048,0.10596467716154516,0.8161676138758616,0.6163493491859738,0.9934490804304403,1.4513756586076105,0.40263975111805755,0.6489859866344749,0.948133610804296,2.5565876496708976e-05,,
