sample_name,porosity,nu,g,all_converged,total_iterations,iterations_x,iterations_y,iterations_z,K_star_xx,K_star_xy,K_star_xz,K_star_yx,K_star_yy,K_star_yz,K_star_zx,K_star_zy,K_star_zz,K_xx,K_xy,K_xz,K_yx,K_yy,K_yz,K_zx,K_zy,K_zz,K_star_eig1,K_star_eig2,K_star_eig3,K_eig1,K_eig2,K_eig3,symmetry_error,error_type,error_message
eps_0.02_coeffs_0.715_0.39_0.656_33.719_47.786_-2442.54_m_-0.237_rho_0.623_,0.37677764892578125,0.16666666666666666,1e-05,True,50000,15000,17500,17500,1.544366347549692,-0.04328524975405774,-0.014152101885853379,-0.04328695630006636,1.5206978635561155,-0.016679464458853027,-0.014151751909633399,-0.016673919092168484,1.5314250038177102,0.581882721509869,-0.016308914635499126,-0.005332195675909951,-0.016309557623892038,0.5729649657571316,-0.006284449404147772,-0.005332063812692607,-0.006282360033925938,0.5770067124445925,1.4786208322960224,1.5404292854269188,1.5774390972005767,0.5571112808451774,0.5803993244995755,0.5943437943668404,3.096444555060866e-06,,
