sample_name,porosity,nu,g,all_converged,total_iterations,iterations_x,iterations_y,iterations_z,K_star_xx,K_star_xy,K_star_xz,K_star_yx,K_star_yy,K_star_yz,K_star_zx,K_star_zy,K_star_zz,K_xx,K_xy,K_xz,K_yx,K_yy,K_yz,K_zx,K_zy,K_zz,K_star_eig1,K_star_eig2,K_star_eig3,K_eig1,K_eig2,K_eig3,symmetry_error,error_type,error_message
eps_0.02_coeffs_0.377_0.544_0.523_13.462_52.75_448.548_m_-0.422_rho_0.518_,0.4817361831665039,0.16666666666666666,1e-05,True,52500,17500,17500,17500,73.52663210328042,7.746837469271786,1.9474868139804489,8.071342715291646,44.655101039388775,-20.154239853184034,1.7605790220313735,-19.899758622253497,58.642130143821696,35.42043911052204,3.7319319140582485,0.9381748645340366,3.8882578326933634,21.51197793362973,-9.709026581495117,0.84813461823641,-9.586433764619127,28.250035948238047,29.243049457154488,70.44137211604338,77.13944171329302,14.0874350296389,33.93415774019413,37.16086022255678,0.005901195244767529,,
