sample_name,porosity,nu,g,all_converged,total_iterations,iterations_x,iterations_y,iterations_z,K_star_xx,K_star_xy,K_star_xz,K_star_yx,K_star_yy,K_star_yz,K_star_zx,K_star_zy,K_star_zz,K_xx,K_xy,K_xz,K_yx,K_yy,K_yz,K_zx,K_zy,K_zz,K_star_eig1,K_star_eig2,K_star_eig3,K_eig1,K_eig2,K_eig3,symmetry_error,error_type,error_message
eps_0.02_coeffs_0.121_-0.11_0.617_105.822_96.928_-1719.692_m_-0.447_rho_0.319_,0.681488037109375,0.16666666666666666,1e-05,True,95000,30000,37500,27500,1.1306031264043714,-0.15584328491263547,-0.2376129625551476,-0.15582657190831947,0.37599108012337407,0.1355268097454184,-0.23757285319550323,0.13552763584234218,1.2474856881175707,0.7704925053630377,-0.10620533433178903,-0.16193039144345098,-0.10619394461928351,0.25623342316391196,0.0923598995491009,-0.1619030573946772,0.09236046252427195,0.8501465729172812,0.3360202018975628,0.9467147770133636,1.4713449157343894,0.22899374782026594,0.6451747950892769,1.002703958534688,3.4498230214521295e-05,,
