sample_name,porosity,nu,g,all_converged,total_iterations,iterations_x,iterations_y,iterations_z,K_star_xx,K_star_xy,K_star_xz,K_star_yx,K_star_yy,K_star_yz,K_star_zx,K_star_zy,K_star_zz,K_xx,K_xy,K_xz,K_yx,K_yy,K_yz,K_zx,K_zy,K_zz,K_star_eig1,K_star_eig2,K_star_eig3,K_eig1,K_eig2,K_eig3,symmetry_error,error_type,error_message
eps_0.02_coeffs_0.418_1.168_0.65_8.248_31.495_-4144.274_m_-0.558_rho_0.564_,0.43637704849243164,0.16666666666666666,1e-05,True,40000,12500,15000,12500,1.5950919284441996,0.029676708918095884,-0.005975272484454394,0.029679076058597806,1.6111653241092592,0.012679605510803603,-0.005973525895993707,0.012678642502017032,1.6523561799332207,0.6960615078085808,0.012950234646647706,-0.002607471770704248,0.012951267612433301,0.7030755687681506,0.005533088828852847,-0.002606709599586842,0.005532668593920892,0.7210503128574881,1.5704728213805,1.6320652576193992,1.6560753534867803,0.6853182945316043,0.7121958200669934,0.7226732748356216,1.560156546280843e-06,,
