sample_name,porosity,nu,g,all_converged,total_iterations,iterations_x,iterations_y,iterations_z,K_star_xx,K_star_xy,K_star_xz,K_star_yx,K_star_yy,K_star_yz,K_star_zx,K_star_zy,K_star_zz,K_xx,K_xy,K_xz,K_yx,K_yy,K_yz,K_zx,K_zy,K_zz,K_star_eig1,K_star_eig2,K_star_eig3,K_eig1,K_eig2,K_eig3,symmetry_error,error_type,error_message
eps_0.02_coeffs_0.713_1.443_0.552_41.525_135.206_-3491.889_m_-0.254_rho_0.569_,0.43111276626586914,0.16666666666666666,1e-05,True,62500,22500,20000,20000,0.8899327461265555,0.002565911540217753,-0.007831421146569982,0.0025657792482194405,0.9063163995576695,0.0011991836558358092,-0.007831401303239291,0.0011991888027136817,0.9010703049258381,0.3836613679732008,0.0011061972220967925,-0.0033762256342908096,0.001106140189327445,0.39072457012542966,0.0005169833831281937,-0.0033762170795776235,0.0005169856020129509,0.38846291175660824,0.8855071543823035,0.905103478197514,0.9067088180302455,0.3817534388739729,0.39020166424258995,0.39089374673867594,1.215638674241336e-07,,
