sample_name,porosity,nu,g,all_converged,total_iterations,iterations_x,iterations_y,iterations_z,K_star_xx,K_star_xy,K_star_xz,K_star_yx,K_star_yy,K_star_yz,K_star_zx,K_star_zy,K_star_zz,K_xx,K_xy,K_xz,K_yx,K_yy,K_yz,K_zx,K_zy,K_zz,K_star_eig1,K_star_eig2,K_star_eig3,K_eig1,K_eig2,K_eig3,symmetry_error,error_type,error_message
eps_0.02_coeffs_0.39_0.069_0.703_-2.796_121.544_-796.996_m_-0.307_rho_0.616_,0.38357067108154297,0.16666666666666666,1e-05,True,70000,27500,20000,22500,0.6402613062171267,0.0015146220944744532,0.011372895281544435,0.0015146842887626714,0.6571814873710443,-0.007152186860705234,0.011372798424997523,-0.007152161099724061,0.6546664547133331,0.2455854588932486,0.0005809646132124981,0.004362309075282112,0.0005809884691173675,0.25207554413327804,-0.002743369113861301,0.0043622719239514145,-0.0027433592327044645,0.2511108513689677,0.6330136486617353,0.6539392766509118,0.6651563229888571,0.24280547002095787,0.250831927191569,0.2551344571829675,1.4797560253243373e-07,,
