sample_name,porosity,nu,g,all_converged,total_iterations,iterations_x,iterations_y,iterations_z,K_star_xx,K_star_xy,K_star_xz,K_star_yx,K_star_yy,K_star_yz,K_star_zx,K_star_zy,K_star_zz,K_xx,K_xy,K_xz,K_yx,K_yy,K_yz,K_zx,K_zy,K_zz,K_star_eig1,K_star_eig2,K_star_eig3,K_eig1,K_eig2,K_eig3,symmetry_error,error_type,error_message
eps_0.02_coeffs_0.49_1.451_0.933_-32.259_34.299_-3884.431_m_-0.525_rho_0.648_,0.3524947166442871,0.16666666666666666,1e-05,True,57500,17500,20000,20000,0.8909334500990085,-0.012209959281851562,-0.003981660045527047,-0.012209641205687738,0.89797170139583,0.010751800501333997,-0.00398188072685848,0.010751764564258475,0.8817551552689052,0.3140493340415671,-0.00430394613729455,-0.0014035141295219357,-0.004303834017127311,0.3165302804381115,0.0037899528711336315,-0.0014035919185253279,0.003789940203504378,0.3108140336061521,0.8760044367666386,0.8833603641387707,0.911295505858334,0.30878693571719457,0.3113798612518904,0.32122685111674576,3.5654806943227197e-07,,
