sample_name,porosity,nu,g,all_converged,total_iterations,iterations_x,iterations_y,iterations_z,K_star_xx,K_star_xy,K_star_xz,K_star_yx,K_star_yy,K_star_yz,K_star_zx,K_star_zy,K_star_zz,K_xx,K_xy,K_xz,K_yx,K_yy,K_yz,K_zx,K_zy,K_zz,K_star_eig1,K_star_eig2,K_star_eig3,K_eig1,K_eig2,K_eig3,symmetry_error,error_type,error_message
eps_0.02_coeffs_0.305_-0.468_0.812_12.545_28.862_-2425.333_m_-0.438_rho_0.423_,0.5765738487243652,0.16666666666666666,1e-05,True,27500,7500,10000,10000,3.4754194012791038,-0.0946279140596755,0.06730292254615103,-0.09465931496886641,3.342584177912066,0.15762656357406898,0.0673249005923445,0.1576346265120674,3.26598575526907,2.0038359401268218,-0.05455998060614557,0.03880510508283215,-0.054578085549211224,1.9272466241439283,0.0908833544210968,0.03881777704951336,0.09088800330029055,1.8830819767944404,3.1079925972280202,3.450102862775776,3.5258938744564428,1.791987253590596,1.98923908608558,2.032938201389015,9.500154085689045e-06,,
