sample_name,porosity,nu,g,all_converged,total_iterations,iterations_x,iterations_y,iterations_z,K_star_xx,K_star_xy,K_star_xz,K_star_yx,K_star_yy,K_star_yz,K_star_zx,K_star_zy,K_star_zz,K_xx,K_xy,K_xz,K_yx,K_yy,K_yz,K_zx,K_zy,K_zz,K_star_eig1,K_star_eig2,K_star_eig3,K_eig1,K_eig2,K_eig3,symmetry_error,error_type,error_message
eps_0.02_coeffs_0.461_-0.143_0.917_-4.767_61.623_-371.483_m_-0.542_rho_0.651_,0.3489193916320801,0.16666666666666666,1e-05,True,52500,20000,15000,17500,1.7984030579809451,0.08847334233664765,-0.06008634141558912,0.08844068342821153,2.236203400423914,0.06564517150620924,-0.0600799335684485,0.06571995923508181,2.2330310177906054,0.6274977008999838,0.03087006478375985,-0.020965289692124814,0.030858669457296952,0.7802547300415009,0.022904873305530087,-0.020963053869998836,0.022930968194389847,0.7791478242230626,1.7700250222118155,2.1961745209740307,2.3014379330096197,0.6175960539237056,0.7662878777761337,0.803016323464708,3.179999134521901e-05,,
