sample_name,porosity,nu,g,all_converged,total_iterations,iterations_x,iterations_y,iterations_z,K_star_xx,K_star_xy,K_star_xz,K_star_yx,K_star_yy,K_star_yz,K_star_zx,K_star_zy,K_star_zz,K_xx,K_xy,K_xz,K_yx,K_yy,K_yz,K_zx,K_zy,K_zz,K_star_eig1,K_star_eig2,K_star_eig3,K_eig1,K_eig2,K_eig3,symmetry_error,error_type,error_message
eps_0.02_coeffs_0.129_0.323_0.302_65.789_53.604_-462.206_m_-0.212_rho_0.43_,0.5702371597290039,0.16666666666666666,1e-05,True,47500,10000,27500,10000,15.989254898047584,1.5531029189537847e-12,0.8601251744630206,5.2208757801028695e-08,0.16666330576335603,-5.5458447538200976e-08,0.8711085434088113,4.716306949726715e-12,7.178997609230389,9.117667299245719,8.856369972710315e-13,0.4904753364972068,2.977137376143808e-08,0.09503761010954268,-3.162446760716369e-08,0.4967384616091102,2.689413479422324e-12,4.0937312063888465,0.1666633057633554,7.093693260241918,16.074559247036056,0.09503761010954263,4.0450874967091295,9.166311008925435,0.0008840314068593004,,
