sample_name,porosity,nu,g,all_converged,total_iterations,iterations_x,iterations_y,iterations_z,K_star_xx,K_star_xy,K_star_xz,K_star_yx,K_star_yy,K_star_yz,K_star_zx,K_star_zy,K_star_zz,K_xx,K_xy,K_xz,K_yx,K_yy,K_yz,K_zx,K_zy,K_zz,K_star_eig1,K_star_eig2,K_star_eig3,K_eig1,K_eig2,K_eig3,symmetry_error,error_type,error_message
eps_0.02_coeffs_0.051_1.153_0.338_39.901_6.31_-1834.084_m_-0.423_rho_0.364_,0.6359553337097168,0.16666666666666666,1e-05,True,175000,55000,55000,65000,0.8770884487155042,-0.16754818566344248,0.14499346085749462,-0.16755374626336264,0.6490349797997684,0.09471023972425152,0.1450155988089484,0.09471943585860795,0.7780246843878879,0.5577890770958063,-0.10655316232605215,0.09220936478535476,-0.10655669861923,0.412757257167841,0.06023148210956365,0.09222344353365919,0.060237330440257135,0.49478894779429633,0.4795333780226963,0.8189201573690112,1.0056945775114532,0.3049618094453717,0.5207966419612233,0.6395768306513488,2.5168468768457455e-05,,
