sample_name,porosity,nu,g,all_converged,total_iterations,iterations_x,iterations_y,iterations_z,K_star_xx,K_star_xy,K_star_xz,K_star_yx,K_star_yy,K_star_yz,K_star_zx,K_star_zy,K_star_zz,K_xx,K_xy,K_xz,K_yx,K_yy,K_yz,K_zx,K_zy,K_zz,K_star_eig1,K_star_eig2,K_star_eig3,K_eig1,K_eig2,K_eig3,symmetry_error,error_type,error_message
eps_0.02_coeffs_0.363_1.43_0.536_11.961_29.712_-3244.813_m_-0.513_rho_0.472_,0.5281023979187012,0.16666666666666666,1e-05,True,37500,15000,10000,12500,2.336008049968769,0.022404953826314206,0.012958621643756394,0.022404982644019616,2.3927732835101,0.009425719192462803,0.012955598435229011,0.009440536683110692,2.4512369091837742,1.2336514527458962,0.011832109840934312,0.0068434791637889325,0.01183212505963364,1.263629308697488,0.00497774490764793,0.006841882600116213,0.0049855700599902185,1.2945040896067768,2.327541447263431,2.3974011293452238,2.4550756660539896,1.229180219554982,1.2660732851802146,1.296531346314964,5.157970168916831e-06,,
