sample_name,porosity,nu,g,all_converged,total_iterations,iterations_x,iterations_y,iterations_z,K_star_xx,K_star_xy,K_star_xz,K_star_yx,K_star_yy,K_star_yz,K_star_zx,K_star_zy,K_star_zz,K_xx,K_xy,K_xz,K_yx,K_yy,K_yz,K_zx,K_zy,K_zz,K_star_eig1,K_star_eig2,K_star_eig3,K_eig1,K_eig2,K_eig3,symmetry_error,error_type,error_message
eps_0.02_coeffs_0.778_0.31_0.938_72.773_35.821_-3584.33_m_-0.217_rho_0.393_,0.607330322265625,0.16666666666666666,1e-05,True,30000,10000,10000,10000,3.4899012207383966,0.7699252264557799,-0.2308334715525684,0.7697978834476835,3.679085659220699,0.7534035793764986,-0.23077275726786028,0.7535395801234024,4.092733476209274,2.1195228330662483,0.4675989359038231,-0.14019216666771434,0.46752159663367765,2.2344202790573466,0.45756483865880426,-0.14015529304161645,0.45764743603624974,2.48564114105349,2.506667505388974,4.000680684750503,4.754372166028892,1.522375183860656,2.4297346895513843,2.8874743797650444,4.136035384330992e-05,,
