sample_name,porosity,nu,g,all_converged,total_iterations,iterations_x,iterations_y,iterations_z,K_star_xx,K_star_xy,K_star_xz,K_star_yx,K_star_yy,K_star_yz,K_star_zx,K_star_zy,K_star_zz,K_xx,K_xy,K_xz,K_yx,K_yy,K_yz,K_zx,K_zy,K_zz,K_star_eig1,K_star_eig2,K_star_eig3,K_eig1,K_eig2,K_eig3,symmetry_error,error_type,error_message
eps_0.02_coeffs_0.517_-0.039_0.557_41.014_83.854_-2314.114_m_-0.39_rho_0.53_,0.47003602981567383,0.16666666666666666,1e-05,True,50000,17500,17500,15000,1.4168592693121596,-0.07898185893299461,-0.07531876579106052,-0.07898065989159136,1.3264810091385502,0.0646142365830852,-0.07531376076865767,0.06461662636304022,1.5759207208037154,0.665974905755024,-0.0371243194003264,-0.03540253364304668,-0.03712375580766563,0.6234938671613727,0.030371019233084037,-0.0354001811021873,0.03037214251576623,0.7407395189108333,1.2793347705458804,1.407122933173324,1.6328032955352196,0.6013334363525322,0.6613984769713747,0.7674763785033232,3.201559986685169e-06,,
