sample_name,porosity,nu,g,all_converged,total_iterations,iterations_x,iterations_y,iterations_z,K_star_xx,K_star_xy,K_star_xz,K_star_yx,K_star_yy,K_star_yz,K_star_zx,K_star_zy,K_star_zz,K_xx,K_xy,K_xz,K_yx,K_yy,K_yz,K_zx,K_zy,K_zz,K_star_eig1,K_star_eig2,K_star_eig3,K_eig1,K_eig2,K_eig3,symmetry_error,error_type,error_message
eps_0.02_coeffs_0.984_0.419_0.633_70.038_142.957_-603.547_m_-0.492_rho_0.472_,0.5281887054443359,0.16666666666666666,1e-05,True,32500,10000,12500,10000,4.929487127515708,-0.9580827324148202,-0.043736191597824325,-0.9591743253691696,20.52110442616703,0.05084540778671784,-0.04460591420030642,0.06346266419855616,4.335232941020064,2.60369942438704,-0.506048478142756,-0.023100962421120273,-0.506625045212186,10.839015581145198,0.026855970116655855,-0.02356034007662097,0.03352026244708398,2.289821074917029,4.3318988962310625,4.873767023087866,20.580158575383884,2.2880600701160327,2.5742686945620745,10.87020731577116,0.0008315738357395902,,
