sample_name,porosity,nu,g,all_converged,total_iterations,iterations_x,iterations_y,iterations_z,K_star_xx,K_star_xy,K_star_xz,K_star_yx,K_star_yy,K_star_yz,K_star_zx,K_star_zy,K_star_zz,K_xx,K_xy,K_xz,K_yx,K_yy,K_yz,K_zx,K_zy,K_zz,K_star_eig1,K_star_eig2,K_star_eig3,K_eig1,K_eig2,K_eig3,symmetry_error,error_type,error_message
eps_0.02_coeffs_0.591_0.975_0.607_-19.071_47.283_-2965.357_m_-0.325_rho_0.67_,0.3295755386352539,0.16666666666666666,1e-05,True,62500,25000,17500,20000,0.7167512280815727,0.002056103702555096,-0.00016085398664919323,0.0020560704047315197,0.7242711066728102,-0.00019697185072137767,-0.00016102144156883685,-0.00019700074037667297,0.7132312178742546,0.23622367206246403,0.0006776414852595356,-5.30135392915358e-05,0.0006776305111113951,0.23870204009964288,-6.491710379748087e-05,-5.306872833687447e-05,-6.492662512118581e-05,0.23506356280238558,0.7132227889916878,0.7162296040491188,0.7248011595878309,0.23506078484887355,0.23605175754100297,0.23887673257461597,1.9688704139193982e-07,,
