sample_name,porosity,nu,g,all_converged,total_iterations,iterations_x,iterations_y,iterations_z,K_star_xx,K_star_xy,K_star_xz,K_star_yx,K_star_yy,K_star_yz,K_star_zx,K_star_zy,K_star_zz,K_xx,K_xy,K_xz,K_yx,K_yy,K_yz,K_zx,K_zy,K_zz,K_star_eig1,K_star_eig2,K_star_eig3,K_eig1,K_eig2,K_eig3,symmetry_error,error_type,error_message
eps_0.02_coeffs_0.69_-0.03_0.343_60.266_61.575_-2540.862_m_-0.397_rho_0.503_,0.49742555618286133,0.16666666666666666,1e-05,True,45000,15000,15000,15000,2.1060537285628755,0.0767149684539239,-0.18357793777971737,0.0767183447363652,2.0172352917308953,-0.03190537199615514,-0.1836116061732285,-0.031905671329330684,2.1607494287770557,1.0476049472813773,0.03815998585074376,-0.09131635780297863,0.03816166529991495,1.0034243869409372,-0.01587054741040856,-0.09133310532234667,-0.015870696306379887,1.0748119863812269,1.9290112322256725,2.018521381596998,2.3365058352481562,0.959539485072842,1.0040641209078847,1.1622377146228153,1.3144413781937338e-05,,
