sample_name,porosity,nu,g,all_converged,total_iterations,iterations_x,iterations_y,iterations_z,K_star_xx,K_star_xy,K_star_xz,K_star_yx,K_star_yy,K_star_yz,K_star_zx,K_star_zy,K_star_zz,K_xx,K_xy,K_xz,K_yx,K_yy,K_yz,K_zx,K_zy,K_zz,K_star_eig1,K_star_eig2,K_star_eig3,K_eig1,K_eig2,K_eig3,symmetry_error,error_type,error_message
eps_0.02_coeffs_0.311_0.845_0.447_33.322_83.835_271.268_m_-0.352_rho_0.605_,0.39450693130493164,0.16666666666666666,1e-05,True,27500,7500,10000,10000,3.905045700266613,3.738399078827113,1.6547152403067753,3.7383988620669215,3.905046147549889,1.6547152402641085,1.6556548925808976,1.6556555137275806,4.8767511775732295,1.5405675958176994,1.4748243485812675,0.6527966316369285,1.4748242630678696,1.540567772274052,0.6527966316200962,0.6531673309720861,0.653167576018758,1.9239121418021266,0.16664706184128938,3.540532449532639,8.979663514015805,0.06574342097798919,1.396764591850654,3.542539497065234,0.00019473907061127644,,
