sample_name,porosity,nu,g,all_converged,total_iterations,iterations_x,iterations_y,iterations_z,K_star_xx,K_star_xy,K_star_xz,K_star_yx,K_star_yy,K_star_yz,K_star_zx,K_star_zy,K_star_zz,K_xx,K_xy,K_xz,K_yx,K_yy,K_yz,K_zx,K_zy,K_zz,K_star_eig1,K_star_eig2,K_star_eig3,K_eig1,K_eig2,K_eig3,symmetry_error,error_type,error_message
eps_0.02_coeffs_0.66_1.476_0.651_61.837_149.878_-3455.642_m_-0.522_rho_0.307_,0.6926040649414062,0.16666666666666666,1e-05,True,30000,12500,7500,10000,3.2580888075953367,0.5296830834252292,-0.19844790580998814,0.5296546008027866,4.263795925788122,-0.1126527461960313,-0.19882368116011745,-0.11517308267205013,5.131934690795356,2.2565655520806294,0.36686065671101176,-0.13744582624310708,0.3668409295309278,2.9531223902814596,-0.07802374994218382,-0.13770608977811144,-0.07976934523049456,3.5543988278586824,3.021579867790233,4.442926065159002,5.189313491229578,2.092758498976633,3.0771886529632533,3.5941396182808876,0.0004824656010371471,,
