sample_name,porosity,nu,g,all_converged,total_iterations,iterations_x,iterations_y,iterations_z,K_star_xx,K_star_xy,K_star_xz,K_star_yx,K_star_yy,K_star_yz,K_star_zx,K_star_zy,K_star_zz,K_xx,K_xy,K_xz,K_yx,K_yy,K_yz,K_zx,K_zy,K_zz,K_star_eig1,K_star_eig2,K_star_eig3,K_eig1,K_eig2,K_eig3,symmetry_error,error_type,error_message
eps_0.02_coeffs_0.313_0.791_0.612_-7.646_25.303_-1932.544_m_-0.301_rho_0.699_,0.3007798194885254,0.16666666666666666,1e-05,True,62500,17500,22500,22500,0.7282101406177458,0.01143802045048701,-0.0023918618907191867,0.011437705419055004,0.7261044983181703,-0.017076930777467324,-0.0023918639024357972,-0.017076799877673493,0.7166291916726986,0.21903091464471927,0.003440325726403545,-0.000719423787732,0.0034402309713062926,0.21839757993394554,-0.005136396156664665,-0.000719424392815759,-0.0051363567846483054,0.21554759891152214,0.7025321173408209,0.7227251678055963,0.7456865454621973,0.2113074834386637,0.2173811455123814,0.22428746453914183,3.848080042711476e-07,,
