sample_name,porosity,nu,g,all_converged,total_iterations,iterations_x,iterations_y,iterations_z,K_star_xx,K_star_xy,K_star_xz,K_star_yx,K_star_yy,K_star_yz,K_star_zx,K_star_zy,K_star_zz,K_xx,K_xy,K_xz,K_yx,K_yy,K_yz,K_zx,K_zy,K_zz,K_star_eig1,K_star_eig2,K_star_eig3,K_eig1,K_eig2,K_eig3,symmetry_error,error_type,error_message
eps_0.02_coeffs_0.349_-0.553_0.687_81.294_117.073_-1324.29_m_-0.342_rho_0.543_,0.4567294120788574,0.16666666666666666,1e-05,True,162500,52500,45000,65000,0.27018681696893965,-0.0067140113084224,-0.01939538204196404,-0.006716712250651339,0.42933174654620326,-0.023104690508930367,-0.01939598372120548,-0.023104341158909882,0.25519357770999146,0.12340226606568167,-0.003066486437586563,-0.008858441437071065,-0.0030677200373428453,0.19608843618683644,-0.010552591712407723,-0.008858716241677268,-0.010552432153978258,0.11655441271378461,0.2391312632188301,0.283128108458917,0.43245276954738715,0.10921828125961079,0.12931293451944015,0.1975138991872517,6.925753958491703e-06,,
