sample_name,porosity,nu,g,all_converged,total_iterations,iterations_x,iterations_y,iterations_z,K_star_xx,K_star_xy,K_star_xz,K_star_yx,K_star_yy,K_star_yz,K_star_zx,K_star_zy,K_star_zz,K_xx,K_xy,K_xz,K_yx,K_yy,K_yz,K_zx,K_zy,K_zz,K_star_eig1,K_star_eig2,K_star_eig3,K_eig1,K_eig2,K_eig3,symmetry_error,error_type,error_message
eps_0.02_coeffs_0.286_-0.239_0.696_96.373_66.366_-4117.505_m_-0.482_rho_0.361_,0.6390185356140137,0.16666666666666666,1e-05,True,55000,17500,17500,20000,2.052174618742399,0.0955128436853346,0.2861080802913782,0.09547866047487116,2.2722155861830986,0.005336763910430899,0.28610331628983987,0.005351608878907101,1.881729247173578,1.3113776196930147,0.061034477504132705,0.18282836649513312,0.061012633799039775,1.4519878764820613,0.00341029105896127,0.18282532220984646,0.003419777268978169,1.2024598679509202,1.6637664690878886,2.1915367884446035,2.3508161945665815,1.0631776126802408,1.4004326292961091,1.5022151221496454,1.4681617835460637e-05,,
