sample_name,porosity,nu,g,all_converged,total_iterations,iterations_x,iterations_y,iterations_z,K_star_xx,K_star_xy,K_star_xz,K_star_yx,K_star_yy,K_star_yz,K_star_zx,K_star_zy,K_star_zz,K_xx,K_xy,K_xz,K_yx,K_yy,K_yz,K_zx,K_zy,K_zz,K_star_eig1,K_star_eig2,K_star_eig3,K_eig1,K_eig2,K_eig3,symmetry_error,error_type,error_message
eps_0.02_coeffs_0.91_0.392_0.363_46.621_86.829_-671.904_m_-0.461_rho_0.304_,0.6958465576171875,0.16666666666666666,1e-05,True,27500,10000,10000,7500,11.169749429419086,3.692386528316864,-1.7192974524150164,3.7084064203689024,11.243311865692998,0.061057767345043465,-1.7184085749762017,0.06102426507726201,7.483394425823378,7.772431689907815,2.5693344551213677,-1.1963672137829895,2.5804818418591777,7.823619857958951,0.042486837222839614,-1.1957486914770465,0.042463524785131525,5.207294250500847,6.146303161227434,8.651530046007302,15.098622513700725,4.276883896811746,6.020137400635848,10.506324500920016,0.0012296964459376566,,
