sample_name,porosity,nu,g,all_converged,total_iterations,iterations_x,iterations_y,iterations_z,K_star_xx,K_star_xy,K_star_xz,K_star_yx,K_star_yy,K_star_yz,K_star_zx,K_star_zy,K_star_zz,K_xx,K_xy,K_xz,K_yx,K_yy,K_yz,K_zx,K_zy,K_zz,K_star_eig1,K_star_eig2,K_star_eig3,K_eig1,K_eig2,K_eig3,symmetry_error,error_type,error_message
eps_0.02_coeffs_0.6_-0.441_0.717_40.75_56.309_-2012.688_m_-0.229_rho_0.516_,0.4844517707824707,0.16666666666666666,1e-05,True,37500,12500,12500,12500,2.23001818976264,0.06935113494761878,-0.10415697505167004,0.069332262988433,2.288487448105599,0.10793215865763967,-0.1041372318174797,0.10795067454274922,2.13780346050302,1.0803362609076308,0.03359728013114801,-0.050459031003127174,0.03358813757710232,1.1086617966482148,0.052287925386068114,-0.05044946635836269,0.052296895439397036,1.0356626720255817,2.0107573726239107,2.297789061946097,2.347762663801252,0.9741149697815612,1.113167979944379,1.1373777798554872,1.2115533003077774e-05,,
