sample_name,porosity,nu,g,all_converged,total_iterations,iterations_x,iterations_y,iterations_z,K_star_xx,K_star_xy,K_star_xz,K_star_yx,K_star_yy,K_star_yz,K_star_zx,K_star_zy,K_star_zz,K_xx,K_xy,K_xz,K_yx,K_yy,K_yz,K_zx,K_zy,K_zz,K_star_eig1,K_star_eig2,K_star_eig3,K_eig1,K_eig2,K_eig3,symmetry_error,error_type,error_message
eps_0.02_coeffs_0.591_1.243_0.408_14.136_79.342_-1338.96_m_-0.292_rho_0.594_,0.4059290885925293,0.16666666666666666,1e-05,True,60000,22500,17500,20000,0.9843402502267636,-0.002248720808775351,-0.0002310182011368693,-0.0022492421123647367,0.9795695422051558,0.01796833150172012,-0.0002299923291203208,0.017968940505726838,0.9780423428671647,0.3995723406394924,-0.0009128211884052335,-9.377700783577498e-05,-0.000913032800696153,0.3976357714803401,0.007293868430021682,-9.336057654308485e-05,0.007294115642463078,0.3970158368449702,0.9607385816687132,0.9841711167345751,0.9970424368957963,0.38999173683245986,0.3995036844351578,0.4047285276971848,1.083879861719521e-06,,
