sample_name,porosity,nu,g,all_converged,total_iterations,iterations_x,iterations_y,iterations_z,K_star_xx,K_star_xy,K_star_xz,K_star_yx,K_star_yy,K_star_yz,K_star_zx,K_star_zy,K_star_zz,K_xx,K_xy,K_xz,K_yx,K_yy,K_yz,K_zx,K_zy,K_zz,K_star_eig1,K_star_eig2,K_star_eig3,K_eig1,K_eig2,K_eig3,symmetry_error,error_type,error_message
eps_0.02_coeffs_0.931_0.024_0.327_82.658_129.546_-2528.206_m_-0.254_rho_0.526_,0.47389745712280273,0.16666666666666666,1e-05,True,72500,27500,20000,25000,1.022060000380592,-0.003967318675472379,0.04460063414183859,-0.003965101643559253,0.9442172554741933,0.004488406920632861,0.04459875442986382,0.004487206758045813,0.8667923005531255,0.48435163520729335,-0.0018801022319021661,0.021136127105881766,-0.0018790515861161758,0.44746215634069203,0.0021270446262203024,0.021135236315156798,0.0021264758722221665,0.41077066708575033,0.854573328864453,0.9444578329760525,1.0340383945674052,0.4049801274738329,0.44757616540706413,0.49002816575283886,2.7107537438455176e-06,,
