sample_name,porosity,nu,g,all_converged,total_iterations,iterations_x,iterations_y,iterations_z,K_star_xx,K_star_xy,K_star_xz,K_star_yx,K_star_yy,K_star_yz,K_star_zx,K_star_zy,K_star_zz,K_xx,K_xy,K_xz,K_yx,K_yy,K_yz,K_zx,K_zy,K_zz,K_star_eig1,K_star_eig2,K_star_eig3,K_eig1,K_eig2,K_eig3,symmetry_error,error_type,error_message
eps_0.02_coeffs_0.914_0.327_0.849_13.495_123.311_209.686_m_-0.293_rho_0.485_,0.5148406028747559,0.16666666666666666,1e-05,True,42500,12500,17500,12500,3.273789538042468,0.5600334858207249,-1.9562947357418288,0.5600338982525745,1.8410496229695728,-0.45617322375239044,-1.9563100328744432,-0.4562428476193927,3.321311320415915,1.6854797794508527,0.28832797746999306,-1.0071799611500343,0.28832818980665514,0.9478470978119968,-0.2348564975320016,-1.0071878367350118,-0.2348923427256635,1.709945922537681,1.3253686401808753,1.7117602353562626,5.399021605890818,0.6823535897420172,0.8812836715478528,2.7796355385106617,1.733116908083695e-05,,
