sample_name,porosity,nu,g,all_converged,total_iterations,iterations_x,iterations_y,iterations_z,K_star_xx,K_star_xy,K_star_xz,K_star_yx,K_star_yy,K_star_yz,K_star_zx,K_star_zy,K_star_zz,K_xx,K_xy,K_xz,K_yx,K_yy,K_yz,K_zx,K_zy,K_zz,K_star_eig1,K_star_eig2,K_star_eig3,K_eig1,K_eig2,K_eig3,symmetry_error,error_type,error_message
eps_0.02_coeffs_0.786_0.049_0.272_62.197_119.577_-369.298_m_-0.405_rho_0.624_,0.3756990432739258,0.16666666666666666,1e-05,True,77500,27500,25000,25000,0.7727352670949087,0.0513916542573243,0.11453252949045721,0.05138942374600094,0.7415438227050932,-0.0002825033623413507,0.1145324482425951,-0.00028050306602292447,0.770821415498039,0.2903159005515787,0.019307795336741117,0.043029761753307465,0.019306957335770914,0.27859730473599315,-0.00010613624295331265,0.043029731228563406,-0.00010538473354021555,0.28959686833766646,0.6430232120152394,0.7468692952974678,0.895207997985333,0.24158320555705226,0.28059807969392986,0.33632878837425617,3.1835266206657646e-06,,
