sample_name,porosity,nu,g,all_converged,total_iterations,iterations_x,iterations_y,iterations_z,K_star_xx,K_star_xy,K_star_xz,K_star_yx,K_star_yy,K_star_yz,K_star_zx,K_star_zy,K_star_zz,K_xx,K_xy,K_xz,K_yx,K_yy,K_yz,K_zx,K_zy,K_zz,K_star_eig1,K_star_eig2,K_star_eig3,K_eig1,K_eig2,K_eig3,symmetry_error,error_type,error_message
eps_0.02_coeffs_0.243_0.512_0.645_15.631_41.392_-3272.168_m_-0.239_rho_0.688_,0.3115525245666504,0.16666666666666666,1e-05,True,77500,25000,27500,25000,0.6325082452936621,-0.01047742270897066,0.002284306784476136,-0.01047733091858745,0.642806758826534,-0.013753764799461372,0.002284233727775655,-0.013753763261414672,0.6376602774222404,0.1970595406304626,-0.003264267495931762,0.0007116815455882674,-0.003264238898406142,0.20026806852091267,-0.0042850201455681206,0.0007116587845887962,-0.004285019666385788,0.19866466924676965,0.6227180135647508,0.6323512684817549,0.6579059994959306,0.19400936921922773,0.19701063410841446,0.20497227507050272,1.5018916185322026e-07,,
