sample_name,porosity,nu,g,all_converged,total_iterations,iterations_x,iterations_y,iterations_z,K_star_xx,K_star_xy,K_star_xz,K_star_yx,K_star_yy,K_star_yz,K_star_zx,K_star_zy,K_star_zz,K_xx,K_xy,K_xz,K_yx,K_yy,K_yz,K_zx,K_zy,K_zz,K_star_eig1,K_star_eig2,K_star_eig3,K_eig1,K_eig2,K_eig3,symmetry_error,error_type,error_message
eps_0.02_coeffs_0.988_-0.306_0.636_11.639_116.719_-2029.522_m_-0.42_rho_0.416_,0.583773136138916,0.16666666666666666,1e-05,True,35000,12500,12500,10000,2.508280982643059,0.029045245053921427,-0.03865923221044634,0.02902819464232988,2.527108449371952,0.036406959478655236,-0.03867695403813653,0.03640970179739605,2.5146765567979728,1.4642670555551405,0.01695583379505105,-0.02256822122821486,0.016945880222803793,1.4752580248530174,0.021253404912137,-0.022578566755143675,0.02125500580414862,1.4680006199369635,2.4463044491995114,2.54552381382309,2.5582377257903843,1.4280868202597816,1.4860084199117993,1.4934304601735409,8.026407311349146e-06,,
