sample_name,porosity,nu,g,all_converged,total_iterations,iterations_x,iterations_y,iterations_z,K_star_xx,K_star_xy,K_star_xz,K_star_yx,K_star_yy,K_star_yz,K_star_zx,K_star_zy,K_star_zz,K_xx,K_xy,K_xz,K_yx,K_yy,K_yz,K_zx,K_zy,K_zz,K_star_eig1,K_star_eig2,K_star_eig3,K_eig1,K_eig2,K_eig3,symmetry_error,error_type,error_message
eps_0.02_coeffs_0.943_-0.348_0.711_62.986_120.551_-2698.08_m_-0.37_rho_0.637_,0.3631930351257324,0.16666666666666666,1e-05,True,67500,22500,25000,20000,1.0224607050431995,-0.05116612564659991,0.046511104601004015,-0.05116515745750644,0.9151054361221932,-0.023257230542061223,0.04651063534092454,-0.02325741619790367,1.0000817134476303,0.3713506067614359,-0.0185831804692132,0.016892509247089064,-0.018582828829677767,0.3323599208052764,-0.008446864149190098,0.01689233881509654,-0.008446931578099006,0.36322271288078783,0.8944147125940667,0.9656129478478471,1.0776201941711088,0.32484519412814883,0.35070389728556517,0.391384149033786,9.076983272734119e-07,,
