sample_name,porosity,nu,g,all_converged,total_iterations,iterations_x,iterations_y,iterations_z,K_star_xx,K_star_xy,K_star_xz,K_star_yx,K_star_yy,K_star_yz,K_star_zx,K_star_zy,K_star_zz,K_xx,K_xy,K_xz,K_yx,K_yy,K_yz,K_zx,K_zy,K_zz,K_star_eig1,K_star_eig2,K_star_eig3,K_eig1,K_eig2,K_eig3,symmetry_error,error_type,error_message
eps_0.02_coeffs_0.137_0.691_0.851_90.64_148.945_469.316_m_-0.316_rho_0.44_,0.559842586517334,0.16666666666666666,1e-05,True,40000,12500,15000,12500,18.550255646407557,-2.3835723878088784,-2.136758531083647,-2.3656952934340967,3.7421575117105617,0.04974583189198171,-2.136681304699568,0.04894706404214008,2.267685272192284,10.385223101642586,-1.3344253307422203,-1.1962484228048482,-1.324416971988028,2.095019140511311,0.02784983519486352,-1.1962051881862379,0.027402650935781297,1.2695467881913929,1.9478963220766983,3.427756818857291,19.184445289376413,1.0905153152190206,1.9190042434214936,10.740269471704774,0.0012920191851277523,,
