sample_name,porosity,nu,g,all_converged,total_iterations,iterations_x,iterations_y,iterations_z,K_star_xx,K_star_xy,K_star_xz,K_star_yx,K_star_yy,K_star_yz,K_star_zx,K_star_zy,K_star_zz,K_xx,K_xy,K_xz,K_yx,K_yy,K_yz,K_zx,K_zy,K_zz,K_star_eig1,K_star_eig2,K_star_eig3,K_eig1,K_eig2,K_eig3,symmetry_error,error_type,error_message
eps_0.02_coeffs_0.634_1.144_0.795_76.217_143.216_-1957.673_m_-0.592_rho_0.367_,0.6325020790100098,0.16666666666666666,1e-05,True,35000,12500,12500,10000,9.55419400234962,-2.2855911849926676,-3.8595100521924364,-2.282435648831617,9.042539135831078,3.613117089575493,-3.8581261304308967,3.6063961192954075,11.054829903877897,6.043047569751101,-1.445641176274814,-2.4411481319717474,-1.4436452930925583,5.719424802942534,2.285304070863095,-2.4402727985803865,2.2810530431879763,6.9922028973047965,6.030754590652226,7.008342700856015,16.612465750550353,3.814464816586693,4.432791328706057,10.507419124705681,0.0005617530615367601,,
