sample_name,porosity,nu,g,all_converged,total_iterations,iterations_x,iterations_y,iterations_z,K_star_xx,K_star_xy,K_star_xz,K_star_yx,K_star_yy,K_star_yz,K_star_zx,K_star_zy,K_star_zz,K_xx,K_xy,K_xz,K_yx,K_yy,K_yz,K_zx,K_zy,K_zz,K_star_eig1,K_star_eig2,K_star_eig3,K_eig1,K_eig2,K_eig3,symmetry_error,error_type,error_message
eps_0.02_coeffs_0.752_0.61_0.934_-39.794_146.812_-1261.7_m_-0.331_rho_0.658_,0.3416280746459961,0.16666666666666666,1e-05,True,72500,25000,22500,25000,0.6041003354519576,-0.002368756049386052,-0.003208263674383147,-0.0023688214408494495,0.6012603233052493,-0.006551109728547439,-0.0032083287908799213,-0.006551147422348863,0.6148367465237999,0.20637763449345267,-0.0008092335684578131,-0.0010960329420362034,-0.0008092559080175517,0.20540740661180143,-0.0022380430033583157,-0.0010960551876596242,-0.002238055880619122,0.2100454939365341,0.596950489052571,0.6054321100632631,0.6178148061651723,0.20393504623401573,0.2068326060897754,0.2110628827179971,1.3413497069835413e-07,,
