sample_name,porosity,nu,g,all_converged,total_iterations,iterations_x,iterations_y,iterations_z,K_star_xx,K_star_xy,K_star_xz,K_star_yx,K_star_yy,K_star_yz,K_star_zx,K_star_zy,K_star_zz,K_xx,K_xy,K_xz,K_yx,K_yy,K_yz,K_zx,K_zy,K_zz,K_star_eig1,K_star_eig2,K_star_eig3,K_eig1,K_eig2,K_eig3,symmetry_error,error_type,error_message
eps_0.02_coeffs_0.767_0.791_0.717_61.203_72.579_-910.75_m_-0.484_rho_0.309_,0.6912884712219238,0.16666666666666666,1e-05,True,30000,10000,10000,10000,13.307242022970255,-8.46531861751566,-1.1634992136966742,-8.476739635719719,18.606271465997047,-1.2273220807818206,-1.1693428696800197,-1.2430908751238956,18.43669539385065,9.19914299423925,-5.85197716550889,-0.8043135927042844,-5.859872383722972,12.862300956869202,-0.8484336049205753,-0.8083532447153581,-0.8593343906543212,12.7450749731993,6.832706039774463,18.66433131900376,24.853171524039713,4.723370912544497,12.902437063893583,17.18071094786967,0.0009034935304124967,,
