sample_name,porosity,nu,g,all_converged,total_iterations,iterations_x,iterations_y,iterations_z,K_star_xx,K_star_xy,K_star_xz,K_star_yx,K_star_yy,K_star_yz,K_star_zx,K_star_zy,K_star_zz,K_xx,K_xy,K_xz,K_yx,K_yy,K_yz,K_zx,K_zy,K_zz,K_star_eig1,K_star_eig2,K_star_eig3,K_eig1,K_eig2,K_eig3,symmetry_error,error_type,error_message
eps_0.02_coeffs_0.601_-0.692_0.824_-5.893_117.454_-1530.784_m_-0.39_rho_0.544_,0.4556593894958496,0.16666666666666666,1e-05,True,52500,17500,17500,17500,1.1194887866231582,0.0029613509138447583,-0.00042179010095772407,0.0029603753220937964,1.1151934748688996,0.0014308629437788777,-0.00042144719266796874,0.001429376580134541,1.1437013717878708,0.5101055770601577,0.001349367349485479,-0.00019219261989778932,0.0013489228119438383,0.5081483779285179,0.0006519861354145176,-0.00019203637051582636,0.0006513088598637703,0.5211382688344269,1.1136124394472153,1.1209952235643006,1.1437759702684127,0.507427964293502,0.5107919991970726,0.5211722603325278,1.3127603662134002e-06,,
