sample_name,porosity,nu,g,all_converged,total_iterations,iterations_x,iterations_y,iterations_z,K_star_xx,K_star_xy,K_star_xz,K_star_yx,K_star_yy,K_star_yz,K_star_zx,K_star_zy,K_star_zz,K_xx,K_xy,K_xz,K_yx,K_yy,K_yz,K_zx,K_zy,K_zz,K_star_eig1,K_star_eig2,K_star_eig3,K_eig1,K_eig2,K_eig3,symmetry_error,error_type,error_message
eps_0.02_coeffs_0.548_1.248_0.72_34.275_38.678_-774.505_m_-0.352_rho_0.431_,0.5685110092163086,0.16666666666666666,1e-05,True,112500,35000,45000,32500,0.8574087542809472,-0.4321082808822451,0.07448386293517342,-0.4321095303816794,1.039858094014526,0.08941337877768753,0.07449426729155738,0.08947989681617002,2.6643640889552835,0.4874463162071592,-0.24565831485508932,0.042344896087604646,-0.2456590252092737,0.5911707744699453,0.05083249020634321,0.042350811078752736,0.05087030644353198,1.5147203171316588,0.500967396077363,1.3898719806856767,2.670791560487717,0.28480547992840755,0.790157522421084,1.5183744054592712,3.1200903963671555e-05,,
