sample_name,porosity,nu,g,all_converged,total_iterations,iterations_x,iterations_y,iterations_z,K_star_xx,K_star_xy,K_star_xz,K_star_yx,K_star_yy,K_star_yz,K_star_zx,K_star_zy,K_star_zz,K_xx,K_xy,K_xz,K_yx,K_yy,K_yz,K_zx,K_zy,K_zz,K_star_eig1,K_star_eig2,K_star_eig3,K_eig1,K_eig2,K_eig3,symmetry_error,error_type,error_message
eps_0.02_coeffs_0.717_0.99_0.256_112.171_112.638_-2095.42_m_-0.31_rho_0.352_,0.6480345726013184,0.16666666666666666,1e-05,True,117500,40000,37500,40000,0.8733163969082168,-0.10997252149812788,0.12993058320421386,-0.10998613113183356,1.0668558233025645,-0.077084782522088,0.12992424381936687,-0.07708616230588136,0.8392310625801437,0.5659392180161396,-0.07126599596692859,0.08419950995458277,-0.07127481548009032,0.6913594574811049,-0.04995360409576687,0.08419540181403289,-0.04995449824336769,0.5438507429528737,0.7244608055387218,0.8882358781064421,1.1667065991457612,0.4694756484836923,0.5756075576378651,0.7560662123285606,1.3036625745331136e-05,,
