sample_name,porosity,nu,g,all_converged,total_iterations,iterations_x,iterations_y,iterations_z,K_star_xx,K_star_xy,K_star_xz,K_star_yx,K_star_yy,K_star_yz,K_star_zx,K_star_zy,K_star_zz,K_xx,K_xy,K_xz,K_yx,K_yy,K_yz,K_zx,K_zy,K_zz,K_star_eig1,K_star_eig2,K_star_eig3,K_eig1,K_eig2,K_eig3,symmetry_error,error_type,error_message
eps_0.02_coeffs_0.47_1.223_0.673_11.088_95.523_135.675_m_-0.275_rho_0.365_,0.635221004486084,0.16666666666666666,1e-05,True,35000,10000,12500,12500,1.4037280171163924,-0.056966078195797534,0.10867650583841111,-0.05696350409174949,1.0563017679061828,0.002448525967698484,0.10866132703798861,0.0024539020263613298,1.5081924328718466,0.8916775210579336,-0.03618604941316732,0.06903359920271328,-0.03618441428820827,0.6709850700497918,0.0015553551247116917,0.06902395730986201,0.0015587701100956807,0.9580355121671652,1.0463115878121987,1.343827874913363,1.5780827551688605,0.6646390978154941,0.8536276925588661,1.0024313129005307,9.932521203872363e-06,,
