sample_name,porosity,nu,g,all_converged,total_iterations,iterations_x,iterations_y,iterations_z,K_star_xx,K_star_xy,K_star_xz,K_star_yx,K_star_yy,K_star_yz,K_star_zx,K_star_zy,K_star_zz,K_xx,K_xy,K_xz,K_yx,K_yy,K_yz,K_zx,K_zy,K_zz,K_star_eig1,K_star_eig2,K_star_eig3,K_eig1,K_eig2,K_eig3,symmetry_error,error_type,error_message
eps_0.02_coeffs_0.864_0.896_0.762_80.429_125.312_-2181.366_m_-0.28_rho_0.517_,0.48321962356567383,0.16666666666666666,1e-05,True,90000,35000,25000,30000,1.082406095729488,0.05167143190444907,-0.11711633442887105,0.05166798696119328,1.1915097660303968,0.03219910547908167,-0.11711949749800353,0.03219574834309002,1.257867881319096,0.523039866123594,0.024968649873967227,-0.05659291103611064,0.024966985209783958,0.5757609006160325,0.015559239628753269,-0.05659443949318614,0.015557617394763126,0.6078264441063652,1.0041797299897377,1.2108474060739025,1.3167566070153407,0.48523935111792105,0.5851052277585036,0.6362826319695668,3.96874911829394e-06,,
