sample_name,porosity,nu,g,all_converged,total_iterations,iterations_x,iterations_y,iterations_z,K_star_xx,K_star_xy,K_star_xz,K_star_yx,K_star_yy,K_star_yz,K_star_zx,K_star_zy,K_star_zz,K_xx,K_xy,K_xz,K_yx,K_yy,K_yz,K_zx,K_zy,K_zz,K_star_eig1,K_star_eig2,K_star_eig3,K_eig1,K_eig2,K_eig3,symmetry_error,error_type,error_message
eps_0.02_coeffs_0.212_0.717_0.621_0.667_78.836_-1673.557_m_-0.445_rho_0.407_,0.5926909446716309,0.16666666666666666,1e-05,True,42500,12500,15000,15000,1.6692527857930703,0.0028570927783075515,-0.029429265099249972,0.0028552744315167057,1.6958092956040565,0.009053201914343256,-0.029430839223769354,0.009052473558244144,1.7079862547802946,0.9893510105074463,0.001693373017789597,-0.017442458932666324,0.0016922953001123901,1.0050908133945011,0.0053657507949151214,-0.017443391902014747,0.005365319104850681,1.0123079868318936,1.652307345980786,1.6953771932653903,1.7253637969312452,0.9793076017772273,1.0048347102512016,1.0226074987054117,1.2131559729459868e-06,,
