sample_name,porosity,nu,g,all_converged,total_iterations,iterations_x,iterations_y,iterations_z,K_star_xx,K_star_xy,K_star_xz,K_star_yx,K_star_yy,K_star_yz,K_star_zx,K_star_zy,K_star_zz,K_xx,K_xy,K_xz,K_yx,K_yy,K_yz,K_zx,K_zy,K_zz,K_star_eig1,K_star_eig2,K_star_eig3,K_eig1,K_eig2,K_eig3,symmetry_error,error_type,error_message
eps_0.02_coeffs_0.738_0.322_0.619_-6.652_74.198_-1914.09_m_-0.494_rho_0.594_,0.406374454498291,0.16666666666666666,1e-05,True,47500,17500,15000,15000,1.4879960287012797,-0.06424142779506009,-0.05562933592459255,-0.06424304418433151,1.4635673938130942,-0.06421610139133847,-0.055634374870774286,-0.0642210270556972,1.5180327365256634,0.6046835744591059,-0.026106075176408894,-0.022606341040458482,-0.026106732035717322,0.5947564012822816,-0.02609578317291212,-0.02260838873946433,-0.026097784837078936,0.6168897252161644,1.363643364354935,1.5410628401340045,1.5648899545510981,0.554149828319951,0.626248571007043,0.6359313016305578,3.954843702078503e-06,,
