sample_name,porosity,nu,g,all_converged,total_iterations,iterations_x,iterations_y,iterations_z,K_star_xx,K_star_xy,K_star_xz,K_star_yx,K_star_yy,K_star_yz,K_star_zx,K_star_zy,K_star_zz,K_xx,K_xy,K_xz,K_yx,K_yy,K_yz,K_zx,K_zy,K_zz,K_star_eig1,K_star_eig2,K_star_eig3,K_eig1,K_eig2,K_eig3,symmetry_error,error_type,error_message
eps_0.02_coeffs_0.12_0.682_0.432_-8.749_1.35_-437.387_m_-0.554_rho_0.67_,0.33029794692993164,0.16666666666666666,1e-05,True,55000,20000,15000,20000,1.3836982608655484,-0.0385277132990659,0.06377902419953022,-0.03852552807256738,1.3875031133639895,0.012500429356197483,0.06377892875543423,0.012494583051213886,1.5285496876053766,0.4570326947344076,-0.01272562460258649,0.021066080750299258,-0.012724902826760452,0.4582894297030139,0.0041288661520946755,0.021066049225310305,0.0041269351295614674,0.5048768235964443,1.3307648194423805,1.4163336716819468,1.5526525707105856,0.4395488877083997,0.4678121039242792,0.5128379564011869,3.5487967415363656e-06,,
