sample_name,porosity,nu,g,all_converged,total_iterations,iterations_x,iterations_y,iterations_z,K_star_xx,K_star_xy,K_star_xz,K_star_yx,K_star_yy,K_star_yz,K_star_zx,K_star_zy,K_star_zz,K_xx,K_xy,K_xz,K_yx,K_yy,K_yz,K_zx,K_zy,K_zz,K_star_eig1,K_star_eig2,K_star_eig3,K_eig1,K_eig2,K_eig3,symmetry_error,error_type,error_message
eps_0.02_coeffs_0.578_1.057_0.815_-36.164_127.374_-380.972_m_-0.237_rho_0.651_,0.3487539291381836,0.16666666666666666,1e-05,True,72500,25000,22500,25000,0.5741831706172855,-0.0003496038412723155,-0.002555172813452125,-0.00034956455403642125,0.580073826428151,0.00038821735074577455,-0.0025550965879726183,0.00038818680478538146,0.5782782545300573,0.20024863679779836,-0.00012192571328552191,-0.0008911265583184957,-0.0001219120117076388,0.20230302615703838,0.00013539232643220524,-0.0008910999743830172,0.00013538167340849884,0.2016768134025281,0.5729533710184688,0.579213975882663,0.5803679046743618,0.1998197393556585,0.2020031499008278,0.20240558710087855,1.287009649894838e-07,,
