sample_name,porosity,nu,g,all_converged,total_iterations,iterations_x,iterations_y,iterations_z,K_star_xx,K_star_xy,K_star_xz,K_star_yx,K_star_yy,K_star_yz,K_star_zx,K_star_zy,K_star_zz,K_xx,K_xy,K_xz,K_yx,K_yy,K_yz,K_zx,K_zy,K_zz,K_star_eig1,K_star_eig2,K_star_eig3,K_eig1,K_eig2,K_eig3,symmetry_error,error_type,error_message
eps_0.02_coeffs_0.06_-0.038_0.373_73.47_9.731_-3850.864_m_-0.383_rho_0.348_,0.6524133682250977,0.16666666666666666,1e-05,True,60000,20000,20000,20000,1.6011875005014067,0.005876973907494274,-0.01948960861631434,0.005883907784411934,1.426309417010317,0.07302113309054757,-0.01949799802259643,0.07301779143268104,1.462853338155752,1.044636130362048,0.003834216341959353,-0.012715281202758522,0.0038387400959540613,0.9305433308828763,0.047639963391217274,-0.01272075456356843,0.04763778324895312,0.9543850735655219,1.3681200474833854,1.518223185739475,1.6040070224446157,0.8925798083149159,0.9905091023257289,1.0464756241698017,6.19761689451204e-06,,
