sample_name,porosity,nu,g,all_converged,total_iterations,iterations_x,iterations_y,iterations_z,K_star_xx,K_star_xy,K_star_xz,K_star_yx,K_star_yy,K_star_yz,K_star_zx,K_star_zy,K_star_zz,K_xx,K_xy,K_xz,K_yx,K_yy,K_yz,K_zx,K_zy,K_zz,K_star_eig1,K_star_eig2,K_star_eig3,K_eig1,K_eig2,K_eig3,symmetry_error,error_type,error_message
eps_0.02_coeffs_0.206_1.444_0.659_25.37_121.635_-1199.605_m_-0.475_rho_0.451_,0.5491371154785156,0.16666666666666666,1e-05,True,112500,37500,40000,35000,0.8637148160180796,-0.04417950099807053,-0.004647225062978864,-0.04417874159002265,0.8688986267128298,-0.05447485868143831,-0.004640183768425951,-0.05447473327824419,1.082277682361156,0.4742978626642251,-0.024260603741360656,-0.0025519637660636764,-0.02426018672221577,0.4771444855163269,-0.02991416676242481,-0.0025480971298836555,-0.02991409789887652,0.5943188446385783,0.8154838129826031,0.9038756389777267,1.0955316731317362,0.447812428780688,0.496351661139529,0.6015971028989135,6.116481287400933e-06,,
