sample_name,porosity,nu,g,all_converged,total_iterations,iterations_x,iterations_y,iterations_z,K_star_xx,K_star_xy,K_star_xz,K_star_yx,K_star_yy,K_star_yz,K_star_zx,K_star_zy,K_star_zz,K_xx,K_xy,K_xz,K_yx,K_yy,K_yz,K_zx,K_zy,K_zz,K_star_eig1,K_star_eig2,K_star_eig3,K_eig1,K_eig2,K_eig3,symmetry_error,error_type,error_message
eps_0.02_coeffs_0.931_0.136_0.636_117.788_94.154_-3407.836_m_-0.526_rho_0.382_,0.6180481910705566,0.16666666666666666,1e-05,True,25000,7500,7500,10000,5.063454872654495,2.2906896897909133,1.5438494405495051,2.289649797847686,7.792143665207941,3.2907856396520714,1.5455700349431754,3.292824270301655,7.63116704722429,3.129459124611506,1.4157566190792485,0.9541733540169125,1.415113915744828,4.815920296843665,2.0338641117879273,0.9552367642694866,2.0351240837731632,4.716428989294213,3.7084075165645727,4.71291722284323,12.065440845678928,2.291974557365188,2.9128099642435297,7.457023889140663,0.00030053610303418227,,
