sample_name,porosity,nu,g,all_converged,total_iterations,iterations_x,iterations_y,iterations_z,K_star_xx,K_star_xy,K_star_xz,K_star_yx,K_star_yy,K_star_yz,K_star_zx,K_star_zy,K_star_zz,K_xx,K_xy,K_xz,K_yx,K_yy,K_yz,K_zx,K_zy,K_zz,K_star_eig1,K_star_eig2,K_star_eig3,K_eig1,K_eig2,K_eig3,symmetry_error,error_type,error_message
eps_0.02_coeffs_0.398_0.244_0.531_93.708_128.252_-1300.593_m_-0.456_rho_0.333_,0.6673498153686523,0.16666666666666666,1e-05,True,30000,7500,10000,12500,6.356700683762828,-0.75613358883529,0.2616379291139262,-0.757186506408686,4.421925102898262,0.1883201351660089,0.261520619355978,0.1882806630577925,1.8372056618132424,4.242143027662909,-0.5046056109032673,0.17460402368761518,-0.5053082752514715,2.9509709009931644,0.1256754074332357,0.1745257370423075,0.12564906572910528,1.22605885920531,1.800672520804679,4.190105625169643,6.62505330250001,1.2016784742984086,2.796266215332113,4.421228098230863,0.00018641184636908692,,
