sample_name,porosity,nu,g,all_converged,total_iterations,iterations_x,iterations_y,iterations_z,K_star_xx,K_star_xy,K_star_xz,K_star_yx,K_star_yy,K_star_yz,K_star_zx,K_star_zy,K_star_zz,K_xx,K_xy,K_xz,K_yx,K_yy,K_yz,K_zx,K_zy,K_zz,K_star_eig1,K_star_eig2,K_star_eig3,K_eig1,K_eig2,K_eig3,symmetry_error,error_type,error_message
eps_0.02_coeffs_0.604_-0.111_0.86_3.485_48.359_-213.093_m_-0.502_rho_0.412_,0.5880393981933594,0.16666666666666666,1e-05,True,30000,10000,10000,10000,15.26386675863435,-1.3688515703408055,0.44650520372719865,-1.3597366583572577,24.869738028795766,-2.2545248885063853,0.4344793305791275,-2.2835376695935574,15.118210622817926,8.975755022850967,-0.8049386536392422,0.2625626512899452,-0.7995787262818513,14.624385783679566,-1.3257494586492455,0.2554909640812038,-1.3428101169796618,8.890103476402306,14.57683113057871,15.100937341518161,25.574046938151156,8.57175100559173,8.879946106461968,15.038547170879133,0.0013979595892860675,,
