sample_name,porosity,nu,g,all_converged,total_iterations,iterations_x,iterations_y,iterations_z,K_star_xx,K_star_xy,K_star_xz,K_star_yx,K_star_yy,K_star_yz,K_star_zx,K_star_zy,K_star_zz,K_xx,K_xy,K_xz,K_yx,K_yy,K_yz,K_zx,K_zy,K_zz,K_star_eig1,K_star_eig2,K_star_eig3,K_eig1,K_eig2,K_eig3,symmetry_error,error_type,error_message
eps_0.02_coeffs_0.429_1.196_0.677_82.922_117.119_-1535.718_m_-0.46_rho_0.385_,0.6154413223266602,0.16666666666666666,1e-05,True,42500,10000,10000,22500,5.749940350489136,0.17417378114102278,-0.6407924730404843,0.17572430285785004,3.7450742508823955,0.14973098355829925,-0.6415317459638722,0.1496768919459365,1.1709011864643437,3.5387508926044537,0.10719374218006536,-0.3943701669450064,0.10814799731576573,2.304873449174588,0.09215063451439111,-0.39482514605053654,0.0921173443009518,0.720620974511471,1.0716059427282758,3.7449274908243115,5.8493823542832875,0.6595105784057975,2.3047831269703773,3.5999516109143395,0.0003458468509446557,,
