sample_name,porosity,nu,g,all_converged,total_iterations,iterations_x,iterations_y,iterations_z,K_star_xx,K_star_xy,K_star_xz,K_star_yx,K_star_yy,K_star_yz,K_star_zx,K_star_zy,K_star_zz,K_xx,K_xy,K_xz,K_yx,K_yy,K_yz,K_zx,K_zy,K_zz,K_star_eig1,K_star_eig2,K_star_eig3,K_eig1,K_eig2,K_eig3,symmetry_error,error_type,error_message
eps_0.02_coeffs_0.807_0.349_0.775_69.897_130.034_-440.591_m_-0.264_rho_0.497_,0.503105640411377,0.16666666666666666,1e-05,True,112500,12500,90000,10000,2.186827769090264,-6.814173001127542e-13,0.3805469618084844,9.055602747563729e-11,0.16666554118527985,-4.856973105521503e-09,0.384327741323175,-5.465798101121295e-13,7.160004568190009,1.10020538523754,-3.4282488716061865e-13,0.19145532292726136,4.555924819624074e-11,0.08385037383252894,-2.44357056471423e-09,0.19335745442625396,-2.749873854023917e-13,3.602238683627619,0.16666554118527901,2.157302164560318,7.1895301727199525,0.08385037383252883,1.0853508870619688,3.61709318180319,0.0007121628808451008,,
