sample_name,porosity,nu,g,all_converged,total_iterations,iterations_x,iterations_y,iterations_z,K_star_xx,K_star_xy,K_star_xz,K_star_yx,K_star_yy,K_star_yz,K_star_zx,K_star_zy,K_star_zz,K_xx,K_xy,K_xz,K_yx,K_yy,K_yz,K_zx,K_zy,K_zz,K_star_eig1,K_star_eig2,K_star_eig3,K_eig1,K_eig2,K_eig3,symmetry_error,error_type,error_message
eps_0.02_coeffs_0.395_0.308_0.527_72.75_123.437_-2201.172_m_-0.46_rho_0.506_,0.4944005012512207,0.16666666666666666,1e-05,True,87500,35000,25000,27500,0.6337436786353937,-0.017515144913425602,0.046399241112562946,-0.017527161056261387,1.0746022177628298,-0.1423089570805095,0.04634475715105313,-0.14231786740367344,1.3269065677736611,0.3133231923821312,-0.008659496424685387,0.022939808063727366,-0.008665437211726504,0.5312838751076165,-0.07035761971314235,0.02291287116584676,-0.07036202498138092,0.6560232722208349,0.63050311312247,1.0105975308575208,1.3941518201918934,0.31172105516820425,0.49963992581920436,0.6892693587231735,4.357469897490682e-05,,
