sample_name,porosity,nu,g,all_converged,total_iterations,iterations_x,iterations_y,iterations_z,K_star_xx,K_star_xy,K_star_xz,K_star_yx,K_star_yy,K_star_yz,K_star_zx,K_star_zy,K_star_zz,K_xx,K_xy,K_xz,K_yx,K_yy,K_yz,K_zx,K_zy,K_zz,K_star_eig1,K_star_eig2,K_star_eig3,K_eig1,K_eig2,K_eig3,symmetry_error,error_type,error_message
eps_0.02_coeffs_0.999_-0.565_0.814_60.598_111.05_-3272.708_m_-0.201_rho_0.598_,0.4021139144897461,0.16666666666666666,1e-05,True,62500,20000,20000,22500,1.1997372976283458,0.027464518115503007,-0.022474610675957237,0.027462518865467866,1.1439620529053627,-0.03070913524415012,-0.02247260759545554,-0.03070890365159713,1.1636060086121571,0.4824310611086837,0.011043864888999458,-0.009037353675542203,0.011043060962741784,0.4600030591215014,-0.012348570583620228,-0.009036548209000628,-0.01234847745703218,0.4679021670468237,1.1202473189583873,1.1587073642086925,1.2283506759787866,0.4504670346230003,0.465932353970053,0.4939368986839556,1.98167164077544e-06,,
