sample_name,porosity,nu,g,all_converged,total_iterations,iterations_x,iterations_y,iterations_z,K_star_xx,K_star_xy,K_star_xz,K_star_yx,K_star_yy,K_star_yz,K_star_zx,K_star_zy,K_star_zz,K_xx,K_xy,K_xz,K_yx,K_yy,K_yz,K_zx,K_zy,K_zz,K_star_eig1,K_star_eig2,K_star_eig3,K_eig1,K_eig2,K_eig3,symmetry_error,error_type,error_message
eps_0.02_coeffs_0.389_0.533_0.825_79.241_149.727_-311.431_m_-0.252_rho_0.671_,0.3285059928894043,0.16666666666666666,1e-05,True,142500,37500,50000,55000,0.16663510394225864,1.1490594177354796e-12,5.079314361356917e-13,2.4020165885073763e-12,0.16663563286189673,1.8084927306623946e-13,1.691902348545896e-12,1.6083098018410828e-13,0.16663741106446048,0.054740630270780764,3.774729049121145e-13,1.6685852074749644e-13,7.890768443444353e-13,0.05474080402405163,5.9410070011952e-14,5.558000608809845e-13,5.2833940832756595e-14,0.054741388174250394,0.16663510394225864,0.1666356328618967,0.1666374110644605,0.05474063027078076,0.05474080402405163,0.054741388174250394,8.447269566677323e-12,,
