sample_name,porosity,nu,g,all_converged,total_iterations,iterations_x,iterations_y,iterations_z,K_star_xx,K_star_xy,K_star_xz,K_star_yx,K_star_yy,K_star_yz,K_star_zx,K_star_zy,K_star_zz,K_xx,K_xy,K_xz,K_yx,K_yy,K_yz,K_zx,K_zy,K_zz,K_star_eig1,K_star_eig2,K_star_eig3,K_eig1,K_eig2,K_eig3,symmetry_error,error_type,error_message
eps_0.02_coeffs_0.786_0.722_0.406_104.555_84.955_-2365.026_m_-0.59_rho_0.311_,0.6892132759094238,0.16666666666666666,1e-05,True,30000,10000,10000,10000,11.238312980595307,3.5309002981290623,8.308282663710546,3.5269413582701414,10.654338705294379,2.9715083454840907,8.300546906176066,2.9744123049263416,11.802184040160386,7.745594505051493,2.433543361383092,5.726178711837419,2.430814807473797,7.343111681724508,2.048003001183282,5.72084712504544,2.050004448583584,8.134221925204859,3.179538327489877,8.785552668259367,21.72974473030082,2.191380026568872,6.055119535165819,14.976428550246172,0.0005477410734921768,,
