sample_name,porosity,nu,g,all_converged,total_iterations,iterations_x,iterations_y,iterations_z,K_star_xx,K_star_xy,K_star_xz,K_star_yx,K_star_yy,K_star_yz,K_star_zx,K_star_zy,K_star_zz,K_xx,K_xy,K_xz,K_yx,K_yy,K_yz,K_zx,K_zy,K_zz,K_star_eig1,K_star_eig2,K_star_eig3,K_eig1,K_eig2,K_eig3,symmetry_error,error_type,error_message
eps_0.02_coeffs_0.832_0.632_0.337_-25.7_68.116_-148.696_m_-0.202_rho_0.483_,0.5168309211730957,0.16666666666666666,1e-05,True,40000,12500,12500,15000,1.5698383271554315,0.01687020292864304,0.015131094022950395,0.016869604583205678,1.5332128832533176,-0.007376308364249852,0.01512935005392296,-0.007376250073787473,1.597063328450792,0.8113409887165732,0.008719042519987638,0.007820217262238175,0.008718733276564068,0.7924118268062702,-0.003812304246752062,0.007819315925119228,-0.0038122741204386947,0.8254117112149931,1.524443507253999,1.5718681071486151,1.6038029244569276,0.7878795421304288,0.812390041780229,0.8288949428271786,9.61156527886443e-07,,
