sample_name,porosity,nu,g,all_converged,total_iterations,iterations_x,iterations_y,iterations_z,K_star_xx,K_star_xy,K_star_xz,K_star_yx,K_star_yy,K_star_yz,K_star_zx,K_star_zy,K_star_zz,K_xx,K_xy,K_xz,K_yx,K_yy,K_yz,K_zx,K_zy,K_zz,K_star_eig1,K_star_eig2,K_star_eig3,K_eig1,K_eig2,K_eig3,symmetry_error,error_type,error_message
eps_0.02_coeffs_0.276_1.309_0.843_114.371_50.18_-4121.868_m_-0.265_rho_0.332_,0.6676502227783203,0.16666666666666666,1e-05,True,142500,35000,50000,57500,0.6574241955581261,-0.023972915711215063,0.06378094965121303,-0.023970113513358274,0.5429971809646503,0.0053908158696403434,0.06378287319100995,0.005387608176647178,0.5086962840224487,0.43892941062424096,-0.01600552251523863,0.04258336524364521,-0.016003651627215277,0.3625321888390487,0.0035991794163222797,0.042584649495419145,0.0035970377993807885,0.3396311873540916,0.48204896418651705,0.5430073345375999,0.6840613618211079,0.3218400983291868,0.36253896787429063,0.4567137206139038,6.625354746192912e-06,,
