sample_name,porosity,nu,g,all_converged,total_iterations,iterations_x,iterations_y,iterations_z,K_star_xx,K_star_xy,K_star_xz,K_star_yx,K_star_yy,K_star_yz,K_star_zx,K_star_zy,K_star_zz,K_xx,K_xy,K_xz,K_yx,K_yy,K_yz,K_zx,K_zy,K_zz,K_star_eig1,K_star_eig2,K_star_eig3,K_eig1,K_eig2,K_eig3,symmetry_error,error_type,error_message
eps_0.02_coeffs_0.643_1.431_0.732_86.203_37.932_-3546.079_m_-0.573_rho_0.316_,0.6842570304870605,0.16666666666666666,1e-05,True,30000,10000,10000,10000,5.3287974548161054,-2.6136528242352073,0.05395386679226177,-2.6135408556582793,4.749346104111834,-0.9914884467639915,0.04885301259050198,-0.9906960485743016,16.95991932176694,3.6462671224994745,-1.788410320235302,0.036918312674567466,-1.7883337049493455,3.2497734619548533,-0.6784329403449568,0.03342801732552387,-0.6778907363127163,11.604944032412368,2.3751755340173153,7.617120214957847,17.045767131719725,1.625230557792206,5.212068059150016,11.663685999924477,0.0003879715067825929,,
