sample_name,porosity,nu,g,all_converged,total_iterations,iterations_x,iterations_y,iterations_z,K_star_xx,K_star_xy,K_star_xz,K_star_yx,K_star_yy,K_star_yz,K_star_zx,K_star_zy,K_star_zz,K_xx,K_xy,K_xz,K_yx,K_yy,K_yz,K_zx,K_zy,K_zz,K_star_eig1,K_star_eig2,K_star_eig3,K_eig1,K_eig2,K_eig3,symmetry_error,error_type,error_message
eps_0.02_coeffs_0.953_1.097_0.254_118.479_87.001_-2894.43_m_-0.297_rho_0.533_,0.46688318252563477,0.16666666666666666,1e-05,True,82500,27500,30000,25000,1.1388381575617825,0.00406820792566204,0.3206495421884417,0.004064947121567833,1.3051267432716556,0.18120311474237538,0.3206470988452781,0.1811858227199258,1.4236593096686896,0.5317043833840753,0.0018993778635091041,0.14970587873232746,0.0018978554489160083,0.6093417274979877,0.08460068689447799,0.14970473797649522,0.08459261354000443,0.664682589330366,0.9056177884110231,1.2670544198800506,1.694952002211055,0.42281771520516526,0.5915663999867699,0.7913445850204934,1.0914931746323824e-05,,
