sample_name,porosity,nu,g,all_converged,total_iterations,iterations_x,iterations_y,iterations_z,K_star_xx,K_star_xy,K_star_xz,K_star_yx,K_star_yy,K_star_yz,K_star_zx,K_star_zy,K_star_zz,K_xx,K_xy,K_xz,K_yx,K_yy,K_yz,K_zx,K_zy,K_zz,K_star_eig1,K_star_eig2,K_star_eig3,K_eig1,K_eig2,K_eig3,symmetry_error,error_type,error_message
eps_0.02_coeffs_0.812_0.837_0.694_73.676_30.17_-2928.813_m_-0.472_rho_0.574_,0.42633533477783203,0.16666666666666666,1e-05,True,40000,12500,15000,12500,3.088325379607642,-0.8035342660200383,-0.27496130779534705,-0.8036712579528452,3.532692846385307,0.40940858163656874,-0.2751291941838671,0.4093363890309393,2.187726018457756,1.3166622346178993,-0.34257505030911256,-0.1172257212098798,-0.34263345481064766,1.5061117873309322,0.17454534471294392,-0.11729729710953414,0.1745145664542544,0.9327049044813609,2.068869129180599,2.4786128530111284,4.2612622622589775,0.8820320128007326,1.0567202404731366,1.8167266731563236,6.0416698760190266e-05,,
