sample_name,porosity,nu,g,all_converged,total_iterations,iterations_x,iterations_y,iterations_z,K_star_xx,K_star_xy,K_star_xz,K_star_yx,K_star_yy,K_star_yz,K_star_zx,K_star_zy,K_star_zz,K_xx,K_xy,K_xz,K_yx,K_yy,K_yz,K_zx,K_zy,K_zz,K_star_eig1,K_star_eig2,K_star_eig3,K_eig1,K_eig2,K_eig3,symmetry_error,error_type,error_message
eps_0.02_coeffs_0.294_0.33_0.73_-33.439_60.605_-1588.404_m_-0.458_rho_0.448_,0.5518794059753418,0.16666666666666666,1e-05,True,40000,12500,15000,12500,1.6289562162565676,0.002194988941359604,0.0032172397163395916,0.00219680787698612,1.5792567520496572,0.0194320003348926,0.003217247691653705,0.01943081578705772,1.6432458677974644,0.898987388987515,0.0012113691930799827,0.001775528343533771,0.0012123730261930515,0.8715592782037125,0.010724120801733171,0.0017755327449453864,0.01072346707417771,0.9068735533914997,1.5737902471841259,1.6283162057229494,1.6493523831966144,0.8685424267457615,0.898634180354404,0.9102436134825619,1.0957461254987966e-06,,
