sample_name,porosity,nu,g,all_converged,total_iterations,iterations_x,iterations_y,iterations_z,K_star_xx,K_star_xy,K_star_xz,K_star_yx,K_star_yy,K_star_yz,K_star_zx,K_star_zy,K_star_zz,K_xx,K_xy,K_xz,K_yx,K_yy,K_yz,K_zx,K_zy,K_zz,K_star_eig1,K_star_eig2,K_star_eig3,K_eig1,K_eig2,K_eig3,symmetry_error,error_type,error_message
eps_0.02_coeffs_0.654_0.963_0.602_-2.624_112.191_69.484_m_-0.547_rho_0.448_,0.5516643524169922,0.16666666666666666,1e-05,True,22500,7500,7500,7500,8.640171340755137,-2.0322878345082196,0.1271651525986565,-2.0305955242909146,10.8299272433621,-1.8065691737613923,0.12976013237093187,-1.80633310126611,6.490242123735203,4.766474527469538,-1.1211407521489083,0.07015248155834582,-1.1202071649287901,5.974484799432494,-0.996619813339579,0.07158403939395332,-0.9964895805593457,3.580435218219865,5.695242032930085,7.77710627415949,12.48799240076287,3.1418620079544097,4.290352296412322,6.889180240755167,0.00027852691859540246,,
