sample_name,porosity,nu,g,all_converged,total_iterations,iterations_x,iterations_y,iterations_z,K_star_xx,K_star_xy,K_star_xz,K_star_yx,K_star_yy,K_star_yz,K_star_zx,K_star_zy,K_star_zz,K_xx,K_xy,K_xz,K_yx,K_yy,K_yz,K_zx,K_zy,K_zz,K_star_eig1,K_star_eig2,K_star_eig3,K_eig1,K_eig2,K_eig3,symmetry_error,error_type,error_message
eps_0.02_coeffs_0.197_-0.482_0.919_10.445_53.545_-1761.09_m_-0.345_rho_0.464_,0.5360732078552246,0.16666666666666666,1e-05,True,45000,15000,15000,15000,1.636368965494537,-0.05394943212594987,-0.058084002814691234,-0.05395037148815821,1.7004097254088129,-0.0070951616158415175,-0.05808210757821407,-0.007088806542282268,1.6460377009108584,0.8772135605673919,-0.028920845141725656,-0.031137277713943427,-0.02892134870863802,0.9115440961681239,-0.003803526047655421,-0.031136261728445466,-0.003800119262986358,0.8823967105779227,1.5671814900695082,1.6772652458868225,1.7383696558578785,0.840124008672892,0.8991369607866309,0.9318933978539157,3.289591671222447e-06,,
