sample_name,porosity,nu,g,all_converged,total_iterations,iterations_x,iterations_y,iterations_z,K_star_xx,K_star_xy,K_star_xz,K_star_yx,K_star_yy,K_star_yz,K_star_zx,K_star_zy,K_star_zz,K_xx,K_xy,K_xz,K_yx,K_yy,K_yz,K_zx,K_zy,K_zz,K_star_eig1,K_star_eig2,K_star_eig3,K_eig1,K_eig2,K_eig3,symmetry_error,error_type,error_message
eps_0.02_coeffs_0.654_1.458_0.641_-28.702_25.26_-4171.774_m_-0.368_rho_0.656_,0.34374141693115234,0.16666666666666666,1e-05,True,67500,22500,22500,22500,0.789970200970506,0.005695720303543547,0.0033111014613831963,0.005695789461383266,0.7830547661745066,0.005178176165155398,0.003311339634282278,0.005178167702221484,0.8004802630038139,0.2715454762149889,0.001957854967583592,0.0011381627079386691,0.001957878739997409,0.2691683548595171,0.001779953612129637,0.0011382445778284741,0.0017799507030687423,0.2751582198303525,0.779408613984237,0.7904536458790483,0.8036429702855417,0.26791502133928724,0.2717116562528595,0.27624537331271204,2.5607896413766927e-07,,
