sample_name,porosity,nu,g,all_converged,total_iterations,iterations_x,iterations_y,iterations_z,K_star_xx,K_star_xy,K_star_xz,K_star_yx,K_star_yy,K_star_yz,K_star_zx,K_star_zy,K_star_zz,K_xx,K_xy,K_xz,K_yx,K_yy,K_yz,K_zx,K_zy,K_zz,K_star_eig1,K_star_eig2,K_star_eig3,K_eig1,K_eig2,K_eig3,symmetry_error,error_type,error_message
eps_0.02_coeffs_0.959_1.408_0.678_31.446_64.342_-844.909_m_-0.407_rho_0.496_,0.5037136077880859,0.16666666666666666,1e-05,True,32500,10000,10000,12500,6.945203004435468,-1.870622287273259,-0.2439878502040556,-1.8682549152036296,5.745950596948796,-0.6524915322556283,-0.24393034772941014,-0.6522234953617208,4.024070323384429,3.4983932621848437,-0.9422579011312145,-0.12290000028274393,-0.9410654236050449,2.894313505361184,-0.3286688637636588,-0.12287103550378352,-0.3285338499328083,2.02697898058494,3.5048017987480837,4.894331049412148,8.316091076608458,1.7654163586295706,2.465341150608642,4.188928238892755,0.0003282795971804479,,
