sample_name,porosity,nu,g,all_converged,total_iterations,iterations_x,iterations_y,iterations_z,K_star_xx,K_star_xy,K_star_xz,K_star_yx,K_star_yy,K_star_yz,K_star_zx,K_star_zy,K_star_zz,K_xx,K_xy,K_xz,K_yx,K_yy,K_yz,K_zx,K_zy,K_zz,K_star_eig1,K_star_eig2,K_star_eig3,K_eig1,K_eig2,K_eig3,symmetry_error,error_type,error_message
eps_0.02_coeffs_0.984_1.29_0.914_78.729_98.862_-1705.128_m_-0.296_rho_0.638_,0.36179447174072266,0.16666666666666666,1e-05,True,102500,27500,30000,45000,1.2680105222049356,-0.011666397237366502,-0.19535733561606758,-0.011659896560917695,1.570290089049651,-0.03839120713768377,-0.1953559250950821,-0.038383358477901745,0.667306511213853,0.45875919704281254,-0.004220838025610439,-0.07067920403989024,-0.0042184861168086864,0.5681222732474108,-0.013889726505866961,-0.07067869372119541,-0.013886886904147251,0.24142780671376055,0.6076918857095815,1.3259531750597335,1.5719620616991254,0.21985956477142163,0.47972252852367026,0.568727183708892,6.785027763043197e-06,,
