sample_name,porosity,nu,g,all_converged,total_iterations,iterations_x,iterations_y,iterations_z,K_star_xx,K_star_xy,K_star_xz,K_star_yx,K_star_yy,K_star_yz,K_star_zx,K_star_zy,K_star_zz,K_xx,K_xy,K_xz,K_yx,K_yy,K_yz,K_zx,K_zy,K_zz,K_star_eig1,K_star_eig2,K_star_eig3,K_eig1,K_eig2,K_eig3,symmetry_error,error_type,error_message
eps_0.02_coeffs_0.414_-0.056_0.603_29.625_64.091_-265.394_m_-0.599_rho_0.384_,0.6157627105712891,0.16666666666666666,1e-05,True,40000,12500,12500,15000,23.359668292281754,-1.4169408265908372,-2.7712479284418663,-1.437701747112159,16.591767873818192,-1.229892487004936,-2.8944480288676346,-1.1526565322198539,33.46202287798795,14.384012665701608,-0.8724993241006967,-1.7064311360824334,-0.8852831247948609,10.216591959151923,-0.7573219315094233,-1.7822931638632595,-0.7097629106373996,20.604665908548345,16.121760204827602,23.02738991019413,34.264308929066154,9.927178762904985,14.179408028483094,21.098683742013794,0.00468765905494534,,
