sample_name,porosity,nu,g,all_converged,total_iterations,iterations_x,iterations_y,iterations_z,K_star_xx,K_star_xy,K_star_xz,K_star_yx,K_star_yy,K_star_yz,K_star_zx,K_star_zy,K_star_zz,K_xx,K_xy,K_xz,K_yx,K_yy,K_yz,K_zx,K_zy,K_zz,K_star_eig1,K_star_eig2,K_star_eig3,K_eig1,K_eig2,K_eig3,symmetry_error,error_type,error_message
eps_0.02_coeffs_0.559_-0.289_0.855_7.457_118.838_-2403.376_m_-0.386_rho_0.576_,0.4244985580444336,0.16666666666666666,1e-05,True,55000,17500,17500,20000,0.9755583915440301,0.0057420136467374976,-0.0032116384107757708,0.005741775974347566,0.9638312956707443,0.03337629300398052,-0.0032115605154568864,0.033375471037110006,0.9578579062404708,0.41412313049858773,0.0024374765133115275,-0.001363335874334431,0.0024373756217247146,0.4091449952103291,0.014168188253058246,-0.0013633028078838861,0.014167839329306955,0.40660930001054013,0.9265391653899435,0.9761227594650819,0.9945856686002197,0.39331453967972385,0.41436270386728075,0.42220018217245203,7.260735459957226e-07,,
