sample_name,porosity,nu,g,all_converged,total_iterations,iterations_x,iterations_y,iterations_z,K_star_xx,K_star_xy,K_star_xz,K_star_yx,K_star_yy,K_star_yz,K_star_zx,K_star_zy,K_star_zz,K_xx,K_xy,K_xz,K_yx,K_yy,K_yz,K_zx,K_zy,K_zz,K_star_eig1,K_star_eig2,K_star_eig3,K_eig1,K_eig2,K_eig3,symmetry_error,error_type,error_message
eps_0.02_coeffs_0.628_0.655_0.59_38.637_112.046_-245.556_m_-0.256_rho_0.409_,0.5909767150878906,0.16666666666666666,1e-05,True,152500,72500,37500,42500,0.26432451008134766,0.006735652476415168,0.02176008573982201,0.006735125519736276,0.6187844502645695,-0.3214183879954144,0.02176057790849801,-0.3214165057994215,0.6580527492860637,0.15620963068509086,0.0039806137744854515,0.012859703990550864,0.003980302355358367,0.3656872017648215,-0.1899507831063751,0.012859994850778276,-0.18994967077237007,0.3888938521276332,0.25748065569622275,0.3230654017453122,0.9606156521904463,0.1521650721020299,0.19092412988199414,0.5677014825935217,2.7259381806627987e-06,,
