sample_name,porosity,nu,g,all_converged,total_iterations,iterations_x,iterations_y,iterations_z,K_star_xx,K_star_xy,K_star_xz,K_star_yx,K_star_yy,K_star_yz,K_star_zx,K_star_zy,K_star_zz,K_xx,K_xy,K_xz,K_yx,K_yy,K_yz,K_zx,K_zy,K_zz,K_star_eig1,K_star_eig2,K_star_eig3,K_eig1,K_eig2,K_eig3,symmetry_error,error_type,error_message
eps_0.02_coeffs_0.164_0.067_0.68_28.327_59.321_-627.841_m_-0.544_rho_0.455_,0.5448884963989258,0.16666666666666666,1e-05,True,32500,10000,15000,7500,4.880684568311878,-0.08979499470022648,0.21183788643301762,-0.08925158147163542,1.8719201955953033,-0.4544550589995365,0.21437259794724764,-0.4539712572191114,5.6901712244469,2.6594288758248994,-0.048928259646355915,0.11542802741881338,-0.04863216002930565,1.019987780756708,-0.24762733377914253,0.11680916256460722,-0.2473637157544516,3.1005088427413057,1.817358206257247,4.827582113024205,5.797835669072631,0.9902575804257597,2.630493958808108,3.1591739600890456,0.0004805694265452513,,
