sample_name,porosity,nu,g,all_converged,total_iterations,iterations_x,iterations_y,iterations_z,K_star_xx,K_star_xy,K_star_xz,K_star_yx,K_star_yy,K_star_yz,K_star_zx,K_star_zy,K_star_zz,K_xx,K_xy,K_xz,K_yx,K_yy,K_yz,K_zx,K_zy,K_zz,K_star_eig1,K_star_eig2,K_star_eig3,K_eig1,K_eig2,K_eig3,symmetry_error,error_type,error_message
eps_0.02_coeffs_0.191_1.248_0.886_45.489_42.438_-3908.962_m_-0.502_rho_0.573_,0.4274311065673828,0.16666666666666666,1e-05,True,67500,25000,20000,22500,1.3370457581632458,0.12258539484940971,-0.1436726062640833,0.12257654808656099,1.3626462571747844,0.004317048960996802,-0.1436780040727616,0.00431819488915788,1.516373367180923,0.5714949479429414,0.05239681096948274,-0.06141014107887702,0.05239302958784877,0.5824373975641206,0.001845241014504433,-0.06141244827021342,0.0018457308198463697,0.6481451463034502,1.1865009671660218,1.4190126837071753,1.610551731645755,0.5071474213390427,0.6065301616301095,0.6883999088413598,6.012179970228664e-06,,
