sample_name,porosity,nu,g,all_converged,total_iterations,iterations_x,iterations_y,iterations_z,K_star_xx,K_star_xy,K_star_xz,K_star_yx,K_star_yy,K_star_yz,K_star_zx,K_star_zy,K_star_zz,K_xx,K_xy,K_xz,K_yx,K_yy,K_yz,K_zx,K_zy,K_zz,K_star_eig1,K_star_eig2,K_star_eig3,K_eig1,K_eig2,K_eig3,symmetry_error,error_type,error_message
eps_0.02_coeffs_0.554_-0.035_0.306_65.194_88.94_-1242.918_m_-0.501_rho_0.369_,0.6305055618286133,0.16666666666666666,1e-05,True,40000,12500,12500,15000,2.9798918597438107,0.5079080280475778,0.02130771619197258,0.5081029100235351,3.279430223813881,0.00298601106362576,0.02120832683394703,0.0027192187149599444,2.7973913463025446,1.8788383912162827,0.3202388365814011,0.013434633568904312,0.32036171075114234,2.067698995743506,0.0018826965832978149,0.013371968025882627,0.0017144825236106995,1.7637708024549867,2.598756288272871,2.798322980573298,3.6596341610140675,1.6385302935931279,1.7643582030442868,2.307419692777358,9.224725127822173e-05,,
