sample_name,porosity,nu,g,all_converged,total_iterations,iterations_x,iterations_y,iterations_z,K_star_xx,K_star_xy,K_star_xz,K_star_yx,K_star_yy,K_star_yz,K_star_zx,K_star_zy,K_star_zz,K_xx,K_xy,K_xz,K_yx,K_yy,K_yz,K_zx,K_zy,K_zz,K_star_eig1,K_star_eig2,K_star_eig3,K_eig1,K_eig2,K_eig3,symmetry_error,error_type,error_message
eps_0.02_coeffs_0.476_1.183_0.392_34.674_88.564_-399.051_m_-0.398_rho_0.436_,0.5639619827270508,0.16666666666666666,1e-05,True,40000,12500,17500,10000,1.7211260143257858,-0.024290973388351213,0.11392554678606491,-0.024232158428101717,1.0967505374327529,-0.7743879591304184,0.11402598511228736,-0.7737645829901146,3.4407388554415994,0.9706496395622766,-0.013699185514464576,0.06424967724873255,-0.01366601611286826,0.6185256076475338,-0.4367253688311451,0.06430632064633075,-0.4363738083870747,1.9404459069608477,0.8642571999417853,1.7143436307548676,3.680014576503483,0.4874082040652986,0.9668246330760061,2.0753883170293523,0.00021605862304967068,,
