sample_name,porosity,nu,g,all_converged,total_iterations,iterations_x,iterations_y,iterations_z,K_star_xx,K_star_xy,K_star_xz,K_star_yx,K_star_yy,K_star_yz,K_star_zx,K_star_zy,K_star_zz,K_xx,K_xy,K_xz,K_yx,K_yy,K_yz,K_zx,K_zy,K_zz,K_star_eig1,K_star_eig2,K_star_eig3,K_eig1,K_eig2,K_eig3,symmetry_error,error_type,error_message
eps_0.02_coeffs_0.173_0.769_0.608_41.645_97.765_-630.513_m_-0.583_rho_0.365_,0.6346030235290527,0.16666666666666666,1e-05,True,30000,10000,10000,10000,12.869374958829711,-2.2562884752482573,1.6889943348570848,-2.2543857694259315,20.64135083554178,-4.476802402636052,1.680791200003487,-4.481770672872958,23.843052250253724,8.166944259802413,-1.4318474883463004,1.0718409116237473,-1.430640025478566,13.099063649958753,-2.8409923404549664,1.0666351774432377,-2.8441452197690165,15.130873048172198,12.239643498673681,17.62183469969632,27.492299846255207,7.767314771176032,11.182869580556464,17.446696606200867,0.0003964960469950802,,
