sample_name,porosity,nu,g,all_converged,total_iterations,iterations_x,iterations_y,iterations_z,K_star_xx,K_star_xy,K_star_xz,K_star_yx,K_star_yy,K_star_yz,K_star_zx,K_star_zy,K_star_zz,K_xx,K_xy,K_xz,K_yx,K_yy,K_yz,K_zx,K_zy,K_zz,K_star_eig1,K_star_eig2,K_star_eig3,K_eig1,K_eig2,K_eig3,symmetry_error,error_type,error_message
eps_0.02_coeffs_0.566_0.197_0.464_115.98_104.338_-1651.892_m_-0.331_rho_0.428_,0.5719876289367676,0.16666666666666666,1e-05,True,152500,20000,10000,122500,1.0378626743576744,-0.09504914413557618,5.572768019540263e-13,-0.09536629127989404,2.4986299297801735,4.4276033351634913e-13,-1.3322793530161508e-13,4.6762807843019086e-11,0.16666613054760668,0.5936446102678187,-0.054366934586577285,3.1875543661114807e-13,-0.05454833882967973,1.4291854091254035,2.53253433355269e-13,-7.620473082131188e-14,2.6747747580554166e-11,0.09533096483599131,0.16666613054760668,1.031662991681615,2.5048296124562333,0.09533096483599131,0.5900984684737789,1.4327315509194432,0.00016525459537794683,,
