sample_name,porosity,nu,g,all_converged,total_iterations,iterations_x,iterations_y,iterations_z,K_star_xx,K_star_xy,K_star_xz,K_star_yx,K_star_yy,K_star_yz,K_star_zx,K_star_zy,K_star_zz,K_xx,K_xy,K_xz,K_yx,K_yy,K_yz,K_zx,K_zy,K_zz,K_star_eig1,K_star_eig2,K_star_eig3,K_eig1,K_eig2,K_eig3,symmetry_error,error_type,error_message
eps_0.02_coeffs_0.824_-0.05_0.36_7.573_58.192_353.958_m_-0.64_rho_0.318_,0.6817154884338379,0.16666666666666666,1e-05,True,67500,22500,22500,22500,92.09559246356348,11.153524321924548,-2.133344654176135,12.667313502845046,114.60871305684883,-14.517281120825935,-0.5472085550258159,-14.090533195800532,117.16545180682903,62.782991798901854,7.603530280879484,-1.454334092919401,8.63550381173656,78.13053480032328,-9.896655390015185,-0.37304054736459874,-9.605734719868366,79.87350320606375,85.37187939077356,106.3236059996727,132.17427193679507,58.19933245739589,72.48244899611382,90.10524835177918,0.016639105115854678,,
