sample_name,porosity,nu,g,all_converged,total_iterations,iterations_x,iterations_y,iterations_z,K_star_xx,K_star_xy,K_star_xz,K_star_yx,K_star_yy,K_star_yz,K_star_zx,K_star_zy,K_star_zz,K_xx,K_xy,K_xz,K_yx,K_yy,K_yz,K_zx,K_zy,K_zz,K_star_eig1,K_star_eig2,K_star_eig3,K_eig1,K_eig2,K_eig3,symmetry_error,error_type,error_message
eps_0.02_coeffs_0.324_0.875_0.914_16.817_137.637_-1214.072_m_-0.21_rho_0.681_,0.31892967224121094,0.16666666666666666,1e-05,True,210000,70000,72500,67500,0.3545209323879318,0.007870050325833017,0.03177906226445951,0.00787000477025831,0.32111990176570765,0.011047790001170973,0.031779006050875566,0.011047764345805091,0.33323940524193923,0.11306724476913159,0.0025099925709397594,0.010135285912137105,0.0025099780419152494,0.102414665020267,0.003523468044063186,0.010135267983957204,0.003523459861805754,0.10627993429166775,0.3085000827123857,0.32018264891733833,0.3801975077658548,0.09838983026584763,0.10211574727652946,0.12125626653868933,1.855819519365631e-07,,
