sample_name,porosity,nu,g,all_converged,total_iterations,iterations_x,iterations_y,iterations_z,K_star_xx,K_star_xy,K_star_xz,K_star_yx,K_star_yy,K_star_yz,K_star_zx,K_star_zy,K_star_zz,K_xx,K_xy,K_xz,K_yx,K_yy,K_yz,K_zx,K_zy,K_zz,K_star_eig1,K_star_eig2,K_star_eig3,K_eig1,K_eig2,K_eig3,symmetry_error,error_type,error_message
eps_0.02_coeffs_0.948_-0.26_0.868_60.738_122.635_-4047.195_m_-0.333_rho_0.326_,0.6744556427001953,0.16666666666666666,1e-05,True,32500,10000,12500,10000,3.0196000110910797,-0.06366308958421867,-0.1154806691361944,-0.06369058916065296,3.1414100427742944,0.04911124200411065,-0.1154983515345912,0.049109160768551284,3.0240141085617016,2.036586266177951,-0.04293793000180431,-0.0778865889217006,-0.042956477246302284,2.1187417293841846,0.033123354289687275,-0.0778985149150758,0.033121950588620476,2.0395633791244405,2.9056991298085015,3.0600701578440583,3.219254874774516,1.9597651740883915,2.0638815850164036,2.1712446155817835,8.728941319944911e-06,,
