sample_name,porosity,nu,g,all_converged,total_iterations,iterations_x,iterations_y,iterations_z,K_star_xx,K_star_xy,K_star_xz,K_star_yx,K_star_yy,K_star_yz,K_star_zx,K_star_zy,K_star_zz,K_xx,K_xy,K_xz,K_yx,K_yy,K_yz,K_zx,K_zy,K_zz,K_star_eig1,K_star_eig2,K_star_eig3,K_eig1,K_eig2,K_eig3,symmetry_error,error_type,error_message
eps_0.02_coeffs_0.716_-0.192_0.884_-7.476_82.246_-2116.305_m_-0.258_rho_0.536_,0.4639620780944824,0.16666666666666666,1e-05,True,40000,10000,15000,15000,1.4678795187996123,-0.004624826510328062,0.005406483676297979,-0.0046244640294587575,1.4640936756464495,0.01883292819589244,0.005405821966241395,0.018832831865135485,1.4646932475343255,0.681040431934597,-0.002145744118558261,0.002508403401639107,-0.0021455759411808687,0.6792839442779158,0.008737764502370429,0.002508096393266159,0.008737719808552247,0.6795621228969818,1.443497049099561,1.4699143089603492,1.4832550839204781,0.669727890623485,0.6819844974060586,0.688174111079951,4.237290882218362e-07,,
