sample_name,porosity,nu,g,all_converged,total_iterations,iterations_x,iterations_y,iterations_z,K_star_xx,K_star_xy,K_star_xz,K_star_yx,K_star_yy,K_star_yz,K_star_zx,K_star_zy,K_star_zz,K_xx,K_xy,K_xz,K_yx,K_yy,K_yz,K_zx,K_zy,K_zz,K_star_eig1,K_star_eig2,K_star_eig3,K_eig1,K_eig2,K_eig3,symmetry_error,error_type,error_message
eps_0.02_coeffs_0.879_-0.679_0.628_-1.648_139.082_-679.037_m_-0.564_rho_0.583_,0.4174766540527344,0.16666666666666666,1e-05,True,52500,20000,15000,17500,1.2450085141858778,0.04769074793770582,0.02722269114678618,0.04769413257538944,1.2704285133560531,0.06054923216731427,0.027223602810332932,0.06054812917527095,1.3075123093825258,0.5197619887694865,0.019909773878305767,0.01136483801427129,0.019911186885521105,0.5303742449690746,0.025277890850672554,0.011365218612518409,0.025277430377244864,0.5458558640537805,1.2045937282272585,1.245742751715303,1.3726128569818943,0.502889759153225,0.5200685157965508,0.5730338228425659,2.3508097948013357e-06,,
