sample_name,porosity,nu,g,all_converged,total_iterations,iterations_x,iterations_y,iterations_z,K_star_xx,K_star_xy,K_star_xz,K_star_yx,K_star_yy,K_star_yz,K_star_zx,K_star_zy,K_star_zz,K_xx,K_xy,K_xz,K_yx,K_yy,K_yz,K_zx,K_zy,K_zz,K_star_eig1,K_star_eig2,K_star_eig3,K_eig1,K_eig2,K_eig3,symmetry_error,error_type,error_message
eps_0.02_coeffs_0.825_0.949_0.866_-17.51_11.706_390.79_m_-0.202_rho_0.379_,0.621342658996582,0.16666666666666666,1e-05,True,47500,17500,12500,17500,2.6210528373632265,0.4356959791212444,-0.28878557499737967,0.43572202877653854,3.2614665632561852,-0.5139347670376019,-0.28875470792664504,-0.5139981203659412,2.779025945776147,1.628571939337803,0.27071649818131327,-0.17943479704872875,0.27073268394339967,2.026488306642042,-0.3193295947019325,-0.17941561802092304,-0.3193689588274191,1.7267273705690425,2.391190166066983,2.4538355528386417,3.8165196274899342,1.485748455950538,1.5246727071411093,2.3713664534572394,2.071711274527021e-05,,
