sample_name,porosity,nu,g,all_converged,total_iterations,iterations_x,iterations_y,iterations_z,K_star_xx,K_star_xy,K_star_xz,K_star_yx,K_star_yy,K_star_yz,K_star_zx,K_star_zy,K_star_zz,K_xx,K_xy,K_xz,K_yx,K_yy,K_yz,K_zx,K_zy,K_zz,K_star_eig1,K_star_eig2,K_star_eig3,K_eig1,K_eig2,K_eig3,symmetry_error,error_type,error_message
eps_0.02_coeffs_0.604_0.183_0.639_73.106_137.069_-1259.474_m_-0.489_rho_0.582_,0.4180488586425781,0.16666666666666666,1e-05,True,102500,25000,50000,27500,1.124814147281599,-0.034333507312203825,-0.5205317175716041,-0.034315024092171145,0.6462619565378029,-0.20720958315733393,-0.5205295194955515,-0.2072115235582303,1.1471573187939372,0.4702272704560972,-0.014353083545063419,-0.21760769041806993,-0.014345356656024717,0.27016907331474793,-0.08662372973872783,-0.21760677151488492,-0.08662454092110787,0.4795678078052856,0.45468899601329343,0.7914916910623125,1.672052735537733,0.1900822158206969,0.3308821980736837,0.6989997376817499,1.3893060127148304e-05,,
