sample_name,porosity,nu,g,all_converged,total_iterations,iterations_x,iterations_y,iterations_z,K_star_xx,K_star_xy,K_star_xz,K_star_yx,K_star_yy,K_star_yz,K_star_zx,K_star_zy,K_star_zz,K_xx,K_xy,K_xz,K_yx,K_yy,K_yz,K_zx,K_zy,K_zz,K_star_eig1,K_star_eig2,K_star_eig3,K_eig1,K_eig2,K_eig3,symmetry_error,error_type,error_message
eps_0.02_coeffs_0.565_0.708_0.817_46.015_51.657_-3627.047_m_-0.468_rho_0.651_,0.3486824035644531,0.16666666666666666,1e-05,True,60000,20000,20000,20000,1.3653298456751533,0.2865622452254103,0.07603204875369368,0.28655736365570916,1.278815056671569,-0.09825780836628438,0.07603433203378003,-0.0982587552788601,1.576023934297278,0.4760664922482963,0.0999192124360223,0.026511037507367597,0.09991751031856573,0.44590030767465505,-0.03426076879013147,0.026511833646956116,-0.03426109896188434,0.5495318134858806,1.005292116604357,1.5997303606039313,1.6151463594357116,0.35052767150200365,0.557797827190408,0.56317311471642,3.1131440534235473e-06,,
