sample_name,porosity,nu,g,all_converged,total_iterations,iterations_x,iterations_y,iterations_z,K_star_xx,K_star_xy,K_star_xz,K_star_yx,K_star_yy,K_star_yz,K_star_zx,K_star_zy,K_star_zz,K_xx,K_xy,K_xz,K_yx,K_yy,K_yz,K_zx,K_zy,K_zz,K_star_eig1,K_star_eig2,K_star_eig3,K_eig1,K_eig2,K_eig3,symmetry_error,error_type,error_message
eps_0.02_coeffs_0.465_1.041_0.377_-3.321_59.935_-285.349_m_-0.379_rho_0.395_,0.6054844856262207,0.16666666666666666,1e-05,True,32500,10000,12500,10000,3.4209929912614334,0.08686762209420235,-0.45977157871755275,0.08680778844950389,1.9062745148205076,-0.25556153680446564,-0.45994895472650127,-0.25554846887064187,2.5230178491754294,2.071358181644835,0.052596997481281035,-0.2783845578453529,0.052560769137697645,1.1542196440684684,-0.15473854565789835,-0.2784919562668935,-0.15473063322670885,1.5276481646337585,1.8100440038255654,2.406539035721342,3.6337023157104626,1.0959535626171475,1.4571220501831585,2.2001503775467564,5.62333424565071e-05,,
