sample_name,porosity,nu,g,all_converged,total_iterations,iterations_x,iterations_y,iterations_z,K_star_xx,K_star_xy,K_star_xz,K_star_yx,K_star_yy,K_star_yz,K_star_zx,K_star_zy,K_star_zz,K_xx,K_xy,K_xz,K_yx,K_yy,K_yz,K_zx,K_zy,K_zz,K_star_eig1,K_star_eig2,K_star_eig3,K_eig1,K_eig2,K_eig3,symmetry_error,error_type,error_message
eps_0.02_coeffs_0.964_0.314_0.579_32.778_147.97_-54.394_m_-0.278_rho_0.66_,0.34028005599975586,0.16666666666666666,1e-05,True,120000,40000,42500,37500,0.7397756076475105,-0.1470310855906957,-0.13466950102238942,-0.1470312299265286,0.5236625181036262,0.02384718459560148,-0.1346704194172538,0.023846153871787706,0.6481699308197605,0.25173088519754827,-0.050031746038506825,-0.04582534534935785,-0.05003179515311213,0.1781919109852751,0.008114721309627787,-0.04582565786081373,0.008114370574870716,0.22055930035670598,0.4396482035244123,0.5849218559152528,0.8870379971312322,0.14960351531547908,0.19903724188632332,0.301841339337727,1.707106385823684e-06,,
