sample_name,porosity,nu,g,all_converged,total_iterations,iterations_x,iterations_y,iterations_z,K_star_xx,K_star_xy,K_star_xz,K_star_yx,K_star_yy,K_star_yz,K_star_zx,K_star_zy,K_star_zz,K_xx,K_xy,K_xz,K_yx,K_yy,K_yz,K_zx,K_zy,K_zz,K_star_eig1,K_star_eig2,K_star_eig3,K_eig1,K_eig2,K_eig3,symmetry_error,error_type,error_message
eps_0.02_coeffs_0.739_1.216_0.594_73.874_65.289_-4033.84_m_-0.396_rho_0.615_,0.3846468925476074,0.16666666666666666,1e-05,True,62500,22500,20000,20000,1.3275103410841087,0.42406663321883886,-0.08034239102751545,0.4240707826384041,1.5072843693222968,-0.20417984621762203,-0.08034759011807804,-0.2041816381158052,1.5244486014868377,0.5106227275228168,0.16311591270075235,-0.030903451048578594,0.163117508762094,0.5797722488454017,-0.07853714336845667,-0.03090545086260757,-0.07853783261652458,0.586374417410458,0.9751508993016077,1.4301901199498692,1.953902292641766,0.37508876318136813,0.5501181853910073,0.751562445206301,3.732251129801355e-06,,
