sample_name,porosity,nu,g,all_converged,total_iterations,iterations_x,iterations_y,iterations_z,K_star_xx,K_star_xy,K_star_xz,K_star_yx,K_star_yy,K_star_yz,K_star_zx,K_star_zy,K_star_zz,K_xx,K_xy,K_xz,K_yx,K_yy,K_yz,K_zx,K_zy,K_zz,K_star_eig1,K_star_eig2,K_star_eig3,K_eig1,K_eig2,K_eig3,symmetry_error,error_type,error_message
eps_0.02_coeffs_0.202_0.835_0.262_82.606_42.381_-3334.542_m_-0.451_rho_0.414_,0.5862307548522949,0.16666666666666666,1e-05,True,167500,70000,50000,47500,0.8108795053740651,-0.11346166306682419,-0.04169878863048679,-0.11345854888663977,0.8892424777220324,-0.12708843353063434,-0.041689761029288265,-0.12708443065661246,0.9234124848774046,0.4753625045296937,-0.0665147163864611,-0.02444511233527656,-0.06651289075826083,0.5213012889617121,-0.07450314832165948,-0.024439820077811446,-0.07450080171380005,0.5413327980497142,0.6781723886748595,0.9007211997670986,1.0446408795315434,0.39756551133284707,0.5280304688509312,0.6124006113573421,9.527192893380475e-06,,
