sample_name,porosity,nu,g,all_converged,total_iterations,iterations_x,iterations_y,iterations_z,K_star_xx,K_star_xy,K_star_xz,K_star_yx,K_star_yy,K_star_yz,K_star_zx,K_star_zy,K_star_zz,K_xx,K_xy,K_xz,K_yx,K_yy,K_yz,K_zx,K_zy,K_zz,K_star_eig1,K_star_eig2,K_star_eig3,K_eig1,K_eig2,K_eig3,symmetry_error,error_type,error_message
eps_0.02_coeffs_0.455_0.267_0.936_-24.155_118.2_782.452_m_-0.316_rho_0.509_,0.49133825302124023,0.16666666666666666,1e-05,True,45000,17500,15000,12500,1.4461224963536607,0.014813153537193953,0.0026646722889236444,0.014811457735468766,1.4356056084368536,0.009803433654901286,0.002666079754196385,0.00980535403252379,1.39659011236908,0.7105353010131226,0.007278268980700282,0.001309255427313853,0.0072774357684431586,0.7053679516768583,0.00481680196560883,0.0013099469688421495,0.004817745520595012,0.6861981459981614,1.394249923624178,1.4264595930531052,1.457608700482312,0.6850483217485012,0.7008741644561016,0.7161789124835388,1.6733075266029034e-06,,
