sample_name,porosity,nu,g,all_converged,total_iterations,iterations_x,iterations_y,iterations_z,K_star_xx,K_star_xy,K_star_xz,K_star_yx,K_star_yy,K_star_yz,K_star_zx,K_star_zy,K_star_zz,K_xx,K_xy,K_xz,K_yx,K_yy,K_yz,K_zx,K_zy,K_zz,K_star_eig1,K_star_eig2,K_star_eig3,K_eig1,K_eig2,K_eig3,symmetry_error,error_type,error_message
eps_0.02_coeffs_0.484_-0.345_0.747_54.344_87.932_-2732.221_m_-0.469_rho_0.434_,0.5660548210144043,0.16666666666666666,1e-05,True,37500,12500,12500,12500,2.3343096764021034,0.10054548811621981,0.009430599479296566,0.10053339991379057,2.4538129636208943,-0.016590741193261097,0.009441874899855453,-0.016617791386004943,2.397403300085059,1.3213472460679847,0.05691425827943272,0.005338236300311752,0.056907415694170245,1.3889926579252503,-0.009391269036647715,0.005344618806478075,-0.009406580928659737,1.3570616959289903,2.274902278237718,2.398769421071456,2.511854240798884,1.2877194019331117,1.3578349952994289,1.4218472026896833,1.0797917816063624e-05,,
