sample_name,porosity,nu,g,all_converged,total_iterations,iterations_x,iterations_y,iterations_z,K_star_xx,K_star_xy,K_star_xz,K_star_yx,K_star_yy,K_star_yz,K_star_zx,K_star_zy,K_star_zz,K_xx,K_xy,K_xz,K_yx,K_yy,K_yz,K_zx,K_zy,K_zz,K_star_eig1,K_star_eig2,K_star_eig3,K_eig1,K_eig2,K_eig3,symmetry_error,error_type,error_message
eps_0.02_coeffs_0.544_1.452_0.818_66.316_40.686_-1988.921_m_-0.313_rho_0.583_,0.417083740234375,0.16666666666666666,1e-05,True,75000,30000,27500,17500,1.0335356325502114,0.22916865555087496,-0.07887007354991099,0.22919752665227916,1.7140048431139037,-0.9232660098226595,-0.07878082416727573,-0.9232395207133784,1.882059785660347,0.43107090728954284,0.0955825200016421,-0.03289542526875713,0.09559456166860045,0.71488355074578,-0.385079240608102,-0.032858200802434005,-0.3850681924313276,0.7849765347479236,0.8051355127888742,1.0729269124145435,2.7515378361210434,0.33580893106950516,0.4475003696279774,1.147621692085764,4.503107957129194e-05,,
