sample_name,porosity,nu,g,all_converged,total_iterations,iterations_x,iterations_y,iterations_z,K_star_xx,K_star_xy,K_star_xz,K_star_yx,K_star_yy,K_star_yz,K_star_zx,K_star_zy,K_star_zz,K_xx,K_xy,K_xz,K_yx,K_yy,K_yz,K_zx,K_zy,K_zz,K_star_eig1,K_star_eig2,K_star_eig3,K_eig1,K_eig2,K_eig3,symmetry_error,error_type,error_message
eps_0.02_coeffs_0.75_0.279_0.405_7.213_138.85_485.181_m_-0.283_rho_0.523_,0.47677183151245117,0.16666666666666666,1e-05,True,62500,20000,20000,22500,0.9669533075109653,-0.01159380559546486,0.001110853123882227,-0.011593840810326134,1.0729652836074615,0.01737862076696286,0.0011106969548216195,0.01737976327382743,0.9147810721953668,0.4610160994090253,-0.005527599927949086,0.0005296234784146572,-0.005527616717402992,0.511559623414806,0.008285636852225201,0.0005295490214056058,0.008286181567315538,0.43614184722350885,0.9127900680588825,0.9658643412670582,1.0760452539878518,0.43519259253480846,0.46049691097846257,0.5130280665340694,9.541371501751073e-07,,
