sample_name,porosity,nu,g,all_converged,total_iterations,iterations_x,iterations_y,iterations_z,K_star_xx,K_star_xy,K_star_xz,K_star_yx,K_star_yy,K_star_yz,K_star_zx,K_star_zy,K_star_zz,K_xx,K_xy,K_xz,K_yx,K_yy,K_yz,K_zx,K_zy,K_zz,K_star_eig1,K_star_eig2,K_star_eig3,K_eig1,K_eig2,K_eig3,symmetry_error,error_type,error_message
eps_0.02_coeffs_0.516_0.408_0.838_46.139_109.593_-2143.033_m_-0.384_rho_0.41_,0.5898747444152832,0.16666666666666666,1e-05,True,40000,15000,12500,12500,2.1318987268116856,-0.28901039670878675,0.07323357662763082,-0.28903003125123744,2.123848881763954,-0.012942008799904104,0.07325400816552746,-0.012961644722654393,2.1690497709097984,1.2575532165973107,-0.1704799338919552,0.04319863729584079,-0.170491515812665,1.2528048163071974,-0.007634164133063779,0.04321068934403558,-0.007645746867977464,1.279467679239446,1.8334044228137207,2.159991339196733,2.431401617474984,1.081478965317093,1.2741243391478987,1.434222407678962,1.3059015115326928e-05,,
