sample_name,porosity,nu,g,all_converged,total_iterations,iterations_x,iterations_y,iterations_z,K_star_xx,K_star_xy,K_star_xz,K_star_yx,K_star_yy,K_star_yz,K_star_zx,K_star_zy,K_star_zz,K_xx,K_xy,K_xz,K_yx,K_yy,K_yz,K_zx,K_zy,K_zz,K_star_eig1,K_star_eig2,K_star_eig3,K_eig1,K_eig2,K_eig3,symmetry_error,error_type,error_message
eps_0.02_coeffs_0.848_0.521_0.717_8.721_88.03_-2164.741_m_-0.493_rho_0.331_,0.6693778038024902,0.16666666666666666,1e-05,True,22500,7500,7500,7500,5.352558639068205,-0.16539301458905437,-0.18247511214602943,-0.16570546658840135,5.519418015391361,0.015112461407718186,-0.18244042411613948,0.015714603731762578,5.164023914028667,3.5828839465435207,-0.11071041286989444,-0.1221447898169223,-0.11091956130301102,3.6945759094105686,0.010115946227148289,-0.12212157041965632,0.010519006933593651,3.456682986356049,5.040508000319475,5.346365297997426,5.649127270171332,3.3740041753027326,3.578738261499363,3.7814004055080437,0.00010364592965092891,,
