sample_name,porosity,nu,g,all_converged,total_iterations,iterations_x,iterations_y,iterations_z,K_star_xx,K_star_xy,K_star_xz,K_star_yx,K_star_yy,K_star_yz,K_star_zx,K_star_zy,K_star_zz,K_xx,K_xy,K_xz,K_yx,K_yy,K_yz,K_zx,K_zy,K_zz,K_star_eig1,K_star_eig2,K_star_eig3,K_eig1,K_eig2,K_eig3,symmetry_error,error_type,error_message
eps_0.02_coeffs_0.646_0.864_0.828_85.549_91.663_-3237.654_m_-0.446_rho_0.414_,0.5861730575561523,0.16666666666666666,1e-05,True,37500,10000,17500,10000,3.957397245908928,0.07329091525001044,0.45140426517867144,0.07332481176005112,1.79728505201706,-0.13313126581579476,0.4512986483401178,-0.13312499529954316,3.3193821111904276,2.319719643598733,0.04296115988318745,0.26460101831367006,0.04298102910411848,1.0535200742408084,-0.07803796113956528,0.2645391085684856,-0.07803428553188163,1.945732361313689,1.7796053841838138,3.1033999948922144,4.191059030040387,1.0431567292904167,1.819129463825717,2.456685886037097,2.851383284538543e-05,,
