sample_name,porosity,nu,g,all_converged,total_iterations,iterations_x,iterations_y,iterations_z,K_star_xx,K_star_xy,K_star_xz,K_star_yx,K_star_yy,K_star_yz,K_star_zx,K_star_zy,K_star_zz,K_xx,K_xy,K_xz,K_yx,K_yy,K_yz,K_zx,K_zy,K_zz,K_star_eig1,K_star_eig2,K_star_eig3,K_eig1,K_eig2,K_eig3,symmetry_error,error_type,error_message
eps_0.02_coeffs_0.481_0.177_0.6_1.515_36.732_-2642.483_m_-0.346_rho_0.533_,0.4668550491333008,0.16666666666666666,1e-05,True,45000,15000,15000,15000,1.6730717207365613,0.009758009990301741,-0.0370056058468447,0.009760348808285193,1.6651009112079465,-0.03257356544276022,-0.03700686212321266,-0.032570800834403835,1.6564911291926097,0.7810819803880034,0.00455557623346556,-0.017276253935836247,0.0045566681224501375,0.7773607677138897,-0.015207133495226613,-0.01727684043480173,-0.015205842823856557,0.7733412475080926,1.6172162357014115,1.6588917294672578,1.718555795968448,0.7550055651775541,0.7744619798672626,0.8023164505651688,1.879164943100353e-06,,
