sample_name,porosity,nu,g,all_converged,total_iterations,iterations_x,iterations_y,iterations_z,K_star_xx,K_star_xy,K_star_xz,K_star_yx,K_star_yy,K_star_yz,K_star_zx,K_star_zy,K_star_zz,K_xx,K_xy,K_xz,K_yx,K_yy,K_yz,K_zx,K_zy,K_zz,K_star_eig1,K_star_eig2,K_star_eig3,K_eig1,K_eig2,K_eig3,symmetry_error,error_type,error_message
eps_0.02_coeffs_0.628_0.732_0.795_15.321_122.928_-754.537_m_-0.385_rho_0.627_,0.3732719421386719,0.16666666666666666,1e-05,True,95000,40000,22500,32500,0.404900338328778,0.028189857438167102,-0.1544799047260546,0.028174047123428702,2.114520721134761,0.05690189080872551,-0.15448579588161415,0.05692535606446952,0.8994785635272097,0.15113793566058828,0.01052248283455692,-0.0576630140584914,0.010516581287668693,0.7892912562704373,0.021239879293535612,-0.05766521306156855,0.021248638215119964,0.3357501103199043,0.35956675407716737,0.9418922147371689,2.1174406541764124,0.13421618062288246,0.35158193628023804,0.7903811853478094,1.7428189436047994e-05,,
