sample_name,porosity,nu,g,all_converged,total_iterations,iterations_x,iterations_y,iterations_z,K_star_xx,K_star_xy,K_star_xz,K_star_yx,K_star_yy,K_star_yz,K_star_zx,K_star_zy,K_star_zz,K_xx,K_xy,K_xz,K_yx,K_yy,K_yz,K_zx,K_zy,K_zz,K_star_eig1,K_star_eig2,K_star_eig3,K_eig1,K_eig2,K_eig3,symmetry_error,error_type,error_message
eps_0.02_coeffs_0.846_0.058_0.895_-22.906_48.108_379.185_m_-0.523_rho_0.545_,0.45455408096313477,0.16666666666666666,1e-05,True,25000,7500,7500,10000,9.585338261044916,-1.089815691693061,-0.5681411330880493,-1.0894546743810385,7.765521154946405,1.0938826847514924,-0.5666129996058925,1.0952131338085442,14.20369979986322,4.357054623970044,-0.4953801701567424,-0.25825087060819224,-0.4952160682642642,3.5298493317864437,0.4972288384487011,-0.2575562512976215,0.49783359949709755,6.456349708803087,7.171637195919926,9.884276537408006,14.498645482526603,3.2598969545924175,4.492938237446974,6.590418472520186,0.00015353936208377153,,
