sample_name,porosity,nu,g,all_converged,total_iterations,iterations_x,iterations_y,iterations_z,K_star_xx,K_star_xy,K_star_xz,K_star_yx,K_star_yy,K_star_yz,K_star_zx,K_star_zy,K_star_zz,K_xx,K_xy,K_xz,K_yx,K_yy,K_yz,K_zx,K_zy,K_zz,K_star_eig1,K_star_eig2,K_star_eig3,K_eig1,K_eig2,K_eig3,symmetry_error,error_type,error_message
eps_0.02_coeffs_0.393_0.694_0.866_79.629_110.47_-3564.893_m_-0.238_rho_0.524_,0.4764118194580078,0.16666666666666666,1e-05,True,250000,85000,87500,77500,0.406456280125227,0.014036771116542451,0.0386222872195257,0.014036873663746403,0.42842488926394423,-0.02711752482036711,0.03862209574655,-0.027117418309306644,0.4378146160621532,0.1936405759445931,0.006687283666947601,0.018400114125884,0.006687332521647616,0.2041066809953312,-0.012919109338868782,0.01840002290589527,-0.012919058595740673,0.20858005782347955,0.36809699146545616,0.43441845432782483,0.47018033965804346,0.1753657574410768,0.20696208623245455,0.22399947108987261,4.633025319625848e-07,,
