sample_name,porosity,nu,g,all_converged,total_iterations,iterations_x,iterations_y,iterations_z,K_star_xx,K_star_xy,K_star_xz,K_star_yx,K_star_yy,K_star_yz,K_star_zx,K_star_zy,K_star_zz,K_xx,K_xy,K_xz,K_yx,K_yy,K_yz,K_zx,K_zy,K_zz,K_star_eig1,K_star_eig2,K_star_eig3,K_eig1,K_eig2,K_eig3,symmetry_error,error_type,error_message
eps_0.02_coeffs_0.404_0.273_0.72_90.208_112.867_-3545.156_m_-0.311_rho_0.538_,0.4615321159362793,0.16666666666666666,1e-05,True,225000,80000,77500,67500,0.4089172601303697,-0.027831460399551207,0.02860098868861761,-0.027831317090919135,0.40010930907898823,-0.01012768693299267,0.028601247700237024,-0.010127366785113261,0.39779846222756904,0.1887284483108355,-0.012845112807801633,0.013200274827327276,-0.012845046666265441,0.1846632960250282,-0.004674252779724314,0.013200394369508036,-0.004674105021196118,0.18359676598808802,0.36902241658203405,0.3888962994790075,0.44890631537588555,0.1703156967530253,0.17948813197833527,0.20718468159259118,8.818655111956788e-07,,
