sample_name,porosity,nu,g,all_converged,total_iterations,iterations_x,iterations_y,iterations_z,K_star_xx,K_star_xy,K_star_xz,K_star_yx,K_star_yy,K_star_yz,K_star_zx,K_star_zy,K_star_zz,K_xx,K_xy,K_xz,K_yx,K_yy,K_yz,K_zx,K_zy,K_zz,K_star_eig1,K_star_eig2,K_star_eig3,K_eig1,K_eig2,K_eig3,symmetry_error,error_type,error_message
eps_0.02_coeffs_0.482_0.503_0.392_-12.638_51.648_-770.378_m_-0.565_rho_0.318_,0.6823973655700684,0.16666666666666666,1e-05,True,22500,7500,7500,7500,5.166792202137706,-0.11624085147859921,-0.16633535415867798,-0.1162432238919076,5.642827009603611,0.12810831819449475,-0.1663095708327879,0.12805629174282568,5.559136787086454,3.5258053871867423,-0.07932245082061769,-0.11350680747904617,-0.07932406974920937,3.8506502857211307,0.08742077884353527,-0.11348921300538316,0.08738527612997635,3.7935402983514503,5.0972646274206275,5.476036361105516,5.795455010301626,3.478359953365332,3.7368327865843067,3.9548032313096844,8.684453503763524e-06,,
