sample_name,porosity,nu,g,all_converged,total_iterations,iterations_x,iterations_y,iterations_z,K_star_xx,K_star_xy,K_star_xz,K_star_yx,K_star_yy,K_star_yz,K_star_zx,K_star_zy,K_star_zz,K_xx,K_xy,K_xz,K_yx,K_yy,K_yz,K_zx,K_zy,K_zz,K_star_eig1,K_star_eig2,K_star_eig3,K_eig1,K_eig2,K_eig3,symmetry_error,error_type,error_message
eps_0.02_coeffs_0.164_1.323_0.785_-30.165_30.226_821.339_m_-0.459_rho_0.665_,0.3345174789428711,0.16666666666666666,1e-05,True,200000,42500,102500,55000,0.16664151651356582,3.8961447218455955e-09,-1.2677421732534384e-08,4.31192327484596e-09,0.16664270416385743,-1.9340804884464476e-08,-1.2629607415948138e-08,-1.9555898167272983e-08,0.16664155281819293,0.05574449999133486,1.3033285099483623e-09,-4.240819157462967e-09,1.442413703296559e-09,0.05574489728111628,-6.469837290677024e-09,-4.22482443282116e-09,-6.541789753379671e-09,0.055744512135867196,0.1666415125496751,0.16664155643277462,0.16664270451316635,0.05574449866534413,0.05574451334500793,0.05574489739796623,2.3055874261412587e-09,,
