sample_name,porosity,nu,g,all_converged,total_iterations,iterations_x,iterations_y,iterations_z,K_star_xx,K_star_xy,K_star_xz,K_star_yx,K_star_yy,K_star_yz,K_star_zx,K_star_zy,K_star_zz,K_xx,K_xy,K_xz,K_yx,K_yy,K_yz,K_zx,K_zy,K_zz,K_star_eig1,K_star_eig2,K_star_eig3,K_eig1,K_eig2,K_eig3,symmetry_error,error_type,error_message
eps_0.02_coeffs_0.547_0.223_0.315_97.209_62.561_-2519.845_m_-0.241_rho_0.456_,0.5436477661132812,0.16666666666666666,1e-05,True,85000,35000,27500,22500,0.8223447972609175,0.2448758542870376,0.034595630777642,0.244865829221037,1.0540528027284608,0.17089358906871,0.03457928005627213,0.1708634068890748,1.1280969463529176,0.44706591200577694,0.13312621115822934,0.018807837389544953,0.133120761053493,0.5730334515687708,0.09290591794028524,0.018798948356397883,0.09288950946575016,0.6132873848439777,0.6581410117663883,1.0077340877862562,1.338619446789652,0.3577968908343315,0.5478523856612032,0.7277374719229903,2.80935037647221e-05,,
