sample_name,porosity,nu,g,all_converged,total_iterations,iterations_x,iterations_y,iterations_z,K_star_xx,K_star_xy,K_star_xz,K_star_yx,K_star_yy,K_star_yz,K_star_zx,K_star_zy,K_star_zz,K_xx,K_xy,K_xz,K_yx,K_yy,K_yz,K_zx,K_zy,K_zz,K_star_eig1,K_star_eig2,K_star_eig3,K_eig1,K_eig2,K_eig3,symmetry_error,error_type,error_message
eps_0.02_coeffs_0.418_-0.527_0.868_70.196_120.572_-2214.871_m_-0.393_rho_0.502_,0.497650146484375,0.16666666666666666,1e-05,True,165000,47500,60000,57500,0.6024116983195371,0.04047105737153948,-0.07979673432319397,0.040469941563643606,0.45587206006530184,-0.017921796435316984,-0.07979721456571429,-0.017923241517318476,0.5206173765852141,0.29979026991261876,0.020140427629324165,-0.039710856524912234,0.020139872347361337,0.22686479746963126,-0.008918784621298647,-0.039711095517672816,-0.008919503766568372,0.2590853137199428,0.4452528677617515,0.4730541023606219,0.6605941648476794,0.22158015486422372,0.23541544333479802,0.32874478290317105,2.881578626281382e-06,,
