sample_name,porosity,nu,g,all_converged,total_iterations,iterations_x,iterations_y,iterations_z,K_star_xx,K_star_xy,K_star_xz,K_star_yx,K_star_yy,K_star_yz,K_star_zx,K_star_zy,K_star_zz,K_xx,K_xy,K_xz,K_yx,K_yy,K_yz,K_zx,K_zy,K_zz,K_star_eig1,K_star_eig2,K_star_eig3,K_eig1,K_eig2,K_eig3,symmetry_error,error_type,error_message
eps_0.02_coeffs_0.768_0.331_0.655_90.921_102.804_-2646.407_m_-0.272_rho_0.62_,0.38031435012817383,0.16666666666666666,1e-05,True,97500,27500,32500,37500,0.9163771089975827,-0.05579567367041251,-0.09886412371737818,-0.05579235453718234,0.9317777910756666,-0.0817741836200236,-0.09886382404734885,-0.08177271398996248,0.8318569137365303,0.3485113646807504,-0.021219895371926593,-0.03759944496256606,-0.021218633057929173,0.35436846507680747,-0.031099895500711232,-0.0375993309937536,-0.03109933657930961,0.31636712154733687,0.7202755096295395,0.9776297819822857,0.9821065221979545,0.2739311123579975,0.3718066352005413,0.37350920374635593,3.298187006896087e-06,,
