sample_name,porosity,nu,g,all_converged,total_iterations,iterations_x,iterations_y,iterations_z,K_star_xx,K_star_xy,K_star_xz,K_star_yx,K_star_yy,K_star_yz,K_star_zx,K_star_zy,K_star_zz,K_xx,K_xy,K_xz,K_yx,K_yy,K_yz,K_zx,K_zy,K_zz,K_star_eig1,K_star_eig2,K_star_eig3,K_eig1,K_eig2,K_eig3,symmetry_error,error_type,error_message
eps_0.02_coeffs_0.825_0.445_0.678_68.547_62.364_-4171.218_m_-0.462_rho_0.488_,0.5118865966796875,0.16666666666666666,1e-05,True,37500,15000,10000,12500,2.4316442697763643,0.0833201640772472,0.013781792968615194,0.08343677444111498,3.2696767419948958,-0.05955375399622264,0.013768897588418347,-0.059621407188674425,2.942596923948442,1.244726109591487,0.04265047522429522,0.007054715098848479,0.04271016650659308,1.6737036997024959,-0.030484768452625745,0.007048114126566625,-0.030519399215064406,1.5062759248000852,2.4226769283953744,2.9335821549161167,3.2876588524082107,1.2401358477307072,1.5016613853602745,1.6829085010030864,3.8089629428143565e-05,,
