sample_name,porosity,nu,g,all_converged,total_iterations,iterations_x,iterations_y,iterations_z,K_star_xx,K_star_xy,K_star_xz,K_star_yx,K_star_yy,K_star_yz,K_star_zx,K_star_zy,K_star_zz,K_xx,K_xy,K_xz,K_yx,K_yy,K_yz,K_zx,K_zy,K_zz,K_star_eig1,K_star_eig2,K_star_eig3,K_eig1,K_eig2,K_eig3,symmetry_error,error_type,error_message
eps_0.02_coeffs_0.092_0.262_0.286_80.47_124.018_820.427_m_-0.381_rho_0.627_,0.3729896545410156,0.16666666666666666,1e-05,True,60000,27500,17500,15000,0.5871235699453513,0.4081703497897987,-0.42052671147962317,0.4081902052409002,2.038545007157557,-0.4493237014276234,-0.42052669263403136,-0.4494326601902945,5.752759161481438,0.21899101752680442,0.15224331776198252,-0.156852112840054,0.15225072363982964,0.7603561979860094,-0.1675930921725797,-0.15685210581084322,-0.1676337326638276,2.145719652298624,0.46342845137065597,2.0671096927500545,5.847889594463637,0.17285401798121885,0.7710105301972282,2.181202319632992,2.5182412919415488e-05,,
