sample_name,porosity,nu,g,all_converged,total_iterations,iterations_x,iterations_y,iterations_z,K_star_xx,K_star_xy,K_star_xz,K_star_yx,K_star_yy,K_star_yz,K_star_zx,K_star_zy,K_star_zz,K_xx,K_xy,K_xz,K_yx,K_yy,K_yz,K_zx,K_zy,K_zz,K_star_eig1,K_star_eig2,K_star_eig3,K_eig1,K_eig2,K_eig3,symmetry_error,error_type,error_message
eps_0.02_coeffs_0.345_0.259_0.815_-36.818_127.032_746.806_m_-0.341_rho_0.611_,0.3891763687133789,0.16666666666666666,1e-05,True,65000,22500,20000,22500,0.6910942495080583,0.0006619791986064637,-0.000363012377786309,0.0006620798304614316,0.6926862425823157,0.004264511253163107,-0.0003630454887418579,0.004264416548470177,0.6923896456467744,0.26895755046224396,0.0002576266606774562,-0.000141275838984885,0.0002576658242173495,0.26957711654590033,0.001659647003843359,-0.00014128872498633013,0.0016596101470148644,0.2694616880275548,0.6880971262354416,0.6912592047181756,0.696813806783531,0.2677911409104206,0.26902174713191773,0.27118346699336054,1.6764761391983804e-07,,
