sample_name,porosity,nu,g,all_converged,total_iterations,iterations_x,iterations_y,iterations_z,K_star_xx,K_star_xy,K_star_xz,K_star_yx,K_star_yy,K_star_yz,K_star_zx,K_star_zy,K_star_zz,K_xx,K_xy,K_xz,K_yx,K_yy,K_yz,K_zx,K_zy,K_zz,K_star_eig1,K_star_eig2,K_star_eig3,K_eig1,K_eig2,K_eig3,symmetry_error,error_type,error_message
eps_0.02_coeffs_0.354_-0.125_0.254_55.129_79.63_-2573.47_m_-0.639_rho_0.523_,0.4768095016479492,0.16666666666666666,1e-05,True,65000,22500,22500,20000,1.188781730027359,0.04886551635008527,-0.032291193342366714,0.04885566347000111,1.0965323444233923,0.02086040305383714,-0.0322976967304891,0.02086349625197883,1.0789826563145128,0.566822424262532,0.02329954249865387,-0.015396747805191449,0.023294844551811147,0.5228370406853751,0.009946438384275445,-0.015399848682441106,0.009947913250539881,0.5144691826441034,1.0438975364735816,1.1069497866449745,1.213449407646708,0.49774026413749045,0.527804176119494,0.578584207335026,8.868393095670693e-06,,
