sample_name,porosity,nu,g,all_converged,total_iterations,iterations_x,iterations_y,iterations_z,K_star_xx,K_star_xy,K_star_xz,K_star_yx,K_star_yy,K_star_yz,K_star_zx,K_star_zy,K_star_zz,K_xx,K_xy,K_xz,K_yx,K_yy,K_yz,K_zx,K_zy,K_zz,K_star_eig1,K_star_eig2,K_star_eig3,K_eig1,K_eig2,K_eig3,symmetry_error,error_type,error_message
eps_0.02_coeffs_0.367_0.904_0.569_68.869_62.597_-2692.226_m_-0.264_rho_0.322_,0.6780433654785156,0.16666666666666666,1e-05,True,107500,32500,35000,40000,1.1157039607838697,0.08413728566460935,-0.02542184502189461,0.08412839517288587,1.1169205012251135,0.008339164500402849,-0.025433725436418295,0.008341421206278172,0.7555549389126154,0.7564956684476049,0.05704872833425899,-0.01723711335531867,0.05704270019533004,0.7573205356226266,0.005654315163132112,-0.01724516879156559,0.005655845307578711,0.512299013584224,0.7531811670730926,1.034229500803411,1.2007687330450953,0.5106894933372759,0.7012524514019103,0.8141732729152699,1.2097241944076601e-05,,
