sample_name,porosity,nu,g,all_converged,total_iterations,iterations_x,iterations_y,iterations_z,K_star_xx,K_star_xy,K_star_xz,K_star_yx,K_star_yy,K_star_yz,K_star_zx,K_star_zy,K_star_zz,K_xx,K_xy,K_xz,K_yx,K_yy,K_yz,K_zx,K_zy,K_zz,K_star_eig1,K_star_eig2,K_star_eig3,K_eig1,K_eig2,K_eig3,symmetry_error,error_type,error_message
eps_0.02_coeffs_0.486_-0.543_0.728_63.148_101.804_-2280.754_m_-0.317_rho_0.306_,0.693941593170166,0.16666666666666666,1e-05,True,47500,17500,15000,15000,1.770488943304445,-0.05105128293020162,-0.08761412909980598,-0.05102968152080544,1.974620781371066,-0.097829685571262,-0.08758697784811524,-0.09782555325476298,2.045252803349079,1.2286159180068503,-0.035426608609965014,-0.060799088331735966,-0.03541161849351391,1.3702714909315556,-0.06788808786465796,-0.06078024694888113,-0.06788522027836315,1.4192859887918081,1.7202538056250443,1.9503714577961928,2.119737264603353,1.1937556665324844,1.3534438766967094,1.4709738545010207,1.4728238556362385e-05,,
