sample_name,porosity,nu,g,all_converged,total_iterations,iterations_x,iterations_y,iterations_z,K_star_xx,K_star_xy,K_star_xz,K_star_yx,K_star_yy,K_star_yz,K_star_zx,K_star_zy,K_star_zz,K_xx,K_xy,K_xz,K_yx,K_yy,K_yz,K_zx,K_zy,K_zz,K_star_eig1,K_star_eig2,K_star_eig3,K_eig1,K_eig2,K_eig3,symmetry_error,error_type,error_message
eps_0.02_coeffs_0.485_-0.431_0.894_37.727_55.262_-3924.638_m_-0.217_rho_0.689_,0.310849666595459,0.16666666666666666,1e-05,True,72500,25000,25000,22500,0.7377926003366914,0.007583322802332636,-0.0017909017969018018,0.007583536434834003,0.7186924967619339,0.016828428410552244,-0.0017910061696614849,0.01682871906087922,0.745691169321013,0.22934258383125722,0.0023572733647908416,-0.0005567012264721335,0.0023573397723826656,0.22340532300310514,0.005231111360745715,-0.0005567336707096826,0.005231201709302951,0.23179785136661485,0.7086269526347774,0.7395962626036684,0.7539530511811924,0.22027645196707674,0.22990325164559786,0.23436605458830262,4.1754625203545774e-07,,
