sample_name,porosity,nu,g,all_converged,total_iterations,iterations_x,iterations_y,iterations_z,K_star_xx,K_star_xy,K_star_xz,K_star_yx,K_star_yy,K_star_yz,K_star_zx,K_star_zy,K_star_zz,K_xx,K_xy,K_xz,K_yx,K_yy,K_yz,K_zx,K_zy,K_zz,K_star_eig1,K_star_eig2,K_star_eig3,K_eig1,K_eig2,K_eig3,symmetry_error,error_type,error_message
eps_0.02_coeffs_0.324_-0.287_0.677_-13.184_47.786_-2015.389_m_-0.361_rho_0.364_,0.6364765167236328,0.16666666666666666,1e-05,True,32500,10000,10000,12500,2.485360805936195,-0.01048918721950134,-0.013164587600498212,-0.010498599557476812,2.455784358645388,0.02098486290749998,-0.013155854721832838,0.020978821782203564,2.4630100819169813,1.5818737885637102,-0.00667612134473026,-0.00837895086006823,-0.006682112076819114,1.5630490744149972,0.013356372447288553,-0.008373392587874322,0.013352527412902798,1.5676480775937098,2.4381046437916662,2.466038788856969,2.5000118138499303,1.551796351088233,1.5695757784370492,1.591198811047135,4.6941135242484365e-06,,
