sample_name,porosity,nu,g,all_converged,total_iterations,iterations_x,iterations_y,iterations_z,K_star_xx,K_star_xy,K_star_xz,K_star_yx,K_star_yy,K_star_yz,K_star_zx,K_star_zy,K_star_zz,K_xx,K_xy,K_xz,K_yx,K_yy,K_yz,K_zx,K_zy,K_zz,K_star_eig1,K_star_eig2,K_star_eig3,K_eig1,K_eig2,K_eig3,symmetry_error,error_type,error_message
eps_0.02_coeffs_0.388_1.291_0.876_56.05_102.361_-3488.193_m_-0.401_rho_0.312_,0.6883554458618164,0.16666666666666666,1e-05,True,42500,15000,15000,12500,2.5193434338925718,0.028847409201226613,0.06541544976774899,0.028847267924780245,2.40626978283457,-0.22008592752562464,0.06539034084243786,-0.22003687254057372,2.3015982771263777,1.7342037727161608,0.01985727122266861,0.04502908109113011,0.019857173974257382,1.6563689092269065,-0.15149734676981277,0.045011797225652454,-0.15146357950370629,1.5843177082461162,2.1158723873193535,2.5255106559272362,2.585828450606932,1.456472280559919,1.7384490135895607,1.7799690960397043,1.8607704768441425e-05,,
