sample_name,porosity,nu,g,all_converged,total_iterations,iterations_x,iterations_y,iterations_z,K_star_xx,K_star_xy,K_star_xz,K_star_yx,K_star_yy,K_star_yz,K_star_zx,K_star_zy,K_star_zz,K_xx,K_xy,K_xz,K_yx,K_yy,K_yz,K_zx,K_zy,K_zz,K_star_eig1,K_star_eig2,K_star_eig3,K_eig1,K_eig2,K_eig3,symmetry_error,error_type,error_message
eps_0.02_coeffs_0.802_-0.288_0.579_36.375_108.168_-842.83_m_-0.333_rho_0.608_,0.3924860954284668,0.16666666666666666,1e-05,True,67500,25000,20000,22500,0.8944397156789394,-0.054468007710120316,0.10389483935314987,-0.0544663883479406,1.1853690131470138,-0.03615250919493144,0.10389610419770558,-0.03614745334837443,1.06743533430751,0.35105515160297496,-0.02137793567191275,0.04077727983288561,-0.021377300094773746,0.4652408556119664,-0.014189357173860384,0.0407777762667866,-0.014187372824386138,0.4189535264847347,0.8422671402555495,1.0861472796270242,1.218829643250889,0.3305781411866015,0.4262977048410619,0.47837368767201266,4.201348007230137e-06,,
