sample_name,porosity,nu,g,all_converged,total_iterations,iterations_x,iterations_y,iterations_z,K_star_xx,K_star_xy,K_star_xz,K_star_yx,K_star_yy,K_star_yz,K_star_zx,K_star_zy,K_star_zz,K_xx,K_xy,K_xz,K_yx,K_yy,K_yz,K_zx,K_zy,K_zz,K_star_eig1,K_star_eig2,K_star_eig3,K_eig1,K_eig2,K_eig3,symmetry_error,error_type,error_message
eps_0.02_coeffs_0.936_0.33_0.824_19.417_48.414_-2313.975_m_-0.204_rho_0.3_,0.6995749473571777,0.16666666666666666,1e-05,True,27500,10000,10000,7500,5.275943293796189,0.06116891106218614,-0.14051535498857576,0.0610584370357726,5.299087798607597,0.12372707249601428,-0.14042258916093728,0.12359119482543192,5.380739908688272,3.6909177520169236,0.04279223773622475,-0.09830102206900802,0.04271495287501217,3.7071090677519725,0.0865563602280569,-0.09823612542002129,0.08646130361381223,3.7642308383632637,5.100539519728098,5.349560337965672,5.505671143398288,3.568209666006988,3.7424183918163796,3.851629600308791,3.04081315546907e-05,,
