sample_name,porosity,nu,g,all_converged,total_iterations,iterations_x,iterations_y,iterations_z,K_star_xx,K_star_xy,K_star_xz,K_star_yx,K_star_yy,K_star_yz,K_star_zx,K_star_zy,K_star_zz,K_xx,K_xy,K_xz,K_yx,K_yy,K_yz,K_zx,K_zy,K_zz,K_star_eig1,K_star_eig2,K_star_eig3,K_eig1,K_eig2,K_eig3,symmetry_error,error_type,error_message
eps_0.02_coeffs_0.886_0.942_0.331_99.94_92.915_-2212.966_m_-0.474_rho_0.426_,0.5740923881530762,0.16666666666666666,1e-05,True,87500,10000,12500,65000,4.75577876521234,-0.9285780177270516,-0.022350511807596646,-0.9281665912493918,3.973879260764762,-0.050154496317490936,-0.022375951514038022,-0.050168435795245186,0.2729415530132251,2.73025638884844,-0.5330895717833726,-0.012831258700066685,-0.5328533749742634,2.2813738350444233,-0.028793314567523036,-0.01284586344189153,-0.02880131711559658,0.15669366799557183,0.2719742543008447,3.35863808443472,5.3719872402547635,0.15613834916772398,1.9281685588350017,3.08401698388571,9.198107906977949e-05,,
