sample_name,porosity,nu,g,all_converged,total_iterations,iterations_x,iterations_y,iterations_z,K_star_xx,K_star_xy,K_star_xz,K_star_yx,K_star_yy,K_star_yz,K_star_zx,K_star_zy,K_star_zz,K_xx,K_xy,K_xz,K_yx,K_yy,K_yz,K_zx,K_zy,K_zz,K_star_eig1,K_star_eig2,K_star_eig3,K_eig1,K_eig2,K_eig3,symmetry_error,error_type,error_message
eps_0.02_coeffs_0.796_0.167_0.436_107.067_94.241_-2404.061_m_-0.333_rho_0.307_,0.692528247833252,0.16666666666666666,1e-05,True,40000,15000,12500,12500,3.019439791267638,0.22992344915161983,0.3409944321128469,0.22968693783837038,4.519543737182715,0.5710949356169689,0.3410939626711344,0.5713281186624303,2.8764002652688454,2.0910473480845773,0.15922848337674908,0.23614827659200466,0.1590646926113917,3.1299117053168932,0.3954993751092633,0.23621720431514134,0.3956608609551611,1.9919884357737345,2.5433309798349635,3.112963679662431,4.7590891342218065,1.761328547125135,2.155815282645176,3.2958036594048936,7.871197915615695e-05,,
