sample_name,porosity,nu,g,all_converged,total_iterations,iterations_x,iterations_y,iterations_z,K_star_xx,K_star_xy,K_star_xz,K_star_yx,K_star_yy,K_star_yz,K_star_zx,K_star_zy,K_star_zz,K_xx,K_xy,K_xz,K_yx,K_yy,K_yz,K_zx,K_zy,K_zz,K_star_eig1,K_star_eig2,K_star_eig3,K_eig1,K_eig2,K_eig3,symmetry_error,error_type,error_message
eps_0.02_coeffs_0.983_0.738_0.653_42.529_127.56_-3124.162_m_-0.414_rho_0.636_,0.3641653060913086,0.16666666666666666,1e-05,True,65000,20000,17500,27500,0.8018725234538245,0.018264746002670494,0.05641528686846474,0.018262955910084946,0.916338630780197,0.028249458365750484,0.056413604026685306,0.028244629188830295,0.7649666569110533,0.29201415294977207,0.006651386818742506,0.020544490210683445,0.006650734929128157,0.333698737961361,0.010287472652677203,0.020543877378091734,0.010285714033985894,0.27857431676365874,0.7232664760910823,0.8313797168684441,0.9285316181855485,0.2633885576512911,0.30275964907150243,0.3381390009519984,5.317526363715023e-06,,
