sample_name,porosity,nu,g,all_converged,total_iterations,iterations_x,iterations_y,iterations_z,K_star_xx,K_star_xy,K_star_xz,K_star_yx,K_star_yy,K_star_yz,K_star_zx,K_star_zy,K_star_zz,K_xx,K_xy,K_xz,K_yx,K_yy,K_yz,K_zx,K_zy,K_zz,K_star_eig1,K_star_eig2,K_star_eig3,K_eig1,K_eig2,K_eig3,symmetry_error,error_type,error_message
eps_0.02_coeffs_0.869_0.58_0.531_47.043_141.677_330.505_m_-0.297_rho_0.382_,0.6184463500976562,0.16666666666666666,1e-05,True,42500,12500,15000,15000,3.6103032481769755,-0.9422704922528449,-0.7850809928778676,-0.9422672065837472,2.1585588656971795,0.36300158962912954,-0.7855758089860568,0.36300302069429163,2.336992744033121,2.2327788665807633,-0.5827437467384938,-0.4855304745763613,-0.5827417147284327,1.3349528519613576,0.2244970081857824,-0.48583649179244043,0.22449789322280864,1.4453046327519898,1.693646200723766,1.980932975701518,4.431275681481991,1.047429311194376,1.225100768610693,2.7405062714890414,0.00013612514508189354,,
