sample_name,porosity,nu,g,all_converged,total_iterations,iterations_x,iterations_y,iterations_z,K_star_xx,K_star_xy,K_star_xz,K_star_yx,K_star_yy,K_star_yz,K_star_zx,K_star_zy,K_star_zz,K_xx,K_xy,K_xz,K_yx,K_yy,K_yz,K_zx,K_zy,K_zz,K_star_eig1,K_star_eig2,K_star_eig3,K_eig1,K_eig2,K_eig3,symmetry_error,error_type,error_message
eps_0.02_coeffs_0.882_0.11_0.527_74.351_117.804_-2658.339_m_-0.415_rho_0.527_,0.47257566452026367,0.16666666666666666,1e-05,True,50000,17500,15000,17500,1.2497022537968414,0.0687250620251503,0.056131571126328716,0.06873383120508887,1.4414195627107282,-0.11369299461066878,0.05613367672799497,-0.11369347410830521,1.4227911469993078,0.5905788730405135,0.03247779185573174,0.02652641452559124,0.03248193595676851,0.6811798077005303,-0.05372854247943556,0.026527409581697883,-0.05372876907834973,0.672376471766746,1.1893019022725784,1.3778370366877126,1.5467740245465873,0.5620351367816773,0.6511322532133265,0.7309677625127861,5.347078250794195e-06,,
