sample_name,porosity,nu,g,all_converged,total_iterations,iterations_x,iterations_y,iterations_z,K_star_xx,K_star_xy,K_star_xz,K_star_yx,K_star_yy,K_star_yz,K_star_zx,K_star_zy,K_star_zz,K_xx,K_xy,K_xz,K_yx,K_yy,K_yz,K_zx,K_zy,K_zz,K_star_eig1,K_star_eig2,K_star_eig3,K_eig1,K_eig2,K_eig3,symmetry_error,error_type,error_message
eps_0.02_coeffs_0.395_0.878_0.261_74.955_106.329_-190.532_m_-0.204_rho_0.516_,0.4837303161621094,0.16666666666666666,1e-05,True,187500,80000,50000,57500,0.1666451261995902,6.784220083174472e-09,-1.1811090136533491e-12,6.7864348445889575e-09,0.16664403994072122,-9.705290528676608e-11,-4.0194987809015214e-13,-9.685785970973869e-11,0.16664314072413644,0.0806112995834024,3.2817329257473193e-09,-5.713382365964518e-13,3.282804272986572e-09,0.08061077412705625,-4.694743255881861e-11,-1.9443534160987061e-13,-4.685308310017713e-11,0.0806103391487334,0.166643140724126,0.16664403989833484,0.16664512624198702,0.08061033914872835,0.08061077410655272,0.080611299603911,1.1543104988872418e-11,,
