sample_name,porosity,nu,g,all_converged,total_iterations,iterations_x,iterations_y,iterations_z,K_star_xx,K_star_xy,K_star_xz,K_star_yx,K_star_yy,K_star_yz,K_star_zx,K_star_zy,K_star_zz,K_xx,K_xy,K_xz,K_yx,K_yy,K_yz,K_zx,K_zy,K_zz,K_star_eig1,K_star_eig2,K_star_eig3,K_eig1,K_eig2,K_eig3,symmetry_error,error_type,error_message
eps_0.02_coeffs_0.677_1.038_0.687_62.651_50.532_-2385.84_m_-0.36_rho_0.612_,0.3876776695251465,0.16666666666666666,1e-05,True,65000,22500,25000,17500,1.8347824843823566,0.12821028809657806,0.6123203930606552,0.12818905829317806,1.3845328107610617,-0.04678169068488463,0.6123121839512728,-0.04676709877325514,2.0101077145503696,0.7113041976309105,0.04970426569842901,0.23738294298447649,0.04969603537772242,0.5367524534569491,-0.018136216821162326,0.23737976049608225,-0.01813055986286789,0.7792738742714057,1.2098732594516033,1.4764836294068238,2.54306612083536,0.46904084564499054,0.5723997325404676,0.985889947173807,1.2024913642181955e-05,,
