sample_name,porosity,nu,g,all_converged,total_iterations,iterations_x,iterations_y,iterations_z,K_star_xx,K_star_xy,K_star_xz,K_star_yx,K_star_yy,K_star_yz,K_star_zx,K_star_zy,K_star_zz,K_xx,K_xy,K_xz,K_yx,K_yy,K_yz,K_zx,K_zy,K_zz,K_star_eig1,K_star_eig2,K_star_eig3,K_eig1,K_eig2,K_eig3,symmetry_error,error_type,error_message
eps_0.02_coeffs_0.707_-0.189_0.759_36.34_148.769_-3056.87_m_-0.478_rho_0.473_,0.5269970893859863,0.16666666666666666,1e-05,True,45000,15000,12500,17500,1.5385334986608725,-0.008513268299120053,-0.005429030862685001,-0.008509359445807422,1.4956317957216674,-0.02821487394213473,-0.005428440273698068,-0.028217860130468515,1.4747908229109181,0.8108026757171181,-0.004486467614798254,-0.002861083462821686,-0.004484407660479661,0.7881936031384548,-0.014869156444897513,-0.002860772224144549,-0.014870730157457776,0.7772104711272174,1.4540994326497758,1.5146970047309924,1.5401596799126889,0.7663061686842462,0.7982409127949045,0.8116596685036394,2.6906557574951863e-06,,
