sample_name,porosity,nu,g,all_converged,total_iterations,iterations_x,iterations_y,iterations_z,K_star_xx,K_star_xy,K_star_xz,K_star_yx,K_star_yy,K_star_yz,K_star_zx,K_star_zy,K_star_zz,K_xx,K_xy,K_xz,K_yx,K_yy,K_yz,K_zx,K_zy,K_zz,K_star_eig1,K_star_eig2,K_star_eig3,K_eig1,K_eig2,K_eig3,symmetry_error,error_type,error_message
eps_0.02_coeffs_0.866_1.465_0.279_-31.868_60.309_78.358_m_-0.47_rho_0.586_,0.4139885902404785,0.16666666666666666,1e-05,True,60000,15000,17500,27500,1.9553782105488173,0.10265268788628662,-0.05029852841363538,0.10263011725785492,1.91499668909729,-0.017649557327479883,-0.05027453481457411,-0.017655940183294364,1.8517003495792768,0.8095042687720545,0.04249704154243964,-0.02082301686913156,0.04248769755979436,0.792786779634571,-0.007306715356371904,-0.020813083792881392,-0.007309357785852249,0.766582817270126,1.8165805432136892,1.8531342641687325,2.052360441842962,0.752043618143318,0.7671764415495401,0.8496538059838934,1.4342524909331042e-05,,
