sample_name,porosity,nu,g,all_converged,total_iterations,iterations_x,iterations_y,iterations_z,K_star_xx,K_star_xy,K_star_xz,K_star_yx,K_star_yy,K_star_yz,K_star_zx,K_star_zy,K_star_zz,K_xx,K_xy,K_xz,K_yx,K_yy,K_yz,K_zx,K_zy,K_zz,K_star_eig1,K_star_eig2,K_star_eig3,K_eig1,K_eig2,K_eig3,symmetry_error,error_type,error_message
eps_0.02_coeffs_0.577_0.622_0.504_-31.489_61.357_51.462_m_-0.21_rho_0.398_,0.6017560958862305,0.16666666666666666,1e-05,True,40000,12500,12500,15000,1.9853146086537157,-0.009360017669734915,0.0013772886126936152,-0.009361951565567753,1.9881234693728915,-0.005438996058492997,0.0013790401103987984,-0.005438722123213094,2.0283131100030234,1.1946751680093595,-0.005632447690365815,0.0008287918184830725,-0.005633611423972034,1.196365417069619,-0.0032729490336993413,0.0008298457929040972,-0.0032727841914747817,1.2205497783102777,1.9771265797082413,1.9954270880295581,2.0291975202918313,1.1897479716781278,1.2007604141182966,1.2210819775928328,1.0706635436427762e-06,,
