sample_name,porosity,nu,g,all_converged,total_iterations,iterations_x,iterations_y,iterations_z,K_star_xx,K_star_xy,K_star_xz,K_star_yx,K_star_yy,K_star_yz,K_star_zx,K_star_zy,K_star_zz,K_xx,K_xy,K_xz,K_yx,K_yy,K_yz,K_zx,K_zy,K_zz,K_star_eig1,K_star_eig2,K_star_eig3,K_eig1,K_eig2,K_eig3,symmetry_error,error_type,error_message
eps_0.02_coeffs_0.852_0.432_0.416_2.913_133.986_624.558_m_-0.37_rho_0.314_,0.6861791610717773,0.16666666666666666,1e-05,True,30000,10000,10000,10000,7.336173169288369,0.8293185599445863,-0.33157944331847317,0.8271283236324319,3.0778638290429003,0.30932614993397883,-0.3324347759239089,0.3093008255178593,3.5804563106449154,5.033929150779575,0.5690611137240307,-0.22752290424491686,0.5675582192088077,2.1119660201058257,0.2122531580592604,-0.2281098156545521,0.2122357809726529,2.456834507492479,2.7576304605286293,3.727013555608066,7.509849292839489,1.8922285559515146,2.5573990348902846,5.15310208753608,0.00037678626886701935,,
