sample_name,porosity,nu,g,all_converged,total_iterations,iterations_x,iterations_y,iterations_z,K_star_xx,K_star_xy,K_star_xz,K_star_yx,K_star_yy,K_star_yz,K_star_zx,K_star_zy,K_star_zz,K_xx,K_xy,K_xz,K_yx,K_yy,K_yz,K_zx,K_zy,K_zz,K_star_eig1,K_star_eig2,K_star_eig3,K_eig1,K_eig2,K_eig3,symmetry_error,error_type,error_message
eps_0.02_coeffs_0.592_0.677_0.275_57.216_109.949_-2245.618_m_-0.211_rho_0.611_,0.3891277313232422,0.16666666666666666,1e-05,True,112500,37500,37500,37500,0.5750463740690126,0.0023215027837547282,0.0156942471626559,0.002321361154406475,0.5827135074697214,0.011502311828293808,0.015693943518299447,0.011502246188349503,0.6184346961927852,0.22376649094713136,0.0009033611115030687,0.006107066793230522,0.0009033059995960941,0.22674998517310183,0.004475868506716464,0.0061069486367909655,0.004475842964393852,0.24065009030107704,0.5697934128458529,0.5797869173339721,0.6266142475516946,0.22172241806363424,0.22561116779306473,0.24383298056461142,4.7042878526702327e-07,,
