sample_name,porosity,nu,g,all_converged,total_iterations,iterations_x,iterations_y,iterations_z,K_star_xx,K_star_xy,K_star_xz,K_star_yx,K_star_yy,K_star_yz,K_star_zx,K_star_zy,K_star_zz,K_xx,K_xy,K_xz,K_yx,K_yy,K_yz,K_zx,K_zy,K_zz,K_star_eig1,K_star_eig2,K_star_eig3,K_eig1,K_eig2,K_eig3,symmetry_error,error_type,error_message
eps_0.02_coeffs_0.934_0.808_0.601_68.258_123.962_-1745.713_m_-0.209_rho_0.615_,0.3854541778564453,0.16666666666666666,1e-05,True,102500,32500,35000,35000,0.8438741388268605,0.015701468494362786,0.02197070038460782,0.015702814233412698,0.720677427814087,0.023433955002072376,0.02196964787333145,0.02343374474332391,0.7149952367880771,0.3252748123958233,0.006052196629633486,0.008468698253679295,0.006052715350372579,0.2777881254377766,0.009032715859248742,0.008468292558810576,0.009032634814135715,0.2755979011674227,0.6939623488273616,0.7351220390127214,0.8504624155889419,0.2674906866305784,0.2833558611718023,0.327814291198642,1.842676610729255e-06,,
