sample_name,porosity,nu,g,all_converged,total_iterations,iterations_x,iterations_y,iterations_z,K_star_xx,K_star_xy,K_star_xz,K_star_yx,K_star_yy,K_star_yz,K_star_zx,K_star_zy,K_star_zz,K_xx,K_xy,K_xz,K_yx,K_yy,K_yz,K_zx,K_zy,K_zz,K_star_eig1,K_star_eig2,K_star_eig3,K_eig1,K_eig2,K_eig3,symmetry_error,error_type,error_message
eps_0.02_coeffs_0.199_0.923_0.71_52.799_19.724_-1608.183_m_-0.31_rho_0.494_,0.5060510635375977,0.16666666666666666,1e-05,True,77500,22500,37500,17500,2.029109999827797,-0.5679525769511449,0.6693911843281076,-0.568066536161026,2.2938597546206676,-0.3337349054536537,0.6694822531673471,-0.3337361578694085,1.913700160951213,1.0268332734476313,-0.2874130056050461,0.33874612075193095,-0.28747067478440635,1.1608101684318817,-0.16888690384444105,0.3387922062348832,-0.16888753763076578,0.9684300017414331,1.2728704401850794,1.8238540330814559,3.139945442133144,0.6441374400012292,0.9229632731782073,1.5889727304415093,5.361736969719922e-05,,
