sample_name,porosity,nu,g,all_converged,total_iterations,iterations_x,iterations_y,iterations_z,K_star_xx,K_star_xy,K_star_xz,K_star_yx,K_star_yy,K_star_yz,K_star_zx,K_star_zy,K_star_zz,K_xx,K_xy,K_xz,K_yx,K_yy,K_yz,K_zx,K_zy,K_zz,K_star_eig1,K_star_eig2,K_star_eig3,K_eig1,K_eig2,K_eig3,symmetry_error,error_type,error_message
eps_0.02_coeffs_0.816_1.288_0.51_-7.278_79.066_-2469.198_m_-0.268_rho_0.685_,0.3152809143066406,0.16666666666666666,1e-05,True,77500,25000,25000,27500,0.6424839090320041,-0.020793491991061917,0.0009798401543759936,-0.020793468845847405,0.6279743160682306,0.0035878106486275144,0.0009796846589078712,0.003587881752091815,0.6340471520817964,0.20256291426691478,-0.00655579116656981,0.00030892489974602315,-0.006555783869325417,0.19798831653107907,0.001131168221658384,0.000308875874992663,0.0011311906392236191,0.1999029658218704,0.612635744188766,0.6345466925307304,0.6573229404625353,0.1931523575647633,0.2000604613913434,0.20724137766375753,2.2182237164865204e-07,,
