sample_name,porosity,nu,g,all_converged,total_iterations,iterations_x,iterations_y,iterations_z,K_star_xx,K_star_xy,K_star_xz,K_star_yx,K_star_yy,K_star_yz,K_star_zx,K_star_zy,K_star_zz,K_xx,K_xy,K_xz,K_yx,K_yy,K_yz,K_zx,K_zy,K_zz,K_star_eig1,K_star_eig2,K_star_eig3,K_eig1,K_eig2,K_eig3,symmetry_error,error_type,error_message
eps_0.02_coeffs_0.652_1.271_0.415_43.799_90.416_-2777.826_m_-0.232_rho_0.691_,0.30910682678222656,0.16666666666666666,1e-05,True,75000,22500,27500,25000,0.7151369151251451,-0.0021380517379769744,-0.0025309239495253455,-0.0021380274665205286,0.6981132252024685,-0.009536813260854381,-0.002530880605425547,-0.009537132986823852,0.6652755192804123,0.2210537025491641,-0.0006608863882222871,-0.0007823258708649197,-0.0006608788857494038,0.21579156377704098,-0.0029478940846773567,-0.0007823124729077713,-0.0029479929141572195,0.20564120470066624,0.6625353460805993,0.7005487760783052,0.7154415374491216,0.20479419845803837,0.21654440917973755,0.2211478633890955,3.8111293766341734e-07,,
