sample_name,porosity,nu,g,all_converged,total_iterations,iterations_x,iterations_y,iterations_z,K_star_xx,K_star_xy,K_star_xz,K_star_yx,K_star_yy,K_star_yz,K_star_zx,K_star_zy,K_star_zz,K_xx,K_xy,K_xz,K_yx,K_yy,K_yz,K_zx,K_zy,K_zz,K_star_eig1,K_star_eig2,K_star_eig3,K_eig1,K_eig2,K_eig3,symmetry_error,error_type,error_message
eps_0.02_coeffs_0.849_1.368_0.812_7.992_149.989_-1434.055_m_-0.402_rho_0.362_,0.6381964683532715,0.16666666666666666,1e-05,True,37500,12500,12500,12500,2.6756738056978593,0.012213843253707553,-0.05263492594789131,0.012219165229235015,2.6738306065684774,-0.030500657021910214,-0.05260035891118782,-0.030532805772076895,2.819774350680709,1.7076055732617312,0.007794831629536591,-0.033591423851980204,0.0077982280955228795,1.706429250086888,-0.01946541159383751,-0.0335693632912346,-0.019485928812655855,1.7995700321575678,2.658043670023481,2.6679469831054603,2.8432881098181064,1.6963540829377537,1.7026743423716695,1.814576430196764,1.4237091925450304e-05,,
