sample_name,porosity,nu,g,all_converged,total_iterations,iterations_x,iterations_y,iterations_z,K_star_xx,K_star_xy,K_star_xz,K_star_yx,K_star_yy,K_star_yz,K_star_zx,K_star_zy,K_star_zz,K_xx,K_xy,K_xz,K_yx,K_yy,K_yz,K_zx,K_zy,K_zz,K_star_eig1,K_star_eig2,K_star_eig3,K_eig1,K_eig2,K_eig3,symmetry_error,error_type,error_message
eps_0.02_coeffs_0.405_-0.264_0.641_7.355_64.311_-2318.437_m_-0.305_rho_0.413_,0.5867629051208496,0.16666666666666666,1e-05,True,37500,12500,12500,12500,1.8865123330308498,-0.005227774590277554,0.020367971593476888,-0.005227763741484589,1.891323367307199,0.00015368753642492575,0.020366353609270194,0.00015485705443342256,1.9279918520896626,1.1069354570754932,-0.003067464205908217,0.011951170183607439,-0.0030674578402389396,1.1097583935241198,9.017814535355583e-05,0.01195022081049388,9.086437513781257e-05,1.131274100181458,1.876554249152556,1.892878179368024,1.9363951239071306,1.1010924228496284,1.1106706995658464,1.136204828365596,8.5698737982045e-07,,
