sample_name,porosity,nu,g,all_converged,total_iterations,iterations_x,iterations_y,iterations_z,K_star_xx,K_star_xy,K_star_xz,K_star_yx,K_star_yy,K_star_yz,K_star_zx,K_star_zy,K_star_zz,K_xx,K_xy,K_xz,K_yx,K_yy,K_yz,K_zx,K_zy,K_zz,K_star_eig1,K_star_eig2,K_star_eig3,K_eig1,K_eig2,K_eig3,symmetry_error,error_type,error_message
eps_0.02_coeffs_0.638_0.291_0.29_78.76_139.499_-2705.645_m_-0.542_rho_0.386_,0.614105224609375,0.16666666666666666,1e-05,True,47500,15000,17500,15000,1.4569601235257261,0.018743344620824505,-0.009796090074306653,0.01874676990743075,1.4341596952674882,0.0009112931406037084,-0.009802415005894691,0.0009115498417020564,1.477611969676389,0.8947268239046687,0.011510385858302353,-0.0060158300953757566,0.011512489344703032,0.8807249617879537,0.0005596298787954231,-0.006019714268909267,0.0005597875202810815,0.9074092305236199,1.4230287008224514,1.4631907559829516,1.4825123316642022,0.8738893599441582,0.8985530878492715,0.9104185684228129,4.034928842588292e-06,,
