sample_name,porosity,nu,g,all_converged,total_iterations,iterations_x,iterations_y,iterations_z,K_star_xx,K_star_xy,K_star_xz,K_star_yx,K_star_yy,K_star_yz,K_star_zx,K_star_zy,K_star_zz,K_xx,K_xy,K_xz,K_yx,K_yy,K_yz,K_zx,K_zy,K_zz,K_star_eig1,K_star_eig2,K_star_eig3,K_eig1,K_eig2,K_eig3,symmetry_error,error_type,error_message
eps_0.02_coeffs_0.741_-0.624_0.879_-23.586_129.838_550.373_m_-0.214_rho_0.372_,0.6281723976135254,0.16666666666666666,1e-05,True,32500,10000,10000,12500,2.343718133373458,0.016482464982364897,0.018424306853455745,0.016489669995500753,2.4048494115717767,-0.00039573639264108777,0.01840888388477929,-0.0003880770537445663,2.4388634866824153,1.4722590391715014,0.010353829546553131,0.011573641010502603,0.010358355536929518,1.5106600207665186,-0.00024859067858827957,0.011563952727290796,-0.00024377929330951718,1.532026723881375,2.3364041966694824,2.4085261515280303,2.4425006834301373,1.4676646260161716,1.5129696473202399,1.5343115104829834,6.360561172296243e-06,,
