sample_name,porosity,nu,g,all_converged,total_iterations,iterations_x,iterations_y,iterations_z,K_star_xx,K_star_xy,K_star_xz,K_star_yx,K_star_yy,K_star_yz,K_star_zx,K_star_zy,K_star_zz,K_xx,K_xy,K_xz,K_yx,K_yy,K_yz,K_zx,K_zy,K_zz,K_star_eig1,K_star_eig2,K_star_eig3,K_eig1,K_eig2,K_eig3,symmetry_error,error_type,error_message
eps_0.02_coeffs_0.392_1.192_0.287_25.654_46.727_-1465.109_m_-0.441_rho_0.566_,0.43446779251098633,0.16666666666666666,1e-05,True,62500,20000,20000,22500,1.7349672950293185,-0.0486459380965079,0.11392167984818481,-0.048605392522588116,2.5318124334159227,0.10153431376712169,0.11395573377008536,0.10163592364790236,1.7730974306951879,0.7537874107501451,-0.021135093339415878,0.04949530076278417,-0.02111747759341886,1.0999909589980845,0.04411338916651921,0.049510096095058645,0.04415753538711929,0.7703537266210398,1.6267101068708265,1.8665767372479973,2.546590315021606,0.7067531491874786,0.8109674745844964,1.106411472597294,4.5621220194432806e-05,,
