sample_name,porosity,nu,g,all_converged,total_iterations,iterations_x,iterations_y,iterations_z,K_star_xx,K_star_xy,K_star_xz,K_star_yx,K_star_yy,K_star_yz,K_star_zx,K_star_zy,K_star_zz,K_xx,K_xy,K_xz,K_yx,K_yy,K_yz,K_zx,K_zy,K_zz,K_star_eig1,K_star_eig2,K_star_eig3,K_eig1,K_eig2,K_eig3,symmetry_error,error_type,error_message
eps_0.02_coeffs_0.129_-0.257_0.38_117.124_57.692_-2072.155_m_-0.441_rho_0.355_,0.6451821327209473,0.16666666666666666,1e-05,True,92500,22500,30000,40000,1.1501891863865352,0.18499071922664034,0.16897720569665492,0.18497630862765457,0.8994863514864695,0.01642582111252125,0.16897803673947553,0.01642014184066774,0.7495845840859243,0.742081512305436,0.11935270676422575,0.10902107395259403,0.11934340930323833,0.580332522605424,0.010597646297069222,0.10902161012657341,0.010593982132342472,0.4836185806153009,0.6738898538685592,0.8311253666785369,1.2942449014118327,0.4347816931379245,0.5362272366321381,0.8350236857560985,1.3063199137350952e-05,,
