sample_name,porosity,nu,g,all_converged,total_iterations,iterations_x,iterations_y,iterations_z,K_star_xx,K_star_xy,K_star_xz,K_star_yx,K_star_yy,K_star_yz,K_star_zx,K_star_zy,K_star_zz,K_xx,K_xy,K_xz,K_yx,K_yy,K_yz,K_zx,K_zy,K_zz,K_star_eig1,K_star_eig2,K_star_eig3,K_eig1,K_eig2,K_eig3,symmetry_error,error_type,error_message
eps_0.02_coeffs_0.113_0.814_0.899_41.561_77.5_-2488.001_m_-0.377_rho_0.41_,0.5902009010314941,0.16666666666666666,1e-05,True,112500,40000,37500,35000,0.7820370892205629,-0.037434506136299533,-0.1277356369174569,-0.03743624925516985,0.8460481358118355,-0.03607796630266274,-0.12773120326416124,-0.036078473036187185,0.9895437074839063,0.4615589946980232,-0.02209387925131298,-0.07538968800251485,-0.022094908041640847,0.4993383720721612,-0.02129324821921543,-0.07538707125634489,-0.02129354729379814,0.5840295877670467,0.7040165502064611,0.8618917382425222,1.0517206440673221,0.41551120227293736,0.5086892805023369,0.6207264717619568,4.42480920333573e-06,,
