sample_name,porosity,nu,g,all_converged,total_iterations,iterations_x,iterations_y,iterations_z,K_star_xx,K_star_xy,K_star_xz,K_star_yx,K_star_yy,K_star_yz,K_star_zx,K_star_zy,K_star_zz,K_xx,K_xy,K_xz,K_yx,K_yy,K_yz,K_zx,K_zy,K_zz,K_star_eig1,K_star_eig2,K_star_eig3,K_eig1,K_eig2,K_eig3,symmetry_error,error_type,error_message
eps_0.02_coeffs_0.67_1.23_0.431_-29.493_22.488_296.908_m_-0.455_rho_0.654_,0.3462057113647461,0.16666666666666666,1e-05,True,65000,7500,10000,47500,6.550898654629819,4.568016353735942,4.465318172499652e-07,4.568497390310584,5.387726076335256,3.499996846187007e-07,4.335793395421001e-07,3.4827373286167165e-07,0.16664565398278322,2.2679585288044746,1.5814733512709453,1.54591865438017e-07,1.5816398888804617,1.8652615388960396,1.2117188979085406e-07,1.5010764367922956e-07,1.2057435543503059e-07,0.0576936771829528,0.16664565398275302,1.3639447344460398,10.574679996519063,0.05769367718294235,0.47220545705109096,3.661014610649433,6.379672601278667e-05,,
