sample_name,porosity,nu,g,all_converged,total_iterations,iterations_x,iterations_y,iterations_z,K_star_xx,K_star_xy,K_star_xz,K_star_yx,K_star_yy,K_star_yz,K_star_zx,K_star_zy,K_star_zz,K_xx,K_xy,K_xz,K_yx,K_yy,K_yz,K_zx,K_zy,K_zz,K_star_eig1,K_star_eig2,K_star_eig3,K_eig1,K_eig2,K_eig3,symmetry_error,error_type,error_message
eps_0.02_coeffs_0.634_0.966_0.858_11.998_32.372_-15.149_m_-0.332_rho_0.596_,0.40441465377807617,0.16666666666666666,1e-05,True,32500,10000,12500,10000,5.019948674552705,-0.4534489065064085,0.38464679147595887,-0.45496714858107734,3.078276800178779,0.40440536013581513,0.3845586756068255,0.40462104047597197,3.9498817778767936,2.0301408052029446,-0.18338138253083644,0.15555679900159777,-0.18399538187381492,1.244900246377385,0.1635474537053239,0.15552116365288984,0.16363467799541515,1.5973900716643754,2.775868205085744,4.078542901674483,5.193696145848051,1.1226017790933205,1.649422515499716,2.100406828651668,0.0003032472706019011,,
