sample_name,porosity,nu,g,all_converged,total_iterations,iterations_x,iterations_y,iterations_z,K_star_xx,K_star_xy,K_star_xz,K_star_yx,K_star_yy,K_star_yz,K_star_zx,K_star_zy,K_star_zz,K_xx,K_xy,K_xz,K_yx,K_yy,K_yz,K_zx,K_zy,K_zz,K_star_eig1,K_star_eig2,K_star_eig3,K_eig1,K_eig2,K_eig3,symmetry_error,error_type,error_message
eps_0.02_coeffs_0.525_-0.535_0.584_71.548_89.874_-588.339_m_-0.373_rho_0.521_,0.47894906997680664,0.16666666666666666,1e-05,True,50000,15000,17500,17500,4.125472961117021,-0.4910498720484047,-0.38269121549615875,-0.491014604939468,4.029646407636608,-1.809650469842649,-0.38312459794177595,-1.8098211184450577,4.069605077748487,1.9758914379414598,-0.23518787952981335,-0.18328960175017892,-0.23517098838078734,1.929995399272933,-0.8667304095142279,-0.18349716986945155,-0.8668121415036444,1.9491335671605277,2.0548128140158504,4.307099670624833,5.862811961861432,0.9841506862493171,2.0628813815431744,2.8079883365824307,8.738529069906228e-05,,
