sample_name,porosity,nu,g,all_converged,total_iterations,iterations_x,iterations_y,iterations_z,K_star_xx,K_star_xy,K_star_xz,K_star_yx,K_star_yy,K_star_yz,K_star_zx,K_star_zy,K_star_zz,K_xx,K_xy,K_xz,K_yx,K_yy,K_yz,K_zx,K_zy,K_zz,K_star_eig1,K_star_eig2,K_star_eig3,K_eig1,K_eig2,K_eig3,symmetry_error,error_type,error_message
eps_0.02_coeffs_0.484_0.385_0.515_11.508_49.385_-881.234_m_-0.394_rho_0.443_,0.5571160316467285,0.16666666666666666,1e-05,True,30000,10000,10000,10000,3.6464899736619225,0.06908270420324608,0.018906419216717384,0.0687706703252278,3.6190031695011973,0.3169678111002745,0.01893916834050838,0.31682500598695945,3.962707041066168,2.0315180235661137,0.03848708202113723,0.010533069246667038,0.03831324294527634,2.01620468430944,0.1765878490799348,0.010551314308553387,0.17650829006190585,2.207687621297333,3.4194949164171886,3.652193892002352,4.156511375809746,1.9050554380705056,2.0346957679167708,2.3156591231856103,7.494929976283728e-05,,
