sample_name,porosity,nu,g,all_converged,total_iterations,iterations_x,iterations_y,iterations_z,K_star_xx,K_star_xy,K_star_xz,K_star_yx,K_star_yy,K_star_yz,K_star_zx,K_star_zy,K_star_zz,K_xx,K_xy,K_xz,K_yx,K_yy,K_yz,K_zx,K_zy,K_zz,K_star_eig1,K_star_eig2,K_star_eig3,K_eig1,K_eig2,K_eig3,symmetry_error,error_type,error_message
eps_0.02_coeffs_0.509_0.948_0.578_18.783_71.004_-1018.209_m_-0.557_rho_0.381_,0.6188011169433594,0.16666666666666666,1e-05,True,30000,10000,10000,10000,18.336734825032146,-0.5251772175052224,-0.71009920786512,-0.5498651726454516,8.647062193070642,-1.2406795183763877,-0.6963856998085388,-1.2395215574330856,11.747288681009529,11.346791990824087,-0.3249802487854372,-0.439410182967531,-0.3402571830012586,5.350811743350808,-0.7677338717400578,-0.43092424886490677,-0.7670173242149657,7.26923535686478,8.15695466986091,12.146277136612493,18.427853892638904,5.047532660566285,7.5161298588394,11.403176571633988,0.0016988021300984417,,
