sample_name,porosity,nu,g,all_converged,total_iterations,iterations_x,iterations_y,iterations_z,K_star_xx,K_star_xy,K_star_xz,K_star_yx,K_star_yy,K_star_yz,K_star_zx,K_star_zy,K_star_zz,K_xx,K_xy,K_xz,K_yx,K_yy,K_yz,K_zx,K_zy,K_zz,K_star_eig1,K_star_eig2,K_star_eig3,K_eig1,K_eig2,K_eig3,symmetry_error,error_type,error_message
eps_0.02_coeffs_0.535_0.748_0.692_17.35_58.436_-1407.405_m_-0.337_rho_0.651_,0.3488779067993164,0.16666666666666666,1e-05,True,65000,20000,25000,20000,0.8508848828124442,0.025307589744087096,-0.001272194768698261,0.02531286188161691,1.0544947976489238,-0.10423694583902021,-0.0012733557671166338,-0.10423983636136412,0.9894503118100143,0.2968549368427872,0.008829258936052953,-0.0004438406479444898,0.008831098268358713,0.3678899377345253,-0.036365967475471085,-0.000444245694642489,-0.036366975914855985,0.34519735366620874,0.8463746915362187,0.915696052727344,1.1327592480078195,0.2952814307510731,0.3194661221399123,0.395194675352536,5.1406281721882875e-06,,
