sample_name,porosity,nu,g,all_converged,total_iterations,iterations_x,iterations_y,iterations_z,K_star_xx,K_star_xy,K_star_xz,K_star_yx,K_star_yy,K_star_yz,K_star_zx,K_star_zy,K_star_zz,K_xx,K_xy,K_xz,K_yx,K_yy,K_yz,K_zx,K_zy,K_zz,K_star_eig1,K_star_eig2,K_star_eig3,K_eig1,K_eig2,K_eig3,symmetry_error,error_type,error_message
eps_0.02_coeffs_0.336_-0.289_0.518_66.964_66.49_-3196.57_m_-0.573_rho_0.329_,0.6709837913513184,0.16666666666666666,1e-05,True,35000,12500,10000,12500,3.1531146991066836,-0.11323633316904821,0.20341994599209295,-0.11317349551684565,3.5216039969371513,-0.13141612251245194,0.2035632544675408,-0.13134872820079152,3.2720952221971387,2.115688855372174,-0.07597974414848901,0.13649148659825494,-0.07593758110237453,2.3629392015028463,-0.08817808812809434,0.13658764426244374,-0.08813286763734092,2.1955228578523704,3.0002193969181676,3.2936761834941684,3.6529183378286394,2.0130985858299177,2.2100033330844577,2.451048995813017,4.1821227455192097e-05,,
