sample_name,porosity,nu,g,all_converged,total_iterations,iterations_x,iterations_y,iterations_z,K_star_xx,K_star_xy,K_star_xz,K_star_yx,K_star_yy,K_star_yz,K_star_zx,K_star_zy,K_star_zz,K_xx,K_xy,K_xz,K_yx,K_yy,K_yz,K_zx,K_zy,K_zz,K_star_eig1,K_star_eig2,K_star_eig3,K_eig1,K_eig2,K_eig3,symmetry_error,error_type,error_message
eps_0.02_coeffs_0.511_0.435_0.741_41.716_122.096_-1253.335_m_-0.338_rho_0.55_,0.45038747787475586,0.16666666666666666,1e-05,True,87500,27500,30000,30000,0.6733220561184343,-0.05917534919915985,0.1122458475282231,-0.05917984582082321,0.888894963365053,-0.23945908238496857,0.11224865406475604,-0.23945681921802647,0.8137358257772412,0.30325582265262646,-0.02665183627816756,0.0505541241701508,-0.026653861500257475,0.40034716064555975,-0.10784937216956937,0.050555388199061434,-0.10784835286751832,0.36649642622814343,0.5772162536170053,0.6739345579658408,1.1248020336778823,0.2599709726548785,0.3035316858148735,0.5065967510565779,5.689268912276801e-06,,
