sample_name,porosity,nu,g,all_converged,total_iterations,iterations_x,iterations_y,iterations_z,K_star_xx,K_star_xy,K_star_xz,K_star_yx,K_star_yy,K_star_yz,K_star_zx,K_star_zy,K_star_zz,K_xx,K_xy,K_xz,K_yx,K_yy,K_yz,K_zx,K_zy,K_zz,K_star_eig1,K_star_eig2,K_star_eig3,K_eig1,K_eig2,K_eig3,symmetry_error,error_type,error_message
eps_0.02_coeffs_0.12_1.008_0.785_11.193_3.576_-2713.219_m_-0.262_rho_0.347_,0.6530838012695312,0.16666666666666666,1e-05,True,32500,12500,10000,10000,3.5011962103087146,-0.1720263185601676,0.06071089647304938,-0.17206205267957328,3.2104586949897067,0.1291546983963479,0.060663390457028,0.1290966673941611,3.1557772926541854,2.2865745300188927,-0.11234760204367757,0.039649303047100064,-0.11237093941821405,2.0966985683426964,0.08434884138050673,0.039618277637573654,0.08431094227300708,2.0609870302466655,2.999983909793921,3.286369987792014,3.5810783003666717,1.9592408955556446,2.146275004005312,2.3387442290472986,2.056892318721011e-05,,
