sample_name,porosity,nu,g,all_converged,total_iterations,iterations_x,iterations_y,iterations_z,K_star_xx,K_star_xy,K_star_xz,K_star_yx,K_star_yy,K_star_yz,K_star_zx,K_star_zy,K_star_zz,K_xx,K_xy,K_xz,K_yx,K_yy,K_yz,K_zx,K_zy,K_zz,K_star_eig1,K_star_eig2,K_star_eig3,K_eig1,K_eig2,K_eig3,symmetry_error,error_type,error_message
eps_0.02_coeffs_0.213_-0.168_0.608_68.142_108.929_-1618.289_m_-0.23_rho_0.619_,0.3807835578918457,0.16666666666666666,1e-05,True,187500,55000,52500,80000,0.16664802406216286,2.0330109702595753e-08,5.032899599160135e-08,2.0331068919358676e-08,0.16664761812145862,-1.2347259455940709e-08,5.032897038138125e-08,-1.2345197554130596e-08,0.16664826048462378,0.06345682751803629,7.741371504885945e-09,1.9164454158806403e-08,7.741736758857718e-09,0.06345667294249063,-4.701633385846838e-09,1.9164444406855674e-08,-4.700848247539559e-09,0.06345691754382213,0.1666476167603419,0.1666480150561993,0.1666482708517041,0.06345667242419978,0.06345682408871342,0.06345692149143586,1.114273130195999e-11,,
