sample_name,porosity,nu,g,all_converged,total_iterations,iterations_x,iterations_y,iterations_z,K_star_xx,K_star_xy,K_star_xz,K_star_yx,K_star_yy,K_star_yz,K_star_zx,K_star_zy,K_star_zz,K_xx,K_xy,K_xz,K_yx,K_yy,K_yz,K_zx,K_zy,K_zz,K_star_eig1,K_star_eig2,K_star_eig3,K_eig1,K_eig2,K_eig3,symmetry_error,error_type,error_message
eps_0.02_coeffs_0.489_1.108_0.854_-8.698_8.586_569.935_m_-0.4_rho_0.388_,0.6122374534606934,0.16666666666666666,1e-05,True,95000,35000,27500,32500,0.2714235579325936,-0.010152042739665598,0.01485577658371108,-0.01015198586944824,121.00228958063516,-0.023619496444727932,0.014855790933076167,-0.023619597430837892,0.27350023616120134,0.16617566791789207,-0.006215460794356986,0.00909526282479227,-0.006215425976279933,74.08213363576147,-0.014460740355344129,0.00909527161001101,-0.014460802182822927,0.16744708810823214,0.25756923850120883,0.28734908046588353,121.00229505576189,0.15769353466979083,0.17592586927870527,74.08213698783908,1.3648962000013484e-09,,
