sample_name,porosity,nu,g,all_converged,total_iterations,iterations_x,iterations_y,iterations_z,K_star_xx,K_star_xy,K_star_xz,K_star_yx,K_star_yy,K_star_yz,K_star_zx,K_star_zy,K_star_zz,K_xx,K_xy,K_xz,K_yx,K_yy,K_yz,K_zx,K_zy,K_zz,K_star_eig1,K_star_eig2,K_star_eig3,K_eig1,K_eig2,K_eig3,symmetry_error,error_type,error_message
eps_0.02_coeffs_0.839_1.45_0.828_20.71_143.233_-3305.28_m_-0.608_rho_0.352_,0.6483035087585449,0.16666666666666666,1e-05,True,22500,7500,7500,7500,4.733911376267996,0.31657100168169056,-0.02042568553757886,0.31678122647205625,4.729497400862468,-0.2908430699103763,-0.02045760995657645,-0.29101050610452256,4.389949214226509,3.0690113553865346,0.20523409116144722,-0.013242043602811041,0.2053703806306693,3.0661497596435563,-0.18855458272100373,-0.013262740315662257,-0.18866313219316194,2.846019478854863,4.17848843456409,4.5552003313718155,5.119669225421066,2.7089287134348994,2.9531523579264336,3.319099522523619,4.768729605741655e-05,,
