sample_name,porosity,nu,g,all_converged,total_iterations,iterations_x,iterations_y,iterations_z,K_star_xx,K_star_xy,K_star_xz,K_star_yx,K_star_yy,K_star_yz,K_star_zx,K_star_zy,K_star_zz,K_xx,K_xy,K_xz,K_yx,K_yy,K_yz,K_zx,K_zy,K_zz,K_star_eig1,K_star_eig2,K_star_eig3,K_eig1,K_eig2,K_eig3,symmetry_error,error_type,error_message
eps_0.02_coeffs_0.132_1.28_0.946_51.199_101.238_2.368_m_-0.334_rho_0.461_,0.5386977195739746,0.16666666666666666,1e-05,True,250000,102500,87500,60000,0.16665693031756743,-2.3802202953704667e-13,2.5703745939198613e-12,-8.695943563546839e-14,0.16665675390338894,-2.874941211037751e-14,3.9426676556351837e-13,9.864828327752503e-14,0.16665676418034514,0.08977770831327236,-1.2822192451997628e-13,1.3846549321955102e-12,-4.684484967226664e-14,0.08977761327935671,-1.5487242742952773e-14,2.123906075128742e-13,5.3141605241490186e-14,0.08977761881552958,0.16665675390338894,0.1666567641803452,0.16665693031756743,0.08977761327935671,0.08977761881552955,0.08977770831327236,1.0705205970877355e-11,,
