sample_name,porosity,nu,g,all_converged,total_iterations,iterations_x,iterations_y,iterations_z,K_star_xx,K_star_xy,K_star_xz,K_star_yx,K_star_yy,K_star_yz,K_star_zx,K_star_zy,K_star_zz,K_xx,K_xy,K_xz,K_yx,K_yy,K_yz,K_zx,K_zy,K_zz,K_star_eig1,K_star_eig2,K_star_eig3,K_eig1,K_eig2,K_eig3,symmetry_error,error_type,error_message
eps_0.02_coeffs_0.855_-0.377_0.791_17.133_88.68_-3474.203_m_-0.21_rho_0.464_,0.5358819961547852,0.16666666666666666,1e-05,True,40000,12500,15000,12500,1.8030428163696914,0.005274092217847637,-0.014430935229135439,0.005275438302808323,1.7389318040322974,-0.02443025283524474,-0.01443021647709209,-0.024429425003131444,1.7640898563803726,0.966218183588736,0.0028262910656046097,-0.007733278376969511,0.002827012408300336,0.9318622463218692,-0.013091732655917052,-0.007732893210689781,-0.013091289035591697,0.9453439936335224,1.7239122917653327,1.7717728995544124,1.8103792854626188,0.9238135601069767,0.9494611981461692,0.9701496652909819,8.012674204488571e-07,,
