sample_name,porosity,nu,g,all_converged,total_iterations,iterations_x,iterations_y,iterations_z,K_star_xx,K_star_xy,K_star_xz,K_star_yx,K_star_yy,K_star_yz,K_star_zx,K_star_zy,K_star_zz,K_xx,K_xy,K_xz,K_yx,K_yy,K_yz,K_zx,K_zy,K_zz,K_star_eig1,K_star_eig2,K_star_eig3,K_eig1,K_eig2,K_eig3,symmetry_error,error_type,error_message
eps_0.02_coeffs_0.972_-0.132_0.496_52.937_108.798_-2316.666_m_-0.29_rho_0.616_,0.38416051864624023,0.16666666666666666,1e-05,True,57500,17500,22500,17500,1.0833688263799628,0.03727601068336879,0.03454801661278027,0.037275726668492694,1.0609956360826578,-0.024066240405709583,0.034546474201948174,-0.02406759310870859,1.1226612852619116,0.4161875302272951,0.014319971597185746,0.013271983980164593,0.014319862489883642,0.40759263383891137,-0.009245299396122496,0.013271391446819368,-0.009245819051208169,0.4312821416102706,1.0177797734185867,1.1064145142417026,1.1428314600642433,0.39099080562413707,0.42504077362882037,0.43903072642351965,1.551036723826121e-06,,
