sample_name,porosity,nu,g,all_converged,total_iterations,iterations_x,iterations_y,iterations_z,K_star_xx,K_star_xy,K_star_xz,K_star_yx,K_star_yy,K_star_yz,K_star_zx,K_star_zy,K_star_zz,K_xx,K_xy,K_xz,K_yx,K_yy,K_yz,K_zx,K_zy,K_zz,K_star_eig1,K_star_eig2,K_star_eig3,K_eig1,K_eig2,K_eig3,symmetry_error,error_type,error_message
eps_0.02_coeffs_0.891_-0.7_0.706_65.248_149.372_-678.788_m_-0.525_rho_0.434_,0.5658907890319824,0.16666666666666666,1e-05,True,32500,12500,10000,10000,4.032655511108375,-0.4755572642725192,-0.1391093633403336,-0.47561843758212524,5.718245639557555,-0.5854027821952685,-0.13846820804651067,-0.5834620076815127,6.551271690038193,2.2820426090752908,-0.2691134755090669,-0.07872070738239811,-0.26914809292150754,3.2359025368479175,-0.3312740423179983,-0.07835788350728462,-0.3301757758970758,3.7073043058386017,3.8762759883023716,5.57089659575218,6.855000256649575,2.1935488775261565,3.152519070185785,3.8791815040498685,0.0002997852101922925,,
