sample_name,porosity,nu,g,all_converged,total_iterations,iterations_x,iterations_y,iterations_z,K_star_xx,K_star_xy,K_star_xz,K_star_yx,K_star_yy,K_star_yz,K_star_zx,K_star_zy,K_star_zz,K_xx,K_xy,K_xz,K_yx,K_yy,K_yz,K_zx,K_zy,K_zz,K_star_eig1,K_star_eig2,K_star_eig3,K_eig1,K_eig2,K_eig3,symmetry_error,error_type,error_message
eps_0.02_coeffs_0.851_1.061_0.575_41.784_51.744_462.428_m_-0.483_rho_0.552_,0.44787025451660156,0.16666666666666666,1e-05,True,45000,15000,12500,17500,47.74617922912146,8.831486271335507,14.092209109407758,8.887030819986235,12.293224898503128,-5.616837938184841,13.837887061764842,-5.575435736732851,60.30589042358467,21.384093443541904,3.955360004102906,6.311481280531623,3.980236755244117,5.5057697641224195,-2.5156146369533485,6.197578000324608,-2.497071822451498,27.00921449286115,8.64690437476223,42.475879727723886,69.22251044872313,3.8726912631054753,19.023683064472255,31.002703372947742,0.00456185226358238,,
