sample_name,porosity,nu,g,all_converged,total_iterations,iterations_x,iterations_y,iterations_z,K_star_xx,K_star_xy,K_star_xz,K_star_yx,K_star_yy,K_star_yz,K_star_zx,K_star_zy,K_star_zz,K_xx,K_xy,K_xz,K_yx,K_yy,K_yz,K_zx,K_zy,K_zz,K_star_eig1,K_star_eig2,K_star_eig3,K_eig1,K_eig2,K_eig3,symmetry_error,error_type,error_message
eps_0.02_coeffs_0.556_-0.284_0.937_60.733_111.093_-1922.022_m_-0.401_rho_0.673_,0.32660770416259766,0.16666666666666666,1e-05,True,145000,45000,47500,52500,0.45687590389784377,-0.039712564912133444,-0.1153371717032327,-0.03971290911489984,0.5775013793238709,0.05712110157864608,-0.11533719646920355,0.05711943895631361,0.47577519586929173,0.14921919005928636,-0.012970429652360036,-0.03767000885460015,-0.012970542071635335,0.18861639965170293,0.01865619184584013,-0.03767001694335704,0.01865564882057723,0.1553918444203796,0.3501655852950772,0.5111110603011141,0.6488758334948151,0.11436677788997737,0.16693280997705795,0.2119278462643334,2.6766969256948485e-06,,
