sample_name,porosity,nu,g,all_converged,total_iterations,iterations_x,iterations_y,iterations_z,K_star_xx,K_star_xy,K_star_xz,K_star_yx,K_star_yy,K_star_yz,K_star_zx,K_star_zy,K_star_zz,K_xx,K_xy,K_xz,K_yx,K_yy,K_yz,K_zx,K_zy,K_zz,K_star_eig1,K_star_eig2,K_star_eig3,K_eig1,K_eig2,K_eig3,symmetry_error,error_type,error_message
eps_0.02_coeffs_0.175_1.167_0.79_62.973_138.562_-718.078_m_-0.319_rho_0.514_,0.4860997200012207,0.16666666666666666,1e-05,True,187500,45000,82500,60000,0.16664330396646226,3.4533813140071025e-13,6.825844949505063e-13,1.0669975831535078e-12,0.1666424015211745,-2.5492594293663396e-12,1.3810138561056402e-12,-8.834294875067574e-13,0.16664123095435132,0.08100526339817561,1.6786876897963e-13,3.3180413187261575e-13,5.186672264128994e-13,0.08100482471977391,-1.2391942948254492e-12,6.713104487707578e-13,-4.2943482651785666e-13,0.08100425570756893,0.16664123095435132,0.16664240152117438,0.16664330396646226,0.08100425570756892,0.0810048247197739,0.08100526339817561,9.530613423916635e-12,,
