sample_name,porosity,nu,g,all_converged,total_iterations,iterations_x,iterations_y,iterations_z,K_star_xx,K_star_xy,K_star_xz,K_star_yx,K_star_yy,K_star_yz,K_star_zx,K_star_zy,K_star_zz,K_xx,K_xy,K_xz,K_yx,K_yy,K_yz,K_zx,K_zy,K_zz,K_star_eig1,K_star_eig2,K_star_eig3,K_eig1,K_eig2,K_eig3,symmetry_error,error_type,error_message
eps_0.02_coeffs_0.806_1.383_0.922_-3.472_4.231_392.436_m_-0.513_rho_0.662_,0.3381199836730957,0.16666666666666666,1e-05,True,22500,7500,7500,7500,9.0362632153423,3.801479295789638,0.12960372511578833,3.805846794313768,16.971144467246724,4.998786804164934,0.13085016487889614,4.993494915328496,12.523901303484005,3.055341170837334,1.2853561174260038,0.04382160942012273,1.2868328559556748,5.738283090179211,1.6901897126095335,0.04424305561247424,1.6884004192425575,4.234581304257474,6.733779863834765,10.67813974200832,21.11938938022994,2.276825537618033,3.610492435226888,7.140887592429104,0.00040082334525805947,,
