sample_name,porosity,nu,g,all_converged,total_iterations,iterations_x,iterations_y,iterations_z,K_star_xx,K_star_xy,K_star_xz,K_star_yx,K_star_yy,K_star_yz,K_star_zx,K_star_zy,K_star_zz,K_xx,K_xy,K_xz,K_yx,K_yy,K_yz,K_zx,K_zy,K_zz,K_star_eig1,K_star_eig2,K_star_eig3,K_eig1,K_eig2,K_eig3,symmetry_error,error_type,error_message
eps_0.02_coeffs_0.344_0.801_0.819_25.871_57.508_-3355.101_m_-0.531_rho_0.307_,0.6934499740600586,0.16666666666666666,1e-05,True,25000,7500,7500,10000,4.657792991156579,0.0655923699341842,-0.36570272273907145,0.06567363740333156,4.627054044712112,-0.004778686688772046,-0.3658457973255915,-0.004766481244608457,4.387218222878005,3.229946428894652,0.045485027229397804,-0.2535965435971019,0.04554138215376996,3.208630507280103,-0.0033137801603701227,-0.2536957586654129,-0.0033053162954314905,3.0423163628505687,4.130153352701963,4.618479602494496,4.923432303550244,2.8640547352952392,3.202684560546716,3.41415400318337,2.948508240507699e-05,,
