sample_name,porosity,nu,g,all_converged,total_iterations,iterations_x,iterations_y,iterations_z,K_star_xx,K_star_xy,K_star_xz,K_star_yx,K_star_yy,K_star_yz,K_star_zx,K_star_zy,K_star_zz,K_xx,K_xy,K_xz,K_yx,K_yy,K_yz,K_zx,K_zy,K_zz,K_star_eig1,K_star_eig2,K_star_eig3,K_eig1,K_eig2,K_eig3,symmetry_error,error_type,error_message
eps_0.02_coeffs_0.151_1.115_0.566_66.404_95.565_-2357.256_m_-0.492_rho_0.402_,0.5977373123168945,0.16666666666666666,1e-05,True,202500,55000,62500,85000,0.7356735335107076,-0.3788443907028554,0.01899490011723443,-0.378843916761612,0.743306949734535,-0.03668785180554589,0.018996046418599415,-0.036687419295711045,0.3056399888854092,0.43973952066336325,-0.22644942788505631,0.011353960543803573,-0.22644914459269128,0.44430229836079,-0.021929697932927525,0.011354645730900585,-0.021929439405661295,0.18269242549293002,0.30118688164547414,0.36317057254630036,1.1202630179388775,0.18003063713987227,0.21708060194641327,0.6696230054307976,1.5283357611410105e-06,,
