sample_name,porosity,nu,g,all_converged,total_iterations,iterations_x,iterations_y,iterations_z,K_star_xx,K_star_xy,K_star_xz,K_star_yx,K_star_yy,K_star_yz,K_star_zx,K_star_zy,K_star_zz,K_xx,K_xy,K_xz,K_yx,K_yy,K_yz,K_zx,K_zy,K_zz,K_star_eig1,K_star_eig2,K_star_eig3,K_eig1,K_eig2,K_eig3,symmetry_error,error_type,error_message
eps_0.02_coeffs_0.348_1.471_0.255_68.039_94.65_-1889.469_m_-0.386_rho_0.378_,0.6219315528869629,0.16666666666666666,1e-05,True,287500,117500,75000,95000,0.4572064623967384,-0.03657520375790368,0.003047065607919046,-0.03657664431434757,0.5101475025897335,-0.0059308563809346284,0.003049915677317509,-0.005927865480081645,0.4605203223730644,0.2843511251483583,-0.022747273270310116,0.00189506624528155,-0.022748169197816283,0.31727682848703886,-0.003688586718944226,0.0018968387933683717,-0.003686726583332199,0.2864121192294847,0.4385267771931991,0.4598758119612799,0.5294716982050572,0.27273363952228147,0.28601127786823166,0.3292951554743686,7.480950740826842e-06,,
