sample_name,porosity,nu,g,all_converged,total_iterations,iterations_x,iterations_y,iterations_z,K_star_xx,K_star_xy,K_star_xz,K_star_yx,K_star_yy,K_star_yz,K_star_zx,K_star_zy,K_star_zz,K_xx,K_xy,K_xz,K_yx,K_yy,K_yz,K_zx,K_zy,K_zz,K_star_eig1,K_star_eig2,K_star_eig3,K_eig1,K_eig2,K_eig3,symmetry_error,error_type,error_message
eps_0.02_coeffs_0.372_0.794_0.527_91.263_68.936_-3690.718_m_-0.483_rho_0.477_,0.5233163833618164,0.16666666666666666,1e-05,True,77500,30000,22500,25000,1.1529072137660574,-0.038021870523078656,0.12074794496747347,-0.03803043855088916,2.2108083345493497,0.26526316471095573,0.12074406804195051,0.2653300832759341,1.5690004864925777,0.6033352334598018,-0.01989746777078878,0.06318937785874985,-0.019901951560115115,1.1569522219425263,0.13881655999564715,0.06318734900010661,0.1388515795770514,0.8210836600842263,1.1089939671343998,1.5174062123660887,2.3063158553074956,0.5803547120508472,0.7940835311461737,1.2069328722895325,3.212190605988406e-05,,
