sample_name,porosity,nu,g,all_converged,total_iterations,iterations_x,iterations_y,iterations_z,K_star_xx,K_star_xy,K_star_xz,K_star_yx,K_star_yy,K_star_yz,K_star_zx,K_star_zy,K_star_zz,K_xx,K_xy,K_xz,K_yx,K_yy,K_yz,K_zx,K_zy,K_zz,K_star_eig1,K_star_eig2,K_star_eig3,K_eig1,K_eig2,K_eig3,symmetry_error,error_type,error_message
eps_0.02_coeffs_0.186_0.076_0.894_-30.687_30.814_-1202.968_m_-0.268_rho_0.631_,0.36905431747436523,0.16666666666666666,1e-05,True,57500,20000,22500,15000,0.9681863726039347,-0.0022801480444855104,-0.01021566475400438,-0.00228012281380627,0.966512600872825,0.0029608119399136537,-0.010215974204783216,0.002960582064612036,0.9719775551463323,0.3573133609293266,-0.0008414984802981087,-0.003770135183336016,-0.0008414891688070022,0.356695648245494,0.0010927004296547847,-0.0037702493874819908,0.001092615593182242,0.35871251321493186,0.9596884423095826,0.9655795850415171,0.9814085012719925,0.3541771630645997,0.35635131472467774,0.3621930446004749,3.255372339445124e-07,,
