sample_name,porosity,nu,g,all_converged,total_iterations,iterations_x,iterations_y,iterations_z,K_star_xx,K_star_xy,K_star_xz,K_star_yx,K_star_yy,K_star_yz,K_star_zx,K_star_zy,K_star_zz,K_xx,K_xy,K_xz,K_yx,K_yy,K_yz,K_zx,K_zy,K_zz,K_star_eig1,K_star_eig2,K_star_eig3,K_eig1,K_eig2,K_eig3,symmetry_error,error_type,error_message
eps_0.02_coeffs_0.617_0.035_0.545_16.71_72.954_-2376.986_m_-0.557_rho_0.363_,0.6372642517089844,0.16666666666666666,1e-05,True,25000,7500,7500,10000,4.571546108971271,0.15746089120581935,0.0302327511798161,0.15751175620739194,4.748846530414297,0.26365904935504225,0.03015667601246317,0.26398666659551473,4.658787238931938,2.913282910286696,0.10034419700770626,0.019266251557709422,0.1003766114548716,3.0262701306852735,0.16802048679354317,0.01921777157311262,0.16822926554913983,2.9688785636893265,4.393311229893085,4.569249305078973,5.016619343345449,2.799700193442494,2.9118192392729485,3.1969121719458533,5.95097773874555e-05,,
