sample_name,porosity,nu,g,all_converged,total_iterations,iterations_x,iterations_y,iterations_z,K_star_xx,K_star_xy,K_star_xz,K_star_yx,K_star_yy,K_star_yz,K_star_zx,K_star_zy,K_star_zz,K_xx,K_xy,K_xz,K_yx,K_yy,K_yz,K_zx,K_zy,K_zz,K_star_eig1,K_star_eig2,K_star_eig3,K_eig1,K_eig2,K_eig3,symmetry_error,error_type,error_message
eps_0.02_coeffs_0.268_1.272_0.333_68.849_77.705_-2789.464_m_-0.456_rho_0.521_,0.4791536331176758,0.16666666666666666,1e-05,True,160000,50000,47500,62500,0.7053395977287611,-0.0014602109310841707,0.04676503714201416,-0.0014588487513274746,0.7908304891382969,-0.05997680823201488,0.04676598536406793,-0.0599746869887269,0.6944870597474195,0.3379660308334958,-0.0006996653727471244,0.022407637449479136,-0.0006990126793677442,0.3789293020508436,-0.028738105567172052,0.0224080917935212,-0.02873708916574389,0.33276599783118843,0.638773228554702,0.72799251086142,0.8238914071983559,0.30607051320029294,0.34882025646170844,0.39477056105352654,2.99561052517805e-06,,
