sample_name,porosity,nu,g,all_converged,total_iterations,iterations_x,iterations_y,iterations_z,K_star_xx,K_star_xy,K_star_xz,K_star_yx,K_star_yy,K_star_yz,K_star_zx,K_star_zy,K_star_zz,K_xx,K_xy,K_xz,K_yx,K_yy,K_yz,K_zx,K_zy,K_zz,K_star_eig1,K_star_eig2,K_star_eig3,K_eig1,K_eig2,K_eig3,symmetry_error,error_type,error_message
eps_0.02_coeffs_0.46_0.768_0.696_-13.542_54.013_-337.928_m_-0.631_rho_0.41_,0.5897636413574219,0.16666666666666666,1e-05,True,22500,7500,7500,7500,8.989516002480297,-0.38012831737033526,0.2745542793780247,-0.37734479731710496,8.652871016752403,-0.3761562587695705,0.2743455869264643,-0.3768144011923507,8.355577965025642,5.3016896916635945,-0.22418586063539864,0.16192213155624677,-0.22254424171301415,5.103148719035994,-0.22184328489132654,0.1617990523360907,-0.2222314333631172,4.92781608629936,8.098812068544055,8.48162836804524,9.417524547669041,4.776384896213974,5.00215603097877,5.5541135698062,0.00026965529325727794,,
