sample_name,porosity,nu,g,all_converged,total_iterations,iterations_x,iterations_y,iterations_z,K_star_xx,K_star_xy,K_star_xz,K_star_yx,K_star_yy,K_star_yz,K_star_zx,K_star_zy,K_star_zz,K_xx,K_xy,K_xz,K_yx,K_yy,K_yz,K_zx,K_zy,K_zz,K_star_eig1,K_star_eig2,K_star_eig3,K_eig1,K_eig2,K_eig3,symmetry_error,error_type,error_message
eps_0.02_coeffs_0.869_-0.035_0.577_19.586_51.432_-2621.737_m_-0.484_rho_0.589_,0.4113640785217285,0.16666666666666666,1e-05,True,40000,12500,15000,12500,2.116880284742782,0.33947440429620995,-0.3882048641441375,0.33947656078767463,2.580201230170567,0.12112798053804291,-0.38822035336972976,0.12109762851027854,2.4989502007305204,0.8708085076740287,0.13964757550502313,-0.15969353621630594,0.13964846260814734,1.0614021014497454,0.049827700097229886,-0.1596999079273187,0.04981521436329733,1.027978346595199,1.7285831320106262,2.662576524176409,2.8048720594568337,0.7110770072477547,1.0952883383614151,1.1538236101098032,1.1398881017734163e-05,,
