sample_name,porosity,nu,g,all_converged,total_iterations,iterations_x,iterations_y,iterations_z,K_star_xx,K_star_xy,K_star_xz,K_star_yx,K_star_yy,K_star_yz,K_star_zx,K_star_zy,K_star_zz,K_xx,K_xy,K_xz,K_yx,K_yy,K_yz,K_zx,K_zy,K_zz,K_star_eig1,K_star_eig2,K_star_eig3,K_eig1,K_eig2,K_eig3,symmetry_error,error_type,error_message
eps_0.02_coeffs_0.285_0.812_0.857_26.035_75.414_-2275.133_m_-0.297_rho_0.547_,0.4530367851257324,0.16666666666666666,1e-05,True,62500,22500,20000,20000,1.1390803393846558,0.019425552775320713,0.0747615612727483,0.019424419899954335,1.1994734350449228,0.019561883677626398,0.07476170472932792,0.019561625135921513,1.2106001050939204,0.5160452949547527,0.008800489978621545,0.03386973736998635,0.008799976744407613,0.5434055888564708,0.008862252892315403,0.033869802361093986,0.0088621357634126,0.5484463796846235,1.0916180185661373,1.1892675600915141,1.268268300865848,0.4945431177165249,0.5387819520781832,0.5745721937011387,8.065554419529332e-07,,
