sample_name,porosity,nu,g,all_converged,total_iterations,iterations_x,iterations_y,iterations_z,K_star_xx,K_star_xy,K_star_xz,K_star_yx,K_star_yy,K_star_yz,K_star_zx,K_star_zy,K_star_zz,K_xx,K_xy,K_xz,K_yx,K_yy,K_yz,K_zx,K_zy,K_zz,K_star_eig1,K_star_eig2,K_star_eig3,K_eig1,K_eig2,K_eig3,symmetry_error,error_type,error_message
eps_0.02_coeffs_0.424_1.274_0.561_32.474_28.284_-1561.843_m_-0.264_rho_0.431_,0.5690340995788574,0.16666666666666666,1e-05,True,40000,12500,12500,15000,3.311810493367167,-0.2388425716381293,-0.4900393714089068,-0.23877485610235294,3.7116564165828927,0.2950101324936086,-0.49001976054631086,0.29507080587568957,3.351764911561151,1.8845331020689975,-0.13590956769320164,-0.27884911246785654,-0.13587103524427366,2.112059066956335,0.16787082511013998,-0.27883795321831734,0.16790535033348084,1.9072685284502084,2.8399409595642138,3.3857812951514186,4.149509566795579,1.6160232467827387,1.9266250106574254,2.3612124400353762,2.1699107863178235e-05,,
