sample_name,porosity,nu,g,all_converged,total_iterations,iterations_x,iterations_y,iterations_z,K_star_xx,K_star_xy,K_star_xz,K_star_yx,K_star_yy,K_star_yz,K_star_zx,K_star_zy,K_star_zz,K_xx,K_xy,K_xz,K_yx,K_yy,K_yz,K_zx,K_zy,K_zz,K_star_eig1,K_star_eig2,K_star_eig3,K_eig1,K_eig2,K_eig3,symmetry_error,error_type,error_message
eps_0.02_coeffs_0.74_-0.288_0.587_79.839_107.635_-2413.657_m_-0.391_rho_0.549_,0.45118284225463867,0.16666666666666666,1e-05,True,55000,17500,20000,17500,1.5466770896920714,-0.05783968963309292,-0.21546245347002344,-0.057829970290823964,1.2060286515499197,-0.11498464618542496,-0.21545121834529007,-0.11498027973830713,1.5008729316084526,0.6978341653774015,-0.02609627556378502,-0.09721296215576301,-0.02609189036331527,0.544139434846822,-0.051879099481584035,-0.09720789306025272,-0.05187712941556285,0.6771681151461536,1.121234596145715,1.3896133323889175,1.742730744315811,0.5058818119232554,0.6269696929421716,0.7862902105049498,8.776521739492e-06,,
