sample_name,porosity,nu,g,all_converged,total_iterations,iterations_x,iterations_y,iterations_z,K_star_xx,K_star_xy,K_star_xz,K_star_yx,K_star_yy,K_star_yz,K_star_zx,K_star_zy,K_star_zz,K_xx,K_xy,K_xz,K_yx,K_yy,K_yz,K_zx,K_zy,K_zz,K_star_eig1,K_star_eig2,K_star_eig3,K_eig1,K_eig2,K_eig3,symmetry_error,error_type,error_message
eps_0.02_coeffs_0.433_0.15_0.695_85.557_97.091_-2947.882_m_-0.489_rho_0.301_,0.6986403465270996,0.16666666666666666,1e-05,True,50000,12500,17500,20000,3.8122814227812527,0.012162805592431178,-0.09808023741604055,0.012922589207411328,2.1341446429712527,-0.10301164614874742,-0.09832513341049164,-0.10281051706850179,2.327847488804189,2.6634136142707185,0.008497426713837863,-0.06852281105580277,0.009028242201893208,1.4909995529043893,-0.07196809216168785,-0.06869390527822918,-0.07182757527136838,1.6263281762403972,2.089316064502167,2.365961231252092,3.8189962588024335,1.4596804993084298,1.6529559744716456,2.6681048696354286,0.00023497818394258848,,
