sample_name,porosity,nu,g,all_converged,total_iterations,iterations_x,iterations_y,iterations_z,K_star_xx,K_star_xy,K_star_xz,K_star_yx,K_star_yy,K_star_yz,K_star_zx,K_star_zy,K_star_zz,K_xx,K_xy,K_xz,K_yx,K_yy,K_yz,K_zx,K_zy,K_zz,K_star_eig1,K_star_eig2,K_star_eig3,K_eig1,K_eig2,K_eig3,symmetry_error,error_type,error_message
eps_0.02_coeffs_0.882_0.593_0.301_3.317_91.004_-1230.318_m_-0.575_rho_0.543_,0.4572482109069824,0.16666666666666666,1e-05,True,42500,12500,15000,15000,2.092091301195041,0.06554743736059199,-0.021852005990710972,0.06553446277172237,1.925379752474666,0.02431811492247284,-0.021830130833968127,0.024327792170866894,2.07167086234376,0.9566050045254934,0.029971448462668183,-0.009991790643981254,0.029965515855120296,0.8803764471355697,0.011119414540931098,-0.009981788267697278,0.011123839445445781,0.9472677953948098,1.897469602224049,2.0731380843919887,2.1185342293974285,0.8676145808673301,0.9479386800513657,0.968695986137177,1.0934701648654155e-05,,
