sample_name,porosity,nu,g,all_converged,total_iterations,iterations_x,iterations_y,iterations_z,K_star_xx,K_star_xy,K_star_xz,K_star_yx,K_star_yy,K_star_yz,K_star_zx,K_star_zy,K_star_zz,K_xx,K_xy,K_xz,K_yx,K_yy,K_yz,K_zx,K_zy,K_zz,K_star_eig1,K_star_eig2,K_star_eig3,K_eig1,K_eig2,K_eig3,symmetry_error,error_type,error_message
eps_0.02_coeffs_0.209_-0.224_0.935_52.103_85.556_-2133.715_m_-0.445_rho_0.337_,0.662531852722168,0.16666666666666666,1e-05,True,60000,20000,20000,20000,1.8396933310953318,-0.09527559938865127,-0.02396918528855691,-0.09525354282870993,1.8330488734659667,-0.0677066995701391,-0.02398339726046331,-0.0676438634135385,1.483190761275301,1.218855431091207,-0.06312311938217818,-0.015880348737468544,-0.06310850620865556,1.2144532662676897,-0.04485784510790747,-0.015889764621546523,-0.04481621415265693,0.9826611230081279,1.465792934030339,1.7563931509742274,1.9337468808320326,0.9711345082901832,1.1636664084234813,1.2811689036533598,3.2148551765081105e-05,,
