sample_name,porosity,nu,g,all_converged,total_iterations,iterations_x,iterations_y,iterations_z,K_star_xx,K_star_xy,K_star_xz,K_star_yx,K_star_yy,K_star_yz,K_star_zx,K_star_zy,K_star_zz,K_xx,K_xy,K_xz,K_yx,K_yy,K_yz,K_zx,K_zy,K_zz,K_star_eig1,K_star_eig2,K_star_eig3,K_eig1,K_eig2,K_eig3,symmetry_error,error_type,error_message
eps_0.02_coeffs_0.944_0.121_0.931_50.286_103.3_-2009.817_m_-0.313_rho_0.472_,0.5275397300720215,0.16666666666666666,1e-05,True,37500,12500,12500,12500,2.867102380242049,0.0965344327285322,0.062212317335117125,0.09655828265543095,2.8480946111784466,-0.13433664538098938,0.06218357385045283,-0.13435925679661484,2.626924543180677,1.5125104157617408,0.050925748584265594,0.03281946909412263,0.050938330368264,1.5024830624006567,-0.07086791764306802,0.0328043057639815,-0.07087984606316361,1.3858070644291027,2.5341093497585176,2.845167415555404,2.9628447692872513,1.336843362344595,1.5009388504118086,1.5630183298350975,1.2793109647391321e-05,,
