sample_name,porosity,nu,g,all_converged,total_iterations,iterations_x,iterations_y,iterations_z,K_star_xx,K_star_xy,K_star_xz,K_star_yx,K_star_yy,K_star_yz,K_star_zx,K_star_zy,K_star_zz,K_xx,K_xy,K_xz,K_yx,K_yy,K_yz,K_zx,K_zy,K_zz,K_star_eig1,K_star_eig2,K_star_eig3,K_eig1,K_eig2,K_eig3,symmetry_error,error_type,error_message
eps_0.02_coeffs_0.322_0.676_0.425_-4.328_37.79_-362.857_m_-0.268_rho_0.399_,0.6012802124023438,0.16666666666666666,1e-05,True,30000,10000,10000,10000,2.6020069286232608,-0.010878679885071909,0.014517067660958102,-0.010880097873855552,2.533429905629119,0.007097473392224531,0.014512566671455741,0.007096696571017567,2.5065638851646206,1.5645352787149642,-0.006541134951953142,0.008728825526640083,-0.006541987560550155,1.5233012717631265,0.004267570308796749,0.008726119170716083,0.004267103221576427,1.507147265271827,2.501972566354785,2.5345392102898954,2.605488942772322,1.5043865961226424,1.5239682747051762,1.5666289449220991,1.5327385936670307e-06,,
