sample_name,porosity,nu,g,all_converged,total_iterations,iterations_x,iterations_y,iterations_z,K_star_xx,K_star_xy,K_star_xz,K_star_yx,K_star_yy,K_star_yz,K_star_zx,K_star_zy,K_star_zz,K_xx,K_xy,K_xz,K_yx,K_yy,K_yz,K_zx,K_zy,K_zz,K_star_eig1,K_star_eig2,K_star_eig3,K_eig1,K_eig2,K_eig3,symmetry_error,error_type,error_message
eps_0.02_coeffs_0.701_0.911_0.606_-2.696_49.371_-1262.576_m_-0.33_rho_0.354_,0.6462302207946777,0.16666666666666666,1e-05,True,30000,10000,10000,10000,3.80738406335465,-0.040208056250006154,-0.02074580250669762,-0.04020194359844653,4.046799042780932,-0.07413016987592029,-0.02074590352762488,-0.07412651064450847,3.9203030705605038,2.4604466439118124,-0.025983661068166297,-0.013406564534465981,-0.025979710887999285,2.615163838928012,-0.047905156046462935,-0.01340662981724211,-0.047902791340539735,2.5334183188703676,3.791288914098336,3.899338609155191,4.083858653442559,2.4500454720541813,2.51987045034757,2.6391128793084397,1.4815248293205989e-06,,
