sample_name,porosity,nu,g,all_converged,total_iterations,iterations_x,iterations_y,iterations_z,K_star_xx,K_star_xy,K_star_xz,K_star_yx,K_star_yy,K_star_yz,K_star_zx,K_star_zy,K_star_zz,K_xx,K_xy,K_xz,K_yx,K_yy,K_yz,K_zx,K_zy,K_zz,K_star_eig1,K_star_eig2,K_star_eig3,K_eig1,K_eig2,K_eig3,symmetry_error,error_type,error_message
eps_0.02_coeffs_0.843_0.245_0.613_32.584_64.798_-4117.033_m_-0.222_rho_0.505_,0.49482250213623047,0.16666666666666666,1e-05,True,42500,12500,15000,15000,1.6689096963693588,0.006868985903750396,-0.010706581000693305,0.006868754091437569,1.66529223457973,0.011203437060385249,-0.01070873364907576,0.011205061129609378,1.7067156221877733,0.8258140717969028,0.0033989287920322673,-0.0052978572000872875,0.003398814086083608,0.8240240703027765,0.005543712758745604,-0.005298922378946113,0.005544516384742729,0.8445212946059474,1.6553598373387082,1.6741492854284,1.7114084303697537,0.8191092966477633,0.8284067383652635,0.8468434016926003,1.3150280873354683e-06,,
