sample_name,porosity,nu,g,all_converged,total_iterations,iterations_x,iterations_y,iterations_z,K_star_xx,K_star_xy,K_star_xz,K_star_yx,K_star_yy,K_star_yz,K_star_zx,K_star_zy,K_star_zz,K_xx,K_xy,K_xz,K_yx,K_yy,K_yz,K_zx,K_zy,K_zz,K_star_eig1,K_star_eig2,K_star_eig3,K_eig1,K_eig2,K_eig3,symmetry_error,error_type,error_message
eps_0.02_coeffs_0.365_1.374_0.737_-33.218_24.409_-2756.353_m_-0.317_rho_0.553_,0.44741106033325195,0.16666666666666666,1e-05,True,55000,20000,17500,17500,1.093913928213501,0.0015821109907566144,-0.00045778669400182634,0.0015825023339146814,1.0993000819470231,0.0018407695121587108,-0.0004576867378753511,0.0018408468739133672,1.082359855930879,0.48942919053531536,0.0007078539559393087,-0.00020481883016981107,0.0007080290471966136,0.4918390152883484,0.0008235806392640517,-0.000204774108693278,0.0008236152517687318,0.48425977080418037,1.0821286970182784,1.093556871398395,1.0998882976747293,0.4841563477499882,0.48926943936706946,0.49210218951078644,3.0752680963234537e-07,,
