sample_name,porosity,nu,g,all_converged,total_iterations,iterations_x,iterations_y,iterations_z,K_star_xx,K_star_xy,K_star_xz,K_star_yx,K_star_yy,K_star_yz,K_star_zx,K_star_zy,K_star_zz,K_xx,K_xy,K_xz,K_yx,K_yy,K_yz,K_zx,K_zy,K_zz,K_star_eig1,K_star_eig2,K_star_eig3,K_eig1,K_eig2,K_eig3,symmetry_error,error_type,error_message
eps_0.02_coeffs_0.419_0.888_0.819_66.669_60.067_-2951.909_m_-0.514_rho_0.379_,0.6211762428283691,0.16666666666666666,1e-05,True,27500,10000,7500,10000,3.441325336395387,-0.1581570291697863,-0.14076390681213577,-0.1580599897408464,4.637557248693237,-0.33565120696409134,-0.14103716498850846,-0.3361504019997441,4.120762371450505,2.13766954281216,-0.09824338915658463,-0.08743919475940518,-0.09818311056870954,2.8807403876447335,-0.2084985556427616,-0.0876089362467265,-0.20880864373944694,2.559719687486145,3.370918001250149,4.0207996955392815,4.8079272597496985,2.093934178899083,2.497625248040542,2.9865701910034144,0.00011472283509225597,,
