sample_name,porosity,nu,g,all_converged,total_iterations,iterations_x,iterations_y,iterations_z,K_star_xx,K_star_xy,K_star_xz,K_star_yx,K_star_yy,K_star_yz,K_star_zx,K_star_zy,K_star_zz,K_xx,K_xy,K_xz,K_yx,K_yy,K_yz,K_zx,K_zy,K_zz,K_star_eig1,K_star_eig2,K_star_eig3,K_eig1,K_eig2,K_eig3,symmetry_error,error_type,error_message
eps_0.02_coeffs_0.181_0.667_0.816_115.456_96.948_-3969.017_m_-0.61_rho_0.491_,0.509152889251709,0.16666666666666666,1e-05,True,90000,30000,30000,30000,1.426874813932683,0.1385572055505938,0.07101157148423055,0.13853724403997617,1.3712552652843073,-0.08524974945412458,0.07099955819103206,-0.08524768895087972,0.8384695187605894,0.7264974341143202,0.07054680153272777,0.03615574679150026,0.07053663807192297,0.6981785802211238,-0.04340515624255183,0.03614963018855881,-0.0434041071313714,0.4269091780264441,0.810925372304365,1.285307029573865,1.5403671960993506,0.4128849962762852,0.6544177876830649,0.7842824084025383,1.5285766814826565e-05,,
