sample_name,porosity,nu,g,all_converged,total_iterations,iterations_x,iterations_y,iterations_z,K_star_xx,K_star_xy,K_star_xz,K_star_yx,K_star_yy,K_star_yz,K_star_zx,K_star_zy,K_star_zz,K_xx,K_xy,K_xz,K_yx,K_yy,K_yz,K_zx,K_zy,K_zz,K_star_eig1,K_star_eig2,K_star_eig3,K_eig1,K_eig2,K_eig3,symmetry_error,error_type,error_message
eps_0.02_coeffs_0.725_1.461_0.594_68.029_98.928_-3083.615_m_-0.599_rho_0.324_,0.6764063835144043,0.16666666666666666,1e-05,True,22500,7500,7500,7500,5.578629825507654,0.6351214028357318,-0.10233738228987753,0.6328217731435339,7.679899960447348,-1.5076346994295218,-0.10252648218237224,-1.50751547190791,8.67430928074826,3.773420825237224,0.4296001711847125,-0.06922165865302711,0.4280446869811906,5.194733357998607,-1.0197737347019487,-0.06934956702743242,-1.01969308844524,5.867358170076364,5.364529227470834,6.754424178257433,9.813885660974995,3.628601814010868,4.56873563113736,6.638174908163965,0.00025007954493401957,,
