sample_name,porosity,nu,g,all_converged,total_iterations,iterations_x,iterations_y,iterations_z,K_star_xx,K_star_xy,K_star_xz,K_star_yx,K_star_yy,K_star_yz,K_star_zx,K_star_zy,K_star_zz,K_xx,K_xy,K_xz,K_yx,K_yy,K_yz,K_zx,K_zy,K_zz,K_star_eig1,K_star_eig2,K_star_eig3,K_eig1,K_eig2,K_eig3,symmetry_error,error_type,error_message
eps_0.02_coeffs_0.279_-0.192_0.662_23.102_10.754_-2559.736_m_-0.344_rho_0.46_,0.5401320457458496,0.16666666666666666,1e-05,True,32500,10000,12500,10000,2.9780957837452733,0.40108026555138976,-0.13823428031459598,0.40103909500501567,3.3884724282105183,0.05047055234117035,-0.13819824511510562,0.050470444001682796,2.936092054019445,1.6085649681014238,0.21663630434056078,-0.07466476461852795,0.21661406680912326,1.8302225446027538,0.02726076268595932,-0.07464530085250837,0.027260704168330274,1.5858774076356563,2.6578157997212584,3.009828742499385,3.6350157237545933,1.4355714851190844,1.625704956030851,1.9633884791898986,1.4285827223068722e-05,,
