sample_name,porosity,nu,g,all_converged,total_iterations,iterations_x,iterations_y,iterations_z,K_star_xx,K_star_xy,K_star_xz,K_star_yx,K_star_yy,K_star_yz,K_star_zx,K_star_zy,K_star_zz,K_xx,K_xy,K_xz,K_yx,K_yy,K_yz,K_zx,K_zy,K_zz,K_star_eig1,K_star_eig2,K_star_eig3,K_eig1,K_eig2,K_eig3,symmetry_error,error_type,error_message
eps_0.02_coeffs_0.914_1.189_0.807_14.832_70.998_-451.016_m_-0.44_rho_0.389_,0.6110444068908691,0.16666666666666666,1e-05,True,25000,10000,7500,7500,11.851931375826306,-0.868601422105546,0.6071580777907506,-0.8763681434250974,7.542851337893063,3.3673818208606003,0.5980548724408761,3.3652213909793964,9.345443865879043,7.242056378053068,-0.5307540407950488,0.3710005475326494,-0.5354998524172407,4.609017122028865,2.0576198275028603,0.3654380848188295,2.056299708907471,5.710481204157971,4.801150098348757,11.897835500632546,12.041240980617108,2.9337159142395524,7.270105836769144,7.357732953231208,0.000977299072355897,,
