sample_name,porosity,nu,g,all_converged,total_iterations,iterations_x,iterations_y,iterations_z,K_star_xx,K_star_xy,K_star_xz,K_star_yx,K_star_yy,K_star_yz,K_star_zx,K_star_zy,K_star_zz,K_xx,K_xy,K_xz,K_yx,K_yy,K_yz,K_zx,K_zy,K_zz,K_star_eig1,K_star_eig2,K_star_eig3,K_eig1,K_eig2,K_eig3,symmetry_error,error_type,error_message
eps_0.02_coeffs_0.958_0.714_0.465_-3.829_59.305_-2892.292_m_-0.297_rho_0.429_,0.5714526176452637,0.16666666666666666,1e-05,True,35000,12500,10000,12500,2.242156511163725,0.03177355602303953,0.008809872350053873,0.03177559011354556,2.198904983299571,0.02998419119132616,0.008808951637687266,0.029986776883861754,2.2455407251828037,1.2812862074748825,0.018157081761264373,0.005034424615558916,0.01815824414760857,1.2565700086597547,0.017134544544259393,0.0050338984720669205,0.017136022145027283,1.2832201254347568,2.1744399086631128,2.235083501320392,2.277078809662595,1.2425893777178638,1.2772443174852792,1.301242646366251,1.2512594413442246e-06,,
