sample_name,porosity,nu,g,all_converged,total_iterations,iterations_x,iterations_y,iterations_z,K_star_xx,K_star_xy,K_star_xz,K_star_yx,K_star_yy,K_star_yz,K_star_zx,K_star_zy,K_star_zz,K_xx,K_xy,K_xz,K_yx,K_yy,K_yz,K_zx,K_zy,K_zz,K_star_eig1,K_star_eig2,K_star_eig3,K_eig1,K_eig2,K_eig3,symmetry_error,error_type,error_message
eps_0.02_coeffs_0.285_0.99_0.387_-5.84_36.713_-679.368_m_-0.214_rho_0.558_,0.4420967102050781,0.16666666666666666,1e-05,True,55000,20000,17500,17500,1.0707731202670256,-0.0061913203752123735,-0.009072092871797848,-0.006191216221989906,1.029731053833117,-0.0035468200063624427,-0.009071899541921565,-0.003546976560613793,1.0662513310623873,0.4733852738460785,-0.00273716236970706,-0.004010742413296768,-0.00273711632391005,0.45524071129562926,-0.0015680374565023901,-0.004010656942794479,-0.0015681066686218808,0.4713862057144671,1.0281762067231386,1.0605597436282792,1.0780195548111113,0.45455331850343594,0.46886997363400323,0.47658889871873533,2.085669311180179e-07,,
