sample_name,porosity,nu,g,all_converged,total_iterations,iterations_x,iterations_y,iterations_z,K_star_xx,K_star_xy,K_star_xz,K_star_yx,K_star_yy,K_star_yz,K_star_zx,K_star_zy,K_star_zz,K_xx,K_xy,K_xz,K_yx,K_yy,K_yz,K_zx,K_zy,K_zz,K_star_eig1,K_star_eig2,K_star_eig3,K_eig1,K_eig2,K_eig3,symmetry_error,error_type,error_message
eps_0.02_coeffs_0.634_1.071_0.363_48.398_99.269_-1257.973_m_-0.359_rho_0.482_,0.5176572799682617,0.16666666666666666,1e-05,True,82500,25000,27500,30000,1.4226436046847986,-0.33872131637795083,-0.25801531084683055,-0.3387162819926927,1.0173060958339346,0.03137997915900448,-0.2580014136334778,0.0313758357551979,1.3916184965289198,0.7364418187653758,-0.17534155530347906,-0.13356350400313582,-0.1753389492173,0.5266159064645264,0.016244074656911,-0.13355631000947252,0.016241929793766676,0.7203814456666825,0.805839286890435,1.2549016014906358,1.7708273086665822,0.4171485733432663,0.6496089496554581,0.9166816478978603,9.3769640869842e-06,,
