sample_name,porosity,nu,g,all_converged,total_iterations,iterations_x,iterations_y,iterations_z,K_star_xx,K_star_xy,K_star_xz,K_star_yx,K_star_yy,K_star_yz,K_star_zx,K_star_zy,K_star_zz,K_xx,K_xy,K_xz,K_yx,K_yy,K_yz,K_zx,K_zy,K_zz,K_star_eig1,K_star_eig2,K_star_eig3,K_eig1,K_eig2,K_eig3,symmetry_error,error_type,error_message
eps_0.02_coeffs_0.237_-0.367_0.559_69.387_35.799_-2948.068_m_-0.311_rho_0.496_,0.5035772323608398,0.16666666666666666,1e-05,True,80000,32500,25000,22500,1.1271124665626633,-0.04905909501799428,0.15485866216106894,-0.04905863268510034,1.1828714309654045,0.026909653363005052,0.15485351235966688,0.026904513176151775,1.0404160526839403,0.5675881764710257,-0.024705043291289024,0.07798329649817341,-0.024704810470969868,0.5956671214442646,0.013551088764331651,0.07798070317543615,0.013548500283262259,0.5239298363143684,0.9132236694556712,1.1842243506902923,1.252951930066044,0.4598786479908972,0.5963484210149302,0.630958065223831,5.2849523425970375e-06,,
