sample_name,porosity,nu,g,all_converged,total_iterations,iterations_x,iterations_y,iterations_z,K_star_xx,K_star_xy,K_star_xz,K_star_yx,K_star_yy,K_star_yz,K_star_zx,K_star_zy,K_star_zz,K_xx,K_xy,K_xz,K_yx,K_yy,K_yz,K_zx,K_zy,K_zz,K_star_eig1,K_star_eig2,K_star_eig3,K_eig1,K_eig2,K_eig3,symmetry_error,error_type,error_message
eps_0.02_coeffs_0.617_0.288_0.681_32.028_28.255_-2927.976_m_-0.255_rho_0.394_,0.6058340072631836,0.16666666666666666,1e-05,True,27500,10000,7500,10000,4.027499228305781,0.17473833880038758,-0.1933073940718677,0.1748979593363526,3.8157371741765744,0.1213961300552267,-0.19329093731176356,0.12147373214215186,3.407329178216391,2.439995996733871,0.10586242801795065,-0.117112193184163,0.10595913156689583,2.3117033428944906,0.07354590393760059,-0.11710222311924252,0.07359291792089445,2.0642758901036062,3.297138081307346,3.8089618132962,4.144465686095202,1.9975183762984736,2.3075985988616785,2.510858254571816,3.864160334779713e-05,,
