sample_name,porosity,nu,g,all_converged,total_iterations,iterations_x,iterations_y,iterations_z,K_star_xx,K_star_xy,K_star_xz,K_star_yx,K_star_yy,K_star_yz,K_star_zx,K_star_zy,K_star_zz,K_xx,K_xy,K_xz,K_yx,K_yy,K_yz,K_zx,K_zy,K_zz,K_star_eig1,K_star_eig2,K_star_eig3,K_eig1,K_eig2,K_eig3,symmetry_error,error_type,error_message
eps_0.02_coeffs_0.931_0.811_0.295_78.523_95.728_-3333.151_m_-0.339_rho_0.616_,0.383669376373291,0.16666666666666666,1e-05,True,57500,20000,20000,17500,1.0664597434802083,0.03267326321157811,-0.025837563670374663,0.032673322749902374,1.2085715710462621,0.027656213581109475,-0.025837021342807052,0.027656767866296006,1.201406420957914,0.40916794470827145,0.012535730520466566,-0.009913081940417847,0.012535753363498306,0.463691900965808,0.010610842217510814,-0.009912873865938192,0.010611054879762664,0.46094285229979043,1.052656429798632,1.1904951389189828,1.2332861667667692,0.4038720359561762,0.456756527524481,0.4731741344932129,5.467932867722239e-07,,
