sample_name,porosity,nu,g,all_converged,total_iterations,iterations_x,iterations_y,iterations_z,K_star_xx,K_star_xy,K_star_xz,K_star_yx,K_star_yy,K_star_yz,K_star_zx,K_star_zy,K_star_zz,K_xx,K_xy,K_xz,K_yx,K_yy,K_yz,K_zx,K_zy,K_zz,K_star_eig1,K_star_eig2,K_star_eig3,K_eig1,K_eig2,K_eig3,symmetry_error,error_type,error_message
eps_0.02_coeffs_0.691_0.788_0.756_34.388_126.177_-2731.986_m_-0.5_rho_0.584_,0.415618896484375,0.16666666666666666,1e-05,True,52500,20000,17500,15000,1.117595907394031,-0.028054032855954484,-0.04445133738947633,-0.028047833287532384,0.8982403566115522,0.004855160386332249,-0.04444365224090716,0.004857282207678983,1.221413983793784,0.46449397774656087,-0.011659786177528202,-0.01847481579306879,-0.01165720951974193,0.37332566579262483,0.002017896402022061,-0.018471621700101155,0.0020187782710687275,0.5076427320949568,0.894709145288176,1.1040930555028219,1.2384480470083699,0.3718580276391502,0.45888193734414456,0.5147224106508478,7.576989435579041e-06,,
