sample_name,porosity,nu,g,all_converged,total_iterations,iterations_x,iterations_y,iterations_z,K_star_xx,K_star_xy,K_star_xz,K_star_yx,K_star_yy,K_star_yz,K_star_zx,K_star_zy,K_star_zz,K_xx,K_xy,K_xz,K_yx,K_yy,K_yz,K_zx,K_zy,K_zz,K_star_eig1,K_star_eig2,K_star_eig3,K_eig1,K_eig2,K_eig3,symmetry_error,error_type,error_message
eps_0.02_coeffs_0.352_0.464_0.291_-17.628_24.69_-1369.397_m_-0.315_rho_0.693_,0.30719423294067383,0.16666666666666666,1e-05,True,65000,20000,22500,22500,0.6246580207653021,-0.0030322276942405984,-0.0011801648177973186,-0.003032347676522779,0.6338237258814879,-0.0017562592864959886,-0.0011800792983758367,-0.0017563162295064216,0.6334424706578765,0.19189134153923648,-0.0009314828606337087,-0.0003625398259468174,-0.0009315197184988496,0.1947069932917636,-0.0005395127243600703,-0.00036251355487373373,-0.0005395302169244816,0.19458987388579166,0.6234727700833675,0.6328053806769088,0.6356460665443902,0.1915272393651572,0.1943941635177742,0.19526680583386047,2.045070536864509e-07,,
