sample_name,porosity,nu,g,all_converged,total_iterations,iterations_x,iterations_y,iterations_z,K_star_xx,K_star_xy,K_star_xz,K_star_yx,K_star_yy,K_star_yz,K_star_zx,K_star_zy,K_star_zz,K_xx,K_xy,K_xz,K_yx,K_yy,K_yz,K_zx,K_zy,K_zz,K_star_eig1,K_star_eig2,K_star_eig3,K_eig1,K_eig2,K_eig3,symmetry_error,error_type,error_message
eps_0.02_coeffs_0.974_1.022_0.448_44.159_100.53_-117.824_m_-0.336_rho_0.583_,0.41667890548706055,0.16666666666666666,1e-05,True,200000,70000,70000,60000,0.5109777293351858,-0.3443131870588541,0.025030115921292753,-0.34431298126547283,0.5109769033089104,-0.025030517443394965,0.025059018063697185,-0.02504226455451028,2.9259774295395133,0.2129136409876487,-0.14346804192844487,0.010429521306298511,-0.143467956178684,0.21291329679992438,-0.010429688612088591,0.010441564219361823,-0.010434583385490755,1.2191930728203673,0.16666433500561595,0.8546843624449765,2.926583364733017,0.06944551269386895,0.35612894468047895,1.2194455532335926,1.4450164960727497e-05,,
