sample_name,porosity,nu,g,all_converged,total_iterations,iterations_x,iterations_y,iterations_z,K_star_xx,K_star_xy,K_star_xz,K_star_yx,K_star_yy,K_star_yz,K_star_zx,K_star_zy,K_star_zz,K_xx,K_xy,K_xz,K_yx,K_yy,K_yz,K_zx,K_zy,K_zz,K_star_eig1,K_star_eig2,K_star_eig3,K_eig1,K_eig2,K_eig3,symmetry_error,error_type,error_message
eps_0.02_coeffs_0.465_-0.087_0.53_44.006_132.41_993.392_m_-0.273_rho_0.532_,0.46843385696411133,0.16666666666666666,1e-05,True,180000,117500,15000,47500,0.16664983011727214,-1.3463106378627459e-11,1.2574962360871517e-11,-1.7377817025293918e-12,1.4947140013225853,4.898324159223758e-13,2.122148885636254e-12,-4.203576370938817e-12,0.16664791657812486,0.07806442268424771,-6.30657484765859e-12,5.890538119881572e-12,-8.140357854775029e-13,0.7001746446977984,2.294540878565673e-13,9.940863875506812e-13,-1.969097492482072e-12,0.0780635263177245,0.16664791657812505,0.16664983011727214,1.4947140013225853,0.07806352631772455,0.07806442268424771,0.7001746446977986,1.532205215238375e-11,,
