sample_name,porosity,nu,g,all_converged,total_iterations,iterations_x,iterations_y,iterations_z,K_star_xx,K_star_xy,K_star_xz,K_star_yx,K_star_yy,K_star_yz,K_star_zx,K_star_zy,K_star_zz,K_xx,K_xy,K_xz,K_yx,K_yy,K_yz,K_zx,K_zy,K_zz,K_star_eig1,K_star_eig2,K_star_eig3,K_eig1,K_eig2,K_eig3,symmetry_error,error_type,error_message
eps_0.02_coeffs_0.316_0.446_0.651_-26.297_92.623_900.852_m_-0.518_rho_0.692_,0.3075733184814453,0.16666666666666666,1e-05,True,82500,30000,30000,22500,0.7930741376662911,-0.017633816935585047,-0.02674009811258363,-0.0176333191504897,0.8790798012980058,0.012736188139863722,-0.0267430121199876,0.012732937575620728,1.0748458546693793,0.24392844432383176,-0.005423691592372204,-0.00822454071300678,-0.005423538486958537,0.2703814916952372,0.003917311650981911,-0.008225436983934098,0.003916311864150757,0.3305939063766863,0.7876083417689038,0.8809950014605685,1.0783964504042036,0.24224731134153007,0.2709705561647928,0.3316859748894323,3.884040608210186e-06,,
