sample_name,porosity,nu,g,all_converged,total_iterations,iterations_x,iterations_y,iterations_z,K_star_xx,K_star_xy,K_star_xz,K_star_yx,K_star_yy,K_star_yz,K_star_zx,K_star_zy,K_star_zz,K_xx,K_xy,K_xz,K_yx,K_yy,K_yz,K_zx,K_zy,K_zz,K_star_eig1,K_star_eig2,K_star_eig3,K_eig1,K_eig2,K_eig3,symmetry_error,error_type,error_message
eps_0.02_coeffs_0.823_0.633_0.293_52.974_105.85_-1128.289_m_-0.28_rho_0.407_,0.593294620513916,0.16666666666666666,1e-05,True,50000,20000,17500,12500,1.8527173535934192,-0.08232542949309017,-0.21786693936878768,-0.0823394023404983,1.7896890610660745,0.12011772809946533,-0.21783280795356358,0.12017355303061705,2.2385486560362926,1.0992072392197543,-0.048843234449748085,-0.12925928311533325,-0.04885152446494859,1.0618128923231034,0.07126520190976603,-0.12923903313029025,0.0712983225411089,1.3281188753849889,1.7294830046212855,1.7794910528529404,2.3719810132215615,1.0260929629120523,1.055762468910294,1.4072835751054997,2.7564094242160227e-05,,
