sample_name,porosity,nu,g,all_converged,total_iterations,iterations_x,iterations_y,iterations_z,K_star_xx,K_star_xy,K_star_xz,K_star_yx,K_star_yy,K_star_yz,K_star_zx,K_star_zy,K_star_zz,K_xx,K_xy,K_xz,K_yx,K_yy,K_yz,K_zx,K_zy,K_zz,K_star_eig1,K_star_eig2,K_star_eig3,K_eig1,K_eig2,K_eig3,symmetry_error,error_type,error_message
eps_0.02_coeffs_0.921_0.59_0.532_88.971_98.332_-3534.383_m_-0.365_rho_0.624_,0.37563467025756836,0.16666666666666666,1e-05,True,67500,22500,22500,22500,1.0462567113268324,0.05522498753216867,0.049732767565641205,0.05521804450478774,1.325215013405045,-0.0372666100018291,0.04972899260612434,-0.03726867856537809,1.1466760241914153,0.39301029476402255,0.020744419981624504,0.018681351745515926,0.020741811939823676,0.4977967045807832,-0.013998630759654473,0.018679933739842572,-0.013999407783841105,0.4307312702394018,1.012149890031773,1.1661780591916642,1.3398197996998562,0.3801985901933191,0.4380569107260716,0.5032827686648166,5.651027787777751e-06,,
