sample_name,porosity,nu,g,all_converged,total_iterations,iterations_x,iterations_y,iterations_z,K_star_xx,K_star_xy,K_star_xz,K_star_yx,K_star_yy,K_star_yz,K_star_zx,K_star_zy,K_star_zz,K_xx,K_xy,K_xz,K_yx,K_yy,K_yz,K_zx,K_zy,K_zz,K_star_eig1,K_star_eig2,K_star_eig3,K_eig1,K_eig2,K_eig3,symmetry_error,error_type,error_message
eps_0.02_coeffs_0.52_-0.522_0.871_46.392_15.569_-3894.778_m_-0.262_rho_0.644_,0.355867862701416,0.16666666666666666,1e-05,True,57500,17500,20000,20000,1.4878638660334653,0.02949480946405223,0.02043319516760268,0.029492726247680883,1.247611172719591,0.007040219350626062,0.020436111964918895,0.0070409959257010865,1.2411901085956802,0.5294829339959952,0.010496254804757766,0.007271517492455667,0.010495513455000148,0.44398472151812807,0.002505387813256448,0.007272555486882522,0.0025056641713686236,0.4416996711520832,1.2366531298093686,1.2468078378905034,1.4932041796488642,0.44008510620827684,0.44369884046946706,0.5313833799884626,2.250064435814347e-06,,
