sample_name,porosity,nu,g,all_converged,total_iterations,iterations_x,iterations_y,iterations_z,K_star_xx,K_star_xy,K_star_xz,K_star_yx,K_star_yy,K_star_yz,K_star_zx,K_star_zy,K_star_zz,K_xx,K_xy,K_xz,K_yx,K_yy,K_yz,K_zx,K_zy,K_zz,K_star_eig1,K_star_eig2,K_star_eig3,K_eig1,K_eig2,K_eig3,symmetry_error,error_type,error_message
eps_0.02_coeffs_0.457_0.218_0.888_93.935_90.431_-2451.249_m_-0.287_rho_0.576_,0.4244260787963867,0.16666666666666666,1e-05,True,135000,45000,50000,40000,0.675096102203518,-0.08410346098157165,-0.06214682066730434,-0.08410434790819812,0.6211931866146398,0.004736475154027967,-0.062148919451232465,0.004735991801380573,0.7400996992834082,0.28652839146896386,-0.03569570215761336,-0.02637673140548623,-0.03569607859240362,0.2636505883698837,0.002010283576940602,-0.02637762218411908,0.0020100784294717925,0.31411761328524196,0.5535412059504424,0.6891096182877983,0.7937381638633255,0.2349373234937693,0.2924760931507652,0.33688317647955507,2.7727565340728864e-06,,
