sample_name,porosity,nu,g,all_converged,total_iterations,iterations_x,iterations_y,iterations_z,K_star_xx,K_star_xy,K_star_xz,K_star_yx,K_star_yy,K_star_yz,K_star_zx,K_star_zy,K_star_zz,K_xx,K_xy,K_xz,K_yx,K_yy,K_yz,K_zx,K_zy,K_zz,K_star_eig1,K_star_eig2,K_star_eig3,K_eig1,K_eig2,K_eig3,symmetry_error,error_type,error_message
eps_0.02_coeffs_0.711_0.868_0.251_6.944_40.907_-58.447_m_-0.426_rho_0.45_,0.5499391555786133,0.16666666666666666,1e-05,True,97500,17500,35000,45000,14.202126305487555,-0.16886339518821916,-8.402070118288234,-0.16809919551587113,1.0693365598441646,-0.82048497906694,-8.394909153593208,-0.8182868275183894,25.250487543919277,7.810305347860637,-0.09286459295794691,-4.620627345963731,-0.09244432963544238,0.5880700447500392,-0.45121681655300916,-4.616689251086219,-0.4500079669465655,13.886231797851261,1.0218428590125823,9.710076605086398,29.79003094515201,0.5619513990194155,5.339951328804862,16.382704462637662,0.0003396517405116695,,
