sample_name,porosity,nu,g,all_converged,total_iterations,iterations_x,iterations_y,iterations_z,K_star_xx,K_star_xy,K_star_xz,K_star_yx,K_star_yy,K_star_yz,K_star_zx,K_star_zy,K_star_zz,K_xx,K_xy,K_xz,K_yx,K_yy,K_yz,K_zx,K_zy,K_zz,K_star_eig1,K_star_eig2,K_star_eig3,K_eig1,K_eig2,K_eig3,symmetry_error,error_type,error_message
eps_0.02_coeffs_0.547_1.439_0.454_73.748_12.113_-2439.59_m_-0.388_rho_0.547_,0.4527883529663086,0.16666666666666666,1e-05,True,40000,17500,15000,7500,1.9377169739328384,-1.5388695673660646,0.20430877539016645,-1.5388791007982467,2.5495689179279086,0.40590720338907965,0.2042699753611224,0.40572296976317374,5.760858529589382,0.8773756771419094,-0.6967822168376563,0.09250863390547695,-0.6967865334647121,1.1544151111226713,0.1837900540797018,0.09249106570423105,0.18370663523966685,2.6084496452846864,0.640892664684735,3.7958745088738572,5.811377247891539,0.29018873407078977,1.7187277669397891,2.631323932538688,3.8245721509358034e-05,,
