sample_name,porosity,nu,g,all_converged,total_iterations,iterations_x,iterations_y,iterations_z,K_star_xx,K_star_xy,K_star_xz,K_star_yx,K_star_yy,K_star_yz,K_star_zx,K_star_zy,K_star_zz,K_xx,K_xy,K_xz,K_yx,K_yy,K_yz,K_zx,K_zy,K_zz,K_star_eig1,K_star_eig2,K_star_eig3,K_eig1,K_eig2,K_eig3,symmetry_error,error_type,error_message
eps_0.02_coeffs_0.639_0.34_0.452_-37.183_1.759_773.946_m_-0.571_rho_0.453_,0.5474467277526855,0.16666666666666666,1e-05,True,32500,10000,12500,10000,3.7690199854841673,-0.9164580674640548,0.8453314516209788,-0.9152508632149615,24.66489594171824,1.8503617237145604,0.8459728175763813,1.8260493464887415,11.781900492041908,2.063337657887782,-0.5017119701557468,0.46277393705633246,-0.5010510901398515,13.502716573654144,1.0129744708063548,0.46312505074990956,0.9996647394501914,6.449962871076099,3.622183162721517,11.645343292097142,24.94828996442565,1.9829523197527679,6.375205078815268,13.657859704049983,0.00124003094745745,,
