sample_name,porosity,nu,g,all_converged,total_iterations,iterations_x,iterations_y,iterations_z,K_star_xx,K_star_xy,K_star_xz,K_star_yx,K_star_yy,K_star_yz,K_star_zx,K_star_zy,K_star_zz,K_xx,K_xy,K_xz,K_yx,K_yy,K_yz,K_zx,K_zy,K_zz,K_star_eig1,K_star_eig2,K_star_eig3,K_eig1,K_eig2,K_eig3,symmetry_error,error_type,error_message
eps_0.02_coeffs_0.96_-0.093_0.712_34.729_115.064_-681.539_m_-0.433_rho_0.571_,0.42890310287475586,0.16666666666666666,1e-05,True,67500,22500,22500,22500,2.6494216513405586,0.03653464587864232,-0.16173096068186005,0.0365592852050778,3.4490357723451543,-0.9362152025093051,-0.16183780228224484,-0.9362095524700575,2.2453344125310317,1.1363451670835252,0.015669822979780104,-0.06936691086736492,0.015680390863341023,1.4793021446848669,-0.40154560531475886,-0.06941273556128606,-0.40154318199539424,0.9630308965260266,1.717474509926318,2.6570020940069408,3.969315232283486,0.7366301464156982,1.1395964424643008,1.70245161941442,3.0589312185269567e-05,,
