sample_name,porosity,nu,g,all_converged,total_iterations,iterations_x,iterations_y,iterations_z,K_star_xx,K_star_xy,K_star_xz,K_star_yx,K_star_yy,K_star_yz,K_star_zx,K_star_zy,K_star_zz,K_xx,K_xy,K_xz,K_yx,K_yy,K_yz,K_zx,K_zy,K_zz,K_star_eig1,K_star_eig2,K_star_eig3,K_eig1,K_eig2,K_eig3,symmetry_error,error_type,error_message
eps_0.02_coeffs_0.928_-0.379_0.333_-3.602_120.697_-71.963_m_-0.343_rho_0.667_,0.33318042755126953,0.16666666666666666,1e-05,True,70000,25000,22500,22500,0.710256503381907,0.006171247060347674,0.0016710905850798395,0.006171524252183287,0.7438028074498516,0.0023762425550673837,0.00167095740868534,0.0023763109658521387,0.7302704246867565,0.2366435654678535,0.002056138734091153,0.0005567746756138021,0.0020562310889854565,0.24782053739997617,0.000791717510462872,0.000556730303845743,0.0007917403035973858,0.2433118123251807,0.7090852779828872,0.7298818389193193,0.7453626186163085,0.23625333608864918,0.24318234315304563,0.2483402359513156,3.532116879103628e-07,,
