sample_name,porosity,nu,g,all_converged,total_iterations,iterations_x,iterations_y,iterations_z,K_star_xx,K_star_xy,K_star_xz,K_star_yx,K_star_yy,K_star_yz,K_star_zx,K_star_zy,K_star_zz,K_xx,K_xy,K_xz,K_yx,K_yy,K_yz,K_zx,K_zy,K_zz,K_star_eig1,K_star_eig2,K_star_eig3,K_eig1,K_eig2,K_eig3,symmetry_error,error_type,error_message
eps_0.02_coeffs_0.564_0.727_0.897_11.784_77.414_-1488.845_m_-0.239_rho_0.641_,0.35927248001098633,0.16666666666666666,1e-05,True,55000,20000,17500,17500,1.058592967204288,0.006398276736453799,-0.011964950824464122,0.006398722972065095,1.0936108524523884,0.020664114070630003,-0.011965032048120546,0.0206641152913042,1.1165903409133962,0.3803233206496733,0.002298724750902356,-0.00429867755591472,0.0022988850710770957,0.3929042831274984,0.007424047509385159,-0.0042987067373391995,0.007424047947939805,0.40116018093626854,1.0531869615719316,1.08612904411127,1.1294781548868704,0.3783810915991832,0.39021627528981834,0.40579041782443886,3.397450411116419e-07,,
