sample_name,porosity,nu,g,all_converged,total_iterations,iterations_x,iterations_y,iterations_z,K_star_xx,K_star_xy,K_star_xz,K_star_yx,K_star_yy,K_star_yz,K_star_zx,K_star_zy,K_star_zz,K_xx,K_xy,K_xz,K_yx,K_yy,K_yz,K_zx,K_zy,K_zz,K_star_eig1,K_star_eig2,K_star_eig3,K_eig1,K_eig2,K_eig3,symmetry_error,error_type,error_message
eps_0.02_coeffs_0.826_1.026_0.549_30.895_80.92_429.256_m_-0.537_rho_0.494_,0.5063652992248535,0.16666666666666666,1e-05,True,47500,15000,15000,17500,52.11806514511195,0.8912969111541649,7.562853509508166,0.9357416342636454,53.9189381591653,-7.423215312590004,7.768266679098836,-7.51952005007745,59.221636178353094,26.39077965222502,0.45132182711476637,3.829566580335836,0.47382709263106426,27.30267925485211,-3.758858642970152,3.9335806814203416,-3.8076240201847535,29.987781524037175,44.1969147577504,54.014020707446974,67.04770401743293,22.379783966123636,27.350825757863834,33.95063070712685,0.0033790244373221425,,
