sample_name,porosity,nu,g,all_converged,total_iterations,iterations_x,iterations_y,iterations_z,K_star_xx,K_star_xy,K_star_xz,K_star_yx,K_star_yy,K_star_yz,K_star_zx,K_star_zy,K_star_zz,K_xx,K_xy,K_xz,K_yx,K_yy,K_yz,K_zx,K_zy,K_zz,K_star_eig1,K_star_eig2,K_star_eig3,K_eig1,K_eig2,K_eig3,symmetry_error,error_type,error_message
eps_0.02_coeffs_0.931_1.008_0.355_44.598_85.245_-1461.285_m_-0.474_rho_0.375_,0.6253023147583008,0.16666666666666666,1e-05,True,27500,10000,7500,10000,5.021108960277702,-0.4143374102889929,-0.21900082666534412,-0.4149623944485405,5.708637698783854,-0.15661780888537816,-0.21800604389790768,-0.15717309612867475,5.479802524424212,3.1397110555152916,-0.25908614174466704,-0.13694172384782108,-0.2594769457863194,3.5696243671660435,-0.09793347842840013,-0.1363196838806614,-0.09828070082698924,3.4265332029408397,4.732389590606436,5.5667434085436005,5.910416184335731,2.9591741653442916,3.480897539027826,3.6957969212500554,0.00019554602627585072,,
