sample_name,porosity,nu,g,all_converged,total_iterations,iterations_x,iterations_y,iterations_z,K_star_xx,K_star_xy,K_star_xz,K_star_yx,K_star_yy,K_star_yz,K_star_zx,K_star_zy,K_star_zz,K_xx,K_xy,K_xz,K_yx,K_yy,K_yz,K_zx,K_zy,K_zz,K_star_eig1,K_star_eig2,K_star_eig3,K_eig1,K_eig2,K_eig3,symmetry_error,error_type,error_message
eps_0.02_coeffs_0.489_1.116_0.47_41.91_109.572_-2508.593_m_-0.412_rho_0.478_,0.5224137306213379,0.16666666666666666,1e-05,True,50000,15000,17500,17500,1.3148386655832227,-0.03554352258916524,-0.07957027863852895,-0.03554920049076634,1.3048101979752884,0.019649875237046078,-0.07957736803352838,0.01964634388037502,1.2815994303228253,0.686889772452513,-0.018568424235229607,-0.04156860611013326,-0.01857139044898714,0.6816507632770369,0.010265364628829089,-0.04157230970742276,0.010263519799616405,0.6695251395571286,1.216271024108527,1.2880581317400717,1.3969191380327382,0.6353966831511706,0.6728992538594816,0.7297697382760264,6.108787009555086e-06,,
