sample_name,porosity,nu,g,all_converged,total_iterations,iterations_x,iterations_y,iterations_z,K_star_xx,K_star_xy,K_star_xz,K_star_yx,K_star_yy,K_star_yz,K_star_zx,K_star_zy,K_star_zz,K_xx,K_xy,K_xz,K_yx,K_yy,K_yz,K_zx,K_zy,K_zz,K_star_eig1,K_star_eig2,K_star_eig3,K_eig1,K_eig2,K_eig3,symmetry_error,error_type,error_message
eps_0.02_coeffs_0.495_-0.131_0.425_42.192_80.881_-2347.129_m_-0.518_rho_0.473_,0.5268001556396484,0.16666666666666666,1e-05,True,40000,15000,12500,12500,1.9514984768325339,-0.047333748636038314,0.265513018580315,-0.04731906601237596,1.8382886057184071,-0.045524537336744254,0.26550121873232846,-0.04551934828259877,1.777254314865239,1.0280497013259158,-0.02493542614847298,0.1398722995124628,-0.024927691340042454,0.9684107236030493,-0.02398233335441986,0.13986608335070697,-0.023979599759888396,0.9362578496822447,1.5846093497808296,1.8253562807800985,2.157075766855252,0.834772452092583,0.9615979728127657,1.1363478497058612,8.528846132245233e-06,,
