sample_name,porosity,nu,g,all_converged,total_iterations,iterations_x,iterations_y,iterations_z,K_star_xx,K_star_xy,K_star_xz,K_star_yx,K_star_yy,K_star_yz,K_star_zx,K_star_zy,K_star_zz,K_xx,K_xy,K_xz,K_yx,K_yy,K_yz,K_zx,K_zy,K_zz,K_star_eig1,K_star_eig2,K_star_eig3,K_eig1,K_eig2,K_eig3,symmetry_error,error_type,error_message
eps_0.02_coeffs_0.498_0.468_0.668_98.977_26.074_-3562.132_m_-0.244_rho_0.331_,0.6690864562988281,0.16666666666666666,1e-05,True,42500,15000,17500,10000,1.5498260592232598,0.3550404702512411,-0.358270764925365,0.3549658425266127,2.1327680936330413,0.016558523621269715,-0.3582158266958827,0.016402987777689882,2.476446834959532,1.0369676258452687,0.2375527700830724,-0.23971411649938298,0.23750283768325914,1.4270062458761388,0.011079083891295792,-0.2396773580741033,0.010975016964887513,1.656957037015522,1.288372327856709,2.2468981333042226,2.6237705266549023,0.8620324752391172,1.5033691096769735,1.7555293238208385,6.944787691698288e-05,,
