sample_name,porosity,nu,g,all_converged,total_iterations,iterations_x,iterations_y,iterations_z,K_star_xx,K_star_xy,K_star_xz,K_star_yx,K_star_yy,K_star_yz,K_star_zx,K_star_zy,K_star_zz,K_xx,K_xy,K_xz,K_yx,K_yy,K_yz,K_zx,K_zy,K_zz,K_star_eig1,K_star_eig2,K_star_eig3,K_eig1,K_eig2,K_eig3,symmetry_error,error_type,error_message
eps_0.02_coeffs_0.174_0.341_0.344_12.097_19.562_-439.433_m_-0.279_rho_0.405_,0.5952839851379395,0.16666666666666666,1e-05,True,37500,12500,12500,12500,4.139266401198476,-0.10415562563907932,-0.2230774676648597,-0.10420739460085653,4.069546601999337,0.08510991178138931,-0.22318308382001645,0.0850469420203218,4.614503027347299,2.464038998853006,-0.062002175904966476,-0.1327944439460175,-0.06203299313883967,2.4225359189427254,0.050664567459963894,-0.13285731555175417,0.05062708256965244,2.746939751550386,3.9850348933814175,4.114124217566917,4.724156919596777,2.3722274522458333,2.449072259585741,2.812214957514543,2.5412885149401146e-05,,
