sample_name,porosity,nu,g,all_converged,total_iterations,iterations_x,iterations_y,iterations_z,K_star_xx,K_star_xy,K_star_xz,K_star_yx,K_star_yy,K_star_yz,K_star_zx,K_star_zy,K_star_zz,K_xx,K_xy,K_xz,K_yx,K_yy,K_yz,K_zx,K_zy,K_zz,K_star_eig1,K_star_eig2,K_star_eig3,K_eig1,K_eig2,K_eig3,symmetry_error,error_type,error_message
eps_0.02_coeffs_0.241_0.291_0.71_25.068_101.176_91.106_m_-0.522_rho_0.475_,0.5250792503356934,0.16666666666666666,1e-05,True,35000,12500,10000,12500,36.52810907875242,0.3866593878343288,-2.4079143008278723,0.388056186907589,11.409176934093844,-1.1446387677508236,-2.559812567784714,-1.1503498308176308,19.245709091315216,19.180152131251756,0.20302682149930748,-1.2643458359512945,0.20376025170956452,5.99072207150128,-0.6010260660757742,-1.344104464092284,-0.6040248267895132,10.105522501846632,11.243787125492755,19.028065769158005,36.91114220951072,5.903879314787857,9.991242509407751,19.381274880404057,0.004997916477417626,,
