sample_name,porosity,nu,g,all_converged,total_iterations,iterations_x,iterations_y,iterations_z,K_star_xx,K_star_xy,K_star_xz,K_star_yx,K_star_yy,K_star_yz,K_star_zx,K_star_zy,K_star_zz,K_xx,K_xy,K_xz,K_yx,K_yy,K_yz,K_zx,K_zy,K_zz,K_star_eig1,K_star_eig2,K_star_eig3,K_eig1,K_eig2,K_eig3,symmetry_error,error_type,error_message
eps_0.02_coeffs_0.638_-0.175_0.902_54.337_117.138_-1106.888_m_-0.482_rho_0.493_,0.5072689056396484,0.16666666666666666,1e-05,True,45000,15000,15000,15000,3.150339465669667,-0.26348561067353016,0.034833336347660164,-0.2633821487483305,2.3166986911890564,-0.2800433778775692,0.03456006777465942,-0.2798013902258118,3.008995279071616,1.598069253143647,-0.13365805737815611,0.01766986840885536,-0.1336055743605847,1.1751892097762784,-0.14205729782758508,0.017531247758883563,-0.14193454501629976,1.5263697422895273,2.1602352075098197,3.0309717207215594,3.2848265076989596,1.0958201496377462,1.5375177077951476,1.6662903477765592,0.00010808114456588048,,
