sample_name,porosity,nu,g,all_converged,total_iterations,iterations_x,iterations_y,iterations_z,K_star_xx,K_star_xy,K_star_xz,K_star_yx,K_star_yy,K_star_yz,K_star_zx,K_star_zy,K_star_zz,K_xx,K_xy,K_xz,K_yx,K_yy,K_yz,K_zx,K_zy,K_zz,K_star_eig1,K_star_eig2,K_star_eig3,K_eig1,K_eig2,K_eig3,symmetry_error,error_type,error_message
eps_0.02_coeffs_0.585_1.152_0.355_-26.153_6.762_854.634_m_-0.504_rho_0.676_,0.3244166374206543,0.16666666666666666,1e-05,True,62500,32500,15000,15000,0.16666666081890455,4.2333853261012304e-11,3.917931342295315e-11,5.973323458087804e-14,31.688250368200915,31.521583406175083,-3.106962092886322e-13,31.521583704097846,31.688250070744104,0.054069437672997725,1.3733806323997013e-11,1.2710421117124365e-11,1.93784551049876e-14,10.280195630195552,10.226126094806014,-1.0079501947676191e-13,10.226126191457116,10.280195533695613,0.16666651537466284,0.16666666081890455,63.20983392357036,0.05406939048846406,0.054069437672997725,20.506321773402696,6.665473815118566e-09,,
