sample_name,porosity,nu,g,all_converged,total_iterations,iterations_x,iterations_y,iterations_z,K_star_xx,K_star_xy,K_star_xz,K_star_yx,K_star_yy,K_star_yz,K_star_zx,K_star_zy,K_star_zz,K_xx,K_xy,K_xz,K_yx,K_yy,K_yz,K_zx,K_zy,K_zz,K_star_eig1,K_star_eig2,K_star_eig3,K_eig1,K_eig2,K_eig3,symmetry_error,error_type,error_message
eps_0.02_coeffs_0.872_0.281_0.353_48.054_113.653_-387.939_m_-0.206_rho_0.456_,0.5435233116149902,0.16666666666666666,1e-05,True,85000,27500,32500,25000,1.0370891878892048,0.031057385916985675,0.005824721646909608,0.03105043009210032,0.9777141673085583,-0.11107974065251247,0.005852730985664589,-0.11107321666412875,1.4720499310524306,0.5636821498416414,0.016880413243704814,0.00316587199876383,0.01687663259072811,0.5314104420284402,-0.06037442849278783,0.003181095727320083,-0.06037088255301658,0.8000934533882351,0.9432687976062336,1.0477228216094443,1.4958616670345162,0.5126885806180296,0.5694617776557669,0.8130356869845203,2.035718702194571e-05,,
