sample_name,porosity,nu,g,all_converged,total_iterations,iterations_x,iterations_y,iterations_z,K_star_xx,K_star_xy,K_star_xz,K_star_yx,K_star_yy,K_star_yz,K_star_zx,K_star_zy,K_star_zz,K_xx,K_xy,K_xz,K_yx,K_yy,K_yz,K_zx,K_zy,K_zz,K_star_eig1,K_star_eig2,K_star_eig3,K_eig1,K_eig2,K_eig3,symmetry_error,error_type,error_message
eps_0.02_coeffs_0.168_-0.25_0.801_34.762_20.956_-2700.545_m_-0.206_rho_0.3_,0.699549674987793,0.16666666666666666,1e-05,True,37500,12500,12500,12500,2.3390090013005063,-0.013027956010769337,-0.08441790816636825,-0.012979320329372643,2.22672285500765,0.009080019030905615,-0.08442233484455562,0.009086718848622598,2.4898625339866203,1.6362529866532913,-0.009113702393088953,-0.059054520220932265,-0.009079679317975086,1.5577032495084921,0.006351924361952998,-0.059057616902219515,0.006356611217259391,1.741782526414623,2.2252406341600173,2.3020951412980724,2.528258614836688,1.5566663623962707,1.6104299078860438,1.7686424922940929,1.7087908233593382e-05,,
