sample_name,porosity,nu,g,all_converged,total_iterations,iterations_x,iterations_y,iterations_z,K_star_xx,K_star_xy,K_star_xz,K_star_yx,K_star_yy,K_star_yz,K_star_zx,K_star_zy,K_star_zz,K_xx,K_xy,K_xz,K_yx,K_yy,K_yz,K_zx,K_zy,K_zz,K_star_eig1,K_star_eig2,K_star_eig3,K_eig1,K_eig2,K_eig3,symmetry_error,error_type,error_message
eps_0.02_coeffs_0.371_-0.438_0.551_-5.907_82.828_110.241_m_-0.286_rho_0.561_,0.43882274627685547,0.16666666666666666,1e-05,True,55000,17500,20000,17500,1.0035039221476596,-0.009115121045980846,0.05519505578034065,-0.009113747079105719,0.8768536203369439,-0.00779892594795644,0.05519895458843613,-0.0077971717018044595,0.9193315883096197,0.44036034701643173,-0.003999922450043278,0.02422084595843331,-0.003999319522125841,0.3847833137590609,-0.003422346102492073,0.024222556844108973,-0.003421576299378016,0.4034236123210908,0.875459584958025,0.892525381419421,1.0317041644167768,0.38417157932567664,0.3916604389962683,0.4527352547746384,3.9179304604740235e-06,,
