sample_name,porosity,nu,g,all_converged,total_iterations,iterations_x,iterations_y,iterations_z,K_star_xx,K_star_xy,K_star_xz,K_star_yx,K_star_yy,K_star_yz,K_star_zx,K_star_zy,K_star_zz,K_xx,K_xy,K_xz,K_yx,K_yy,K_yz,K_zx,K_zy,K_zz,K_star_eig1,K_star_eig2,K_star_eig3,K_eig1,K_eig2,K_eig3,symmetry_error,error_type,error_message
eps_0.02_coeffs_0.654_1.334_0.339_-12.565_86.039_293.77_m_-0.301_rho_0.611_,0.38948631286621094,0.16666666666666666,1e-05,True,87500,30000,30000,27500,0.5021986079440409,0.0025271950197925733,-0.015469169566990262,0.002527179510341066,0.48345319305941303,-0.022315131500403068,-0.015469248296261989,-0.022315162196019114,0.4964827272900434,0.19559948413466832,0.0009843078701528604,-0.006025029817749238,0.000984301829433778,0.18829840160810724,-0.008691438289216629,-0.006025060481722997,-0.008691450244738943,0.19337322685395952,0.4651276982320575,0.4940533315517201,0.52295349850972,0.1811608721963517,0.1924270104653471,0.20368322993503638,1.418248032552068e-07,,
