sample_name,porosity,nu,g,all_converged,total_iterations,iterations_x,iterations_y,iterations_z,K_star_xx,K_star_xy,K_star_xz,K_star_yx,K_star_yy,K_star_yz,K_star_zx,K_star_zy,K_star_zz,K_xx,K_xy,K_xz,K_yx,K_yy,K_yz,K_zx,K_zy,K_zz,K_star_eig1,K_star_eig2,K_star_eig3,K_eig1,K_eig2,K_eig3,symmetry_error,error_type,error_message
eps_0.02_coeffs_0.582_1.061_0.847_15.74_109.406_91.889_m_-0.329_rho_0.497_,0.5033063888549805,0.16666666666666666,1e-05,True,235000,95000,80000,60000,0.16666319274257763,2.6395508594935176e-12,-6.091456121314633e-11,8.503737672407819e-13,0.3041882090342743,0.027682273305759803,-5.913740168743881e-12,0.027681859159739437,0.25262711407344,0.08388264969430834,1.3285028112907424e-12,-3.0658687832874335e-11,4.2799854996696363e-13,0.15309986902130454,0.013932665012818589,-2.9764232089571254e-12,0.01393245657048062,0.12714884051115832,0.16666319274257763,0.24058013249194654,0.31623519061576777,0.08388264969430834,0.12108551771477447,0.15916319181768857,1.3592807261308166e-06,,
