sample_name,porosity,nu,g,all_converged,total_iterations,iterations_x,iterations_y,iterations_z,K_star_xx,K_star_xy,K_star_xz,K_star_yx,K_star_yy,K_star_yz,K_star_zx,K_star_zy,K_star_zz,K_xx,K_xy,K_xz,K_yx,K_yy,K_yz,K_zx,K_zy,K_zz,K_star_eig1,K_star_eig2,K_star_eig3,K_eig1,K_eig2,K_eig3,symmetry_error,error_type,error_message
eps_0.02_coeffs_0.81_0.451_0.698_78.954_62.627_-2417.39_m_-0.298_rho_0.415_,0.5851740837097168,0.16666666666666666,1e-05,True,37500,12500,12500,12500,3.7970395032938415,-0.8468499320350844,0.2294195599933859,-0.8469213726565566,4.1459455474206655,-0.11793344395012384,0.22946526637829137,-0.11784044012053917,2.796940905684978,2.221929112149572,-0.49555463301826647,0.134250380804216,-0.49559643821847615,2.4260998868222683,-0.06901159500224496,0.13427712699612274,-0.06895717157148626,1.6366973316744324,2.741040883804198,3.135585328423045,4.863299744172242,1.6039860875909941,1.8348632714535864,2.8458769716016916,2.7800507553639882e-05,,
