sample_name,porosity,nu,g,all_converged,total_iterations,iterations_x,iterations_y,iterations_z,K_star_xx,K_star_xy,K_star_xz,K_star_yx,K_star_yy,K_star_yz,K_star_zx,K_star_zy,K_star_zz,K_xx,K_xy,K_xz,K_yx,K_yy,K_yz,K_zx,K_zy,K_zz,K_star_eig1,K_star_eig2,K_star_eig3,K_eig1,K_eig2,K_eig3,symmetry_error,error_type,error_message
eps_0.02_coeffs_0.764_0.891_0.931_40.538_138.531_-637.632_m_-0.32_rho_0.535_,0.46453237533569336,0.16666666666666666,1e-05,True,97500,40000,35000,22500,0.6620909178173364,0.015412948803592142,-0.14255880881764305,0.015410046920642052,0.8092062157438226,-0.16980405732235376,-0.14255970656154687,-0.1698034512273479,1.6937739764075779,0.30756266674187666,0.007159813718660091,-0.06622318208508671,0.007158465700080339,0.37590248553588546,-0.07887948208959122,-0.0662235991161948,-0.07887920053883848,0.7868128485423947,0.6423460484359462,0.7785799941696626,1.7441450673631276,0.29839053566744644,0.36167561408048393,0.8102118510722272,2.1737622247803092e-06,,
