sample_name,porosity,nu,g,all_converged,total_iterations,iterations_x,iterations_y,iterations_z,K_star_xx,K_star_xy,K_star_xz,K_star_yx,K_star_yy,K_star_yz,K_star_zx,K_star_zy,K_star_zz,K_xx,K_xy,K_xz,K_yx,K_yy,K_yz,K_zx,K_zy,K_zz,K_star_eig1,K_star_eig2,K_star_eig3,K_eig1,K_eig2,K_eig3,symmetry_error,error_type,error_message
eps_0.02_coeffs_0.943_-0.654_0.616_86.832_146.157_-1747.261_m_-0.585_rho_0.352_,0.6479039192199707,0.16666666666666666,1e-05,True,25000,7500,10000,7500,5.119255023422275,-0.35283517430874217,-0.2213271981708244,-0.3516949810462094,4.830271053098937,0.9158503554966051,-0.2194761522682355,0.9160279376102892,6.030620609837555,3.3167853931618145,-0.22860329227329557,-0.14339875912485225,-0.22786455658983237,3.1295515461975763,0.5933830347452539,-0.14219945922990884,0.5934980908926932,3.907262728442482,4.281392809570685,5.085222993320868,6.613530883467214,2.7739311810410463,3.294735907480102,4.2849325792807225,0.00032897015852928084,,
