sample_name,porosity,nu,g,all_converged,total_iterations,iterations_x,iterations_y,iterations_z,K_star_xx,K_star_xy,K_star_xz,K_star_yx,K_star_yy,K_star_yz,K_star_zx,K_star_zy,K_star_zz,K_xx,K_xy,K_xz,K_yx,K_yy,K_yz,K_zx,K_zy,K_zz,K_star_eig1,K_star_eig2,K_star_eig3,K_eig1,K_eig2,K_eig3,symmetry_error,error_type,error_message
eps_0.02_coeffs_0.858_1.328_0.473_36.571_59.752_-1421.774_m_-0.625_rho_0.338_,0.6623187065124512,0.16666666666666666,1e-05,True,35000,10000,12500,12500,19.554133016515387,2.0628381320412306,3.108468674626775,2.1103777740155967,26.065134291037875,-2.813214093714464,3.1515623281826213,-2.813920716444049,22.571081390634937,12.951068086470887,1.366256283358109,2.058796951813279,1.397742677538636,17.263426028713543,-1.8632443196915613,2.087338684695283,-1.8637123291438125,14.94924943123259,16.42579471250412,24.117881815142734,27.646672170541343,10.87911110742479,15.973724287625506,18.31090815136673,0.0022578928414500946,,
