sample_name,porosity,nu,g,all_converged,total_iterations,iterations_x,iterations_y,iterations_z,K_star_xx,K_star_xy,K_star_xz,K_star_yx,K_star_yy,K_star_yz,K_star_zx,K_star_zy,K_star_zz,K_xx,K_xy,K_xz,K_yx,K_yy,K_yz,K_zx,K_zy,K_zz,K_star_eig1,K_star_eig2,K_star_eig3,K_eig1,K_eig2,K_eig3,symmetry_error,error_type,error_message
eps_0.02_coeffs_0.787_-0.11_0.812_21.097_80.861_-1473.509_m_-0.296_rho_0.303_,0.6968593597412109,0.16666666666666666,1e-05,True,22500,7500,7500,7500,4.850217945551907,-0.11977588325376974,0.11091528838907347,-0.11968532344463083,4.9924984268281785,-0.2106387116982286,0.11089742009123224,-0.2105517031154763,4.934234195268343,3.379919772142633,-0.08346694531666,0.07729235685232151,-0.08340383786604519,3.4790692572284874,-0.1467855577707411,0.0772799051617282,-0.14672492502547235,3.4384672821278865,4.7501439050569525,4.783252967426331,5.243553695165143,3.310182240356604,3.33325460036096,3.6540194707814435,2.100519279324903e-05,,
