sample_name,porosity,nu,g,all_converged,total_iterations,iterations_x,iterations_y,iterations_z,K_star_xx,K_star_xy,K_star_xz,K_star_yx,K_star_yy,K_star_yz,K_star_zx,K_star_zy,K_star_zz,K_xx,K_xy,K_xz,K_yx,K_yy,K_yz,K_zx,K_zy,K_zz,K_star_eig1,K_star_eig2,K_star_eig3,K_eig1,K_eig2,K_eig3,symmetry_error,error_type,error_message
eps_0.02_coeffs_0.663_-0.235_0.896_38.189_127.064_-2623.744_m_-0.304_rho_0.486_,0.5144352912902832,0.16666666666666666,1e-05,True,42500,12500,17500,12500,1.4166764408708523,-0.004824676961870395,-0.003013071408312559,-0.004824050592572183,1.4225809203642454,-0.028078989474549957,-0.0030156947011044715,-0.028079475468686634,1.4134639584551054,0.7287883575234786,-0.0024819840982613153,-0.001550030267613695,-0.0024816618717889345,0.7318258301515798,-0.014444823129476904,-0.0015513797820052423,-0.01444507314201217,0.7271357431961689,1.388528719596657,1.4176223538517605,1.4465702462417853,0.7143081763306302,0.7292749685433474,0.7441667859972495,1.5782420575415837e-06,,
