sample_name,porosity,nu,g,all_converged,total_iterations,iterations_x,iterations_y,iterations_z,K_star_xx,K_star_xy,K_star_xz,K_star_yx,K_star_yy,K_star_yz,K_star_zx,K_star_zy,K_star_zz,K_xx,K_xy,K_xz,K_yx,K_yy,K_yz,K_zx,K_zy,K_zz,K_star_eig1,K_star_eig2,K_star_eig3,K_eig1,K_eig2,K_eig3,symmetry_error,error_type,error_message
eps_0.02_coeffs_0.924_1.216_0.405_37.174_125.927_-1205.916_m_-0.432_rho_0.552_,0.44849205017089844,0.16666666666666666,1e-05,True,65000,22500,22500,20000,1.902975833450914,0.324165215628831,0.18963788444636015,0.32415601903747826,1.4545581451637848,-0.09178124471105134,0.1896810651068433,-0.09175266902993003,1.2470128949099466,0.8534695329700746,0.14538552215146577,0.08505108358542,0.1453813975533554,0.6523577646172851,-0.04116315860769634,0.08507044976836782,-0.04115034264188522,0.5592753698277091,1.086414027808018,1.42580830413959,2.092324541577036,0.48724805466604165,0.6394636894742568,0.9383909232747705,2.699405486157457e-05,,
