sample_name,porosity,nu,g,all_converged,total_iterations,iterations_x,iterations_y,iterations_z,K_star_xx,K_star_xy,K_star_xz,K_star_yx,K_star_yy,K_star_yz,K_star_zx,K_star_zy,K_star_zz,K_xx,K_xy,K_xz,K_yx,K_yy,K_yz,K_zx,K_zy,K_zz,K_star_eig1,K_star_eig2,K_star_eig3,K_eig1,K_eig2,K_eig3,symmetry_error,error_type,error_message
eps_0.02_coeffs_0.342_-0.103_0.867_60.176_107.201_-858.43_m_-0.276_rho_0.467_,0.5327677726745605,0.16666666666666666,1e-05,True,252500,77500,82500,92500,0.35093709058534933,-0.03820022474360773,-0.009176349863532428,-0.03820035666649496,0.3451433626454579,-0.0916985489741491,-0.009175189278997176,-0.09169763907194697,0.3571919846075505,0.18696797210004706,-0.020351848652319527,-0.004888863478076679,-0.020351918936582322,0.18388126057002874,-0.04885403169444653,-0.004888245156038832,-0.04885354692787695,0.19030037805657057,0.24775162048731977,0.35827471509986963,0.44724610225116823,0.13199407902354246,0.19087722196937032,0.23827830973373362,3.35396494169781e-06,,
