sample_name,porosity,nu,g,all_converged,total_iterations,iterations_x,iterations_y,iterations_z,K_star_xx,K_star_xy,K_star_xz,K_star_yx,K_star_yy,K_star_yz,K_star_zx,K_star_zy,K_star_zz,K_xx,K_xy,K_xz,K_yx,K_yy,K_yz,K_zx,K_zy,K_zz,K_star_eig1,K_star_eig2,K_star_eig3,K_eig1,K_eig2,K_eig3,symmetry_error,error_type,error_message
eps_0.02_coeffs_0.529_-0.418_0.655_16.369_75.354_-2318.88_m_-0.58_rho_0.368_,0.6323304176330566,0.16666666666666666,1e-05,True,27500,10000,10000,7500,4.40478815762328,0.1599633015183795,-0.019591026817962928,0.15987491286818845,4.096632899573458,0.08667539155019996,-0.019561126058606736,0.0867246224544049,4.257770745611319,2.7852815352950704,0.10114966125507947,-0.01238800216966291,0.10109377042299014,2.5904255922766044,0.05480748653744665,-0.012369095010011665,0.054838616735663016,2.6923179537582165,3.999044606871726,4.286127055407051,4.474020140529284,2.52871754639642,2.7102485109738836,2.8290590239595876,2.023243589217879e-05,,
