sample_name,porosity,nu,g,all_converged,total_iterations,iterations_x,iterations_y,iterations_z,K_star_xx,K_star_xy,K_star_xz,K_star_yx,K_star_yy,K_star_yz,K_star_zx,K_star_zy,K_star_zz,K_xx,K_xy,K_xz,K_yx,K_yy,K_yz,K_zx,K_zy,K_zz,K_star_eig1,K_star_eig2,K_star_eig3,K_eig1,K_eig2,K_eig3,symmetry_error,error_type,error_message
eps_0.02_coeffs_0.665_1.018_0.3_-17.95_55.396_178.463_m_-0.474_rho_0.471_,0.5286121368408203,0.16666666666666666,1e-05,True,35000,10000,12500,12500,5.292825350915751,-0.6836587931220751,-0.33974866022882655,-0.6848343591917287,5.167175478365763,-1.3442154256484888,-0.33891705038739495,-1.3443629722134376,3.056799595045282,2.79785171867284,-0.36139033550227645,-0.17959526527236583,-0.3620117539943536,2.731431671050414,-0.7105685885264406,-0.1791556662170688,-0.7106465834314216,1.6158613658310408,2.279257351676136,5.1168380302492995,6.120705042401357,1.204843099079672,2.7048226850384567,3.2354789714361645,0.0002467300417862546,,
