sample_name,porosity,nu,g,all_converged,total_iterations,iterations_x,iterations_y,iterations_z,K_star_xx,K_star_xy,K_star_xz,K_star_yx,K_star_yy,K_star_yz,K_star_zx,K_star_zy,K_star_zz,K_xx,K_xy,K_xz,K_yx,K_yy,K_yz,K_zx,K_zy,K_zz,K_star_eig1,K_star_eig2,K_star_eig3,K_eig1,K_eig2,K_eig3,symmetry_error,error_type,error_message
eps_0.02_coeffs_0.266_1.226_0.294_-3.161_41.06_516.181_m_-0.417_rho_0.612_,0.3877854347229004,0.16666666666666666,1e-05,True,65000,22500,17500,25000,0.1666136031287985,-2.3208993512461396e-08,2.3248275424526057e-08,-2.2700758951742877e-08,64.27309523091833,1.366270171425607e-07,2.3247617163606278e-08,1.3635039981571765e-07,0.16660795875542866,0.06461032852004993,-9.000109638710817e-09,9.015342592057559e-09,-8.803023678641385e-09,24.924170175108042,5.2981967237521065e-08,9.015087328060621e-09,5.287469906717935e-08,0.06460813971426896,0.1666079586596813,0.16661360322454738,64.2730952309183,0.06460813967713715,0.06461032855717995,24.924170175108035,1.273176244001561e-11,,
