sample_name,porosity,nu,g,all_converged,total_iterations,iterations_x,iterations_y,iterations_z,K_star_xx,K_star_xy,K_star_xz,K_star_yx,K_star_yy,K_star_yz,K_star_zx,K_star_zy,K_star_zz,K_xx,K_xy,K_xz,K_yx,K_yy,K_yz,K_zx,K_zy,K_zz,K_star_eig1,K_star_eig2,K_star_eig3,K_eig1,K_eig2,K_eig3,symmetry_error,error_type,error_message
eps_0.02_coeffs_0.545_1.494_0.818_95.277_105.936_-2756.94_m_-0.447_rho_0.484_,0.5164175033569336,0.16666666666666666,1e-05,True,207500,70000,72500,65000,1.8690127985135667,-0.12730070111981484,0.13167075699215164,-0.12739487720205958,0.8499657561851084,0.09242255007048353,0.13169927291369218,0.0924276405463154,0.7019142045354885,0.9651909231505317,-0.06574031024788198,0.06799708359100445,-0.06578894442515075,0.43893719374800183,0.04772862256128029,0.06801180971201234,0.04773125137210028,0.362480781076985,0.6328121837064039,0.8913374359322939,1.8967431395954661,0.32679528800351015,0.4603022533127258,0.9795113566592822,6.365049554534094e-05,,
