sample_name,porosity,nu,g,all_converged,total_iterations,iterations_x,iterations_y,iterations_z,K_star_xx,K_star_xy,K_star_xz,K_star_yx,K_star_yy,K_star_yz,K_star_zx,K_star_zy,K_star_zz,K_xx,K_xy,K_xz,K_yx,K_yy,K_yz,K_zx,K_zy,K_zz,K_star_eig1,K_star_eig2,K_star_eig3,K_eig1,K_eig2,K_eig3,symmetry_error,error_type,error_message
eps_0.02_coeffs_0.853_1.358_0.265_-9.036_53.259_-2066.086_m_-0.258_rho_0.453_,0.5472803115844727,0.16666666666666666,1e-05,True,40000,15000,12500,12500,1.7098413606974807,-0.010979116363991865,-0.037434390045820144,-0.010977488772745415,1.7210841655841678,-0.0019309013977368051,-0.03743530702109612,-0.0019307332932593205,1.7503328007237071,0.935762512642536,-0.006008654224607651,-0.02048710464825113,-0.006007763475963161,0.9419154784040055,-0.0010567443185922924,-0.02048760649076588,-0.0010566523183214759,0.9579226805565931,1.6845430358165496,1.7237587214720653,1.7729565697167406,0.9219172375191348,0.943379210183684,0.9703042239003158,8.865489139353948e-07,,
