sample_name,porosity,nu,g,all_converged,total_iterations,iterations_x,iterations_y,iterations_z,K_star_xx,K_star_xy,K_star_xz,K_star_yx,K_star_yy,K_star_yz,K_star_zx,K_star_zy,K_star_zz,K_xx,K_xy,K_xz,K_yx,K_yy,K_yz,K_zx,K_zy,K_zz,K_star_eig1,K_star_eig2,K_star_eig3,K_eig1,K_eig2,K_eig3,symmetry_error,error_type,error_message
eps_0.02_coeffs_0.912_0.968_0.32_-26.838_14.963_-1428.926_m_-0.361_rho_0.465_,0.5346536636352539,0.16666666666666666,1e-05,True,30000,10000,10000,10000,2.9066693654098636,0.056035169731754875,-0.11461016749340344,0.05603666091802882,2.925106359232586,0.11188901734989097,-0.11459234295983216,0.11187962324868089,2.9224902313251166,1.5540614251927423,0.029959408789506033,-0.06127674594019823,0.02996020605771056,1.5639188314864811,0.059821873046667695,-0.06126721598802176,0.05981685045603917,1.5625201091162142,2.7277123185022822,2.9719765478257028,3.054577089639582,1.4583813844302576,1.5889781495330662,1.6331408318321143,5.6467003040036455e-06,,
