sample_name,porosity,nu,g,all_converged,total_iterations,iterations_x,iterations_y,iterations_z,K_star_xx,K_star_xy,K_star_xz,K_star_yx,K_star_yy,K_star_yz,K_star_zx,K_star_zy,K_star_zz,K_xx,K_xy,K_xz,K_yx,K_yy,K_yz,K_zx,K_zy,K_zz,K_star_eig1,K_star_eig2,K_star_eig3,K_eig1,K_eig2,K_eig3,symmetry_error,error_type,error_message
eps_0.02_coeffs_0.824_1.313_0.805_62.633_124.756_-3084.03_m_-0.314_rho_0.59_,0.40982484817504883,0.16666666666666666,1e-05,True,67500,22500,25000,20000,1.1308715994325145,0.04018649440844376,-0.08852832148975438,0.040184973041628824,0.9479646379621754,-0.04670762536005594,-0.08852896343132055,-0.046708808679072504,1.0501146857002246,0.4634592815429049,0.016469423969627913,-0.0362811059137305,0.016468800475703965,0.3884994638281637,-0.019141945471801987,-0.036281368997335396,-0.01914243042533829,0.4303630916334837,0.9296072305876871,0.9977152751752401,1.2016284173319869,0.38097614213802655,0.40888851117062003,0.49245718369590585,1.580659119395951e-06,,
