sample_name,porosity,nu,g,all_converged,total_iterations,iterations_x,iterations_y,iterations_z,K_star_xx,K_star_xy,K_star_xz,K_star_yx,K_star_yy,K_star_yz,K_star_zx,K_star_zy,K_star_zz,K_xx,K_xy,K_xz,K_yx,K_yy,K_yz,K_zx,K_zy,K_zz,K_star_eig1,K_star_eig2,K_star_eig3,K_eig1,K_eig2,K_eig3,symmetry_error,error_type,error_message
eps_0.02_coeffs_0.78_-0.208_0.589_114.551_69.212_-3402.155_m_-0.348_rho_0.518_,0.48216867446899414,0.16666666666666666,1e-05,True,52500,20000,15000,17500,2.03778991853442,0.1987702512197486,0.4431929731321304,0.19875160349628318,1.7525606135208707,-0.05970802726603502,0.44315751133190245,-0.05968288597405873,2.0755187731964218,0.982558463866021,0.09584078855449514,0.21369376838909185,0.09583179720638996,0.8450298279479254,-0.028789340362022665,0.21367666981988165,-0.028777218018596017,1.0007501357076316,1.4824409509570777,1.8708660467295275,2.5125623075651067,0.7147865883015291,0.9020730018606234,1.2114788373594247,1.9301782899624514e-05,,
