sample_name,porosity,nu,g,all_converged,total_iterations,iterations_x,iterations_y,iterations_z,K_star_xx,K_star_xy,K_star_xz,K_star_yx,K_star_yy,K_star_yz,K_star_zx,K_star_zy,K_star_zz,K_xx,K_xy,K_xz,K_yx,K_yy,K_yz,K_zx,K_zy,K_zz,K_star_eig1,K_star_eig2,K_star_eig3,K_eig1,K_eig2,K_eig3,symmetry_error,error_type,error_message
eps_0.02_coeffs_0.99_0.783_0.948_28.017_60.638_-410.262_m_-0.535_rho_0.414_,0.5858955383300781,0.16666666666666666,1e-05,True,40000,15000,12500,12500,24.79101825313558,0.39025131426927345,0.915477768413617,0.2135064629126558,27.862569899602697,-9.31197848265622,0.9980919491708484,-9.30703595589324,16.425854799058925,14.524946985171663,0.22864650385781646,0.5363743399539147,0.12509248402516132,16.324555390587154,-5.4558466460139705,0.5847776198623712,-5.452950841635462,9.623835040026327,11.151055984786439,24.849803060393373,33.07858390661738,6.533353949155293,14.559388741465598,19.380594725164254,0.006441149954723511,,
