sample_name,porosity,nu,g,all_converged,total_iterations,iterations_x,iterations_y,iterations_z,K_star_xx,K_star_xy,K_star_xz,K_star_yx,K_star_yy,K_star_yz,K_star_zx,K_star_zy,K_star_zz,K_xx,K_xy,K_xz,K_yx,K_yy,K_yz,K_zx,K_zy,K_zz,K_star_eig1,K_star_eig2,K_star_eig3,K_eig1,K_eig2,K_eig3,symmetry_error,error_type,error_message
eps_0.02_coeffs_0.609_-0.215_0.474_44.739_149.097_-2170.786_m_-0.417_rho_0.644_,0.3562893867492676,0.16666666666666666,1e-05,True,90000,30000,30000,30000,0.49149491188127353,0.010335865593608688,0.005452550236181135,0.010335822731915044,0.4958459087783517,-0.0008780697429118971,0.0054524632542793895,-0.0008781219647423539,0.49374160245961446,0.17511442074456426,0.003682559213869694,0.0019426857798685506,0.0036825439427031503,0.1766646347607722,-0.0003128469302251669,0.0019426547891401194,-0.00031286553630911523,0.1759148927529367,0.48122726136229876,0.4948781401628857,0.5049770215940554,0.17145616583780293,0.17631982907425262,0.1799179533462177,1.821143408574312e-07,,
