sample_name,porosity,nu,g,all_converged,total_iterations,iterations_x,iterations_y,iterations_z,K_star_xx,K_star_xy,K_star_xz,K_star_yx,K_star_yy,K_star_yz,K_star_zx,K_star_zy,K_star_zz,K_xx,K_xy,K_xz,K_yx,K_yy,K_yz,K_zx,K_zy,K_zz,K_star_eig1,K_star_eig2,K_star_eig3,K_eig1,K_eig2,K_eig3,symmetry_error,error_type,error_message
eps_0.02_coeffs_0.681_0.935_0.494_115.71_140.063_-1338.764_m_-0.234_rho_0.624_,0.37644147872924805,0.16666666666666666,1e-05,True,200000,57500,77500,65000,0.16665646097852937,3.7188643396957706e-12,-9.707176258788935e-13,7.755658003645005e-12,0.16665642703917188,3.698044660215584e-12,-1.1746553130663446e-12,2.2518515832922732e-12,0.16665858556695623,0.06273640461054082,1.3999347912285445e-12,-3.6541837851439567e-13,2.9195513674104535e-12,0.0627363918343589,1.3920974002983541e-12,-4.4218898304786255e-13,8.476903398933418e-13,0.06273720439374991,0.16665642703917008,0.16665646097853115,0.1666585855669562,0.06273639183435827,0.06273640461054149,0.0627372043937499,2.1031902103630674e-11,,
