sample_name,porosity,nu,g,all_converged,total_iterations,iterations_x,iterations_y,iterations_z,K_star_xx,K_star_xy,K_star_xz,K_star_yx,K_star_yy,K_star_yz,K_star_zx,K_star_zy,K_star_zz,K_xx,K_xy,K_xz,K_yx,K_yy,K_yz,K_zx,K_zy,K_zz,K_star_eig1,K_star_eig2,K_star_eig3,K_eig1,K_eig2,K_eig3,symmetry_error,error_type,error_message
eps_0.02_coeffs_0.658_1.439_0.379_57.634_45.82_-4011.355_m_-0.335_rho_0.693_,0.3067436218261719,0.16666666666666666,1e-05,True,70000,27500,20000,22500,0.906392469706018,-0.004919517218100658,0.005830714702047343,-0.004917328521501292,1.0052385784779636,-0.06937102504768833,0.00582901259795991,-0.06937130637763561,0.979047414036214,0.2780301089535927,-0.0015090305291164095,0.0017885345455411106,-0.0015083591603944411,0.30835052236172306,-0.021279119472922006,0.0017880124359686061,-0.02127920576908896,0.30031654972101596,0.905916682070104,0.9216627091794156,1.0630990709706758,0.27788416413093237,0.2827141575158157,0.3260988593895838,2.3552056673429355e-06,,
