sample_name,porosity,nu,g,all_converged,total_iterations,iterations_x,iterations_y,iterations_z,K_star_xx,K_star_xy,K_star_xz,K_star_yx,K_star_yy,K_star_yz,K_star_zx,K_star_zy,K_star_zz,K_xx,K_xy,K_xz,K_yx,K_yy,K_yz,K_zx,K_zy,K_zz,K_star_eig1,K_star_eig2,K_star_eig3,K_eig1,K_eig2,K_eig3,symmetry_error,error_type,error_message
eps_0.02_coeffs_0.824_-0.386_0.331_-1.808_110.961_-582.659_m_-0.229_rho_0.698_,0.3020610809326172,0.16666666666666666,1e-05,True,82500,30000,25000,27500,0.5882325539554525,-0.0007969840355955097,-0.0027694760322280036,-0.0007969205202906867,0.5920015876191472,-0.010785758456496408,-0.0027695557153974465,-0.010785769992222652,0.5857534759705021,0.17768216108753804,-0.0002407378592780191,-0.0008365509239117665,-0.00024071867377638853,0.1788206394700651,-0.003257957858047422,-0.0008365749930960605,-0.0032579613425413605,0.17693332811168766,0.5770002223211501,0.588790232012084,0.6001971632118674,0.17428931085268692,0.17785061392413656,0.18129620389246717,1.4222337764797952e-07,,
