sample_name,porosity,nu,g,all_converged,total_iterations,iterations_x,iterations_y,iterations_z,K_star_xx,K_star_xy,K_star_xz,K_star_yx,K_star_yy,K_star_yz,K_star_zx,K_star_zy,K_star_zz,K_xx,K_xy,K_xz,K_yx,K_yy,K_yz,K_zx,K_zy,K_zz,K_star_eig1,K_star_eig2,K_star_eig3,K_eig1,K_eig2,K_eig3,symmetry_error,error_type,error_message
eps_0.02_coeffs_0.701_-0.33_0.797_11.829_59.315_-915.949_m_-0.487_rho_0.535_,0.46538400650024414,0.16666666666666666,1e-05,True,30000,10000,10000,10000,6.598308905136496,-0.9198086047614389,-0.058844948440755766,-0.9201108971132165,5.411043047397322,0.3217533926259613,-0.059048556566702035,0.32185570082611425,3.622526776030204,3.070747434398662,-0.428064213697278,-0.027385497867659214,-0.4282048957230826,2.518212892743056,0.14973888296531598,-0.027480253833068093,0.149786495565401,1.6858660246833488,3.5625174195024276,4.95744815474297,7.111913154318625,1.6579386299149503,2.307117084271526,3.3097706376385916,5.711915997966694e-05,,
