sample_name,porosity,nu,g,all_converged,total_iterations,iterations_x,iterations_y,iterations_z,K_star_xx,K_star_xy,K_star_xz,K_star_yx,K_star_yy,K_star_yz,K_star_zx,K_star_zy,K_star_zz,K_xx,K_xy,K_xz,K_yx,K_yy,K_yz,K_zx,K_zy,K_zz,K_star_eig1,K_star_eig2,K_star_eig3,K_eig1,K_eig2,K_eig3,symmetry_error,error_type,error_message
eps_0.02_coeffs_0.679_-0.629_0.256_77.111_59.382_-2414.262_m_-0.267_rho_0.607_,0.39331769943237305,0.16666666666666666,1e-05,True,70000,22500,22500,25000,1.057547961013757,0.08208538874526523,0.046609392562331924,0.08209230260612617,1.2109496877965493,-0.017139415722405286,0.04660922670831136,-0.017138976123724923,1.19492990573899,0.41595233106532786,0.03228563625829973,0.01833229905455675,0.032288355602147746,0.4762879453324892,-0.006741235561551491,0.01833223382123494,-0.006741062659609857,0.4699870815082019,1.0086989160078292,1.207933807397663,1.2467948311438033,0.39673913706412794,0.47510174619223616,0.4903864746496549,4.8811906156877496e-06,,
