sample_name,porosity,nu,g,all_converged,total_iterations,iterations_x,iterations_y,iterations_z,K_star_xx,K_star_xy,K_star_xz,K_star_yx,K_star_yy,K_star_yz,K_star_zx,K_star_zy,K_star_zz,K_xx,K_xy,K_xz,K_yx,K_yy,K_yz,K_zx,K_zy,K_zz,K_star_eig1,K_star_eig2,K_star_eig3,K_eig1,K_eig2,K_eig3,symmetry_error,error_type,error_message
eps_0.02_coeffs_0.778_0.933_0.774_3.167_136.937_-863.453_m_-0.272_rho_0.539_,0.46126747131347656,0.16666666666666666,1e-05,True,52500,17500,17500,17500,1.1700240064829373,-0.014692844383141836,-0.0017676094569104627,-0.014693300577307847,1.1843424366089417,-0.003869361722969477,-0.0017671086913953664,-0.0038710356725384196,1.2107208309234592,0.5396940148464472,-0.006777331175014252,-0.0008153407444588767,-0.006777541602543635,0.5462986409038479,-0.0017848106975512873,-0.0008151097576160073,-0.00178558283603606,0.5584661361466152,1.1605863060380845,1.1932203009727482,1.211280667004505,0.5353407106272358,0.5503937109496049,0.5587243703200694,1.2405443313976021e-06,,
