sample_name,porosity,nu,g,all_converged,total_iterations,iterations_x,iterations_y,iterations_z,K_star_xx,K_star_xy,K_star_xz,K_star_yx,K_star_yy,K_star_yz,K_star_zx,K_star_zy,K_star_zz,K_xx,K_xy,K_xz,K_yx,K_yy,K_yz,K_zx,K_zy,K_zz,K_star_eig1,K_star_eig2,K_star_eig3,K_eig1,K_eig2,K_eig3,symmetry_error,error_type,error_message
eps_0.02_coeffs_0.843_0.821_0.538_43.312_48.287_-2924.504_m_-0.409_rho_0.36_,0.6403136253356934,0.16666666666666666,1e-05,True,27500,7500,10000,10000,5.555347977574062,0.011874650276705975,0.6019510211910015,0.011770204011116647,5.780831455713031,-0.22985792993078924,0.6020480275285065,-0.2296472336499036,5.275962485498615,3.5571650035217597,0.007603500368271097,0.38543744065333296,0.00753662200129882,3.7015451468622245,-0.14718116442614143,0.3854995551329813,-0.1470462527266828,3.3782706662247337,4.762738529446354,5.753673316435467,6.095730072903885,3.0496463743157847,3.684155420244037,3.903179022048897,3.731572147093578e-05,,
