sample_name,porosity,nu,g,all_converged,total_iterations,iterations_x,iterations_y,iterations_z,K_star_xx,K_star_xy,K_star_xz,K_star_yx,K_star_yy,K_star_yz,K_star_zx,K_star_zy,K_star_zz,K_xx,K_xy,K_xz,K_yx,K_yy,K_yz,K_zx,K_zy,K_zz,K_star_eig1,K_star_eig2,K_star_eig3,K_eig1,K_eig2,K_eig3,symmetry_error,error_type,error_message
eps_0.02_coeffs_0.849_1.055_0.832_65.078_94.04_-1057.412_m_-0.396_rho_0.64_,0.35996341705322266,0.16666666666666666,1e-05,True,117500,35000,45000,37500,1.399700152258508,-0.04929416545437376,0.015383963721826691,-0.049293755416615126,0.6169803806889784,0.18522835812656555,0.015387548885283632,0.18522839153019385,0.5731577963080882,0.5038408496568886,-0.0177440962377433,0.0055376641491315486,-0.017743948639150586,0.22209036608760283,0.0666754327263966,0.005538954676820204,0.06667544475048079,0.20631583886975438,0.4065741415204862,0.7804538550676416,1.402810332667447,0.1463518172671947,0.28093483652250884,0.5049604008245423,3.081825798215721e-06,,
