sample_name,porosity,nu,g,all_converged,total_iterations,iterations_x,iterations_y,iterations_z,K_star_xx,K_star_xy,K_star_xz,K_star_yx,K_star_yy,K_star_yz,K_star_zx,K_star_zy,K_star_zz,K_xx,K_xy,K_xz,K_yx,K_yy,K_yz,K_zx,K_zy,K_zz,K_star_eig1,K_star_eig2,K_star_eig3,K_eig1,K_eig2,K_eig3,symmetry_error,error_type,error_message
eps_0.02_coeffs_0.623_0.382_0.273_3.802_76.241_679.707_m_-0.246_rho_0.678_,0.3216671943664551,0.16666666666666666,1e-05,True,85000,62500,12500,10000,0.16662130885810159,-3.4257547723318763e-07,2.0052706932185692e-08,-3.4256803943979773e-07,1.2225149851860813,1.0558921607598137,2.0233773156544088e-08,1.0558921343994558,1.2225156189495576,0.05359660894205211,-1.1019529262034887e-07,6.450297978328936e-09,-1.1019290012621686e-07,0.39324296535575515,0.33964586890514326,6.508541042712828e-09,0.33964586042588085,0.39324316921667446,0.16662127410217709,0.16662320242421577,2.278407436467349,0.05359659776221139,0.05359721804015143,0.732888927712119,1.6275518581630944e-08,,
