sample_name,porosity,nu,g,all_converged,total_iterations,iterations_x,iterations_y,iterations_z,K_star_xx,K_star_xy,K_star_xz,K_star_yx,K_star_yy,K_star_yz,K_star_zx,K_star_zy,K_star_zz,K_xx,K_xy,K_xz,K_yx,K_yy,K_yz,K_zx,K_zy,K_zz,K_star_eig1,K_star_eig2,K_star_eig3,K_eig1,K_eig2,K_eig3,symmetry_error,error_type,error_message
eps_0.02_coeffs_0.353_1.246_0.92_-36.587_106.353_-1012.539_m_-0.423_rho_0.408_,0.5915975570678711,0.16666666666666666,1e-05,True,45000,15000,17500,12500,1.608132811073839,0.005178843957901276,-0.0084932281545554,0.005177777520250971,1.597351109555475,-0.021463911222831537,-0.008493086855865833,-0.021463257174745152,1.6329131260841028,0.9513674424719715,0.0030637914339301,-0.005024573027855038,0.003063160532021414,0.9449890141926723,-0.0126979974445488,-0.005024489435895473,-0.012697610511298689,0.9660274162954158,1.5872004035783602,1.6055823038772965,1.6456143392577602,0.9389838813340965,0.9498585686452126,0.9735414229807494,6.372996726676592e-07,,
