sample_name,porosity,nu,g,all_converged,total_iterations,iterations_x,iterations_y,iterations_z,K_star_xx,K_star_xy,K_star_xz,K_star_yx,K_star_yy,K_star_yz,K_star_zx,K_star_zy,K_star_zz,K_xx,K_xy,K_xz,K_yx,K_yy,K_yz,K_zx,K_zy,K_zz,K_star_eig1,K_star_eig2,K_star_eig3,K_eig1,K_eig2,K_eig3,symmetry_error,error_type,error_message
eps_0.02_coeffs_0.533_0.874_0.783_-37.558_149.289_492.085_m_-0.32_rho_0.696_,0.3038668632507324,0.16666666666666666,1e-05,True,87500,32500,27500,27500,0.4613453209700406,-0.00709194059708519,0.002099345870746967,-0.0070919231199160805,0.45948267922798564,-0.0029340566712149595,0.0020993439766180608,-0.002934094947631406,0.4553395586091033,0.1401875555585686,-0.0021550057435968033,0.0006379216446222584,-0.0021550004328642473,0.13962156045505048,-0.0008915625972819752,0.000637921069059249,-0.0008915742282165774,0.13836260338852124,0.45285214556450376,0.4548081635197187,0.4685072497229073,0.13760676098904984,0.13820113002956314,0.14236382838352746,7.496286005263047e-08,,
