sample_name,porosity,nu,g,all_converged,total_iterations,iterations_x,iterations_y,iterations_z,K_star_xx,K_star_xy,K_star_xz,K_star_yx,K_star_yy,K_star_yz,K_star_zx,K_star_zy,K_star_zz,K_xx,K_xy,K_xz,K_yx,K_yy,K_yz,K_zx,K_zy,K_zz,K_star_eig1,K_star_eig2,K_star_eig3,K_eig1,K_eig2,K_eig3,symmetry_error,error_type,error_message
eps_0.02_coeffs_0.381_-0.371_0.399_88.458_83.21_132.428_m_-0.35_rho_0.384_,0.6162080764770508,0.16666666666666666,1e-05,True,90000,65000,12500,12500,0.16666499196149748,-7.865733563934119e-10,-1.3798425472631975e-09,-1.5810731754798127e-13,1.9088199519243456,-0.22856236221991358,5.363068329713315e-13,-0.22845079572407392,4.449615376854641,0.1027003141126575,-4.846928549512821e-10,-8.50270121890249e-10,-9.74270060231878e-14,1.1762302709163175,-0.14084197357858388,3.3047660194676314e-13,-0.14077322540278325,2.741888932434306,0.16666499196149748,1.8884426592458232,4.469992669533163,0.1027003141126575,1.1636736185910743,2.7544455847595493,3.249556259833075e-05,,
