sample_name,porosity,nu,g,all_converged,total_iterations,iterations_x,iterations_y,iterations_z,K_star_xx,K_star_xy,K_star_xz,K_star_yx,K_star_yy,K_star_yz,K_star_zx,K_star_zy,K_star_zz,K_xx,K_xy,K_xz,K_yx,K_yy,K_yz,K_zx,K_zy,K_zz,K_star_eig1,K_star_eig2,K_star_eig3,K_eig1,K_eig2,K_eig3,symmetry_error,error_type,error_message
eps_0.02_coeffs_0.456_1.432_0.703_6.223_85.568_-982.346_m_-0.283_rho_0.592_,0.40807294845581055,0.16666666666666666,1e-05,True,55000,20000,17500,17500,0.9565400247289999,-0.01606972011255268,-0.028427795251913184,-0.01606996024671725,0.9461814390868657,-0.007999860648953324,-0.02842838558042747,-0.008000057164368649,0.9820032930442502,0.3903381082071569,-0.0065576180671890125,-0.011600614226546305,-0.0065577160594455725,0.38611104962233916,-0.003264526722253997,-0.011600855123643687,-0.0032646069148789454,0.4007289791858825,0.923844883934369,0.9603759161305399,1.0005039567952074,0.37699610570291403,0.3919034317213396,0.40827859959112517,5.659905218460057e-07,,
