sample_name,porosity,nu,g,all_converged,total_iterations,iterations_x,iterations_y,iterations_z,K_star_xx,K_star_xy,K_star_xz,K_star_yx,K_star_yy,K_star_yz,K_star_zx,K_star_zy,K_star_zz,K_xx,K_xy,K_xz,K_yx,K_yy,K_yz,K_zx,K_zy,K_zz,K_star_eig1,K_star_eig2,K_star_eig3,K_eig1,K_eig2,K_eig3,symmetry_error,error_type,error_message
eps_0.02_coeffs_0.213_1.367_0.889_2.488_94.661_71.33_m_-0.289_rho_0.591_,0.40861940383911133,0.16666666666666666,1e-05,True,255000,85000,80000,90000,0.16664645728508012,1.00005768532096e-08,-2.148180252770888e-08,1.3233358164809214e-08,0.16664827917644334,-1.1781783935150332e-08,-1.6705836346663416e-08,-2.003521838935348e-08,0.16664805185724893,0.06809497602772938,4.086429751805723e-09,-8.777881342261918e-09,5.407406924093778e-09,0.06809572048789207,-4.814265527742348e-09,-6.826328888607362e-09,-8.18677899404402e-09,0.06809562760085837,0.16664645701699227,0.16664805025543683,0.16664828104634324,0.06809497591818348,0.06809562694632686,0.06809572125196951,4.9332288663991503e-08,,
