sample_name,porosity,nu,g,all_converged,total_iterations,iterations_x,iterations_y,iterations_z,K_star_xx,K_star_xy,K_star_xz,K_star_yx,K_star_yy,K_star_yz,K_star_zx,K_star_zy,K_star_zz,K_xx,K_xy,K_xz,K_yx,K_yy,K_yz,K_zx,K_zy,K_zz,K_star_eig1,K_star_eig2,K_star_eig3,K_eig1,K_eig2,K_eig3,symmetry_error,error_type,error_message
eps_0.02_coeffs_0.518_1.468_0.876_-27.067_84.371_401.368_m_-0.504_rho_0.364_,0.6359953880310059,0.16666666666666666,1e-05,True,22500,7500,7500,7500,5.51243162735893,-0.15375881265559618,0.47787435129255895,-0.1538870318177167,4.021814653424118,0.2882616143561665,0.47832354889495243,0.2883205041803555,5.490084501224781,3.505881091836532,-0.09778989571808262,0.30392588348037625,-0.09787144251384848,2.5578555710932576,0.18333305727689428,0.3042115710838131,0.18337051093348045,3.491668422679466,3.9278273230589402,5.112299843005465,5.984203615943427,2.498080062447657,3.2513991223831114,3.8059259007784876,7.569867726654227e-05,,
