sample_name,porosity,nu,g,all_converged,total_iterations,iterations_x,iterations_y,iterations_z,K_star_xx,K_star_xy,K_star_xz,K_star_yx,K_star_yy,K_star_yz,K_star_zx,K_star_zy,K_star_zz,K_xx,K_xy,K_xz,K_yx,K_yy,K_yz,K_zx,K_zy,K_zz,K_star_eig1,K_star_eig2,K_star_eig3,K_eig1,K_eig2,K_eig3,symmetry_error,error_type,error_message
eps_0.02_coeffs_0.425_1.44_0.865_41.453_42.386_-3260.371_m_-0.268_rho_0.49_,0.5097136497497559,0.16666666666666666,1e-05,True,45000,15000,15000,15000,2.2962454801300596,0.0484977924242558,-0.08064060424411672,0.048480669452225754,2.417105697084725,0.08613254961598295,-0.0806454824770311,0.0861143624873867,2.239583145758096,1.1704276643984732,0.024719986781373486,-0.041103616707294385,0.024711258968805487,1.2320317666919829,0.0439029362270146,-0.041106103209197505,0.04389366599931934,1.1415460991423985,2.146647868016635,2.352528926066441,2.4537575288898066,1.0941757195342907,1.1991161050471988,1.250713705651365,8.952763393875637e-06,,
