sample_name,porosity,nu,g,all_converged,total_iterations,iterations_x,iterations_y,iterations_z,K_star_xx,K_star_xy,K_star_xz,K_star_yx,K_star_yy,K_star_yz,K_star_zx,K_star_zy,K_star_zz,K_xx,K_xy,K_xz,K_yx,K_yy,K_yz,K_zx,K_zy,K_zz,K_star_eig1,K_star_eig2,K_star_eig3,K_eig1,K_eig2,K_eig3,symmetry_error,error_type,error_message
eps_0.02_coeffs_0.402_1.337_0.872_-25.655_0.099_-1617.574_m_-0.233_rho_0.617_,0.3830132484436035,0.16666666666666666,1e-05,True,50000,17500,17500,15000,1.3313164153582269,-0.007138051788984243,-0.0074983508514766765,-0.007138350628653404,1.3278127750705275,-0.010837168492163889,-0.007498337855098411,-0.010836587789212463,1.3341001199771583,0.5099118249526482,-0.0027339684032575305,-0.002871967717593942,-0.00273408286280998,0.5085698843046786,-0.00415077910811436,-0.0028719627398088848,-0.004150556691190553,0.5109780207014526,1.3137149253503637,1.3368465114972894,1.3426678735582591,0.5031702210872887,0.512029925039076,0.5142595838324144,4.006714798177771e-07,,
