sample_name,porosity,nu,g,all_converged,total_iterations,iterations_x,iterations_y,iterations_z,K_star_xx,K_star_xy,K_star_xz,K_star_yx,K_star_yy,K_star_yz,K_star_zx,K_star_zy,K_star_zz,K_xx,K_xy,K_xz,K_yx,K_yy,K_yz,K_zx,K_zy,K_zz,K_star_eig1,K_star_eig2,K_star_eig3,K_eig1,K_eig2,K_eig3,symmetry_error,error_type,error_message
eps_0.02_coeffs_0.694_0.809_0.46_92.079_35.656_-3841.411_m_-0.216_rho_0.513_,0.48672962188720703,0.16666666666666666,1e-05,True,60000,20000,20000,20000,1.7949057230828127,0.2385655480360977,0.02034471621623462,0.23857269125762592,2.1734009816613162,-0.1306673273773158,0.020380901007688267,-0.13065192505188278,2.340316962143309,0.8736337839192814,0.11611691899092416,0.009902376031330406,0.11612039580843765,1.057858638013297,-0.06359965884737281,0.009919988241192708,-0.06359216207933861,1.13910159008023,1.6709397230157501,2.206702333801005,2.430981610070683,0.8132958595797706,1.0740673925485802,1.1832307598844576,1.5344003114369247e-05,,
