sample_name,porosity,nu,g,all_converged,total_iterations,iterations_x,iterations_y,iterations_z,K_star_xx,K_star_xy,K_star_xz,K_star_yx,K_star_yy,K_star_yz,K_star_zx,K_star_zy,K_star_zz,K_xx,K_xy,K_xz,K_yx,K_yy,K_yz,K_zx,K_zy,K_zz,K_star_eig1,K_star_eig2,K_star_eig3,K_eig1,K_eig2,K_eig3,symmetry_error,error_type,error_message
eps_0.02_coeffs_0.547_1.201_0.467_24.9_73.307_-73.771_m_-0.594_rho_0.346_,0.6542329788208008,0.16666666666666666,1e-05,True,45000,15000,15000,15000,53.896555846729576,14.738429702025538,-5.90599127325485,14.66226877626687,49.17103616265793,6.006438014608862,-5.782267728565077,5.958557234774999,48.58083787629312,35.26090427978754,9.642366767097135,-3.8638942635911744,9.592539777768293,32.169313460401014,3.9296098344000523,-3.782950240398516,3.898284649181081,31.78318627741763,32.42969593645914,52.81483985354926,66.40389409567219,21.21657657476251,34.55321000333109,43.4436174395126,0.0023810812617297327,,
