sample_name,porosity,nu,g,all_converged,total_iterations,iterations_x,iterations_y,iterations_z,K_star_xx,K_star_xy,K_star_xz,K_star_yx,K_star_yy,K_star_yz,K_star_zx,K_star_zy,K_star_zz,K_xx,K_xy,K_xz,K_yx,K_yy,K_yz,K_zx,K_zy,K_zz,K_star_eig1,K_star_eig2,K_star_eig3,K_eig1,K_eig2,K_eig3,symmetry_error,error_type,error_message
eps_0.02_coeffs_0.174_0.1_0.931_68.627_132.16_522.65_m_-0.394_rho_0.536_,0.4638962745666504,0.16666666666666666,1e-05,True,32500,10000,12500,10000,14.301789546478657,1.086276646857677,-1.377753763227451,1.0885326691113222,2.118043909540888,-0.897464416743107,-1.3831504197136004,-0.8976480758185136,4.094916756862165,6.634546890247713,0.5039196896260293,-0.6391348380313975,0.5049662499448347,0.9825526790046014,-0.4163303994832591,-0.6416383268704381,-0.4164155982441306,1.8996166281689086,1.7480387076086372,4.165462075952334,14.601249429320738,0.8109086442579493,1.9323423388829533,6.7734652142803204,0.0005415110105097953,,
