sample_name,porosity,nu,g,all_converged,total_iterations,iterations_x,iterations_y,iterations_z,K_star_xx,K_star_xy,K_star_xz,K_star_yx,K_star_yy,K_star_yz,K_star_zx,K_star_zy,K_star_zz,K_xx,K_xy,K_xz,K_yx,K_yy,K_yz,K_zx,K_zy,K_zz,K_star_eig1,K_star_eig2,K_star_eig3,K_eig1,K_eig2,K_eig3,symmetry_error,error_type,error_message
eps_0.02_coeffs_0.798_0.967_0.848_81.123_104.441_-3853.749_m_-0.246_rho_0.611_,0.38918542861938477,0.16666666666666666,1e-05,True,70000,25000,25000,20000,1.0999581770172893,-0.013530391222396286,0.02571837658334858,-0.013532410723234562,1.0155000071206342,-0.11525642434482139,0.02571860557574976,-0.11525695334060947,1.1321342244042956,0.4280876945858708,-0.00526583110727626,0.010009217413985265,-0.005266617067575602,0.3952178055342323,-0.044856120909777,0.010009306534491069,-0.04485632678722953,0.44061014337946053,0.9446217282739128,1.0923818406015484,1.2105888396667581,0.3676330122014668,0.42513909485054613,0.4711435364475508,1.576097857860159e-06,,
