sample_name,porosity,nu,g,all_converged,total_iterations,iterations_x,iterations_y,iterations_z,K_star_xx,K_star_xy,K_star_xz,K_star_yx,K_star_yy,K_star_yz,K_star_zx,K_star_zy,K_star_zz,K_xx,K_xy,K_xz,K_yx,K_yy,K_yz,K_zx,K_zy,K_zz,K_star_eig1,K_star_eig2,K_star_eig3,K_eig1,K_eig2,K_eig3,symmetry_error,error_type,error_message
eps_0.02_coeffs_0.474_0.613_0.73_50.222_116.651_-1562.112_m_-0.329_rho_0.344_,0.6561360359191895,0.16666666666666666,1e-05,True,77500,30000,22500,25000,1.023863548761962,-0.02298233069729362,-0.025755945388339897,-0.023001844631950086,1.475778092469015,0.14986216889187948,-0.025754719525759997,0.14983596825370005,1.3170785907796696,0.6717937702068275,-0.015079535359906138,-0.01689940390845647,-0.015092339155636817,0.9683111874890025,0.09832996943096987,-0.01689859957584271,0.09831277824809627,0.8641827255482047,1.0213588371740032,1.2273817889165162,1.567979605920127,0.6701503386743835,0.8053294215390863,1.0288079230305642,2.0659316768622834e-05,,
