sample_name,porosity,nu,g,all_converged,total_iterations,iterations_x,iterations_y,iterations_z,K_star_xx,K_star_xy,K_star_xz,K_star_yx,K_star_yy,K_star_yz,K_star_zx,K_star_zy,K_star_zz,K_xx,K_xy,K_xz,K_yx,K_yy,K_yz,K_zx,K_zy,K_zz,K_star_eig1,K_star_eig2,K_star_eig3,K_eig1,K_eig2,K_eig3,symmetry_error,error_type,error_message
eps_0.02_coeffs_0.966_0.832_0.279_54.06_66.579_-1500.139_m_-0.564_rho_0.405_,0.5953130722045898,0.16666666666666666,1e-05,True,22500,7500,7500,7500,10.771038388147023,-0.0019245379005441636,-0.7357787045562336,-0.0008854966961954709,8.953426063823008,-0.7747488907401836,-0.7330199355880284,-0.7743312950495058,8.409048827541628,6.412139953681377,-0.0011457025701471174,-0.4380186810720847,-0.0005271477586391402,5.330091576811123,-0.4612181423336368,-0.4363763498421197,-0.46096954216008,5.006016691842211,7.738208266076671,9.391140297357152,11.004164716077831,4.606656536237057,5.59066858192401,6.55092310417364,0.00025664708623509067,,
