sample_name,porosity,nu,g,all_converged,total_iterations,iterations_x,iterations_y,iterations_z,K_star_xx,K_star_xy,K_star_xz,K_star_yx,K_star_yy,K_star_yz,K_star_zx,K_star_zy,K_star_zz,K_xx,K_xy,K_xz,K_yx,K_yy,K_yz,K_zx,K_zy,K_zz,K_star_eig1,K_star_eig2,K_star_eig3,K_eig1,K_eig2,K_eig3,symmetry_error,error_type,error_message
eps_0.02_coeffs_0.824_-0.501_0.642_7.507_88.836_-898.728_m_-0.345_rho_0.37_,0.6297621726989746,0.16666666666666666,1e-05,True,30000,10000,10000,10000,3.86359429132573,0.073594241726199,0.1506701966710088,0.07365044095829838,3.9185930346392808,0.11443626426208584,0.15067524562080256,0.11445104448403506,3.75183222636064,2.4331455353326468,0.04634686956762461,0.09488639041651632,0.04638226171813554,2.467781663417502,0.07206763041724519,0.09488957005410828,0.07207693844193291,2.3627620144749075,3.6355733505984733,3.824102353513477,4.074343848213702,2.2895465722793857,2.408275006771909,2.5658676341737614,1.2373922343167146e-05,,
