sample_name,porosity,nu,g,all_converged,total_iterations,iterations_x,iterations_y,iterations_z,K_star_xx,K_star_xy,K_star_xz,K_star_yx,K_star_yy,K_star_yz,K_star_zx,K_star_zy,K_star_zz,K_xx,K_xy,K_xz,K_yx,K_yy,K_yz,K_zx,K_zy,K_zz,K_star_eig1,K_star_eig2,K_star_eig3,K_eig1,K_eig2,K_eig3,symmetry_error,error_type,error_message
eps_0.02_coeffs_0.441_0.723_0.899_17.523_35.005_-1632.701_m_-0.571_rho_0.575_,0.42458009719848633,0.16666666666666666,1e-05,True,25000,7500,7500,10000,6.208311679879941,-0.6901937221908776,-1.5385352747275245,-0.6895356263758602,4.505457137398187,0.2567503075915272,-1.5383624890988312,0.2567782052102269,4.500375659649587,2.6359255764819234,-0.2930425176535879,-0.6532314564871122,-0.2927631032684819,1.9129274293201362,0.1090110705529519,-0.6531580951480871,0.109022915326611,1.910769935003724,3.573773635641671,4.338532374472711,7.301838466813331,1.5173531575861285,1.8420544972524036,3.100215285967251,0.00010450988353751154,,
