sample_name,porosity,nu,g,all_converged,total_iterations,iterations_x,iterations_y,iterations_z,K_star_xx,K_star_xy,K_star_xz,K_star_yx,K_star_yy,K_star_yz,K_star_zx,K_star_zy,K_star_zz,K_xx,K_xy,K_xz,K_yx,K_yy,K_yz,K_zx,K_zy,K_zz,K_star_eig1,K_star_eig2,K_star_eig3,K_eig1,K_eig2,K_eig3,symmetry_error,error_type,error_message
eps_0.02_coeffs_0.218_0.3_0.674_67.508_26.258_-2267.021_m_-0.24_rho_0.645_,0.3551158905029297,0.16666666666666666,1e-05,True,237500,100000,65000,72500,0.38471168032794106,-0.08957568841856664,-0.0066615528987505135,-0.08957542930408376,0.6959255730317737,0.09222919014209291,-0.006662178526936745,0.09222799539841545,0.4991312880812966,0.13661723094653522,-0.03180975036017226,-0.0023656232897721614,-0.031809658344501925,0.24713422959093995,0.03275205098767335,-0.0023658454602826385,0.032751626715208405,0.17724945184486396,0.3582144878625526,0.469035993058126,0.752518060520333,0.12720765684836124,0.16656213435276246,0.2672311211812154,2.030799097805197e-06,,
