sample_name,porosity,nu,g,all_converged,total_iterations,iterations_x,iterations_y,iterations_z,K_star_xx,K_star_xy,K_star_xz,K_star_yx,K_star_yy,K_star_yz,K_star_zx,K_star_zy,K_star_zz,K_xx,K_xy,K_xz,K_yx,K_yy,K_yz,K_zx,K_zy,K_zz,K_star_eig1,K_star_eig2,K_star_eig3,K_eig1,K_eig2,K_eig3,symmetry_error,error_type,error_message
eps_0.02_coeffs_0.598_0.203_0.382_46.978_3.843_-3276.827_m_-0.208_rho_0.409_,0.5912322998046875,0.16666666666666666,1e-05,True,30000,10000,10000,10000,3.4404027861267514,1.3559127867287273,1.017379554858853,1.3559712873668512,3.6707096718918266,-0.31497662295539736,1.0174360373163738,-0.3150467082778597,3.9505319754365527,2.0340772514961736,0.8016594352322082,0.6015076539934688,0.8016940226990262,2.1702421212279144,-0.1862243531746335,0.6015410482467275,-0.18626578988101547,2.335682105289308,1.7589695492289987,4.151583932713184,5.151090951512947,1.039959611877075,2.4545505163702046,3.045491349766115,2.2177452078884735e-05,,
