sample_name,porosity,nu,g,all_converged,total_iterations,iterations_x,iterations_y,iterations_z,K_star_xx,K_star_xy,K_star_xz,K_star_yx,K_star_yy,K_star_yz,K_star_zx,K_star_zy,K_star_zz,K_xx,K_xy,K_xz,K_yx,K_yy,K_yz,K_zx,K_zy,K_zz,K_star_eig1,K_star_eig2,K_star_eig3,K_eig1,K_eig2,K_eig3,symmetry_error,error_type,error_message
eps_0.02_coeffs_0.741_0.671_0.793_14.205_125.944_-828.281_m_-0.295_rho_0.329_,0.6709184646606445,0.16666666666666666,1e-05,True,32500,10000,10000,12500,3.274675562532075,0.06630310133126235,-0.3094964523238798,0.06631851278054139,3.29212138155092,-0.0008649859772067741,-0.30945438672474346,-0.0008172452330277948,2.9805443413556856,2.197040300675752,0.044483974947409674,-0.2076468846110538,0.04449431477329816,2.208745022786623,-0.0005803350637805562,-0.20761866202386622,-0.0005483049169942388,1.9997022333553285,2.7825972336715834,3.2779664353202316,3.486777616446865,1.8668958637838955,2.199248207994175,2.339343485039632,1.6725063889167797e-05,,
