sample_name,porosity,nu,g,all_converged,total_iterations,iterations_x,iterations_y,iterations_z,K_star_xx,K_star_xy,K_star_xz,K_star_yx,K_star_yy,K_star_yz,K_star_zx,K_star_zy,K_star_zz,K_xx,K_xy,K_xz,K_yx,K_yy,K_yz,K_zx,K_zy,K_zz,K_star_eig1,K_star_eig2,K_star_eig3,K_eig1,K_eig2,K_eig3,symmetry_error,error_type,error_message
eps_0.02_coeffs_0.742_0.822_0.582_-7.062_60.412_-1870.144_m_-0.487_rho_0.623_,0.3770866394042969,0.16666666666666666,1e-05,True,55000,17500,20000,17500,1.4467461834354314,-0.0044428313679841834,0.006293292305645197,-0.004447674190726927,1.3970240950477117,-0.02570131157472382,0.006291327325232667,-0.02570326634236405,1.3379969414702995,0.5455486563826593,-0.0016753323499931509,0.0023731164463246667,-0.0016771585137464425,0.5267991211683707,-0.009691621209995362,0.0023723754784644104,-0.009692358326755633,0.504540770192263,1.3282144178129704,1.4056652566626526,1.4478875454778195,0.5008519112214279,0.5300575877622977,0.545979048759567,3.2663843882566216e-06,,
