sample_name,porosity,nu,g,all_converged,total_iterations,iterations_x,iterations_y,iterations_z,K_star_xx,K_star_xy,K_star_xz,K_star_yx,K_star_yy,K_star_yz,K_star_zx,K_star_zy,K_star_zz,K_xx,K_xy,K_xz,K_yx,K_yy,K_yz,K_zx,K_zy,K_zz,K_star_eig1,K_star_eig2,K_star_eig3,K_eig1,K_eig2,K_eig3,symmetry_error,error_type,error_message
eps_0.02_coeffs_0.899_1.26_0.836_97.17_98.567_-2372.288_m_-0.454_rho_0.524_,0.475738525390625,0.16666666666666666,1e-05,True,37500,12500,15000,10000,3.0046061663758263,0.27782981069959256,0.2644278491424194,0.2781975905116292,2.267669879565585,-1.6721727018311838,0.26258122812095813,-1.6721611585017846,4.972868650406762,1.4294069069712145,0.13217434445178064,0.12579851502322925,0.1323493114772274,1.0788179245772676,-0.7955169753676247,0.12492000626152394,-0.7955114837611181,2.3657851987057805,1.387372914237882,3.081763974108602,5.77600780800169,0.6600267443864241,1.4661138486443783,2.7478694372234598,0.00039790636942098703,,
