sample_name,porosity,nu,g,all_converged,total_iterations,iterations_x,iterations_y,iterations_z,K_star_xx,K_star_xy,K_star_xz,K_star_yx,K_star_yy,K_star_yz,K_star_zx,K_star_zy,K_star_zz,K_xx,K_xy,K_xz,K_yx,K_yy,K_yz,K_zx,K_zy,K_zz,K_star_eig1,K_star_eig2,K_star_eig3,K_eig1,K_eig2,K_eig3,symmetry_error,error_type,error_message
eps_0.02_coeffs_0.807_0.71_0.855_16.639_51.65_-2996.129_m_-0.537_rho_0.358_,0.6421051025390625,0.16666666666666666,1e-05,True,22500,7500,7500,7500,7.861089317273336,0.08978121458304235,0.21339737027068573,0.09022677974099709,7.251009147035571,0.3799774654278966,0.21371909729701502,0.37954599634663916,6.895368095539281,5.047645562136524,0.05764897599592598,0.13702354031922495,0.05793507565736234,4.655909971868955,0.24398546940111263,0.1372301228844557,0.24370842090244937,4.42755103803083,6.639288022697187,7.414735755819382,7.953442781331617,4.263120716600346,4.76103966279046,5.106946192645504,7.755939774265523e-05,,
