sample_name,porosity,nu,g,all_converged,total_iterations,iterations_x,iterations_y,iterations_z,K_star_xx,K_star_xy,K_star_xz,K_star_yx,K_star_yy,K_star_yz,K_star_zx,K_star_zy,K_star_zz,K_xx,K_xy,K_xz,K_yx,K_yy,K_yz,K_zx,K_zy,K_zz,K_star_eig1,K_star_eig2,K_star_eig3,K_eig1,K_eig2,K_eig3,symmetry_error,error_type,error_message
eps_0.02_coeffs_0.933_0.79_0.685_111.402_92.479_-4007.885_m_-0.389_rho_0.539_,0.4612455368041992,0.16666666666666666,1e-05,True,55000,20000,17500,17500,1.8197005387559506,-0.047200988086951515,-0.08659541132432907,-0.04718902296485828,1.7908200545429673,0.11749963873065518,-0.08656789940610261,0.1174735056828058,2.017097140133522,0.839328751821379,-0.021771245087854565,-0.03994174698107059,-0.021765726228691742,0.8260077573773963,0.05419618394062053,-0.03992905723157972,0.05418413018893691,0.9303770531871013,1.7390841410394298,1.787249836436972,2.101283755956037,0.8021447981814017,0.8243610102105885,0.9692077539938864,1.7254655469322392e-05,,
