sample_name,porosity,nu,g,all_converged,total_iterations,iterations_x,iterations_y,iterations_z,K_star_xx,K_star_xy,K_star_xz,K_star_yx,K_star_yy,K_star_yz,K_star_zx,K_star_zy,K_star_zz,K_xx,K_xy,K_xz,K_yx,K_yy,K_yz,K_zx,K_zy,K_zz,K_star_eig1,K_star_eig2,K_star_eig3,K_eig1,K_eig2,K_eig3,symmetry_error,error_type,error_message
eps_0.02_coeffs_0.832_1.405_0.486_54.171_127.155_493.347_m_-0.406_rho_0.358_,0.6423864364624023,0.16666666666666666,1e-05,True,55000,17500,20000,17500,30.05708008561834,-26.43994820020731,-19.615135064196107,-26.448128490245676,29.615005402171267,21.897573022353022,-19.614379366064583,22.275304933561188,44.020589248980535,19.308260566665407,-16.984664104581682,-12.600496714617652,-16.989919011948658,19.024277786115594,14.066703901004596,-12.600011264387902,14.309353757383741,28.278229458627745,3.221328553142654,20.057043208069224,80.41430297555829,2.0693377699278845,12.884372512404015,51.65705752907685,0.006450226143506227,,
