sample_name,porosity,nu,g,all_converged,total_iterations,iterations_x,iterations_y,iterations_z,K_star_xx,K_star_xy,K_star_xz,K_star_yx,K_star_yy,K_star_yz,K_star_zx,K_star_zy,K_star_zz,K_xx,K_xy,K_xz,K_yx,K_yy,K_yz,K_zx,K_zy,K_zz,K_star_eig1,K_star_eig2,K_star_eig3,K_eig1,K_eig2,K_eig3,symmetry_error,error_type,error_message
eps_0.02_coeffs_0.731_1.426_0.949_54.673_50.556_-3369.249_m_-0.423_rho_0.302_,0.6983656883239746,0.16666666666666666,1e-05,True,25000,7500,10000,7500,8.219126148359733,0.7318964390438534,0.5310109100047936,0.7316265939863262,6.013477505346418,-0.06627302845069809,0.5314426684615478,-0.0663121491290816,7.450054351707899,5.739955690020823,0.5111313604347266,0.3708397996730378,0.5109429099053858,4.199606357241989,-0.04628280913128612,0.3711413249648786,-0.04631012967077312,5.202862335381509,5.763397313656199,7.275784866164971,8.643475825592882,4.024958932036059,5.0811585061564575,6.036306944451807,5.6938844748936345e-05,,
