sample_name,porosity,nu,g,all_converged,total_iterations,iterations_x,iterations_y,iterations_z,K_star_xx,K_star_xy,K_star_xz,K_star_yx,K_star_yy,K_star_yz,K_star_zx,K_star_zy,K_star_zz,K_xx,K_xy,K_xz,K_yx,K_yy,K_yz,K_zx,K_zy,K_zz,K_star_eig1,K_star_eig2,K_star_eig3,K_eig1,K_eig2,K_eig3,symmetry_error,error_type,error_message
eps_0.02_coeffs_0.077_0.821_0.73_47.946_100.5_-1496.598_m_-0.54_rho_0.401_,0.5993146896362305,0.16666666666666666,1e-05,True,50000,17500,17500,15000,3.607780069469147,-0.08949545091141436,0.5089570482338266,-0.08874196489088888,2.9132196533472623,0.3610361552773038,0.5090219215460531,0.3611409119148835,3.071051964940324,2.1621955926096796,-0.0536359383868288,0.30502543540042776,-0.05318436314629233,1.7459353323879814,0.21637427134747525,0.30506431492941044,0.21643705353921366,1.840526555224946,2.4723863292712136,3.19133790145988,3.928327457025639,1.4817374455880357,1.912615683937767,2.354304350696803,0.0001916867531911197,,
