sample_name,porosity,nu,g,all_converged,total_iterations,iterations_x,iterations_y,iterations_z,K_star_xx,K_star_xy,K_star_xz,K_star_yx,K_star_yy,K_star_yz,K_star_zx,K_star_zy,K_star_zz,K_xx,K_xy,K_xz,K_yx,K_yy,K_yz,K_zx,K_zy,K_zz,K_star_eig1,K_star_eig2,K_star_eig3,K_eig1,K_eig2,K_eig3,symmetry_error,error_type,error_message
eps_0.02_coeffs_0.386_1.313_0.723_58.866_78.149_-1486.983_m_-0.426_rho_0.438_,0.5618033409118652,0.16666666666666666,1e-05,True,47500,22500,12500,12500,1.4623839389680429,0.15489620879860494,-0.209690207130566,0.15565609233624256,3.293797687664787,0.010992583615926015,-0.20964282756633817,0.01098483143219196,1.8003703834575655,0.8215721826080997,0.08702120759763811,-0.117804658922453,0.08744811270778685,1.8504665452178537,0.006175670200680268,-0.11777804092497886,0.006171314997959113,1.0114540963052363,1.3512222110651784,1.8983666355047775,3.306963163520439,0.7591211524907349,1.066508718102201,1.8578629535382545,0.0002661729793291914,,
