sample_name,porosity,nu,g,all_converged,total_iterations,iterations_x,iterations_y,iterations_z,K_star_xx,K_star_xy,K_star_xz,K_star_yx,K_star_yy,K_star_yz,K_star_zx,K_star_zy,K_star_zz,K_xx,K_xy,K_xz,K_yx,K_yy,K_yz,K_zx,K_zy,K_zz,K_star_eig1,K_star_eig2,K_star_eig3,K_eig1,K_eig2,K_eig3,symmetry_error,error_type,error_message
eps_0.02_coeffs_0.316_1.039_0.422_-21.057_1.806_79.291_m_-0.293_rho_0.697_,0.3032560348510742,0.16666666666666666,1e-05,True,97500,35000,27500,35000,0.5983084417281548,-0.008885743221997457,0.02462978578231551,-0.00888557927415565,0.5665091990966605,-0.006112919776099649,0.024630012895111856,-0.006112817342105193,0.6104747475810012,0.18144064565640522,-0.002694655256207757,0.007469131175576365,-0.0026946055380353286,0.17179733342471104,-0.0018537798126626959,0.0074692000489024486,-0.0018537487489357033,0.18513015132812483,0.5641917777429776,0.5797018037125168,0.6313988069503221,0.17109456141391402,0.1757980703898736,0.19147549860545363,4.1102845680983074e-07,,
