sample_name,porosity,nu,g,all_converged,total_iterations,iterations_x,iterations_y,iterations_z,K_star_xx,K_star_xy,K_star_xz,K_star_yx,K_star_yy,K_star_yz,K_star_zx,K_star_zy,K_star_zz,K_xx,K_xy,K_xz,K_yx,K_yy,K_yz,K_zx,K_zy,K_zz,K_star_eig1,K_star_eig2,K_star_eig3,K_eig1,K_eig2,K_eig3,symmetry_error,error_type,error_message
eps_0.02_coeffs_0.161_0.491_0.909_-3.263_13.058_182.188_m_-0.63_rho_0.61_,0.3898911476135254,0.16666666666666666,1e-05,True,22500,7500,7500,7500,9.21947695230522,0.09644411259318687,-0.05246604372819035,0.09696165309125727,7.3114354797542545,1.1732554309075265,-0.0511789084561977,1.172903742010477,8.984126886003326,3.5945924493307295,0.037602705739525684,-0.020456045999925544,0.03780449019825483,2.850663969903633,0.4574419064003368,-0.01995420335159448,0.4573047860126632,3.502831541889365,6.702458254325969,9.224249020924558,9.588332042812274,2.6132291406108985,3.5964530366412135,3.738405783871615,0.00013585705470449882,,
