sample_name,porosity,nu,g,all_converged,total_iterations,iterations_x,iterations_y,iterations_z,K_star_xx,K_star_xy,K_star_xz,K_star_yx,K_star_yy,K_star_yz,K_star_zx,K_star_zy,K_star_zz,K_xx,K_xy,K_xz,K_yx,K_yy,K_yz,K_zx,K_zy,K_zz,K_star_eig1,K_star_eig2,K_star_eig3,K_eig1,K_eig2,K_eig3,symmetry_error,error_type,error_message
eps_0.02_coeffs_0.99_0.266_0.55_64.984_121.054_-1000.698_m_-0.295_rho_0.692_,0.3081088066101074,0.16666666666666666,1e-05,True,170000,62500,60000,47500,0.5917303481801027,-0.08567325727338201,-0.12691761826808506,-0.08567240223753311,0.5796790742045017,0.05672535512217928,-0.12690301023269848,0.056733440998532864,1.398271764013641,0.1823173314127548,-0.026396685056902437,-0.03910443590237686,-0.026396421612827424,0.17860422777000093,0.0174775814712292,-0.03909993503802698,0.0174800728009429,0.4308198445268527,0.4972917074860738,0.6489195935610677,1.4234698853511043,0.15321995453063686,0.19993784155801655,0.43858360762095505,1.4403202979612108e-05,,
