sample_name,porosity,nu,g,all_converged,total_iterations,iterations_x,iterations_y,iterations_z,K_star_xx,K_star_xy,K_star_xz,K_star_yx,K_star_yy,K_star_yz,K_star_zx,K_star_zy,K_star_zz,K_xx,K_xy,K_xz,K_yx,K_yy,K_yz,K_zx,K_zy,K_zz,K_star_eig1,K_star_eig2,K_star_eig3,K_eig1,K_eig2,K_eig3,symmetry_error,error_type,error_message
eps_0.02_coeffs_0.775_0.471_0.845_52.89_63.885_-3556.127_m_-0.478_rho_0.609_,0.39062976837158203,0.16666666666666666,1e-05,True,50000,15000,17500,17500,1.5829511581356814,-0.10349289782229597,0.17449148932492817,-0.10349168447205845,1.692144348477453,-0.14783400684948103,0.17452985676618757,-0.14785634845371068,2.270324496022823,0.6183478442460688,-0.04042740670442728,0.06816157005780907,-0.04042693273370505,0.6610019548970291,-0.057748363853055644,0.06817655752250124,-0.057757091148740926,0.886856332009724,1.5111017934559419,1.6793461055849468,2.354972103595068,0.5902813435635769,0.6560025802403661,0.9199222073488792,1.9247689134633053e-05,,
