sample_name,porosity,nu,g,all_converged,total_iterations,iterations_x,iterations_y,iterations_z,K_star_xx,K_star_xy,K_star_xz,K_star_yx,K_star_yy,K_star_yz,K_star_zx,K_star_zy,K_star_zz,K_xx,K_xy,K_xz,K_yx,K_yy,K_yz,K_zx,K_zy,K_zz,K_star_eig1,K_star_eig2,K_star_eig3,K_eig1,K_eig2,K_eig3,symmetry_error,error_type,error_message
eps_0.02_coeffs_0.413_0.952_0.365_13.626_106.87_973.053_m_-0.282_rho_0.468_,0.5320529937744141,0.16666666666666666,1e-05,True,177500,105000,42500,30000,0.16665158623612347,-1.7413781338076772e-06,1.421551825071625e-06,-5.449964158454899e-08,6.244595858557336,-6.077886902972653,1.0866460131037494e-07,-6.0779160889584976,6.245393181768407,0.08866747537418443,-9.265054493856769e-07,7.563409043348403e-07,-2.899669746469184e-08,3.322455921456738,-3.233757922548902,5.7815326444488106e-08,-3.2337734510400464,3.3228801396581944,0.16665158623268628,0.16707841813333857,12.32291062219584,0.08866747537235567,0.08889457256293665,6.556441488553824,3.357829470527839e-06,,
