sample_name,porosity,nu,g,all_converged,total_iterations,iterations_x,iterations_y,iterations_z,K_star_xx,K_star_xy,K_star_xz,K_star_yx,K_star_yy,K_star_yz,K_star_zx,K_star_zy,K_star_zz,K_xx,K_xy,K_xz,K_yx,K_yy,K_yz,K_zx,K_zy,K_zz,K_star_eig1,K_star_eig2,K_star_eig3,K_eig1,K_eig2,K_eig3,symmetry_error,error_type,error_message
eps_0.02_coeffs_0.427_1.223_0.497_39.794_128.126_-567.901_m_-0.365_rho_0.431_,0.5687074661254883,0.16666666666666666,1e-05,True,235000,92500,67500,75000,0.37510427912804667,-0.040089480555336905,-0.03416777829832652,-0.04008944124760923,0.3725555313799843,0.030306947545237044,-0.03416767163805744,0.03030662669189559,0.3796655238165884,0.2133246041157393,-0.022799186904912686,-0.01943147061917872,-0.022799164550314478,0.21187511224214572,0.017235787344449846,-0.019431409960687356,0.01723560487275903,0.21591861802493822,0.3335216512085384,0.3482495647355326,0.44555411838054826,0.18967625315679673,0.19805212754004897,0.25338995368597755,7.332333718616269e-07,,
