sample_name,porosity,nu,g,all_converged,total_iterations,iterations_x,iterations_y,iterations_z,K_star_xx,K_star_xy,K_star_xz,K_star_yx,K_star_yy,K_star_yz,K_star_zx,K_star_zy,K_star_zz,K_xx,K_xy,K_xz,K_yx,K_yy,K_yz,K_zx,K_zy,K_zz,K_star_eig1,K_star_eig2,K_star_eig3,K_eig1,K_eig2,K_eig3,symmetry_error,error_type,error_message
eps_0.02_coeffs_0.511_-0.15_0.327_97.787_62.089_-2488.845_m_-0.328_rho_0.513_,0.4868197441101074,0.16666666666666666,1e-05,True,72500,27500,20000,25000,1.5537774809515064,0.3537690243909351,0.17068107809382696,0.3537650473113566,1.5670119966161287,0.06950838005778258,0.17070144094210246,0.06954721881775551,1.0316722549716806,0.7564095556808597,0.17222174592807737,0.0830909187620741,0.17221980980721466,0.7628523792101323,0.03383805179323781,0.08310083179866093,0.03385695926842938,0.502238423170811,0.9777399889338019,1.228930159198116,1.9457915844073987,0.4759831312189726,0.5982674656300204,0.9472497612128099,2.4904208911819966e-05,,
