sample_name,porosity,nu,g,all_converged,total_iterations,iterations_x,iterations_y,iterations_z,K_star_xx,K_star_xy,K_star_xz,K_star_yx,K_star_yy,K_star_yz,K_star_zx,K_star_zy,K_star_zz,K_xx,K_xy,K_xz,K_yx,K_yy,K_yz,K_zx,K_zy,K_zz,K_star_eig1,K_star_eig2,K_star_eig3,K_eig1,K_eig2,K_eig3,symmetry_error,error_type,error_message
eps_0.02_coeffs_0.385_-0.192_0.663_62.626_72.86_-3950.658_m_-0.628_rho_0.399_,0.6010193824768066,0.16666666666666666,1e-05,True,35000,10000,12500,12500,3.485547476266198,0.0020684927540926532,-0.14581932651783805,0.002002711275295629,2.6634769432569123,0.16326309031128186,-0.14580380732408654,0.1632954646018003,2.404767811226185,2.094881591779102,0.0012432042377225154,-0.08764024157693485,0.001203668293957517,1.600801267677482,0.09812428172014173,-0.08763091424068979,0.09814373929623725,1.4453120649032636,2.310825743480223,2.737631511290219,3.505334975978854,1.388851061357991,1.645369600364694,2.1067742626371624,2.1145003158521877e-05,,
