sample_name,porosity,nu,g,all_converged,total_iterations,iterations_x,iterations_y,iterations_z,K_star_xx,K_star_xy,K_star_xz,K_star_yx,K_star_yy,K_star_yz,K_star_zx,K_star_zy,K_star_zz,K_xx,K_xy,K_xz,K_yx,K_yy,K_yz,K_zx,K_zy,K_zz,K_star_eig1,K_star_eig2,K_star_eig3,K_eig1,K_eig2,K_eig3,symmetry_error,error_type,error_message
eps_0.02_coeffs_0.381_0.83_0.837_18.845_33.003_-3710.607_m_-0.572_rho_0.392_,0.6083588600158691,0.16666666666666666,1e-05,True,27500,10000,10000,7500,4.48807016987823,-0.1573766767763179,-0.3742297412978879,-0.15746962873720088,4.532895204042969,0.08382083708351615,-0.37423037652527275,0.08396260449572054,4.608124969144906,2.730357252218348,-0.09574149567672666,-0.2276659788000167,-0.09579804382568567,2.757626958902981,0.05099314889370377,-0.2276663652462244,0.05107939435497984,2.803393653039657,4.156534638111607,4.484204373533238,4.988351331421258,2.5286646740580503,2.728005460760857,3.03470772934208,3.0381746716846467e-05,,
