sample_name,porosity,nu,g,all_converged,total_iterations,iterations_x,iterations_y,iterations_z,K_star_xx,K_star_xy,K_star_xz,K_star_yx,K_star_yy,K_star_yz,K_star_zx,K_star_zy,K_star_zz,K_xx,K_xy,K_xz,K_yx,K_yy,K_yz,K_zx,K_zy,K_zz,K_star_eig1,K_star_eig2,K_star_eig3,K_eig1,K_eig2,K_eig3,symmetry_error,error_type,error_message
eps_0.02_coeffs_0.576_0.732_0.41_-10.659_15.257_645.582_m_-0.511_rho_0.692_,0.3076963424682617,0.16666666666666666,1e-05,True,40000,12500,15000,12500,12.32432939224266,3.120196244182411,1.060762296114438,3.0737934032470555,61.80717458002511,-0.2299352354220962,1.0608593079243924,-0.2270725648240198,1.4341535861185757,3.792151077367161,0.9600729721181351,0.32639267874264777,0.9457949876821897,19.017841556571046,-0.0707502309439577,0.32642252892174695,-0.06986939767123816,0.44128381298642694,1.3272173729589365,12.240628943710199,61.9978112417172,0.4083799313197991,3.7663967554907707,19.07649976011407,0.001040144661998886,,
