sample_name,porosity,nu,g,all_converged,total_iterations,iterations_x,iterations_y,iterations_z,K_star_xx,K_star_xy,K_star_xz,K_star_yx,K_star_yy,K_star_yz,K_star_zx,K_star_zy,K_star_zz,K_xx,K_xy,K_xz,K_yx,K_yy,K_yz,K_zx,K_zy,K_zz,K_star_eig1,K_star_eig2,K_star_eig3,K_eig1,K_eig2,K_eig3,symmetry_error,error_type,error_message
eps_0.02_coeffs_0.623_-0.082_0.851_73.678_82.201_-3471.353_m_-0.265_rho_0.638_,0.3621664047241211,0.16666666666666666,1e-05,True,67500,22500,25000,20000,1.0597963982316945,0.038993956669123836,-0.023731336548155308,0.03899215325228856,1.0620332938580688,-0.05144976685810041,-0.023731692568004795,-0.05144962386267046,0.9875375936740662,0.38382265128714566,0.014122301092824745,-0.008594692836943542,0.014121647955833294,0.38463277973389276,-0.018633377086892465,-0.00859482177537244,-0.01863332529875171,0.3576529398308465,0.9611272838416345,1.0264665472597783,1.1217734546624174,0.34808801287118457,0.3717516989906558,0.4062686589900441,1.4495526867101632e-06,,
