sample_name,porosity,nu,g,all_converged,total_iterations,iterations_x,iterations_y,iterations_z,K_star_xx,K_star_xy,K_star_xz,K_star_yx,K_star_yy,K_star_yz,K_star_zx,K_star_zy,K_star_zz,K_xx,K_xy,K_xz,K_yx,K_yy,K_yz,K_zx,K_zy,K_zz,K_star_eig1,K_star_eig2,K_star_eig3,K_eig1,K_eig2,K_eig3,symmetry_error,error_type,error_message
eps_0.02_coeffs_0.539_0.525_0.583_106.284_28.512_-4196.79_m_-0.273_rho_0.567_,0.43329477310180664,0.16666666666666666,1e-05,True,90000,32500,32500,25000,1.5182639522820147,-0.13758185649696908,0.388538625487423,-0.13758093784625358,1.012416018843494,-0.04709104227804603,0.3885238925804338,-0.047097678755721864,1.6696828472361704,0.6578558347126877,-0.059613499293779536,0.16835175557186077,-0.059613101247226206,0.43867456916942615,-0.02040430247899354,0.16834537188026977,-0.020407178030082285,0.723464850445175,0.9716909178485557,1.223309662284074,2.0053622382290506,0.42102859577427587,0.5300536825526256,0.8689129760003871,9.003917378374165e-06,,
