sample_name,porosity,nu,g,all_converged,total_iterations,iterations_x,iterations_y,iterations_z,K_star_xx,K_star_xy,K_star_xz,K_star_yx,K_star_yy,K_star_yz,K_star_zx,K_star_zy,K_star_zz,K_xx,K_xy,K_xz,K_yx,K_yy,K_yz,K_zx,K_zy,K_zz,K_star_eig1,K_star_eig2,K_star_eig3,K_eig1,K_eig2,K_eig3,symmetry_error,error_type,error_message
eps_0.02_coeffs_0.461_0.654_0.596_-39.712_110.084_946.446_m_-0.498_rho_0.663_,0.33690929412841797,0.16666666666666666,1e-05,True,75000,22500,27500,25000,0.7048275433499375,-0.04339623116459373,0.01653251904589748,-0.04339612819164328,0.7205042114171328,0.0077983559006841565,0.016532817132631043,0.0077975415666512796,0.6934522265081381,0.23746295011229435,-0.014620593609496926,0.005569959321917946,-0.014620558916952875,0.24274456528509866,0.0026273385818616824,0.00557005975010894,0.002627064225157481,0.23363050014463663,0.6593384714270335,0.7023268040408798,0.7571187058072952,0.22213725900019188,0.23662042779688053,0.255080328744957,1.0079549318301681e-06,,
