sample_name,porosity,nu,g,all_converged,total_iterations,iterations_x,iterations_y,iterations_z,K_star_xx,K_star_xy,K_star_xz,K_star_yx,K_star_yy,K_star_yz,K_star_zx,K_star_zy,K_star_zz,K_xx,K_xy,K_xz,K_yx,K_yy,K_yz,K_zx,K_zy,K_zz,K_star_eig1,K_star_eig2,K_star_eig3,K_eig1,K_eig2,K_eig3,symmetry_error,error_type,error_message
eps_0.02_coeffs_0.869_0.295_0.684_109.536_98.786_-4195.053_m_-0.307_rho_0.44_,0.5601859092712402,0.16666666666666666,1e-05,True,45000,15000,15000,15000,2.370714808549915,0.06246559367403499,0.11274215182543865,0.06246209604854736,2.264731990443349,-0.09171481619176951,0.11277529002985717,-0.09171167803186017,1.9335153052216485,1.3280410306503283,0.03499234539045712,0.06315656483352956,0.03499038606994304,1.2686709493221733,-0.05137734770203107,0.06317512838870337,-0.05137558974906882,1.0831280293454488,1.8780322017293112,2.280556844908847,2.4103730575767535,1.0520471765664037,1.2775358098100134,1.3502570229415332,1.2414155018151163e-05,,
