sample_name,porosity,nu,g,all_converged,total_iterations,iterations_x,iterations_y,iterations_z,K_star_xx,K_star_xy,K_star_xz,K_star_yx,K_star_yy,K_star_yz,K_star_zx,K_star_zy,K_star_zz,K_xx,K_xy,K_xz,K_yx,K_yy,K_yz,K_zx,K_zy,K_zz,K_star_eig1,K_star_eig2,K_star_eig3,K_eig1,K_eig2,K_eig3,symmetry_error,error_type,error_message
eps_0.02_coeffs_0.467_0.183_0.44_66.22_116.309_-2225.102_m_-0.412_rho_0.403_,0.5967416763305664,0.16666666666666666,1e-05,True,75000,22500,25000,27500,1.1589707474870343,0.009422838762304113,-0.006076905531437227,0.009424657289837941,0.9952220666092113,0.07102333203900478,-0.006078777200390394,0.0710207254834113,0.9696101061499371,0.6916061466735024,0.005623000598809996,-0.0036263427937323423,0.005624085789978986,0.5938904843495514,0.04238258221953814,-0.0036274596966009913,0.04238102677918384,0.5786067601309719,0.9097897360506172,1.0544766105793333,1.1595365736162324,0.5429094521991885,0.6292501402484854,0.6919437987063518,2.8783328040561393e-06,,
