sample_name,porosity,nu,g,all_converged,total_iterations,iterations_x,iterations_y,iterations_z,K_star_xx,K_star_xy,K_star_xz,K_star_yx,K_star_yy,K_star_yz,K_star_zx,K_star_zy,K_star_zz,K_xx,K_xy,K_xz,K_yx,K_yy,K_yz,K_zx,K_zy,K_zz,K_star_eig1,K_star_eig2,K_star_eig3,K_eig1,K_eig2,K_eig3,symmetry_error,error_type,error_message
eps_0.02_coeffs_0.513_1.456_0.867_66.188_51.886_-2345.285_m_-0.449_rho_0.579_,0.4206852912902832,0.16666666666666666,1e-05,True,45000,12500,15000,17500,3.3402376512096446,0.7812485378998503,-0.7293164837161398,0.7813432514889846,1.7958890589409329,-0.7990710481600682,-0.729198680583365,-0.7991005266090045,2.5743731201098954,1.4051888492779008,0.3286597687365064,-0.3068127173949293,0.32869961335034054,0.755504111885599,-0.3361574366568502,-0.3067631593497031,-0.33616983780672777,1.0830009059233066,1.2458868043431577,2.2018850915155443,4.262727934401771,0.5241262531998219,0.9263006711119485,1.793266942775036,4.393719403045556e-05,,
