sample_name,porosity,nu,g,all_converged,total_iterations,iterations_x,iterations_y,iterations_z,K_star_xx,K_star_xy,K_star_xz,K_star_yx,K_star_yy,K_star_yz,K_star_zx,K_star_zy,K_star_zz,K_xx,K_xy,K_xz,K_yx,K_yy,K_yz,K_zx,K_zy,K_zz,K_star_eig1,K_star_eig2,K_star_eig3,K_eig1,K_eig2,K_eig3,symmetry_error,error_type,error_message
eps_0.02_coeffs_0.712_0.987_0.504_56.904_125.551_-1570.066_m_-0.416_rho_0.325_,0.675483226776123,0.16666666666666666,1e-05,True,42500,12500,15000,15000,4.100443610374205,0.24621007044751214,-0.5050411333304027,0.2462149423370591,2.201180024225922,-0.05192350402236506,-0.5054379228867115,-0.052021253056668264,2.288764657133158,2.769780881149104,0.16631077285066206,-0.3411468143966906,0.16631406373033375,1.4868601854792705,-0.03507345604255016,-0.34141483908653714,-0.03513948387565553,1.5460221359314525,2.1505984757383394,2.177219090523298,4.262570725471648,1.4526931978915443,1.4706749766652527,2.879295028003029,0.00011014422832570138,,
