sample_name,porosity,nu,g,all_converged,total_iterations,iterations_x,iterations_y,iterations_z,K_star_xx,K_star_xy,K_star_xz,K_star_yx,K_star_yy,K_star_yz,K_star_zx,K_star_zy,K_star_zz,K_xx,K_xy,K_xz,K_yx,K_yy,K_yz,K_zx,K_zy,K_zz,K_star_eig1,K_star_eig2,K_star_eig3,K_eig1,K_eig2,K_eig3,symmetry_error,error_type,error_message
eps_0.02_coeffs_0.136_0.314_0.882_51.239_14.974_-3119.889_m_-0.272_rho_0.502_,0.4976520538330078,0.16666666666666666,1e-05,True,67500,25000,22500,20000,1.3623122134408212,-0.14046183152746716,-0.027366398193725817,-0.14046606286676436,1.4663840001618063,0.09296796529861327,-0.027366429592936975,0.09297204157785632,1.6647924648461656,0.6779574709806155,-0.06990111894478997,-0.013618944267119569,-0.06990322467948168,0.7297490093883845,0.046265698871530696,-0.01361895989300149,0.046267727440268,0.8284873893364098,1.2620472139135521,1.5106319889942095,1.7208094755410317,0.6280603880383044,0.7517691119088099,0.8563643697582954,3.178035698273692e-06,,
