sample_name,porosity,nu,g,all_converged,total_iterations,iterations_x,iterations_y,iterations_z,K_star_xx,K_star_xy,K_star_xz,K_star_yx,K_star_yy,K_star_yz,K_star_zx,K_star_zy,K_star_zz,K_xx,K_xy,K_xz,K_yx,K_yy,K_yz,K_zx,K_zy,K_zz,K_star_eig1,K_star_eig2,K_star_eig3,K_eig1,K_eig2,K_eig3,symmetry_error,error_type,error_message
eps_0.02_coeffs_0.216_0.472_0.909_77.07_40.505_-3720.534_m_-0.207_rho_0.36_,0.6398320198059082,0.16666666666666666,1e-05,True,102500,37500,32500,32500,0.9217161277604291,-0.002500147275694646,0.03650423380262187,-0.0025016004499664422,0.9846525913557369,0.10180131470013712,0.03650771268298885,0.10181025346932808,0.9271091975298331,0.5897434917126358,-0.001599674281219944,0.023356577645398658,-0.0016006040686493976,0.6300122563342627,0.06513574080348562,0.023358803544450527,0.06514146011423166,0.5931941504361479,0.8385568398467971,0.930345031241213,1.0645760455579891,0.5365355165612355,0.595264540455456,0.681149841466355,8.346428781254127e-06,,
