sample_name,porosity,nu,g,all_converged,total_iterations,iterations_x,iterations_y,iterations_z,K_star_xx,K_star_xy,K_star_xz,K_star_yx,K_star_yy,K_star_yz,K_star_zx,K_star_zy,K_star_zz,K_xx,K_xy,K_xz,K_yx,K_yy,K_yz,K_zx,K_zy,K_zz,K_star_eig1,K_star_eig2,K_star_eig3,K_eig1,K_eig2,K_eig3,symmetry_error,error_type,error_message
eps_0.02_coeffs_0.977_0.377_0.388_58.494_47.194_-3186.814_m_-0.251_rho_0.698_,0.3024773597717285,0.16666666666666666,1e-05,True,70000,22500,20000,27500,1.0400675116387879,-0.02967357902115153,-0.014774509634356222,-0.029671281256629767,1.1943711937091013,-0.16728480404350946,-0.014775866035045828,-0.1672867995717484,1.0341173144178228,0.31459687490485205,-0.008975585837295668,-0.004468954666122036,-0.008974890815549747,0.3612702452605367,-0.05059986585701171,-0.004469364946621421,-0.05060046945912478,0.3127970749593335,0.9219259895944232,1.0457513319980714,1.3008786981732177,0.2788617392374592,0.31631610188054493,0.39348635400671816,2.471198469842572e-06,,
