sample_name,porosity,nu,g,all_converged,total_iterations,iterations_x,iterations_y,iterations_z,K_star_xx,K_star_xy,K_star_xz,K_star_yx,K_star_yy,K_star_yz,K_star_zx,K_star_zy,K_star_zz,K_xx,K_xy,K_xz,K_yx,K_yy,K_yz,K_zx,K_zy,K_zz,K_star_eig1,K_star_eig2,K_star_eig3,K_eig1,K_eig2,K_eig3,symmetry_error,error_type,error_message
eps_0.02_coeffs_0.948_1.121_0.39_27.951_32.98_-1268.263_m_-0.22_rho_0.604_,0.3958158493041992,0.16666666666666666,1e-05,True,57500,20000,17500,20000,2.052756429498608,0.3963106595453083,-0.1205011808265666,0.39627710158677315,2.261351423963456,0.05072319761490253,-0.12048383031154276,0.050737794228453405,1.7320371016144065,0.812513529556647,0.15686604029623355,-0.047696277231026346,0.15685275752437505,0.8950787344513556,0.020077045543367377,-0.04768940962218632,0.020082823114356982,0.68556773640189,1.612410047084938,1.8655446661567838,2.5681902418347495,0.6382174522135483,0.7384121464497662,1.0165304017465777,1.608724036543513e-05,,
