sample_name,porosity,nu,g,all_converged,total_iterations,iterations_x,iterations_y,iterations_z,K_star_xx,K_star_xy,K_star_xz,K_star_yx,K_star_yy,K_star_yz,K_star_zx,K_star_zy,K_star_zz,K_xx,K_xy,K_xz,K_yx,K_yy,K_yz,K_zx,K_zy,K_zz,K_star_eig1,K_star_eig2,K_star_eig3,K_eig1,K_eig2,K_eig3,symmetry_error,error_type,error_message
eps_0.02_coeffs_0.59_1.08_0.272_118.894_104.47_-2401.564_m_-0.439_rho_0.421_,0.579226016998291,0.16666666666666666,1e-05,True,115000,37500,40000,37500,1.139405484092435,0.06260460224726408,0.07029800875468807,0.06261001080792851,0.6396104364205211,-0.16138001884325634,0.07024061039558703,-0.16137897685844105,1.2429229962429038,0.6599733002968707,0.03626221440544503,0.040718435613888965,0.03626534718449638,0.3704790055183971,-0.09347550553768852,0.04068518899096463,-0.09347490199297419,0.719933336549359,0.5880934104094013,1.1322410835303862,1.3016044228160724,0.3406390037343784,0.655823493095135,0.7539231455351132,4.474090474344928e-05,,
