sample_name,porosity,nu,g,all_converged,total_iterations,iterations_x,iterations_y,iterations_z,K_star_xx,K_star_xy,K_star_xz,K_star_yx,K_star_yy,K_star_yz,K_star_zx,K_star_zy,K_star_zz,K_xx,K_xy,K_xz,K_yx,K_yy,K_yz,K_zx,K_zy,K_zz,K_star_eig1,K_star_eig2,K_star_eig3,K_eig1,K_eig2,K_eig3,symmetry_error,error_type,error_message
eps_0.02_coeffs_0.626_1.223_0.401_74.726_29.257_-2368.901_m_-0.306_rho_0.3_,0.6995186805725098,0.16666666666666666,1e-05,True,35000,10000,12500,12500,4.66959439837887,0.18325890420313892,-0.5178273796387504,0.18306924402743052,2.2826848950371135,0.99358003240301,-0.5179347938163158,0.992952048236497,2.1916895112232577,3.26646851236277,0.1281930268713437,-0.3622299253692188,0.12806035603547503,1.5967807259391595,0.6950277933097451,-0.3623050635929841,0.6945885066541654,1.533127755115502,1.1709489480142325,3.1994044808701885,4.773615375754822,0.8191006631326838,2.2380432010760893,3.339233129208658,0.00016029139818247016,,
