sample_name,porosity,nu,g,all_converged,total_iterations,iterations_x,iterations_y,iterations_z,K_star_xx,K_star_xy,K_star_xz,K_star_yx,K_star_yy,K_star_yz,K_star_zx,K_star_zy,K_star_zz,K_xx,K_xy,K_xz,K_yx,K_yy,K_yz,K_zx,K_zy,K_zz,K_star_eig1,K_star_eig2,K_star_eig3,K_eig1,K_eig2,K_eig3,symmetry_error,error_type,error_message
eps_0.02_coeffs_0.953_-0.51_0.449_-9.907_70.785_-1475.157_m_-0.233_rho_0.621_,0.37920713424682617,0.16666666666666666,1e-05,True,47500,17500,15000,15000,1.1521211420311503,-0.003947142558253399,-0.006973881295928953,-0.003946688939145803,1.1536784690837714,0.003635939705694783,-0.006973868261222068,0.003636268515896816,1.134883155438251,0.43689255657481313,-0.0014967846179789576,-0.0026445455408067604,-0.0014966126023771265,0.4374831061035226,0.0013787742760907671,-0.0026445405979529167,0.0013788989632651913,0.43035578907873456,1.1321965818873412,1.1493213402115092,1.1591648444543214,0.42933702122155076,0.4358308517503281,0.43956357878519153,3.989461557623983e-07,,
