sample_name,porosity,nu,g,all_converged,total_iterations,iterations_x,iterations_y,iterations_z,K_star_xx,K_star_xy,K_star_xz,K_star_yx,K_star_yy,K_star_yz,K_star_zx,K_star_zy,K_star_zz,K_xx,K_xy,K_xz,K_yx,K_yy,K_yz,K_zx,K_zy,K_zz,K_star_eig1,K_star_eig2,K_star_eig3,K_eig1,K_eig2,K_eig3,symmetry_error,error_type,error_message
eps_0.02_coeffs_0.2_0.937_0.531_34.737_143.189_290.318_m_-0.369_rho_0.501_,0.49889659881591797,0.16666666666666666,1e-05,True,180000,75000,45000,60000,0.16658792721192475,-3.40135646039848e-10,1.304667400763575e-07,-8.877058374890903e-15,0.1665861862778542,-5.837575645186334e-09,1.3049601338318143e-07,-5.27037254140736e-09,0.1665800132739887,0.08311015028982296,-1.696925169453351e-10,6.508941288269517e-08,-4.428734230723432e-15,0.08310928174373641,-2.9123466347141e-09,6.510401723590572e-08,-2.629370935400938e-09,0.08310620205310343,0.16658001111827683,0.16658618628234692,0.16658792936314407,0.08310620097762611,0.08310928174597779,0.08311015136305897,3.244788507563642e-09,,
