sample_name,porosity,nu,g,all_converged,total_iterations,iterations_x,iterations_y,iterations_z,K_star_xx,K_star_xy,K_star_xz,K_star_yx,K_star_yy,K_star_yz,K_star_zx,K_star_zy,K_star_zz,K_xx,K_xy,K_xz,K_yx,K_yy,K_yz,K_zx,K_zy,K_zz,K_star_eig1,K_star_eig2,K_star_eig3,K_eig1,K_eig2,K_eig3,symmetry_error,error_type,error_message
eps_0.02_coeffs_0.862_0.359_0.45_116.628_137.537_-2563.852_m_-0.288_rho_0.606_,0.3935508728027344,0.16666666666666666,1e-05,True,120000,45000,40000,35000,0.54223004091849,-0.030582050407047312,0.0030143764880501385,-0.030582247792014405,0.57477755506449,-0.029071470014381436,0.0030141794078882614,-0.029070769034331978,0.7888362788546386,0.21339510586333413,-0.012035592629790688,0.0011863104978281733,-0.012035670310816765,0.22620420846305175,-0.011441102397818335,0.0011862329367584544,-0.011440826526508054,0.31044720604170417,0.5232610170502855,0.5896683602307277,0.7929144975566056,0.20592982996378625,0.23206449783295988,0.31205219257134365,9.542094797720232e-07,,
