sample_name,porosity,nu,g,all_converged,total_iterations,iterations_x,iterations_y,iterations_z,K_star_xx,K_star_xy,K_star_xz,K_star_yx,K_star_yy,K_star_yz,K_star_zx,K_star_zy,K_star_zz,K_xx,K_xy,K_xz,K_yx,K_yy,K_yz,K_zx,K_zy,K_zz,K_star_eig1,K_star_eig2,K_star_eig3,K_eig1,K_eig2,K_eig3,symmetry_error,error_type,error_message
eps_0.02_coeffs_0.505_-0.461_0.378_109.524_61.197_-3634.852_m_-0.417_rho_0.646_,0.3542513847351074,0.16666666666666666,1e-05,True,97500,30000,35000,32500,0.7862673228872096,0.03290569285120595,-0.016253623869894977,0.03290586198815422,0.6702787286210523,-0.033214900478093744,-0.016252521749768826,-0.03321627681550791,0.8749449805960988,0.2785362879047598,0.011656887258207835,-0.005757868762873891,0.011656947175205967,0.23744716777249505,-0.01176642448820349,-0.005757478335293058,-0.01176691205763832,0.3099504709431997,0.657916932028787,0.7886243310317126,0.8849497690438607,0.23306798421187142,0.2793712613037819,0.3134946811048013,1.8477757551706472e-06,,
