sample_name,porosity,nu,g,all_converged,total_iterations,iterations_x,iterations_y,iterations_z,K_star_xx,K_star_xy,K_star_xz,K_star_yx,K_star_yy,K_star_yz,K_star_zx,K_star_zy,K_star_zz,K_xx,K_xy,K_xz,K_yx,K_yy,K_yz,K_zx,K_zy,K_zz,K_star_eig1,K_star_eig2,K_star_eig3,K_eig1,K_eig2,K_eig3,symmetry_error,error_type,error_message
eps_0.02_coeffs_0.752_-0.139_0.722_84.637_147.445_-3818.38_m_-0.549_rho_0.352_,0.6475200653076172,0.16666666666666666,1e-05,True,32500,10000,10000,12500,3.387757548087153,-0.4027434169091513,-0.1814995259154234,-0.40272507186405443,3.3038528229550304,0.2529190983234827,-0.18141879159636495,0.2528737356540244,2.9584647098358303,2.1936409887837667,-0.26078444361922654,-0.11752458487405652,-0.26077256483442735,2.1393109956865968,0.16377019106396518,-0.11747230778250722,0.163740817825275,1.9156652621231776,2.821893704820674,2.9737304028584846,3.8544509731988548,1.8272327960366372,1.9255501046661725,2.4958343458907315,2.3726561170073886e-05,,
