sample_name,porosity,nu,g,all_converged,total_iterations,iterations_x,iterations_y,iterations_z,K_star_xx,K_star_xy,K_star_xz,K_star_yx,K_star_yy,K_star_yz,K_star_zx,K_star_zy,K_star_zz,K_xx,K_xy,K_xz,K_yx,K_yy,K_yz,K_zx,K_zy,K_zz,K_star_eig1,K_star_eig2,K_star_eig3,K_eig1,K_eig2,K_eig3,symmetry_error,error_type,error_message
eps_0.02_coeffs_0.314_0.518_0.62_86.094_44.292_-2831.96_m_-0.261_rho_0.466_,0.5335183143615723,0.16666666666666666,1e-05,True,125000,47500,40000,37500,1.0948593947244747,-0.08818900339121091,0.20556067912370093,-0.08819977469339398,0.8125980503931801,-0.2853195209467376,0.20556579507268258,-0.2853148625835993,0.9157769835494166,0.584127538736333,-0.04705044843450583,0.10967038702509696,-0.047056195121490015,0.43353594209926943,-0.15222318986995476,0.10967311647757401,-0.1522207045479055,0.48858379259441004,0.5651492063222917,0.9149232022350965,1.3431620201096828,0.30151745191984947,0.48812828462676083,0.7166015368834022,1.0522279375496995e-05,,
