sample_name,porosity,nu,g,all_converged,total_iterations,iterations_x,iterations_y,iterations_z,K_star_xx,K_star_xy,K_star_xz,K_star_yx,K_star_yy,K_star_yz,K_star_zx,K_star_zy,K_star_zz,K_xx,K_xy,K_xz,K_yx,K_yy,K_yz,K_zx,K_zy,K_zz,K_star_eig1,K_star_eig2,K_star_eig3,K_eig1,K_eig2,K_eig3,symmetry_error,error_type,error_message
eps_0.02_coeffs_0.637_0.524_0.738_9.274_76.767_-2644.318_m_-0.338_rho_0.679_,0.32081031799316406,0.16666666666666666,1e-05,True,70000,22500,22500,25000,0.7674944768400266,-0.006390016926454923,-0.011346987753566257,-0.006389989862407273,0.7623086455954884,-0.005195235285540741,-0.01134691532564741,-0.005195187887418399,0.7859634108670641,0.24622014717304602,-0.002049983362157705,-0.0036402307494861294,-0.0020499746797319716,0.24455647900242683,-0.0016666850840036315,-0.003640207513862452,-0.0016666698781969307,0.2521451717712547,0.7541510532060051,0.7701163806613948,0.7914990994351797,0.24193943919389796,0.24706128097172658,0.253921077781103,9.590902943137597e-08,,
