sample_name,porosity,nu,g,all_converged,total_iterations,iterations_x,iterations_y,iterations_z,K_star_xx,K_star_xy,K_star_xz,K_star_yx,K_star_yy,K_star_yz,K_star_zx,K_star_zy,K_star_zz,K_xx,K_xy,K_xz,K_yx,K_yy,K_yz,K_zx,K_zy,K_zz,K_star_eig1,K_star_eig2,K_star_eig3,K_eig1,K_eig2,K_eig3,symmetry_error,error_type,error_message
eps_0.02_coeffs_0.857_0.654_0.442_-14.446_82.904_660.857_m_-0.392_rho_0.484_,0.516108512878418,0.16666666666666666,1e-05,True,85000,27500,27500,30000,9.459463181650529,-2.055636269367283,-0.4809122954654968,-2.0486369053193725,12.801335059479804,2.441923271783498,-0.47516682962240414,2.4409985166204575,6.674669825369251,4.882109475309803,-1.0609313780020875,-0.2482029296376439,-1.0573189466322257,6.606878000406476,1.2602973883633821,-0.2452376458055716,1.2598201143514085,3.4448539175257737,5.804318402709484,8.611422952648695,14.51972671114141,2.9956581390952257,4.444428693858594,7.493754560288234,0.0007210780057128528,,
