sample_name,porosity,nu,g,all_converged,total_iterations,iterations_x,iterations_y,iterations_z,K_star_xx,K_star_xy,K_star_xz,K_star_yx,K_star_yy,K_star_yz,K_star_zx,K_star_zy,K_star_zz,K_xx,K_xy,K_xz,K_yx,K_yy,K_yz,K_zx,K_zy,K_zz,K_star_eig1,K_star_eig2,K_star_eig3,K_eig1,K_eig2,K_eig3,symmetry_error,error_type,error_message
eps_0.02_coeffs_0.686_-0.143_0.531_-7.834_84.453_-1825.209_m_-0.421_rho_0.608_,0.39153289794921875,0.16666666666666666,1e-05,True,60000,20000,20000,20000,1.0049678126934043,-0.007653775370891142,-0.010691317428932453,-0.0076541611929765606,0.998181362662915,-0.01939268610260797,-0.010690338480984614,-0.019393029527271045,1.0021106633956203,0.3934779600495362,-0.0029967048512173655,-0.004186002495844914,-0.002996855913256562,0.39082084160231123,-0.007592874588773639,-0.004185619205517955,-0.0075930090508272005,0.3923592921051013,0.9750961451911501,1.009826680510964,1.020337013049825,0.3817822195058031,0.3953803666468976,0.39949550760424796,9.019974254562415e-07,,
