sample_name,porosity,nu,g,all_converged,total_iterations,iterations_x,iterations_y,iterations_z,K_star_xx,K_star_xy,K_star_xz,K_star_yx,K_star_yy,K_star_yz,K_star_zx,K_star_zy,K_star_zz,K_xx,K_xy,K_xz,K_yx,K_yy,K_yz,K_zx,K_zy,K_zz,K_star_eig1,K_star_eig2,K_star_eig3,K_eig1,K_eig2,K_eig3,symmetry_error,error_type,error_message
eps_0.02_coeffs_0.242_0.142_0.835_7.786_71.544_677.44_m_-0.454_rho_0.415_,0.5846185684204102,0.16666666666666666,1e-05,True,45000,15000,15000,15000,43.040206438840634,8.823686960695003,6.678371332061883,8.823574578142368,41.679607363378075,-5.752476225466568,6.641027573284368,-5.8019028575851035,22.57111275529984,25.16210387279393,5.158491239151353,3.904299887529926,5.158425538224316,24.366672389102877,-3.3630044158047094,3.8824680327339776,-3.39190014271569,13.195491626659052,17.685776336311797,38.35984283914773,51.245307382059025,10.339433243138167,22.42587640545447,29.958958239963223,0.0013191975945703435,,
