sample_name,porosity,nu,g,all_converged,total_iterations,iterations_x,iterations_y,iterations_z,K_star_xx,K_star_xy,K_star_xz,K_star_yx,K_star_yy,K_star_yz,K_star_zx,K_star_zy,K_star_zz,K_xx,K_xy,K_xz,K_yx,K_yy,K_yz,K_zx,K_zy,K_zz,K_star_eig1,K_star_eig2,K_star_eig3,K_eig1,K_eig2,K_eig3,symmetry_error,error_type,error_message
eps_0.02_coeffs_0.786_-0.629_0.912_23.161_80.12_-2724.247_m_-0.581_rho_0.354_,0.6464333534240723,0.16666666666666666,1e-05,True,22500,7500,7500,7500,7.716854354724572,-0.19471253276865969,0.485568616867238,-0.19441785401743528,7.449033668773377,0.07728851041108005,0.4850920667115889,0.07729976379445332,6.684781667621026,4.98843203840976,-0.12586867551133923,0.3138877493189772,-0.12567818533800243,4.815303814273994,0.0499618709661858,0.31357969140378616,0.049969145528537144,4.321265830308022,6.471169485441816,7.423406702274756,7.956093503402399,4.1831797910496835,4.7987376883822055,5.143084203559889,6.260069261981541e-05,,
