sample_name,porosity,nu,g,all_converged,total_iterations,iterations_x,iterations_y,iterations_z,K_star_xx,K_star_xy,K_star_xz,K_star_yx,K_star_yy,K_star_yz,K_star_zx,K_star_zy,K_star_zz,K_xx,K_xy,K_xz,K_yx,K_yy,K_yz,K_zx,K_zy,K_zz,K_star_eig1,K_star_eig2,K_star_eig3,K_eig1,K_eig2,K_eig3,symmetry_error,error_type,error_message
eps_0.02_coeffs_0.495_0.728_0.947_31.473_148.946_-2133.935_m_-0.485_rho_0.443_,0.5565743446350098,0.16666666666666666,1e-05,True,42500,12500,15000,15000,1.9352763468344485,0.27909402156000856,0.08880790172070768,0.27906291866150457,1.9090921477038507,0.33823013092172965,0.08877669596479328,0.3381660304473963,1.5442289290586004,1.077125164427019,0.15533657214131105,0.049428199698613236,0.15531926106595995,1.062551710956114,0.18825021345357523,0.049410831375466334,0.18821453677408234,0.8594782041572135,1.3334578949410645,1.7320960317370355,2.3230434969188005,0.7421684539752027,0.9640402137089414,1.2929464118562026,3.448502489574006e-05,,
