sample_name,porosity,nu,g,all_converged,total_iterations,iterations_x,iterations_y,iterations_z,K_star_xx,K_star_xy,K_star_xz,K_star_yx,K_star_yy,K_star_yz,K_star_zx,K_star_zy,K_star_zz,K_xx,K_xy,K_xz,K_yx,K_yy,K_yz,K_zx,K_zy,K_zz,K_star_eig1,K_star_eig2,K_star_eig3,K_eig1,K_eig2,K_eig3,symmetry_error,error_type,error_message
eps_0.02_coeffs_0.383_-0.116_0.413_91.665_59.164_-3516.517_m_-0.23_rho_0.313_,0.6865010261535645,0.16666666666666666,1e-05,True,122500,42500,42500,37500,0.7938894860593285,-0.044448735016410765,-0.03609588520409143,-0.04444607541223212,0.8075814124730443,0.06916584214821235,-0.03608295269624887,0.06917031973998602,1.008237355133611,0.5450059468322549,-0.030514102199993863,-0.024779862232530033,-0.030512276378996058,0.5544054683652899,0.047482421609523234,-0.024770984052625376,0.04748549548087056,0.6921559789055798,0.7541351731718883,0.8163882398837189,1.0391848406103765,0.5177145702409974,0.5604513644198756,0.7134014594422518,1.295822832559371e-05,,
