sample_name,porosity,nu,g,all_converged,total_iterations,iterations_x,iterations_y,iterations_z,K_star_xx,K_star_xy,K_star_xz,K_star_yx,K_star_yy,K_star_yz,K_star_zx,K_star_zy,K_star_zz,K_xx,K_xy,K_xz,K_yx,K_yy,K_yz,K_zx,K_zy,K_zz,K_star_eig1,K_star_eig2,K_star_eig3,K_eig1,K_eig2,K_eig3,symmetry_error,error_type,error_message
eps_0.02_coeffs_0.673_-0.431_0.772_24.672_92.956_-1143.295_m_-0.616_rho_0.363_,0.6367735862731934,0.16666666666666666,1e-05,True,22500,7500,7500,7500,11.956313916233611,-2.030789178103452,-0.12844732688583851,-2.0310221137309608,9.48450185742297,-0.3484553343361294,-0.13182822923013468,-0.3472681089664036,9.725722920495246,7.6134648910481655,-1.2931529079057258,-0.08179186498830056,-1.2933012351606255,6.039480261765988,-0.22188715290124172,-0.08394473429891748,-0.2211311591448469,6.193083463183154,8.251354795084218,9.816362067584405,13.098821831483207,5.254244784478282,6.250800077931863,8.34098375358716,0.00027703086234405445,,
