sample_name,porosity,nu,g,all_converged,total_iterations,iterations_x,iterations_y,iterations_z,K_star_xx,K_star_xy,K_star_xz,K_star_yx,K_star_yy,K_star_yz,K_star_zx,K_star_zy,K_star_zz,K_xx,K_xy,K_xz,K_yx,K_yy,K_yz,K_zx,K_zy,K_zz,K_star_eig1,K_star_eig2,K_star_eig3,K_eig1,K_eig2,K_eig3,symmetry_error,error_type,error_message
eps_0.02_coeffs_0.105_-0.361_0.596_71.121_28.232_-2834.574_m_-0.328_rho_0.304_,0.6962881088256836,0.16666666666666666,1e-05,True,80000,32500,25000,22500,1.3841320962890113,0.09938677776108301,0.052987317009832384,0.09939139844284815,1.2574964984394712,0.17350392534650505,0.052963153151872534,0.17353151876882114,1.5533374920533873,0.9637547196900047,0.069201831529543,0.03689443875252316,0.06920504885531073,0.8755798587533385,0.1208087200533506,0.03687761374556237,0.12082793302519108,1.0815704247098834,1.155529989635941,1.3761302986016835,1.6633057985442452,0.8045817911749712,0.9581831631110895,1.1581400488671656,2.1351433997182264e-05,,
