sample_name,porosity,nu,g,all_converged,total_iterations,iterations_x,iterations_y,iterations_z,K_star_xx,K_star_xy,K_star_xz,K_star_yx,K_star_yy,K_star_yz,K_star_zx,K_star_zy,K_star_zz,K_xx,K_xy,K_xz,K_yx,K_yy,K_yz,K_zx,K_zy,K_zz,K_star_eig1,K_star_eig2,K_star_eig3,K_eig1,K_eig2,K_eig3,symmetry_error,error_type,error_message
eps_0.02_coeffs_0.689_0.698_0.497_5.392_78.23_-491.483_m_-0.45_rho_0.46_,0.5399250984191895,0.16666666666666666,1e-05,True,27500,7500,10000,10000,7.524861500987449,1.7641717282944787,0.3243591579832808,1.7656961909524527,6.303805855560824,-3.4145740935029316,0.31870539705188644,-3.4121115315812607,8.75724099417206,4.062861586511418,0.9525205940277479,0.1751296502972883,0.9533436896783909,3.4035829969791407,-1.843614253494185,0.17207704286996664,-1.8422846545062634,4.72825420565891,3.271012707631136,7.992788657621855,11.322106985467336,1.7661018580981624,4.31550720261026,6.113089728441047,0.0006308577655060619,,
