sample_name,porosity,nu,g,all_converged,total_iterations,iterations_x,iterations_y,iterations_z,K_star_xx,K_star_xy,K_star_xz,K_star_yx,K_star_yy,K_star_yz,K_star_zx,K_star_zy,K_star_zz,K_xx,K_xy,K_xz,K_yx,K_yy,K_yz,K_zx,K_zy,K_zz,K_star_eig1,K_star_eig2,K_star_eig3,K_eig1,K_eig2,K_eig3,symmetry_error,error_type,error_message
eps_0.02_coeffs_0.374_1.194_0.686_95.963_97.728_-2505.745_m_-0.221_rho_0.41_,0.5903663635253906,0.16666666666666666,1e-05,True,170000,50000,75000,45000,0.16666375933546518,2.2118777828363225e-13,1.628082918801983e-12,6.130995010940357e-13,0.16666409422583384,-7.012737096916728e-13,1.025542502381479e-12,-7.921592444622024e-14,0.16666433758581053,0.09839267753034946,1.3058182432156834e-13,9.611653922909305e-13,3.619533229401171e-13,0.09839287523835857,-4.1400840982663335e-13,6.05445797771683e-13,-4.676641724861713e-14,0.09839301890990304,0.16666375933546518,0.16666409422583392,0.16666433758581053,0.09839267753034946,0.09839287523835859,0.09839301890990304,4.656953163348764e-12,,
