sample_name,porosity,nu,g,all_converged,total_iterations,iterations_x,iterations_y,iterations_z,K_star_xx,K_star_xy,K_star_xz,K_star_yx,K_star_yy,K_star_yz,K_star_zx,K_star_zy,K_star_zz,K_xx,K_xy,K_xz,K_yx,K_yy,K_yz,K_zx,K_zy,K_zz,K_star_eig1,K_star_eig2,K_star_eig3,K_eig1,K_eig2,K_eig3,symmetry_error,error_type,error_message
eps_0.02_coeffs_0.657_0.237_0.579_78.708_146.392_-1072.165_m_-0.322_rho_0.384_,0.6158251762390137,0.16666666666666666,1e-05,True,105000,27500,47500,30000,1.1136927726341843,0.17485769577143698,-0.3217249900362729,0.17482616985617944,0.6789871454587653,0.04709473715309545,-0.3217442579678687,0.04709474032185146,1.0534383431341674,0.6858400479835624,0.107681771315193,-0.19812634868958268,0.10766235686287344,0.41813737851616894,0.02900212480723503,-0.19813821436695342,0.02900212675863476,0.6487338533175332,0.5547094966799153,0.8712132776744854,1.4201954868727162,0.34160407355436334,0.5365150702656587,0.8745921359972422,2.9755630789483173e-05,,
