sample_name,porosity,nu,g,all_converged,total_iterations,iterations_x,iterations_y,iterations_z,K_star_xx,K_star_xy,K_star_xz,K_star_yx,K_star_yy,K_star_yz,K_star_zx,K_star_zy,K_star_zz,K_xx,K_xy,K_xz,K_yx,K_yy,K_yz,K_zx,K_zy,K_zz,K_star_eig1,K_star_eig2,K_star_eig3,K_eig1,K_eig2,K_eig3,symmetry_error,error_type,error_message
eps_0.02_coeffs_0.474_0.783_0.382_94.028_127.253_-2201.748_m_-0.466_rho_0.504_,0.4962797164916992,0.16666666666666666,1e-05,True,295000,90000,105000,100000,0.3978331687019858,0.045116627688601876,-0.02262399159439117,0.04511689026117642,0.33291279870867385,-0.01194678923451966,-0.022623964214518153,-0.011946779557534653,0.33105837731426524,0.19743653217441587,0.022390467198360887,-0.011227828134375036,0.022390597507803738,0.16521786935959878,-0.005928949174293501,-0.011227814546299418,-0.005928944371802126,0.16429755763572554,0.3097860194254721,0.32429427891344764,0.4277240463860051,0.15374051789356538,0.1609406727990458,0.21227076847712906,6.028265018729601e-07,,
