sample_name,porosity,nu,g,all_converged,total_iterations,iterations_x,iterations_y,iterations_z,K_star_xx,K_star_xy,K_star_xz,K_star_yx,K_star_yy,K_star_yz,K_star_zx,K_star_zy,K_star_zz,K_xx,K_xy,K_xz,K_yx,K_yy,K_yz,K_zx,K_zy,K_zz,K_star_eig1,K_star_eig2,K_star_eig3,K_eig1,K_eig2,K_eig3,symmetry_error,error_type,error_message
eps_0.02_coeffs_0.644_1.023_0.665_13.757_44.966_380.445_m_-0.52_rho_0.342_,0.6579933166503906,0.16666666666666666,1e-05,True,52500,17500,17500,17500,49.01594101259544,-15.429107618393179,-15.859647554282512,-15.414009248947053,63.946925362635284,-8.215676986365505,-15.54460117914651,-8.351956723998471,68.0384406582844,32.25216159561758,-10.152249694782338,-10.435542095148607,-10.142315068594469,42.07664950895538,-5.405860548786925,-10.228243685874185,-5.495531705344285,44.76883922846534,30.981755233602822,73.25449792379487,76.7650538761174,20.385787881808923,48.20097004843696,50.51089240279243,0.004394352219387931,,
