sample_name,porosity,nu,g,all_converged,total_iterations,iterations_x,iterations_y,iterations_z,K_star_xx,K_star_xy,K_star_xz,K_star_yx,K_star_yy,K_star_yz,K_star_zx,K_star_zy,K_star_zz,K_xx,K_xy,K_xz,K_yx,K_yy,K_yz,K_zx,K_zy,K_zz,K_star_eig1,K_star_eig2,K_star_eig3,K_eig1,K_eig2,K_eig3,symmetry_error,error_type,error_message
eps_0.02_coeffs_0.757_-0.558_0.874_39.447_91.552_-479.933_m_-0.502_rho_0.497_,0.5027837753295898,0.16666666666666666,1e-05,True,27500,10000,10000,7500,4.807563033468167,-0.31635440616005106,-0.8725512713318228,-0.31798502413366525,5.88654181417348,1.633102967543171,-0.8755042154635716,1.6338935962118,8.606371777162995,2.4171646921021,-0.15905786267130093,-0.43870462236884716,-0.15987771093219497,2.9596577169656353,0.8210976755233121,-0.4401893147677452,0.8214951907902093,4.327144094012042,4.612946714204111,5.133890753759548,9.55363915684098,2.3193147643617693,2.581236975304898,4.803414763413108,0.00041574386360345664,,
