sample_name,porosity,nu,g,all_converged,total_iterations,iterations_x,iterations_y,iterations_z,K_star_xx,K_star_xy,K_star_xz,K_star_yx,K_star_yy,K_star_yz,K_star_zx,K_star_zy,K_star_zz,K_xx,K_xy,K_xz,K_yx,K_yy,K_yz,K_zx,K_zy,K_zz,K_star_eig1,K_star_eig2,K_star_eig3,K_eig1,K_eig2,K_eig3,symmetry_error,error_type,error_message
eps_0.02_coeffs_0.411_0.81_0.536_-37.26_13.643_-578.609_m_-0.433_rho_0.555_,0.44533634185791016,0.16666666666666666,1e-05,True,45000,15000,12500,17500,1.6400485563007239,-0.0008114209482182596,-0.03720137101799214,-0.0008125284809947885,1.653069483100845,0.02952577300157021,-0.03720205161463408,0.029527270625802727,1.6508702099325865,0.7303732245323111,-0.0003613552367863965,-0.016567122481251497,-0.00036184846138158356,0.7361719164410767,0.013148899739046326,-0.0165674255756703,0.013149566685543512,0.7351925001735783,1.6003300123628899,1.6473127276531492,1.6963455093181163,0.7126851134711134,0.7336082240290294,0.7554443036468231,9.822495145589424e-07,,
