sample_name,porosity,nu,g,all_converged,total_iterations,iterations_x,iterations_y,iterations_z,K_star_xx,K_star_xy,K_star_xz,K_star_yx,K_star_yy,K_star_yz,K_star_zx,K_star_zy,K_star_zz,K_xx,K_xy,K_xz,K_yx,K_yy,K_yz,K_zx,K_zy,K_zz,K_star_eig1,K_star_eig2,K_star_eig3,K_eig1,K_eig2,K_eig3,symmetry_error,error_type,error_message
eps_0.02_coeffs_0.974_1.464_0.796_39.03_84.141_-632.972_m_-0.594_rho_0.504_,0.4961247444152832,0.16666666666666666,1e-05,True,30000,10000,10000,10000,15.459134210928001,-4.485928644647442,-0.9977082893921303,-4.468804944516376,16.57068835462645,-3.3155195024624198,-1.0233727431808055,-3.351752502772445,20.99459720112948,7.669659009278215,-2.2255802022909097,-0.49498777007568007,-2.217084710939941,8.221128524724358,-1.644911265763055,-0.5077205406521443,-1.662887353781265,10.415939170512184,10.622885439537447,19.322149119291094,23.07938520785539,5.270276323643349,9.586196293362287,11.450254087509123,0.002108612373796814,,
