sample_name,porosity,nu,g,all_converged,total_iterations,iterations_x,iterations_y,iterations_z,K_star_xx,K_star_xy,K_star_xz,K_star_yx,K_star_yy,K_star_yz,K_star_zx,K_star_zy,K_star_zz,K_xx,K_xy,K_xz,K_yx,K_yy,K_yz,K_zx,K_zy,K_zz,K_star_eig1,K_star_eig2,K_star_eig3,K_eig1,K_eig2,K_eig3,symmetry_error,error_type,error_message
eps_0.02_coeffs_0.619_-0.05_0.9_-13.061_106.053_62.36_m_-0.541_rho_0.426_,0.5744996070861816,0.16666666666666666,1e-05,True,22500,7500,7500,7500,7.602016525702666,-2.887945788537733,0.7266074608825701,-2.8880793568432193,8.626322661847771,1.6125135793746423,0.7273678472744438,1.6145718244046154,5.012130879661,4.367355507078841,-1.6591237208011207,0.41743570078292463,-1.6592004557401416,4.955818979830169,0.9263884177718644,0.41787254246628974,0.927570878732871,2.8794672210297625,3.4580879450751114,6.631274941034806,11.151107181101526,1.9866701657151127,3.809664848104938,6.406306694118724,0.00023154409272150208,,
