sample_name,porosity,nu,g,all_converged,total_iterations,iterations_x,iterations_y,iterations_z,K_star_xx,K_star_xy,K_star_xz,K_star_yx,K_star_yy,K_star_yz,K_star_zx,K_star_zy,K_star_zz,K_xx,K_xy,K_xz,K_yx,K_yy,K_yz,K_zx,K_zy,K_zz,K_star_eig1,K_star_eig2,K_star_eig3,K_eig1,K_eig2,K_eig3,symmetry_error,error_type,error_message
eps_0.02_coeffs_0.625_0.309_0.3_117.56_66.941_-4052.284_m_-0.517_rho_0.518_,0.4817643165588379,0.16666666666666666,1e-05,True,52500,15000,20000,17500,2.3868693805107895,0.41914271318196217,0.06716684581257243,0.419105742162982,1.838054818505632,-0.06381941591879492,0.06720325746603845,-0.06380718091880476,1.700762309495391,1.1499084958169972,0.201928002756725,0.0323585895683068,0.20191019143903358,0.8855092234350447,-0.030745917293302453,0.032376131403653634,-0.030740022906894097,0.8193665916630778,1.5571767128577283,1.7541853273199808,2.6143244683341025,0.7501921748312413,0.8451038953338521,1.2594882407500263,2.146620584911088e-05,,
