sample_name,porosity,nu,g,all_converged,total_iterations,iterations_x,iterations_y,iterations_z,K_star_xx,K_star_xy,K_star_xz,K_star_yx,K_star_yy,K_star_yz,K_star_zx,K_star_zy,K_star_zz,K_xx,K_xy,K_xz,K_yx,K_yy,K_yz,K_zx,K_zy,K_zz,K_star_eig1,K_star_eig2,K_star_eig3,K_eig1,K_eig2,K_eig3,symmetry_error,error_type,error_message
eps_0.02_coeffs_0.218_0.526_0.774_39.974_47.678_-2537.153_m_-0.421_rho_0.384_,0.6164202690124512,0.16666666666666666,1e-05,True,42500,15000,15000,12500,2.602557083488976,0.07190400897834547,-0.4028569130124909,0.07185322627716395,2.5435335786945736,-0.04407511878524468,-0.4028526099068079,-0.044164096043680864,3.0022910632469864,1.6042689375245351,0.04432308855750541,-0.24832916669268526,0.04429178507118193,1.5678856528211118,-0.027168796578356264,-0.24832651417112256,-0.027223643963937488,1.8506730648603853,2.345279129982888,2.543018760380054,3.260083835067593,1.4456775922133402,1.5675683083771836,2.00958175461551,3.0506751616141876e-05,,
