sample_name,porosity,nu,g,all_converged,total_iterations,iterations_x,iterations_y,iterations_z,K_star_xx,K_star_xy,K_star_xz,K_star_yx,K_star_yy,K_star_yz,K_star_zx,K_star_zy,K_star_zz,K_xx,K_xy,K_xz,K_yx,K_yy,K_yz,K_zx,K_zy,K_zz,K_star_eig1,K_star_eig2,K_star_eig3,K_eig1,K_eig2,K_eig3,symmetry_error,error_type,error_message
eps_0.02_coeffs_0.606_1.31_0.811_39.27_11.553_-3081.076_m_-0.305_rho_0.636_,0.3644862174987793,0.16666666666666666,1e-05,True,42500,15000,12500,15000,1.5842064989042959,-0.16178027076895185,-0.8246744148092747,-0.1617854116940502,2.800334112136371,0.1679789991778831,-0.8246815817890468,0.16797480169300727,2.18874267352909,0.5774214345226109,-0.05896667895850359,-0.30058245812185186,-0.05896855275484713,1.0206831882653884,0.06122603002957716,-0.3005850703871999,0.06122450010419177,0.7977665381527835,1.007390071011833,2.551930369557445,3.013962844000478,0.3671797965289297,0.9301434477202556,1.098547916691598,3.3893806972177792e-06,,
