sample_name,porosity,nu,g,all_converged,total_iterations,iterations_x,iterations_y,iterations_z,K_star_xx,K_star_xy,K_star_xz,K_star_yx,K_star_yy,K_star_yz,K_star_zx,K_star_zy,K_star_zz,K_xx,K_xy,K_xz,K_yx,K_yy,K_yz,K_zx,K_zy,K_zz,K_star_eig1,K_star_eig2,K_star_eig3,K_eig1,K_eig2,K_eig3,symmetry_error,error_type,error_message
eps_0.02_coeffs_0.229_0.17_0.812_-7.13_66.117_274.462_m_-0.492_rho_0.632_,0.36826658248901367,0.16666666666666666,1e-05,True,52500,20000,17500,15000,1.432364264573616,-0.0031050864794370274,-0.00915385067928937,-0.0030830705956308197,1.8413572927464936,-0.034957098932595285,-0.009145767016481393,-0.03496383379916735,1.4973629703704163,0.527491892593915,-0.001143499586115117,-0.0033710573062766323,-0.0011353918718253297,0.6781103573409735,-0.012873531357637214,-0.0033680803634003457,-0.012876011583933228,0.5514287438439115,1.4309457639485783,1.4952524615919844,1.8448863021499633,0.5269695062164739,0.5506515139887653,0.679409973573561,1.2446360731744422e-05,,
