sample_name,porosity,nu,g,all_converged,total_iterations,iterations_x,iterations_y,iterations_z,K_star_xx,K_star_xy,K_star_xz,K_star_yx,K_star_yy,K_star_yz,K_star_zx,K_star_zy,K_star_zz,K_xx,K_xy,K_xz,K_yx,K_yy,K_yz,K_zx,K_zy,K_zz,K_star_eig1,K_star_eig2,K_star_eig3,K_eig1,K_eig2,K_eig3,symmetry_error,error_type,error_message
eps_0.02_coeffs_0.568_1.228_0.893_0.555_107.085_-1958.837_m_-0.299_rho_0.373_,0.6271724700927734,0.16666666666666666,1e-05,True,37500,12500,12500,12500,2.1562566983084155,0.014145460912872674,0.003123776206304077,0.014143288970622085,2.1462593863233335,0.010528409032214888,0.0031267451713255664,0.01052706121888263,2.1646389688757126,1.352344839632177,0.008871643661327132,0.001959146439324761,0.008870281478940933,1.346074800780205,0.006603128298881277,0.0019610084924509075,0.006602282987464461,1.3576019689688548,2.134592801592467,2.157879865967298,2.174682385947697,1.3387578400170002,1.353362845702173,1.3639009236620627,1.4838340859164686e-06,,
