sample_name,porosity,nu,g,all_converged,total_iterations,iterations_x,iterations_y,iterations_z,K_star_xx,K_star_xy,K_star_xz,K_star_yx,K_star_yy,K_star_yz,K_star_zx,K_star_zy,K_star_zz,K_xx,K_xy,K_xz,K_yx,K_yy,K_yz,K_zx,K_zy,K_zz,K_star_eig1,K_star_eig2,K_star_eig3,K_eig1,K_eig2,K_eig3,symmetry_error,error_type,error_message
eps_0.02_coeffs_0.912_1.41_0.297_112.188_96.405_-2219.85_m_-0.347_rho_0.564_,0.43572044372558594,0.16666666666666666,1e-05,True,97500,35000,32500,30000,1.0039895088588504,0.07340272677331201,0.1451363132425495,0.0733992585618223,1.3349372363175849,0.37209130268075097,0.14514950714844563,0.3721015905934631,0.9330222690650194,0.4374587542958114,0.03198306868033546,0.0632388588067393,0.031981557509686225,0.5816594449541055,0.16212778751048812,0.06324460766127084,0.16213227016438006,0.4065368770828633,0.6855421175577697,0.9968122799215073,1.5895946167621784,0.29870471565484924,0.4343314889185121,0.6926188717594187,1.2096506731963999e-05,,
