sample_name,porosity,nu,g,all_converged,total_iterations,iterations_x,iterations_y,iterations_z,K_star_xx,K_star_xy,K_star_xz,K_star_yx,K_star_yy,K_star_yz,K_star_zx,K_star_zy,K_star_zz,K_xx,K_xy,K_xz,K_yx,K_yy,K_yz,K_zx,K_zy,K_zz,K_star_eig1,K_star_eig2,K_star_eig3,K_eig1,K_eig2,K_eig3,symmetry_error,error_type,error_message
eps_0.02_coeffs_0.2_0.481_0.941_-34.819_75.126_-145.941_m_-0.381_rho_0.632_,0.3675832748413086,0.16666666666666666,1e-05,True,62500,22500,20000,20000,0.7754844413305748,-0.004395612533750415,-0.0011315000969965665,-0.0043957084245513185,0.7728185265502345,-0.003668735132989879,-0.0011315106081827917,-0.0036687759264019126,0.7705368325170723,0.2850551105327753,-0.0016157536500894796,-0.00041592051113725623,-0.001615788897944103,0.28407516484737,-0.0013485656747097834,-0.0004159243748735114,-0.0013485806696857709,0.28323645228247435,0.7663363134577325,0.7735273025109473,0.778976184429202,0.2816924117306088,0.28433569903613753,0.28633861689587325,1.106346568593652e-07,,
