sample_name,porosity,nu,g,all_converged,total_iterations,iterations_x,iterations_y,iterations_z,K_star_xx,K_star_xy,K_star_xz,K_star_yx,K_star_yy,K_star_yz,K_star_zx,K_star_zy,K_star_zz,K_xx,K_xy,K_xz,K_yx,K_yy,K_yz,K_zx,K_zy,K_zz,K_star_eig1,K_star_eig2,K_star_eig3,K_eig1,K_eig2,K_eig3,symmetry_error,error_type,error_message
eps_0.02_coeffs_0.266_1.015_0.582_-28.878_14.802_984.532_m_-0.431_rho_0.656_,0.3435854911804199,0.16666666666666666,1e-05,True,175000,60000,45000,70000,0.16666173092312234,1.5342494713408036e-09,2.246737144608902e-09,3.9324259562860377e-10,0.16666182673665558,4.511990293565161e-10,4.6932286993418764e-09,4.362547070123267e-09,0.16666144963118282,0.05726255268019997,5.271458582039296e-10,7.719462853837438e-10,1.3511245037211706e-10,0.05726258560033985,1.550254401215873e-10,1.6125252878854219e-09,1.4989078778860047e-09,0.05726245603237076,0.16666144950261472,0.16666173099913884,0.16666182678920718,0.05726245598819665,0.05726255270631814,0.05726258561839582,2.328289449412644e-08,,
