sample_name,porosity,nu,g,all_converged,total_iterations,iterations_x,iterations_y,iterations_z,K_star_xx,K_star_xy,K_star_xz,K_star_yx,K_star_yy,K_star_yz,K_star_zx,K_star_zy,K_star_zz,K_xx,K_xy,K_xz,K_yx,K_yy,K_yz,K_zx,K_zy,K_zz,K_star_eig1,K_star_eig2,K_star_eig3,K_eig1,K_eig2,K_eig3,symmetry_error,error_type,error_message
eps_0.02_coeffs_0.912_-0.036_0.682_-0.155_96.718_708.842_m_-0.339_rho_0.309_,0.6911921501159668,0.16666666666666666,1e-05,True,40000,12500,12500,15000,11.142490877467681,1.2397867451467506,-0.5347379528194731,1.2416454333597544,6.23815176981071,0.21427778980229512,-0.5003933416254278,0.20586562125994834,25.152042298970112,7.701602227244432,0.8569308660632587,-0.36960667535790204,0.8582155767656,4.311761534525188,0.14810712625554553,-0.34586794970179296,0.142292701393623,17.384894196432896,5.936497701400558,11.424909427918823,25.17127781692912,4.103260610389544,7.896807712363392,17.39818963544958,0.001771098094471571,,
