sample_name,porosity,nu,g,all_converged,total_iterations,iterations_x,iterations_y,iterations_z,K_star_xx,K_star_xy,K_star_xz,K_star_yx,K_star_yy,K_star_yz,K_star_zx,K_star_zy,K_star_zz,K_xx,K_xy,K_xz,K_yx,K_yy,K_yz,K_zx,K_zy,K_zz,K_star_eig1,K_star_eig2,K_star_eig3,K_eig1,K_eig2,K_eig3,symmetry_error,error_type,error_message
eps_0.02_coeffs_0.549_-0.121_0.527_83.079_103.509_-1737.999_m_-0.395_rho_0.396_,0.6044321060180664,0.16666666666666666,1e-05,True,65000,20000,25000,20000,1.7599333295543478,-0.04339496356600858,0.23928818352148348,-0.04336375908858221,1.1086746977871134,0.0023226324698600743,0.23937304554027788,0.0022693603252142433,1.8644550516430431,1.0637602088339222,-0.026229309218779827,0.14463346071112784,-0.026210448230771816,0.6701185824724082,0.0014038736352634678,0.1446847540398687,0.0013716742406830892,1.1269364934406274,1.1053129669306734,1.5698613289252465,2.0578887831285844,0.6680866444109844,0.9488745891986071,1.2438540511373661,5.273275307644532e-05,,
