sample_name,porosity,nu,g,all_converged,total_iterations,iterations_x,iterations_y,iterations_z,K_star_xx,K_star_xy,K_star_xz,K_star_yx,K_star_yy,K_star_yz,K_star_zx,K_star_zy,K_star_zz,K_xx,K_xy,K_xz,K_yx,K_yy,K_yz,K_zx,K_zy,K_zz,K_star_eig1,K_star_eig2,K_star_eig3,K_eig1,K_eig2,K_eig3,symmetry_error,error_type,error_message
eps_0.02_coeffs_0.179_1.414_0.356_101.657_65.792_-2576.347_m_-0.289_rho_0.463_,0.536562442779541,0.16666666666666666,1e-05,True,260000,82500,87500,90000,0.16666170643701939,-2.3718996006945993e-12,-3.828809059326726e-12,-2.867634173387851e-12,0.16666109827577782,-1.8876527158856703e-12,-5.301382645363769e-12,-2.0144001155582673e-12,0.16666215968408687,0.08942441232365388,-1.2726722437765121e-12,-2.0543951418087844e-12,-1.5386647970710754e-12,0.0894240860071725,-1.0128435523550502e-12,-2.8445228223054487e-12,-1.0808514467393336e-12,0.08942465551900759,0.16666109827577785,0.16666170643701933,0.16666215968408696,0.08942408600717247,0.08942441232365385,0.08942465551900762,7.637439580853768e-12,,
