sample_name,porosity,nu,g,all_converged,total_iterations,iterations_x,iterations_y,iterations_z,K_star_xx,K_star_xy,K_star_xz,K_star_yx,K_star_yy,K_star_yz,K_star_zx,K_star_zy,K_star_zz,K_xx,K_xy,K_xz,K_yx,K_yy,K_yz,K_zx,K_zy,K_zz,K_star_eig1,K_star_eig2,K_star_eig3,K_eig1,K_eig2,K_eig3,symmetry_error,error_type,error_message
eps_0.02_coeffs_0.136_0.948_0.827_65.818_140.691_416.882_m_-0.353_rho_0.624_,0.3759140968322754,0.16666666666666666,1e-05,True,32500,10000,12500,10000,23.83391846984137,-0.6955460532795201,1.4424142582262076,-0.7014198122041794,1.192653432771021,-0.5937442276053189,1.4487596190006067,-0.5940356370920985,9.607097620783643,8.959505935564506,-0.2614655664238245,0.5422238531391013,-0.2636735952049983,0.44833523801403125,-0.2231968250696304,0.5446091637036845,-0.22330637000366152,3.6114434252963847,1.1349756150636179,9.493571835213729,24.00512207311869,0.4266533332632968,3.568767482146695,9.023863783464929,0.00047352190516443664,,
