sample_name,porosity,nu,g,all_converged,total_iterations,iterations_x,iterations_y,iterations_z,K_star_xx,K_star_xy,K_star_xz,K_star_yx,K_star_yy,K_star_yz,K_star_zx,K_star_zy,K_star_zz,K_xx,K_xy,K_xz,K_yx,K_yy,K_yz,K_zx,K_zy,K_zz,K_star_eig1,K_star_eig2,K_star_eig3,K_eig1,K_eig2,K_eig3,symmetry_error,error_type,error_message
eps_0.02_coeffs_0.932_0.844_0.445_87.539_121.506_-3588.111_m_-0.503_rho_0.419_,0.5809335708618164,0.16666666666666666,1e-05,True,47500,15000,17500,15000,2.15511866617689,-0.2293793066479301,0.24110822699013673,-0.22938676416735662,2.3975192184394927,-0.014129664319357046,0.2412054764119119,-0.01412942740112881,2.2983981480600186,1.2519807823730955,-0.13325413969278962,0.14006786326954151,-0.13325847201617982,1.3927994007778857,-0.008208396348122886,0.1401243587233976,-0.008208258714370554,1.3352166434146924,1.907055863801202,2.332467841386126,2.6115123274890726,1.1078727727909985,1.3550088720167943,1.5171151817578812,3.4595211024675866e-05,,
