sample_name,porosity,nu,g,all_converged,total_iterations,iterations_x,iterations_y,iterations_z,K_star_xx,K_star_xy,K_star_xz,K_star_yx,K_star_yy,K_star_yz,K_star_zx,K_star_zy,K_star_zz,K_xx,K_xy,K_xz,K_yx,K_yy,K_yz,K_zx,K_zy,K_zz,K_star_eig1,K_star_eig2,K_star_eig3,K_eig1,K_eig2,K_eig3,symmetry_error,error_type,error_message
eps_0.02_coeffs_0.937_1.334_0.313_10.897_36.793_-2050.93_m_-0.329_rho_0.319_,0.6809797286987305,0.16666666666666666,1e-05,True,25000,7500,10000,7500,5.150081426923844,-0.09036124044748264,-0.060316122345606626,-0.0904403025177625,5.237675413373224,0.11395756634306128,-0.06027052125360549,0.11388342783293874,5.079910253124675,3.50710105288297,-0.06153417300480748,-0.04107405663107064,-0.06158801267197702,3.5667507820109092,0.07760279261146545,-0.041043003211811334,0.07755230578895607,3.4593159059867404,5.018796954774325,5.094306291638012,5.354563847009404,3.417698988656235,3.469119316387889,3.646349435836496,1.8614121634701133e-05,,
