sample_name,porosity,nu,g,all_converged,total_iterations,iterations_x,iterations_y,iterations_z,K_star_xx,K_star_xy,K_star_xz,K_star_yx,K_star_yy,K_star_yz,K_star_zx,K_star_zy,K_star_zz,K_xx,K_xy,K_xz,K_yx,K_yy,K_yz,K_zx,K_zy,K_zz,K_star_eig1,K_star_eig2,K_star_eig3,K_eig1,K_eig2,K_eig3,symmetry_error,error_type,error_message
eps_0.02_coeffs_0.453_1.073_0.553_22.285_69.024_-103.714_m_-0.232_rho_0.312_,0.6879281997680664,0.16666666666666666,1e-05,True,42500,12500,15000,15000,1.441120737026295,0.021350978404677524,-0.01613483410632887,0.021351117663250995,1.4990823695683881,-0.035729985705393257,-0.016136168698673077,-0.03573032322951658,1.3809376459513683,0.9913875942709282,0.014687940137216672,-0.011099607380323218,0.014688035937116421,1.0312610358012284,-0.02457966474404993,-0.011100525484031993,-0.024579896936412465,0.9499859487712762,1.3695397746777558,1.4343387290196814,1.5172622488486138,0.9421450317048319,0.9867220597121259,1.043767487426475,7.836411658629819e-07,,
