sample_name,porosity,nu,g,all_converged,total_iterations,iterations_x,iterations_y,iterations_z,K_star_xx,K_star_xy,K_star_xz,K_star_yx,K_star_yy,K_star_yz,K_star_zx,K_star_zy,K_star_zz,K_xx,K_xy,K_xz,K_yx,K_yy,K_yz,K_zx,K_zy,K_zz,K_star_eig1,K_star_eig2,K_star_eig3,K_eig1,K_eig2,K_eig3,symmetry_error,error_type,error_message
eps_0.02_coeffs_0.788_0.663_0.4_108.096_56.275_-4122.554_m_-0.55_rho_0.326_,0.673741340637207,0.16666666666666666,1e-05,True,25000,7500,7500,10000,6.892274380811117,0.4925196594552124,-1.3339489062768861,0.4927884664136553,3.2512722753318477,0.1383241742127346,-1.3333900770233469,0.13786330510765638,4.512645682515734,4.643610181367158,0.3318308556515355,-0.8987365244565253,0.3320119620120894,2.1905165415586616,0.09319471457662239,-0.8983600180860585,0.09288420800790871,3.0403559519588548,3.0868599236176153,4.04335780953102,7.525974605510065,2.079745143297399,2.7241773112693495,5.070560220317927,0.00012028345564950387,,
