sample_name,porosity,nu,g,all_converged,total_iterations,iterations_x,iterations_y,iterations_z,K_star_xx,K_star_xy,K_star_xz,K_star_yx,K_star_yy,K_star_yz,K_star_zx,K_star_zy,K_star_zz,K_xx,K_xy,K_xz,K_yx,K_yy,K_yz,K_zx,K_zy,K_zz,K_star_eig1,K_star_eig2,K_star_eig3,K_eig1,K_eig2,K_eig3,symmetry_error,error_type,error_message
eps_0.02_coeffs_0.817_1.067_0.48_-11.032_7.169_-745.639_m_-0.49_rho_0.618_,0.3818545341491699,0.16666666666666666,1e-05,True,37500,12500,12500,12500,3.2940551691907642,-0.07147566607798657,0.10808123533364887,-0.07153559467306389,3.301368945203267,0.2625456853272974,0.10818254138273857,0.2627807216049891,4.092632724226927,1.2578499020930043,-0.027293307173211188,0.041271309768597296,-0.027316191178966654,1.26064270062513,0.1002542603635297,0.041309993942778934,0.10034401003185583,1.5627903623533215,3.1497412152415096,3.358513765082058,4.179801858297387,1.2027429644364878,1.2824637091989846,1.5960762914359834,5.97791318032406e-05,,
