sample_name,porosity,nu,g,all_converged,total_iterations,iterations_x,iterations_y,iterations_z,K_star_xx,K_star_xy,K_star_xz,K_star_yx,K_star_yy,K_star_yz,K_star_zx,K_star_zy,K_star_zz,K_xx,K_xy,K_xz,K_yx,K_yy,K_yz,K_zx,K_zy,K_zz,K_star_eig1,K_star_eig2,K_star_eig3,K_eig1,K_eig2,K_eig3,symmetry_error,error_type,error_message
eps_0.02_coeffs_0.904_0.998_0.348_80.331_82.401_-2089.358_m_-0.426_rho_0.338_,0.6624493598937988,0.16666666666666666,1e-05,True,32500,10000,10000,12500,4.402538139707161,0.6399943095531039,1.9660954148400416,0.6397418823684067,5.4188193945835845,0.3652762768440234,1.9661005434068688,0.3654005633517759,3.955976598660102,2.916458572557045,0.4239638206991274,1.3024386490509183,0.42379660047220497,3.589693439321998,0.24197703577971336,1.3024420464667303,0.24205936929721744,2.6206341655372323,2.192904463695257,4.9847377844721015,6.599691884783487,1.4526881582831777,3.302136354561976,4.371961664571121,4.651203144029416e-05,,
