sample_name,porosity,nu,g,all_converged,total_iterations,iterations_x,iterations_y,iterations_z,K_star_xx,K_star_xy,K_star_xz,K_star_yx,K_star_yy,K_star_yz,K_star_zx,K_star_zy,K_star_zz,K_xx,K_xy,K_xz,K_yx,K_yy,K_yz,K_zx,K_zy,K_zz,K_star_eig1,K_star_eig2,K_star_eig3,K_eig1,K_eig2,K_eig3,symmetry_error,error_type,error_message
eps_0.02_coeffs_0.416_1.43_0.741_67.179_25.875_-3640.636_m_-0.311_rho_0.466_,0.533721923828125,0.16666666666666666,1e-05,True,50000,15000,15000,20000,2.2107407470561085,-0.008076320479000717,0.05058102484724038,-0.008031795997449848,2.980844668721488,-0.021003232009134093,0.05058536216926362,-0.020973507020117067,2.4253787621258245,1.1799208046040124,-0.004310509303504747,0.026996201890667326,-0.004286745611553967,1.5909421512228423,-0.011209885394523503,0.026998516814521832,-0.011194020516199566,1.2944778189336714,2.19940278641883,2.435797225024471,2.9817641664601213,1.1738694864403965,1.3000383809952696,1.5914329073248614,1.7130376145098823e-05,,
