sample_name,porosity,nu,g,all_converged,total_iterations,iterations_x,iterations_y,iterations_z,K_star_xx,K_star_xy,K_star_xz,K_star_yx,K_star_yy,K_star_yz,K_star_zx,K_star_zy,K_star_zz,K_xx,K_xy,K_xz,K_yx,K_yy,K_yz,K_zx,K_zy,K_zz,K_star_eig1,K_star_eig2,K_star_eig3,K_eig1,K_eig2,K_eig3,symmetry_error,error_type,error_message
eps_0.02_coeffs_0.818_0.063_0.488_41.146_80.435_-3307.899_m_-0.435_rho_0.576_,0.42406177520751953,0.16666666666666666,1e-05,True,45000,15000,15000,15000,1.4262049779698038,0.06335754866732557,-0.032935386722745146,0.06335937987904923,1.4988269991858996,-0.02693923075830747,-0.03293509826815651,-0.026941536339414516,1.3388477123742368,0.6047990147676763,0.026867514560662893,-0.013966638560793476,0.026868291107557212,0.635595238003732,-0.011423898018092878,-0.01396651623822855,-0.011424875726910018,0.5677541376419454,1.327591940977099,1.3929343904996914,1.5433533580531498,0.562980995241945,0.5906902303829034,0.6544771647885053,1.6961137661520601e-06,,
