sample_name,porosity,nu,g,all_converged,total_iterations,iterations_x,iterations_y,iterations_z,K_star_xx,K_star_xy,K_star_xz,K_star_yx,K_star_yy,K_star_yz,K_star_zx,K_star_zy,K_star_zz,K_xx,K_xy,K_xz,K_yx,K_yy,K_yz,K_zx,K_zy,K_zz,K_star_eig1,K_star_eig2,K_star_eig3,K_eig1,K_eig2,K_eig3,symmetry_error,error_type,error_message
eps_0.02_coeffs_0.997_-0.128_0.323_56.217_86.577_-2685.738_m_-0.329_rho_0.631_,0.3688974380493164,0.16666666666666666,1e-05,True,55000,17500,17500,20000,1.1122246893949919,-0.038628517965285845,-0.019033089454534524,-0.0386265230928168,1.1089574481117244,0.03659705820652917,-0.019032379226338197,0.03659493869325682,1.0682285644778167,0.4102968384530092,-0.014249961313035941,-0.007021257937941247,-0.014249225409692874,0.40909156151412285,0.013500561012530322,-0.007020995936579191,0.01349977912951424,0.39406678068696555,1.0464839124066618,1.0776419655218181,1.165284824056052,0.38604523424664283,0.3975393602154285,0.4298705861920261,2.228687737435468e-06,,
