sample_name,porosity,nu,g,all_converged,total_iterations,iterations_x,iterations_y,iterations_z,K_star_xx,K_star_xy,K_star_xz,K_star_yx,K_star_yy,K_star_yz,K_star_zx,K_star_zy,K_star_zz,K_xx,K_xy,K_xz,K_yx,K_yy,K_yz,K_zx,K_zy,K_zz,K_star_eig1,K_star_eig2,K_star_eig3,K_eig1,K_eig2,K_eig3,symmetry_error,error_type,error_message
eps_0.02_coeffs_0.965_1.38_0.778_-26.373_128.525_561.766_m_-0.272_rho_0.625_,0.37456178665161133,0.16666666666666666,1e-05,True,72500,27500,20000,25000,0.5899295133848047,-0.020042770417777345,0.02124958566208818,-0.020042703156769398,0.5590162432665529,0.028825393418694424,0.021249374423534063,0.028825185841511555,0.5727445408508774,0.2209650525319281,-0.007507255897130745,0.007959282771198213,-0.007507230703727436,0.20938612284519184,0.010796890859841783,0.007959203649307972,0.010796813109361298,0.21452821851606144,0.5236085345578094,0.5938101231612307,0.6042716397831948,0.19612374821000514,0.22241858066308398,0.22633706502009227,4.3124313924748656e-07,,
