sample_name,porosity,nu,g,all_converged,total_iterations,iterations_x,iterations_y,iterations_z,K_star_xx,K_star_xy,K_star_xz,K_star_yx,K_star_yy,K_star_yz,K_star_zx,K_star_zy,K_star_zz,K_xx,K_xy,K_xz,K_yx,K_yy,K_yz,K_zx,K_zy,K_zz,K_star_eig1,K_star_eig2,K_star_eig3,K_eig1,K_eig2,K_eig3,symmetry_error,error_type,error_message
eps_0.02_coeffs_0.517_0.377_0.809_29.726_48.701_-212.014_m_-0.563_rho_0.361_,0.6393156051635742,0.16666666666666666,1e-05,True,50000,17500,15000,17500,39.29916077923736,2.650703487770273,-22.400323744557184,2.493295136076059,36.889740332804614,-1.9936156728167838,-22.543073201745436,-1.8881909647602404,44.10066173369113,25.124566755998735,1.694636104393049,-14.320876530611557,1.5940024887718618,23.584186665194093,-1.2745496103304483,-14.412138486220636,-1.2071499493000861,28.194241244388827,19.009562161118872,36.570414483141796,64.70958620147243,12.153109736930297,23.380036666372543,41.369848262278815,0.004374501956560362,,
