sample_name,porosity,nu,g,all_converged,total_iterations,iterations_x,iterations_y,iterations_z,K_star_xx,K_star_xy,K_star_xz,K_star_yx,K_star_yy,K_star_yz,K_star_zx,K_star_zy,K_star_zz,K_xx,K_xy,K_xz,K_yx,K_yy,K_yz,K_zx,K_zy,K_zz,K_star_eig1,K_star_eig2,K_star_eig3,K_eig1,K_eig2,K_eig3,symmetry_error,error_type,error_message
eps_0.02_coeffs_0.935_0.739_0.492_36.625_117.874_-3085.7_m_-0.476_rho_0.398_,0.6018004417419434,0.16666666666666666,1e-05,True,30000,10000,10000,10000,2.7130747799361408,0.013212347714662825,-0.015094078179948641,0.013206494459145611,2.907532840943691,-0.023460569224179398,-0.015091985044729936,-0.02345182621078506,2.729524915742197,1.6327296010444954,0.007951196691132244,-0.009083622916380521,0.007947674199376356,1.7497545480591208,-0.014118580922628602,-0.009082363266681277,-0.014113319373305736,1.6426293000392949,2.7041099618703854,2.7343082984688714,2.911714276282772,1.6273345695723875,1.6455079418772283,1.7522709376932952,3.1452210885497695e-06,,
