sample_name,porosity,nu,g,all_converged,total_iterations,iterations_x,iterations_y,iterations_z,K_star_xx,K_star_xy,K_star_xz,K_star_yx,K_star_yy,K_star_yz,K_star_zx,K_star_zy,K_star_zz,K_xx,K_xy,K_xz,K_yx,K_yy,K_yz,K_zx,K_zy,K_zz,K_star_eig1,K_star_eig2,K_star_eig3,K_eig1,K_eig2,K_eig3,symmetry_error,error_type,error_message
eps_0.02_coeffs_0.462_-0.35_0.556_45.772_40.189_-2909.21_m_-0.326_rho_0.694_,0.30649852752685547,0.16666666666666666,1e-05,True,67500,25000,20000,22500,0.9030698853430618,0.012380401890714583,-0.035107573607579885,0.012380157439276169,0.9151246652297274,0.018112184940969618,-0.03510834647833696,0.018113615303630565,0.7633801649445349,0.2767895901114946,0.003794574949694717,-0.010760419615763928,0.003794500025688791,0.280484362396418,0.005551358014701273,-0.01076065649951294,0.005551796418750683,0.23397489649870798,0.7524675163653277,0.906137974931152,0.9229692242208436,0.230630185777763,0.27772995505256476,0.2828887081762927,1.5538059405376226e-06,,
