sample_name,porosity,nu,g,all_converged,total_iterations,iterations_x,iterations_y,iterations_z,K_star_xx,K_star_xy,K_star_xz,K_star_yx,K_star_yy,K_star_yz,K_star_zx,K_star_zy,K_star_zz,K_xx,K_xy,K_xz,K_yx,K_yy,K_yz,K_zx,K_zy,K_zz,K_star_eig1,K_star_eig2,K_star_eig3,K_eig1,K_eig2,K_eig3,symmetry_error,error_type,error_message
eps_0.02_coeffs_0.283_0.473_0.346_52.13_25.359_-1831.307_m_-0.219_rho_0.403_,0.5974102020263672,0.16666666666666666,1e-05,True,145000,45000,47500,52500,0.9840678777460719,0.4150856073039091,0.1030730993892401,0.41508711842713264,0.8203414777730976,-0.13463317166846253,0.10306829971608485,-0.13463044957540804,0.6079238090102743,0.5878921896519392,0.24797637651766563,0.06157692112960975,0.2479772792780959,0.49008036796703486,-0.08043123028590678,0.061574053755900415,-0.08042960407974516,0.36317988555746666,0.362234241321875,0.7247611508418765,1.325337772365692,0.21640243128896905,0.4329797055453078,0.7917703063421634,5.208457639445313e-06,,
