sample_name,porosity,nu,g,all_converged,total_iterations,iterations_x,iterations_y,iterations_z,K_star_xx,K_star_xy,K_star_xz,K_star_yx,K_star_yy,K_star_yz,K_star_zx,K_star_zy,K_star_zz,K_xx,K_xy,K_xz,K_yx,K_yy,K_yz,K_zx,K_zy,K_zz,K_star_eig1,K_star_eig2,K_star_eig3,K_eig1,K_eig2,K_eig3,symmetry_error,error_type,error_message
eps_0.02_coeffs_0.674_-0.662_0.859_82.921_124.509_-52.168_m_-0.539_rho_0.385_,0.6152629852294922,0.16666666666666666,1e-05,True,37500,12500,12500,12500,17.45167570181432,-0.6156010058908303,-3.5600083845310855,-0.6039378403318959,24.736113676217105,3.3306562469715884,-3.548901878032346,3.394514518313603,25.63091526522011,10.737370089555272,-0.37875651259467047,-2.1903413861086176,-0.37158059853565467,15.219215143405405,2.049229505284996,-2.183507963764732,2.0885191359424793,15.769753440243488,16.075704961016463,22.318531193265294,29.424468488969776,9.890786223983548,13.731766127905942,18.10378632131468,0.002312577744089282,,
