sample_name,porosity,nu,g,all_converged,total_iterations,iterations_x,iterations_y,iterations_z,K_star_xx,K_star_xy,K_star_xz,K_star_yx,K_star_yy,K_star_yz,K_star_zx,K_star_zy,K_star_zz,K_xx,K_xy,K_xz,K_yx,K_yy,K_yz,K_zx,K_zy,K_zz,K_star_eig1,K_star_eig2,K_star_eig3,K_eig1,K_eig2,K_eig3,symmetry_error,error_type,error_message
eps_0.02_coeffs_0.58_1.026_0.831_45.35_117.174_-313.786_m_-0.387_rho_0.371_,0.6288485527038574,0.16666666666666666,1e-05,True,32500,10000,12500,10000,9.75336647311818,-1.3039926287815715,-0.0481408821129548,-1.2443966042797183,16.495263321604344,0.022815781752478802,-0.04867809042619104,0.02016236205123816,2.319953900401992,6.133390390610694,-0.8200138773457897,-0.030273324042618645,-0.7825370035908956,10.373022466259917,0.014347671333853375,-0.030611146712897733,0.012679072195012294,1.4588996526074616,2.31962481012272,9.531286353676183,16.71767253132561,1.458692704661633,5.993735628915297,10.512884175901148,0.004351787590965436,,
