sample_name,porosity,nu,g,all_converged,total_iterations,iterations_x,iterations_y,iterations_z,K_star_xx,K_star_xy,K_star_xz,K_star_yx,K_star_yy,K_star_yz,K_star_zx,K_star_zy,K_star_zz,K_xx,K_xy,K_xz,K_yx,K_yy,K_yz,K_zx,K_zy,K_zz,K_star_eig1,K_star_eig2,K_star_eig3,K_eig1,K_eig2,K_eig3,symmetry_error,error_type,error_message
eps_0.02_coeffs_0.741_1.169_0.555_-10.584_79.557_-3096.186_m_-0.603_rho_0.332_,0.6675295829772949,0.16666666666666666,1e-05,True,27500,10000,7500,10000,3.8476880779303886,0.020877274511373115,0.021167682684922445,0.020884596535051633,3.7979990765949236,-0.054812906344739086,0.02118036053567812,-0.0548395160717524,3.80655066111354,2.5684456180875817,0.013936198348279404,0.014130054395261986,0.013941086015692074,2.5352767397475606,-0.0365892365140772,0.014138517235689969,-0.03660699929405354,2.540985175395068,3.7391343553493583,3.855045459186444,3.8580580011030503,2.495982796922434,2.5733568877292416,2.5753678485785354,6.495362336223477e-06,,
