sample_name,porosity,nu,g,all_converged,total_iterations,iterations_x,iterations_y,iterations_z,K_star_xx,K_star_xy,K_star_xz,K_star_yx,K_star_yy,K_star_yz,K_star_zx,K_star_zy,K_star_zz,K_xx,K_xy,K_xz,K_yx,K_yy,K_yz,K_zx,K_zy,K_zz,K_star_eig1,K_star_eig2,K_star_eig3,K_eig1,K_eig2,K_eig3,symmetry_error,error_type,error_message
eps_0.02_coeffs_0.794_-0.135_0.41_12.996_95.898_-231.276_m_-0.385_rho_0.517_,0.48306846618652344,0.16666666666666666,1e-05,True,37500,12500,12500,12500,2.3064642800273627,0.4668272828380138,-0.03954898939520546,0.4668980976839411,1.8622323122847821,-0.19285382669632267,-0.039602308885499024,-0.19285009033282682,1.7450124209453157,1.1141801620668221,0.22550953949458166,-0.019104869646368983,0.225543747913587,0.8995857067783927,-0.0931616022603942,-0.01913062661076294,-0.09315979734101114,0.8429604736624856,1.4846746164558589,1.8059648051257573,2.623069591675845,0.7171994897573963,0.872404648398943,1.267122204351361,3.5709349111693086e-05,,
