sample_name,porosity,nu,g,all_converged,total_iterations,iterations_x,iterations_y,iterations_z,K_star_xx,K_star_xy,K_star_xz,K_star_yx,K_star_yy,K_star_yz,K_star_zx,K_star_zy,K_star_zz,K_xx,K_xy,K_xz,K_yx,K_yy,K_yz,K_zx,K_zy,K_zz,K_star_eig1,K_star_eig2,K_star_eig3,K_eig1,K_eig2,K_eig3,symmetry_error,error_type,error_message
eps_0.02_coeffs_0.956_1.114_0.723_-24.37_102.527_237.885_m_-0.352_rho_0.516_,0.4835057258605957,0.16666666666666666,1e-05,True,52500,17500,17500,17500,1.0093792202160279,0.14594013122245275,0.060872571910291405,0.14593650232943015,1.301876455858437,0.12794331657338684,0.06088605556369139,0.12796800442382103,1.512656762322475,0.48804063253915264,0.07056288907890261,0.029432237066486754,0.07056113448834764,0.6294647207706534,0.06186132614882739,0.029438756490111167,0.06187326286587151,0.7313782058446668,0.948916635912248,1.2772219636846878,1.5977738388000045,0.45880662682794615,0.6175441326364604,0.7725327996900665,1.778854217697887e-05,,
