sample_name,porosity,nu,g,all_converged,total_iterations,iterations_x,iterations_y,iterations_z,K_star_xx,K_star_xy,K_star_xz,K_star_yx,K_star_yy,K_star_yz,K_star_zx,K_star_zy,K_star_zz,K_xx,K_xy,K_xz,K_yx,K_yy,K_yz,K_zx,K_zy,K_zz,K_star_eig1,K_star_eig2,K_star_eig3,K_eig1,K_eig2,K_eig3,symmetry_error,error_type,error_message
eps_0.02_coeffs_0.957_0.816_0.457_98.506_101.36_-3296.289_m_-0.322_rho_0.324_,0.6757411956787109,0.16666666666666666,1e-05,True,45000,17500,15000,12500,2.9262495190295557,0.018560964482935115,0.10546119077490163,0.018657015363784724,3.1990386040646928,-0.07685952794217582,0.10544632915250118,-0.07684169198671378,3.5425732511641503,1.9773873488432847,0.012542408332648662,0.07126447115193267,0.01260731386971997,2.1617221713330297,-0.05193714931094718,0.07125442854144207,-0.051925096821077196,2.393862684521081,2.9053404206690097,3.1882513963056143,3.5742695572837744,1.9632582097165656,2.154432810663874,2.415281184316953,2.4946519191495323e-05,,
