sample_name,porosity,nu,g,all_converged,total_iterations,iterations_x,iterations_y,iterations_z,K_star_xx,K_star_xy,K_star_xz,K_star_yx,K_star_yy,K_star_yz,K_star_zx,K_star_zy,K_star_zz,K_xx,K_xy,K_xz,K_yx,K_yy,K_yz,K_zx,K_zy,K_zz,K_star_eig1,K_star_eig2,K_star_eig3,K_eig1,K_eig2,K_eig3,symmetry_error,error_type,error_message
eps_0.02_coeffs_0.297_-0.052_0.935_93.764_131.67_-1143.794_m_-0.43_rho_0.45_,0.5501232147216797,0.16666666666666666,1e-05,True,37500,12500,15000,10000,2.40703925297397,-0.6856659586953102,-0.9765542465721205,-0.6856905791690883,1.721446116242115,1.0470638454052883,-0.9765614902280908,1.0470461497999815,1.8820313889811788,1.3241681718073108,-0.3772007614226865,-0.5372251614743628,-0.37721430571686926,0.9470074714372626,0.576014128653201,-0.5372291463776715,0.5760043938899232,1.0353491579134342,0.7264155001875275,1.448104771152078,3.835996486857657,0.39961803018681963,0.7966360519599832,2.1102707190112033,1.0587136230285645e-05,,
