sample_name,porosity,nu,g,all_converged,total_iterations,iterations_x,iterations_y,iterations_z,K_star_xx,K_star_xy,K_star_xz,K_star_yx,K_star_yy,K_star_yz,K_star_zx,K_star_zy,K_star_zz,K_xx,K_xy,K_xz,K_yx,K_yy,K_yz,K_zx,K_zy,K_zz,K_star_eig1,K_star_eig2,K_star_eig3,K_eig1,K_eig2,K_eig3,symmetry_error,error_type,error_message
eps_0.02_coeffs_0.71_1.255_0.76_119.439_135.177_-1074.568_m_-0.235_rho_0.642_,0.35773229598999023,0.16666666666666666,1e-05,True,27500,7500,10000,10000,7.12263638889508,1.7565413578766391,0.6773876266705934,1.740634618619912,15.023567160381264,6.631584713876198,0.6684291259699995,6.639308463206505,8.96543778865346,2.5479970689012896,0.6283715729545852,0.2423234309640817,0.6226812185985621,5.3744151742430075,2.372332025747055,0.23911868593983032,2.3750950603286367,3.207226644690423,4.6333249334795115,6.917990555737761,19.56032584871253,1.6574899665212934,2.474788645141138,6.997360276172286,0.0013187286651325486,,
