sample_name,porosity,nu,g,all_converged,total_iterations,iterations_x,iterations_y,iterations_z,K_star_xx,K_star_xy,K_star_xz,K_star_yx,K_star_yy,K_star_yz,K_star_zx,K_star_zy,K_star_zz,K_xx,K_xy,K_xz,K_yx,K_yy,K_yz,K_zx,K_zy,K_zz,K_star_eig1,K_star_eig2,K_star_eig3,K_eig1,K_eig2,K_eig3,symmetry_error,error_type,error_message
eps_0.02_coeffs_0.335_-0.129_0.618_22.234_51.582_-1074.231_m_-0.279_rho_0.408_,0.5919651985168457,0.16666666666666666,1e-05,True,35000,12500,12500,10000,3.101523494291515,0.02866317488739127,-0.049547771641915615,0.028643725707672704,2.7904201947334206,6.372902925925959e-07,-0.04953347942310559,-2.5680274772844344e-05,2.8803852705936257,1.8359939710029376,0.01696760201233764,-0.029330556476073914,0.016956088774804548,1.6518316445207846,3.772536745674347e-07,-0.029322095979928794,-1.5201828953873947e-05,1.705087838511954,2.7875693260251913,2.8702251380866457,3.1145344955067236,1.6501440294599723,1.699073393655502,1.8436960309202013,9.95985262006606e-06,,
