sample_name,porosity,nu,g,all_converged,total_iterations,iterations_x,iterations_y,iterations_z,K_star_xx,K_star_xy,K_star_xz,K_star_yx,K_star_yy,K_star_yz,K_star_zx,K_star_zy,K_star_zz,K_xx,K_xy,K_xz,K_yx,K_yy,K_yz,K_zx,K_zy,K_zz,K_star_eig1,K_star_eig2,K_star_eig3,K_eig1,K_eig2,K_eig3,symmetry_error,error_type,error_message
eps_0.02_coeffs_0.791_1.027_0.791_11.215_65.723_-2946.05_m_-0.318_rho_0.555_,0.4445810317993164,0.16666666666666666,1e-05,True,42500,12500,15000,15000,1.5229919118158368,-0.024544653983673483,0.012217520803507876,-0.024542873899942752,1.5771526089015004,-0.0483738963375473,0.012216360664232834,-0.04837342238618603,1.5309274378155708,0.6770933155770983,-0.010912087593218758,0.0054316780048531445,-0.010911296201757062,0.7011721341704128,-0.02150611674589995,0.005431162228937216,-0.021505906036114734,0.6806212999139303,1.4999577582353365,1.5154305045338456,1.6156836957637257,0.6668527678116556,0.6737316573258156,0.7183023245239706,1.1508250318840905e-06,,
