sample_name,porosity,nu,g,all_converged,total_iterations,iterations_x,iterations_y,iterations_z,K_star_xx,K_star_xy,K_star_xz,K_star_yx,K_star_yy,K_star_yz,K_star_zx,K_star_zy,K_star_zz,K_xx,K_xy,K_xz,K_yx,K_yy,K_yz,K_zx,K_zy,K_zz,K_star_eig1,K_star_eig2,K_star_eig3,K_eig1,K_eig2,K_eig3,symmetry_error,error_type,error_message
eps_0.02_coeffs_0.805_0.82_0.892_14.44_139.208_-1116.369_m_-0.37_rho_0.609_,0.39107513427734375,0.16666666666666666,1e-05,True,77500,27500,30000,20000,0.5661882927050595,0.05371754984304991,-0.047920747688397713,0.053718403412230095,0.6789376460259053,-0.10087676595590596,-0.04791981825369103,-0.1008764874946255,0.5906487540554858,0.22142216259589118,0.02100759801792065,-0.018740612836910846,0.021007931827602404,0.2655156310855246,-0.039450394791670104,-0.018740249358108127,-0.03945028589238745,0.2309880408029949,0.5198664743674174,0.5460631511656735,0.7698450672533595,0.20330685126952705,0.21355172016602528,0.30106726304885856,1.6960282689064735e-06,,
