sample_name,porosity,nu,g,all_converged,total_iterations,iterations_x,iterations_y,iterations_z,K_star_xx,K_star_xy,K_star_xz,K_star_yx,K_star_yy,K_star_yz,K_star_zx,K_star_zy,K_star_zz,K_xx,K_xy,K_xz,K_yx,K_yy,K_yz,K_zx,K_zy,K_zz,K_star_eig1,K_star_eig2,K_star_eig3,K_eig1,K_eig2,K_eig3,symmetry_error,error_type,error_message
eps_0.02_coeffs_0.391_0.916_0.559_20.764_89.454_248.798_m_-0.571_rho_0.312_,0.6879262924194336,0.16666666666666666,1e-05,True,52500,17500,17500,17500,81.78561823497148,4.360525941579479,-10.414101032962336,5.213637387440849,59.89306259130658,-17.986442762964888,-10.60857825186609,-17.980713928844203,47.24892876418626,56.26247712561515,2.999720443989531,-7.1641339124871735,3.586598237961525,41.20201249008261,-12.373346883740789,-7.297919904647675,-12.36940586812426,32.50378038553659,33.806790223971184,66.14869986960855,88.97211949688456,23.256579857378053,45.5054298496657,61.206260294190606,0.01068104584809096,,
