sample_name,porosity,nu,g,all_converged,total_iterations,iterations_x,iterations_y,iterations_z,K_star_xx,K_star_xy,K_star_xz,K_star_yx,K_star_yy,K_star_yz,K_star_zx,K_star_zy,K_star_zz,K_xx,K_xy,K_xz,K_yx,K_yy,K_yz,K_zx,K_zy,K_zz,K_star_eig1,K_star_eig2,K_star_eig3,K_eig1,K_eig2,K_eig3,symmetry_error,error_type,error_message
eps_0.02_coeffs_0.504_1.032_0.333_-21.939_16.612_-855.653_m_-0.364_rho_0.643_,0.35716772079467773,0.16666666666666666,1e-05,True,57500,20000,20000,17500,1.122832905698436,0.011285849573718884,-0.007923040778868387,0.011286933040447124,1.1139410681170523,-0.020777538750481443,-0.007923901495016952,-0.02077542183912113,1.0801760703747432,0.40103966976157573,0.004030941169476759,-0.00282985441675171,0.004031328148818641,0.3978637923989564,-0.007421066159232553,-0.002830161836776744,-0.0074203100668268655,0.38580402511269846,1.070180569234711,1.1097943869744968,1.1369750879810232,0.38223395475231253,0.3963827317464077,0.4060908007745105,1.8670627638400487e-06,,
