sample_name,porosity,nu,g,all_converged,total_iterations,iterations_x,iterations_y,iterations_z,K_star_xx,K_star_xy,K_star_xz,K_star_yx,K_star_yy,K_star_yz,K_star_zx,K_star_zy,K_star_zz,K_xx,K_xy,K_xz,K_yx,K_yy,K_yz,K_zx,K_zy,K_zz,K_star_eig1,K_star_eig2,K_star_eig3,K_eig1,K_eig2,K_eig3,symmetry_error,error_type,error_message
eps_0.02_coeffs_0.624_1.203_0.939_40.965_71.546_-3872.419_m_-0.215_rho_0.344_,0.6559090614318848,0.16666666666666666,1e-05,True,32500,10000,10000,12500,2.9555553486096446,-0.009804134369549298,-0.19318409964258923,-0.00979904075766858,2.991653465295581,0.11900181633279051,-0.19318977743713542,0.11899367776607434,3.0802866921831664,1.938575534716539,-0.006430620572483163,-0.1267112014801344,-0.006427279626295183,1.9622526165514702,0.07805436965953017,-0.1267149255970262,0.07804903149987395,2.0203879532109856,2.792812694252883,2.9738458185626206,3.2608369932728887,1.8318311530424616,1.950572419696544,2.1388125317399904,3.0203843274084693e-06,,
