sample_name,porosity,nu,g,all_converged,total_iterations,iterations_x,iterations_y,iterations_z,K_star_xx,K_star_xy,K_star_xz,K_star_yx,K_star_yy,K_star_yz,K_star_zx,K_star_zy,K_star_zz,K_xx,K_xy,K_xz,K_yx,K_yy,K_yz,K_zx,K_zy,K_zz,K_star_eig1,K_star_eig2,K_star_eig3,K_eig1,K_eig2,K_eig3,symmetry_error,error_type,error_message
eps_0.02_coeffs_0.576_0.244_0.609_63.779_87.705_-3809.918_m_-0.287_rho_0.305_,0.6952366828918457,0.16666666666666666,1e-05,True,32500,10000,12500,10000,2.509480609148613,-0.036574314046933905,-0.07482098886259521,-0.03657026601717639,2.4903407137724107,-0.12060784697504456,-0.07483102223146607,-0.12060399318599807,2.42438672669512,1.7446829744858898,-0.025427804777034966,-0.05201829610751842,-0.0254249904382541,1.7313762171136422,-0.0838509994616573,-0.05202527167361043,-0.08384832016614406,1.6855225859145349,2.300299891228486,2.5363749823212673,2.58753317606639,1.599252866034166,1.7633809292789018,1.798947982200999,3.784467426151271e-06,,
