sample_name,porosity,nu,g,all_converged,total_iterations,iterations_x,iterations_y,iterations_z,K_star_xx,K_star_xy,K_star_xz,K_star_yx,K_star_yy,K_star_yz,K_star_zx,K_star_zy,K_star_zz,K_xx,K_xy,K_xz,K_yx,K_yy,K_yz,K_zx,K_zy,K_zz,K_star_eig1,K_star_eig2,K_star_eig3,K_eig1,K_eig2,K_eig3,symmetry_error,error_type,error_message
eps_0.02_coeffs_0.666_-0.211_0.321_-0.866_71.605_513.405_m_-0.408_rho_0.441_,0.5592589378356934,0.16666666666666666,1e-05,True,67500,20000,22500,25000,19.616021317670317,-0.18165418024075647,0.5239000744040017,-0.1909708102258724,6.602190251926838,-0.7223149052040563,0.5088186015007389,-0.7197485648035613,7.446834230515107,10.97043524668262,-0.10159172389485906,0.2929957991432227,-0.10680213248454316,3.692333907681772,-0.4039610666673101,0.28456135062634613,-0.4025258178608044,4.164708601996362,6.189437196873098,7.834597966341654,19.641010636897505,3.461498072523981,4.3815689370259205,10.984410746810857,0.0011496705077370028,,
