sample_name,porosity,nu,g,all_converged,total_iterations,iterations_x,iterations_y,iterations_z,K_star_xx,K_star_xy,K_star_xz,K_star_yx,K_star_yy,K_star_yz,K_star_zx,K_star_zy,K_star_zz,K_xx,K_xy,K_xz,K_yx,K_yy,K_yz,K_zx,K_zy,K_zz,K_star_eig1,K_star_eig2,K_star_eig3,K_eig1,K_eig2,K_eig3,symmetry_error,error_type,error_message
eps_0.02_coeffs_0.051_1.483_0.904_30.231_50.209_-2637.279_m_-0.41_rho_0.336_,0.6641125679016113,0.16666666666666666,1e-05,True,235000,65000,80000,90000,0.9345754417940206,0.02600520086323452,-0.04022482745112446,0.02600935768850194,1.00639233614772,-0.0551330994149898,-0.040234548429798504,-0.05514103309752512,0.932771291538005,0.62066329654761,0.017270380724079878,-0.026713813451965492,0.01727314132398254,0.668357798675564,-0.0366145842288637,-0.02672026927607523,-0.036619853087145146,0.619465137688207,0.8878324884705813,0.9345078058253777,1.0513987751837874,0.5896207137846755,0.6206183786507921,0.6982471404759134,1.1237831826031722e-05,,
