sample_name,porosity,nu,g,all_converged,total_iterations,iterations_x,iterations_y,iterations_z,K_star_xx,K_star_xy,K_star_xz,K_star_yx,K_star_yy,K_star_yz,K_star_zx,K_star_zy,K_star_zz,K_xx,K_xy,K_xz,K_yx,K_yy,K_yz,K_zx,K_zy,K_zz,K_star_eig1,K_star_eig2,K_star_eig3,K_eig1,K_eig2,K_eig3,symmetry_error,error_type,error_message
eps_0.02_coeffs_0.893_1.3_0.844_89.511_100.157_-3055.699_m_-0.568_rho_0.481_,0.5185823440551758,0.16666666666666666,1e-05,True,25000,7500,10000,7500,5.4168353533080715,1.4698154253437252,-0.617874789129876,1.4695446273573844,5.120263685129095,0.9090942882187595,-0.615912587290326,0.9093201650652162,4.882051804502781,2.809075174879446,0.7622203286032042,-0.3204189564795686,0.7620798975486822,2.655278344014839,0.4714402469516559,-0.31940139325010536,0.47155738269615916,2.531745868577853,3.1184173562498656,5.539370798987494,6.76136268770259,1.6171561823463994,2.8726198935297256,3.506323311596013,0.00030380079430764175,,
