sample_name,porosity,nu,g,all_converged,total_iterations,iterations_x,iterations_y,iterations_z,K_star_xx,K_star_xy,K_star_xz,K_star_yx,K_star_yy,K_star_yz,K_star_zx,K_star_zy,K_star_zz,K_xx,K_xy,K_xz,K_yx,K_yy,K_yz,K_zx,K_zy,K_zz,K_star_eig1,K_star_eig2,K_star_eig3,K_eig1,K_eig2,K_eig3,symmetry_error,error_type,error_message
eps_0.02_coeffs_0.74_0.244_0.464_-36.996_32.82_266.196_m_-0.331_rho_0.637_,0.36297082901000977,0.16666666666666666,1e-05,True,47500,15000,15000,17500,1.6425459550464327,0.104426618088058,0.029522509303703544,0.1044217482022876,1.5100573778202342,-0.02153396787621214,0.029515701499049512,-0.021534348146847154,1.3809968965858248,0.596196266990242,0.037903816138134094,0.010715809676421002,0.03790204851165883,0.5481067782800919,-0.00781620217190364,0.010713338641921989,-0.007816340199051279,0.5012615884140076,1.3674252982447828,1.4654508515971598,1.7007240796105496,0.49633549411316863,0.5319159104776457,0.6173132290935273,4.5078481199705964e-06,,
