sample_name,porosity,nu,g,all_converged,total_iterations,iterations_x,iterations_y,iterations_z,K_star_xx,K_star_xy,K_star_xz,K_star_yx,K_star_yy,K_star_yz,K_star_zx,K_star_zy,K_star_zz,K_xx,K_xy,K_xz,K_yx,K_yy,K_yz,K_zx,K_zy,K_zz,K_star_eig1,K_star_eig2,K_star_eig3,K_eig1,K_eig2,K_eig3,symmetry_error,error_type,error_message
eps_0.02_coeffs_0.981_-0.493_0.276_22.441_144.166_-1428.27_m_-0.375_rho_0.476_,0.5238075256347656,0.16666666666666666,1e-05,True,50000,20000,17500,12500,1.0510550874614546,-0.004768448496579277,0.004321256450861733,-0.004768216641845303,1.0619038636362579,-0.001029307924502833,0.004321380968743485,-0.0010301775315732266,1.039288769564458,0.5505505646690168,-0.002497749208110009,0.0022635066491591537,-0.0024976277608555,0.5562332352733058,-0.0005391592370500851,0.0022635718725626916,-0.0005396147437779024,0.5443872788055588,1.0378607803246347,1.0504245731266038,1.063962367210932,0.543639287295214,0.5502202965154009,0.5573114949372662,7.059690099510912e-07,,
