sample_name,porosity,nu,g,all_converged,total_iterations,iterations_x,iterations_y,iterations_z,K_star_xx,K_star_xy,K_star_xz,K_star_yx,K_star_yy,K_star_yz,K_star_zx,K_star_zy,K_star_zz,K_xx,K_xy,K_xz,K_yx,K_yy,K_yz,K_zx,K_zy,K_zz,K_star_eig1,K_star_eig2,K_star_eig3,K_eig1,K_eig2,K_eig3,symmetry_error,error_type,error_message
eps_0.02_coeffs_0.779_1.301_0.587_-21.964_66.847_-75.624_m_-0.23_rho_0.533_,0.4672732353210449,0.16666666666666666,1e-05,True,47500,17500,15000,15000,1.3858459947251696,0.01835384645715577,-0.003927461235831096,0.01835079242503803,1.4016325938741097,-0.016023863582983123,-0.0039287242240964495,-0.016023995703211915,1.4048718251127412,0.6475687416119418,0.008576261214620875,-0.0018351975182647857,0.008574834147152445,0.6549453968709834,-0.007487522578763595,-0.0018357876788777099,-0.007487584315010354,0.6564590029318118,1.3726037585505309,1.3940757572403313,1.4256708979211585,0.6413809990717328,0.6514142893683253,0.6661778529746787,1.932271200256297e-06,,
