sample_name,porosity,nu,g,all_converged,total_iterations,iterations_x,iterations_y,iterations_z,K_star_xx,K_star_xy,K_star_xz,K_star_yx,K_star_yy,K_star_yz,K_star_zx,K_star_zy,K_star_zz,K_xx,K_xy,K_xz,K_yx,K_yy,K_yz,K_zx,K_zy,K_zz,K_star_eig1,K_star_eig2,K_star_eig3,K_eig1,K_eig2,K_eig3,symmetry_error,error_type,error_message
eps_0.02_coeffs_0.493_1.473_0.859_27.535_122.032_-2640.532_m_-0.385_rho_0.462_,0.5375995635986328,0.16666666666666666,1e-05,True,42500,12500,15000,15000,1.723325825583153,0.02812048461731205,0.007425084300472898,0.028099643069091348,1.7645815109102343,-0.05571255844424622,0.00741751893913608,-0.055707782256106446,1.7385098198106481,0.9264592117717566,0.015117560258449025,0.00399172207961729,0.015106355851220856,0.948638250199558,-0.029951047106590092,0.003987654944664151,-0.029948479429930487,0.9346221204421422,1.680834968620641,1.7332346793002302,1.812347508383164,0.903616145611778,0.9317862072058203,0.9743172295958583,1.0624783923657393e-05,,
