sample_name,porosity,nu,g,all_converged,total_iterations,iterations_x,iterations_y,iterations_z,K_star_xx,K_star_xy,K_star_xz,K_star_yx,K_star_yy,K_star_yz,K_star_zx,K_star_zy,K_star_zz,K_xx,K_xy,K_xz,K_yx,K_yy,K_yz,K_zx,K_zy,K_zz,K_star_eig1,K_star_eig2,K_star_eig3,K_eig1,K_eig2,K_eig3,symmetry_error,error_type,error_message
eps_0.02_coeffs_0.87_0.63_0.92_29.93_111.127_-2077.23_m_-0.405_rho_0.534_,0.46632814407348633,0.16666666666666666,1e-05,True,37500,15000,12500,10000,1.9390179319415528,-0.33561712392911797,-0.06251913565635885,-0.3355719600000638,2.038969922938681,-0.10744999564373026,-0.06277678677205155,-0.10743297906308716,2.6191352732633497,0.904218633527514,-0.15650771052114684,-0.029154432499708345,-0.15648664930993195,0.9508290599856545,-0.05010695704924492,-0.029274582466307784,-0.050099021738775146,1.2213764910583014,1.6356029538123278,2.3231167482700945,2.6384034260611626,0.7627276898924147,1.083334721686825,1.2303617729922298,9.561136401225903e-05,,
