sample_name,porosity,nu,g,all_converged,total_iterations,iterations_x,iterations_y,iterations_z,K_star_xx,K_star_xy,K_star_xz,K_star_yx,K_star_yy,K_star_yz,K_star_zx,K_star_zy,K_star_zz,K_xx,K_xy,K_xz,K_yx,K_yy,K_yz,K_zx,K_zy,K_zz,K_star_eig1,K_star_eig2,K_star_eig3,K_eig1,K_eig2,K_eig3,symmetry_error,error_type,error_message
eps_0.02_coeffs_0.677_0.557_0.489_100.783_131.546_-2404.248_m_-0.337_rho_0.548_,0.45232057571411133,0.16666666666666666,1e-05,True,180000,57500,62500,60000,0.5822229958143041,-0.04357119262548945,0.01582874752334495,-0.043572135414873446,0.46497678072817183,-0.005565010928522452,0.01582808465134562,-0.005565188098715251,0.4373728870284331,0.2633514406607207,-0.019708146932911827,0.007159668192592702,-0.019708573375948776,0.21031856515266079,-0.0025171689470445966,0.0071593683619483395,-0.002517249084768203,0.19783275606244383,0.43561883780459776,0.45056381943004065,0.5983900063362706,0.19703936350768778,0.2037992862005449,0.2706641121675926,1.9030610855540733e-06,,
