sample_name,porosity,nu,g,all_converged,total_iterations,iterations_x,iterations_y,iterations_z,K_star_xx,K_star_xy,K_star_xz,K_star_yx,K_star_yy,K_star_yz,K_star_zx,K_star_zy,K_star_zz,K_xx,K_xy,K_xz,K_yx,K_yy,K_yz,K_zx,K_zy,K_zz,K_star_eig1,K_star_eig2,K_star_eig3,K_eig1,K_eig2,K_eig3,symmetry_error,error_type,error_message
eps_0.02_coeffs_0.671_-0.174_0.514_57.613_136.16_-1313.832_m_-0.405_rho_0.453_,0.5469827651977539,0.16666666666666666,1e-05,True,55000,17500,17500,20000,1.2063562822478675,-0.06629625800950346,0.09999399392856204,-0.06629965334316008,1.246610659391972,0.009931608078436112,0.1000025569535239,0.009950101998608699,1.5153797554940198,0.6598560950776207,-0.036262910528301946,0.054694991302212274,-0.03626476771729421,0.6818745455992161,0.005432418449603335,0.05469967512928438,0.005442534305198684,0.8288866089848151,1.136644738114788,1.286486212145431,1.5452157468736412,0.621725081901503,0.7036857857080917,0.8452063820520564,1.265063685350817e-05,,
