sample_name,porosity,nu,g,all_converged,total_iterations,iterations_x,iterations_y,iterations_z,K_star_xx,K_star_xy,K_star_xz,K_star_yx,K_star_yy,K_star_yz,K_star_zx,K_star_zy,K_star_zz,K_xx,K_xy,K_xz,K_yx,K_yy,K_yz,K_zx,K_zy,K_zz,K_star_eig1,K_star_eig2,K_star_eig3,K_eig1,K_eig2,K_eig3,symmetry_error,error_type,error_message
eps_0.02_coeffs_0.763_0.416_0.82_-11.86_133.45_850.847_m_-0.339_rho_0.494_,0.5064182281494141,0.16666666666666666,1e-05,True,45000,15000,17500,12500,1.9143608258704052,0.48789869835318134,-0.34870816991803794,0.48795852242073756,1.0817238235788942,-0.1590945685887046,-0.34863981059714055,-0.1590906791785093,1.9122936420496581,0.9694672174759396,0.24708079433642355,-0.1765921735511176,0.24711109033471604,0.5478046620838329,-0.08056838953288721,-0.17655755514495122,-0.08056641986466756,0.9684203579081777,0.8566157641957961,1.6261835141416852,2.425579013161475,0.43380583750889123,0.8235289738774199,1.2283574260816383,4.2251783304020746e-05,,
