sample_name,porosity,nu,g,all_converged,total_iterations,iterations_x,iterations_y,iterations_z,K_star_xx,K_star_xy,K_star_xz,K_star_yx,K_star_yy,K_star_yz,K_star_zx,K_star_zy,K_star_zz,K_xx,K_xy,K_xz,K_yx,K_yy,K_yz,K_zx,K_zy,K_zz,K_star_eig1,K_star_eig2,K_star_eig3,K_eig1,K_eig2,K_eig3,symmetry_error,error_type,error_message
eps_0.02_coeffs_0.23_1.1_0.812_61.627_43.823_-1375.783_m_-0.309_rho_0.611_,0.3887495994567871,0.16666666666666666,1e-05,True,77500,15000,22500,40000,2.711700081155494,0.0810025207555139,-0.08094097634686218,0.08087006930972032,0.6821918065013793,-0.5155273616502865,-0.08087007210337156,-0.5155258022009827,0.6821934824325963,1.0541723203961353,0.03148969749869611,-0.03146577213448395,0.03143820705219639,0.26520179153011325,-0.20041105535056308,-0.03143820813822719,-0.20041044911527087,0.2652024430477025,0.1666668422653208,1.189127763310721,2.720290764513428,0.06479166817337101,0.4622729416899879,1.0575119451105923,7.145638340120705e-05,,
