sample_name,porosity,nu,g,all_converged,total_iterations,iterations_x,iterations_y,iterations_z,K_star_xx,K_star_xy,K_star_xz,K_star_yx,K_star_yy,K_star_yz,K_star_zx,K_star_zy,K_star_zz,K_xx,K_xy,K_xz,K_yx,K_yy,K_yz,K_zx,K_zy,K_zz,K_star_eig1,K_star_eig2,K_star_eig3,K_eig1,K_eig2,K_eig3,symmetry_error,error_type,error_message
eps_0.02_coeffs_0.967_0.965_0.659_93.19_56.862_-3041.43_m_-0.359_rho_0.525_,0.4746975898742676,0.16666666666666666,1e-05,True,42500,12500,17500,12500,3.311772264503781,0.6103799122320015,0.155505142520774,0.6103574141855014,2.1542498589986336,0.15013853082422557,0.1555403499038046,0.15011689176541493,2.5998891214380255,1.5720903121723901,0.2897458732441981,0.0738179163676659,0.2897351934757476,1.0226172160536322,0.07127039872952332,0.07383462922753631,0.07126012672045876,1.2341610998869577,1.8834294148936745,2.567918648263486,3.6145631817832786,0.8940594039483297,1.2189847933238644,1.7158244308407862,1.3813227299490796e-05,,
