sample_name,porosity,nu,g,all_converged,total_iterations,iterations_x,iterations_y,iterations_z,K_star_xx,K_star_xy,K_star_xz,K_star_yx,K_star_yy,K_star_yz,K_star_zx,K_star_zy,K_star_zz,K_xx,K_xy,K_xz,K_yx,K_yy,K_yz,K_zx,K_zy,K_zz,K_star_eig1,K_star_eig2,K_star_eig3,K_eig1,K_eig2,K_eig3,symmetry_error,error_type,error_message
eps_0.02_coeffs_0.277_1.353_0.709_86.167_62.306_-4067.932_m_-0.418_rho_0.503_,0.4968452453613281,0.16666666666666666,1e-05,True,115000,35000,42500,37500,1.1004638128724753,-0.1254386859183934,-0.10376045816272901,-0.1254395409617973,1.1376746239233109,0.044257804372813826,-0.10376088793979582,0.044260316280694864,1.0192491269660646,0.5467602131178877,-0.06232361468292675,-0.051552890294664915,-0.06232403950717655,0.5652482276645341,0.021989279672764345,-0.05155310382735713,0.021990527702251825,0.5064090825717739,0.9392600654666245,1.0324804401661265,1.2856470581291,0.46666689768486236,0.512982997625111,0.6387676280442222,2.0032272902948935e-06,,
