sample_name,porosity,nu,g,all_converged,total_iterations,iterations_x,iterations_y,iterations_z,K_star_xx,K_star_xy,K_star_xz,K_star_yx,K_star_yy,K_star_yz,K_star_zx,K_star_zy,K_star_zz,K_xx,K_xy,K_xz,K_yx,K_yy,K_yz,K_zx,K_zy,K_zz,K_star_eig1,K_star_eig2,K_star_eig3,K_eig1,K_eig2,K_eig3,symmetry_error,error_type,error_message
eps_0.02_coeffs_0.912_-0.425_0.84_30.286_141.687_-1665.505_m_-0.285_rho_0.606_,0.39358043670654297,0.16666666666666666,1e-05,True,62500,17500,22500,22500,0.8988998441213232,0.0527942936319849,-0.016209878035052434,0.05279252362057861,0.9213110902646,-0.048056410757207166,-0.016211245757508496,-0.04805616064519434,1.0439959467894735,0.35378939320471375,0.020778801143290077,-0.006379890875995735,0.020778104501427815,0.3626100212489225,-0.018914063132370606,-0.006380429184797286,-0.018913964693175373,0.41089638065726175,0.8542944522501149,0.9425539155080335,1.0673585134172479,0.33623358359257727,0.37097078168511394,0.420091429833207,1.9168945020771647e-06,,
