sample_name,porosity,nu,g,all_converged,total_iterations,iterations_x,iterations_y,iterations_z,K_star_xx,K_star_xy,K_star_xz,K_star_yx,K_star_yy,K_star_yz,K_star_zx,K_star_zy,K_star_zz,K_xx,K_xy,K_xz,K_yx,K_yy,K_yz,K_zx,K_zy,K_zz,K_star_eig1,K_star_eig2,K_star_eig3,K_eig1,K_eig2,K_eig3,symmetry_error,error_type,error_message
eps_0.02_coeffs_0.458_1.227_0.306_-13.615_50.784_873.886_m_-0.602_rho_0.43_,0.569786548614502,0.16666666666666666,1e-05,True,40000,12500,15000,12500,39.05012984867634,6.867196137538627,7.295517367872961,6.982954158172198,47.95432233184476,-4.1157980278482125,7.25883639165301,-4.099107268120154,37.07657235276455,22.250238709425435,3.912835985866973,4.15688766139749,3.978793348918222,27.32372781260916,-2.345126353082007,4.1359873345573135,-2.335616182702802,21.125732195337577,27.761352367041873,44.53494639898773,51.784725767256056,15.818045150087814,25.375413401411066,29.506240165873287,0.0023513470774621484,,
