sample_name,porosity,nu,g,all_converged,total_iterations,iterations_x,iterations_y,iterations_z,K_star_xx,K_star_xy,K_star_xz,K_star_yx,K_star_yy,K_star_yz,K_star_zx,K_star_zy,K_star_zz,K_xx,K_xy,K_xz,K_yx,K_yy,K_yz,K_zx,K_zy,K_zz,K_star_eig1,K_star_eig2,K_star_eig3,K_eig1,K_eig2,K_eig3,symmetry_error,error_type,error_message
eps_0.02_coeffs_0.736_0.645_0.533_55.246_75.439_-2737.225_m_-0.433_rho_0.458_,0.5424642562866211,0.16666666666666666,1e-05,True,37500,10000,15000,12500,2.4984846765424673,0.31664344588578724,-0.14773438912388034,0.3166577157764404,2.7917880123551675,0.27725406948097714,-0.14774215519296113,0.2773558575642855,3.3504914047425105,1.3553386319041285,0.17176775138046652,-0.08014062552404404,0.171775492286087,1.51444520783215,0.15040042260343744,-0.08014483833893221,0.15045563900034814,1.8175218280683623,2.227501439929965,2.948155708383921,3.4651069453262577,1.2083399119889862,1.5992690937656404,1.8796966620500137,2.8776882841615236e-05,,
