sample_name,porosity,nu,g,all_converged,total_iterations,iterations_x,iterations_y,iterations_z,K_star_xx,K_star_xy,K_star_xz,K_star_yx,K_star_yy,K_star_yz,K_star_zx,K_star_zy,K_star_zz,K_xx,K_xy,K_xz,K_yx,K_yy,K_yz,K_zx,K_zy,K_zz,K_star_eig1,K_star_eig2,K_star_eig3,K_eig1,K_eig2,K_eig3,symmetry_error,error_type,error_message
eps_0.02_coeffs_0.74_0.267_0.782_28.83_98.728_-61.621_m_-0.253_rho_0.509_,0.4908127784729004,0.16666666666666666,1e-05,True,60000,20000,20000,20000,2.8574917376172584,0.11321625027661725,1.1612131627955724,0.11353399564047034,3.33888520909539,-0.8998671742769032,1.160847101628792,-0.9001347180771594,2.362308895542282,1.4024934592032827,0.055567982366549785,0.5699382588309992,0.05572393585142941,1.6387675264781794,-0.44166630806340457,0.5697585913326407,-0.4417976219793715,1.1594513926323562,1.1413123366428457,3.2482494488212024,4.169124056790885,0.5601706790530726,1.5942823371490014,2.0462593621117438,0.00014481192295571073,,
