sample_name,porosity,nu,g,all_converged,total_iterations,iterations_x,iterations_y,iterations_z,K_star_xx,K_star_xy,K_star_xz,K_star_yx,K_star_yy,K_star_yz,K_star_zx,K_star_zy,K_star_zz,K_xx,K_xy,K_xz,K_yx,K_yy,K_yz,K_zx,K_zy,K_zz,K_star_eig1,K_star_eig2,K_star_eig3,K_eig1,K_eig2,K_eig3,symmetry_error,error_type,error_message
eps_0.02_coeffs_0.238_-0.46_0.638_13.403_72.403_-122.279_m_-0.379_rho_0.536_,0.4641556739807129,0.16666666666666666,1e-05,True,80000,32500,25000,22500,1.0038230049365005,0.12465045047594775,-0.37824574477554357,0.12467346892348737,1.4773673183970017,0.30342477333561607,-0.37824974120161936,0.3034992531064862,2.0092506175207103,0.46593014341364586,0.057857213852663,-0.17556490859662913,0.05786789799569474,0.6857284233876388,0.1408363301700379,-0.17556676356046785,0.14087090037828406,0.9326050745714889,0.8040710852221883,1.4639571131811735,2.2224127424508513,0.373214156489708,0.6795040005474662,1.0315454843355991,3.9707957525567744e-05,,
