sample_name,porosity,nu,g,all_converged,total_iterations,iterations_x,iterations_y,iterations_z,K_star_xx,K_star_xy,K_star_xz,K_star_yx,K_star_yy,K_star_yz,K_star_zx,K_star_zy,K_star_zz,K_xx,K_xy,K_xz,K_yx,K_yy,K_yz,K_zx,K_zy,K_zz,K_star_eig1,K_star_eig2,K_star_eig3,K_eig1,K_eig2,K_eig3,symmetry_error,error_type,error_message
eps_0.02_coeffs_0.854_-0.155_0.895_20.125_80.323_-1892.817_m_-0.463_rho_0.539_,0.46082448959350586,0.16666666666666666,1e-05,True,35000,12500,10000,12500,2.8691242111743573,0.29302232379483073,0.12990716440987402,0.2930170767115344,2.965815303130061,-0.11073565236803205,0.129955081056903,-0.11061854519246388,2.5748397022668743,1.3221627001947933,0.13503186280225588,0.059864402733719846,0.13502944481777399,1.3667203232935192,-0.05102970048230227,0.05988648389813001,-0.05097573462789333,1.186549191582227,2.4254860203641986,2.7698447026046145,3.2144484936024798,1.1177233573505154,1.2764122713310475,1.4812965863889758,3.664356588096353e-05,,
