sample_name,porosity,nu,g,all_converged,total_iterations,iterations_x,iterations_y,iterations_z,K_star_xx,K_star_xy,K_star_xz,K_star_yx,K_star_yy,K_star_yz,K_star_zx,K_star_zy,K_star_zz,K_xx,K_xy,K_xz,K_yx,K_yy,K_yz,K_zx,K_zy,K_zz,K_star_eig1,K_star_eig2,K_star_eig3,K_eig1,K_eig2,K_eig3,symmetry_error,error_type,error_message
eps_0.02_coeffs_0.116_0.621_0.895_15.565_112.936_223.02_m_-0.279_rho_0.685_,0.31494903564453125,0.16666666666666666,1e-05,True,192500,60000,67500,65000,0.16661018975177205,-1.1739977243516106e-08,-1.1785615642351076e-07,-3.887153991839681e-09,0.16660927672791065,-2.9890674559337374e-08,-1.2344734936288128e-07,-2.6177306530902518e-08,0.16661348715263233,0.05247371859087297,-3.69749451133414e-09,-3.711868281035574e-08,-1.2242554011316977e-09,0.0524734310348883,-9.41403912722783e-09,-3.8879623634713e-08,-8.244517447679038e-09,0.05247475710409405,0.16660927654134777,0.16661018516265777,0.16661349192830952,0.05247343097613051,0.05247371714553584,0.052474758608188996,5.062538091317383e-08,,
