sample_name,porosity,nu,g,all_converged,total_iterations,iterations_x,iterations_y,iterations_z,K_star_xx,K_star_xy,K_star_xz,K_star_yx,K_star_yy,K_star_yz,K_star_zx,K_star_zy,K_star_zz,K_xx,K_xy,K_xz,K_yx,K_yy,K_yz,K_zx,K_zy,K_zz,K_star_eig1,K_star_eig2,K_star_eig3,K_eig1,K_eig2,K_eig3,symmetry_error,error_type,error_message
eps_0.02_coeffs_0.714_1.491_0.324_-37.427_67.799_726.504_m_-0.245_rho_0.644_,0.3557443618774414,0.16666666666666666,1e-05,True,80000,27500,27500,25000,0.5704494345998565,0.03211572424848187,-0.0005581019429437526,0.03211573084709744,0.5800220245934946,-0.02046416747710072,-0.0005581231355238929,-0.02046417655560326,0.5700216783815041,0.2029341700950732,0.011424987829008056,-0.00019854161955508548,0.01142499017642834,0.20633956501387438,-0.007280012200494285,-0.00019854915869598402,-0.007280015430120378,0.2027819982321363,0.5370691134394328,0.5696393412348058,0.6137846829006167,0.19105930904459426,0.2026459839478621,0.2183504403486277,3.409083897124045e-08,,
