sample_name,porosity,nu,g,all_converged,total_iterations,iterations_x,iterations_y,iterations_z,K_star_xx,K_star_xy,K_star_xz,K_star_yx,K_star_yy,K_star_yz,K_star_zx,K_star_zy,K_star_zz,K_xx,K_xy,K_xz,K_yx,K_yy,K_yz,K_zx,K_zy,K_zz,K_star_eig1,K_star_eig2,K_star_eig3,K_eig1,K_eig2,K_eig3,symmetry_error,error_type,error_message
eps_0.02_coeffs_0.104_0.928_0.629_102.841_100.649_-2141.583_m_-0.512_rho_0.361_,0.6388955116271973,0.16666666666666666,1e-05,True,52500,15000,25000,12500,1.996229645770179,-0.06830773063693742,-0.11213619631728425,-0.06830972915584979,1.1557951724877595,-0.2945769706691536,-0.1119376498607167,-0.29467408418854346,1.9407013335656376,1.2753821608597171,-0.04364150251337891,-0.07164331251805915,-0.043642779358141925,0.7384323480628119,-0.18820390438925877,-0.07151646207810866,-0.18826594978091526,1.239905371424002,1.0468199894308188,1.9373240479264324,2.108582114466324,0.6688085927289809,1.2377476387876314,1.3471636488299192,0.00010252841559602894,,
