sample_name,porosity,nu,g,all_converged,total_iterations,iterations_x,iterations_y,iterations_z,K_star_xx,K_star_xy,K_star_xz,K_star_yx,K_star_yy,K_star_yz,K_star_zx,K_star_zy,K_star_zz,K_xx,K_xy,K_xz,K_yx,K_yy,K_yz,K_zx,K_zy,K_zz,K_star_eig1,K_star_eig2,K_star_eig3,K_eig1,K_eig2,K_eig3,symmetry_error,error_type,error_message
eps_0.02_coeffs_0.669_-0.51_0.528_13.661_145.574_-63.013_m_-0.396_rho_0.594_,0.4058356285095215,0.16666666666666666,1e-05,True,87500,37500,25000,25000,0.576425893199468,-0.06079748165431295,-0.05104644379101654,-0.060811436184092266,1.7327748978675939,0.9502616051148739,-0.0510735940015034,0.9496514196911284,3.9974803877711422,0.2339341646557684,-0.024673784178974197,-0.02071646559910316,-0.024679447424337742,0.7032217897416169,0.3856500157602616,-0.02072748412184026,0.3854023807753085,1.6223199656255871,0.5732360586900216,1.3892047464453408,4.344240373702841,0.23263961616278586,0.5637887814020559,1.7630475224581308,0.00018795272215062803,,
