sample_name,porosity,nu,g,all_converged,total_iterations,iterations_x,iterations_y,iterations_z,K_star_xx,K_star_xy,K_star_xz,K_star_yx,K_star_yy,K_star_yz,K_star_zx,K_star_zy,K_star_zz,K_xx,K_xy,K_xz,K_yx,K_yy,K_yz,K_zx,K_zy,K_zz,K_star_eig1,K_star_eig2,K_star_eig3,K_eig1,K_eig2,K_eig3,symmetry_error,error_type,error_message
eps_0.02_coeffs_0.691_0.664_0.522_-25.822_77.984_-613.925_m_-0.56_rho_0.36_,0.6403975486755371,0.16666666666666666,1e-05,True,27500,10000,7500,10000,4.426948015278808,0.08231985626120124,-0.0316838298082697,0.08227551013658892,4.497551881052491,-0.022321831614103255,-0.03157788904459949,-0.022380029823514315,4.439080224873877,2.8350066570985826,0.05271743415699584,-0.020290246941868827,0.05268903500750085,2.880221199667066,-0.014294846247619833,-0.02022240273650961,-0.01433211623826398,2.842776094383283,4.369556454069134,4.431609216775816,4.562414450360225,2.7982532419852455,2.83799167911115,2.921759030052537,2.3595857258072275e-05,,
