sample_name,porosity,nu,g,all_converged,total_iterations,iterations_x,iterations_y,iterations_z,K_star_xx,K_star_xy,K_star_xz,K_star_yx,K_star_yy,K_star_yz,K_star_zx,K_star_zy,K_star_zz,K_xx,K_xy,K_xz,K_yx,K_yy,K_yz,K_zx,K_zy,K_zz,K_star_eig1,K_star_eig2,K_star_eig3,K_eig1,K_eig2,K_eig3,symmetry_error,error_type,error_message
eps_0.02_coeffs_0.555_0.513_0.759_104.966_62.72_-3536.635_m_-0.49_rho_0.4_,0.5996685028076172,0.16666666666666666,1e-05,True,40000,12500,12500,15000,2.480506108908426,-0.8438040212935082,-0.7615745038112759,-0.8436752194760042,3.0561805651856573,0.365298161360602,-0.7615376709453658,0.36533120435816885,0.9937672960112754,1.487481384534264,-0.5060026941121247,-0.4566922424769618,-0.5059254557190633,1.8326952238346204,0.21905780150148757,-0.45667015496740737,0.21907761634636674,0.5959309465382556,0.6728873499057776,2.000669179327113,3.856897440872467,0.4035093496761829,1.199738291380434,2.312859913850524,4.438120480294441e-05,,
