sample_name,porosity,nu,g,all_converged,total_iterations,iterations_x,iterations_y,iterations_z,K_star_xx,K_star_xy,K_star_xz,K_star_yx,K_star_yy,K_star_yz,K_star_zx,K_star_zy,K_star_zz,K_xx,K_xy,K_xz,K_yx,K_yy,K_yz,K_zx,K_zy,K_zz,K_star_eig1,K_star_eig2,K_star_eig3,K_eig1,K_eig2,K_eig3,symmetry_error,error_type,error_message
eps_0.02_coeffs_0.554_-0.132_0.802_64.142_90.187_-1629.993_m_-0.291_rho_0.39_,0.6103034019470215,0.16666666666666666,1e-05,True,42500,15000,12500,15000,3.1698072112829165,-0.16176280344357322,-0.28873337811071764,-0.16171460466065155,2.668011814630941,0.051665261225270875,-0.2887692824234899,0.051725333275491364,3.102038020853173,1.934544124562165,-0.09872438925010009,-0.17621496291662664,-0.0986949733689133,1.6282966869041093,0.031531484688264354,-0.17623687544085614,0.03156814686487585,1.893184357095697,2.617439391934137,2.8649295209512156,3.4574881338816783,1.5974321652875476,1.7484762329749777,2.110116770299447,2.3121919017846484e-05,,
