sample_name,porosity,nu,g,all_converged,total_iterations,iterations_x,iterations_y,iterations_z,K_star_xx,K_star_xy,K_star_xz,K_star_yx,K_star_yy,K_star_yz,K_star_zx,K_star_zy,K_star_zz,K_xx,K_xy,K_xz,K_yx,K_yy,K_yz,K_zx,K_zy,K_zz,K_star_eig1,K_star_eig2,K_star_eig3,K_eig1,K_eig2,K_eig3,symmetry_error,error_type,error_message
eps_0.02_coeffs_0.187_1.424_0.943_109.677_90.394_-2837.048_m_-0.225_rho_0.659_,0.34067726135253906,0.16666666666666666,1e-05,True,207500,65000,80000,62500,0.1666606143153594,4.425712973658155e-13,-1.6078783110295756e-12,5.3750605642186176e-14,0.16666154637846153,-3.6330811629420848e-12,-1.4890999279548032e-12,-1.8529281400786592e-12,0.16666134629786172,0.056777481660288405,1.507739775398262e-13,-5.477675795897018e-13,1.831160912622032e-14,0.05677779919299345,-1.2377081408626072e-12,-5.073024853359056e-13,-6.312504842450515e-13,0.05677773103008266,0.1666606143153594,0.16666134629786164,0.16666154637846145,0.056777481660288405,0.056777731030082663,0.05677779919299345,8.945776115924547e-12,,
