sample_name,porosity,nu,g,all_converged,total_iterations,iterations_x,iterations_y,iterations_z,K_star_xx,K_star_xy,K_star_xz,K_star_yx,K_star_yy,K_star_yz,K_star_zx,K_star_zy,K_star_zz,K_xx,K_xy,K_xz,K_yx,K_yy,K_yz,K_zx,K_zy,K_zz,K_star_eig1,K_star_eig2,K_star_eig3,K_eig1,K_eig2,K_eig3,symmetry_error,error_type,error_message
eps_0.02_coeffs_0.339_-0.541_0.604_92.9_66.104_-3937.231_m_-0.42_rho_0.484_,0.5158958435058594,0.16666666666666666,1e-05,True,65000,22500,20000,22500,1.1501609290127202,0.00523603274255956,0.055719296698962244,0.005237024121673079,1.0547124184264256,0.006937643086182196,0.05572077273743278,0.006935227938944404,1.1312048332441689,0.5933632426405001,0.0027012475283470622,0.028745353570064372,0.002701758976711065,0.5441217527602057,0.0035791012318885577,0.02874611505217618,0.003577855267467126,0.5835838716244055,1.0540878098854511,1.084283888224365,1.1977064825734987,0.5437995198100988,0.559377551115322,0.6178917960996911,2.198653129599275e-06,,
