sample_name,porosity,nu,g,all_converged,total_iterations,iterations_x,iterations_y,iterations_z,K_star_xx,K_star_xy,K_star_xz,K_star_yx,K_star_yy,K_star_yz,K_star_zx,K_star_zy,K_star_zz,K_xx,K_xy,K_xz,K_yx,K_yy,K_yz,K_zx,K_zy,K_zz,K_star_eig1,K_star_eig2,K_star_eig3,K_eig1,K_eig2,K_eig3,symmetry_error,error_type,error_message
eps_0.02_coeffs_0.608_1.241_0.928_2.469_115.271_-3920.926_m_-0.425_rho_0.528_,0.4717249870300293,0.16666666666666666,1e-05,True,45000,17500,15000,12500,1.1924999512250665,0.028977503197760962,-0.031128977985024345,0.028978669007964454,1.1606140693607792,-0.007426837706791325,-0.03112938657489185,-0.0074268458093684694,1.1942476575746628,0.5625320240249551,0.013669412320126422,-0.014684316736243676,0.013669962261929545,0.5474906568160831,-0.00350342492091027,-0.014684509478293627,-0.0035034287430983687,0.5633564607800506,1.1412144387047745,1.1723012683112042,1.2338459711445293,0.538339366296492,0.5530038005893898,0.5820359747352074,8.525801072089751e-07,,
