sample_name,porosity,nu,g,all_converged,total_iterations,iterations_x,iterations_y,iterations_z,K_star_xx,K_star_xy,K_star_xz,K_star_yx,K_star_yy,K_star_yz,K_star_zx,K_star_zy,K_star_zz,K_xx,K_xy,K_xz,K_yx,K_yy,K_yz,K_zx,K_zy,K_zz,K_star_eig1,K_star_eig2,K_star_eig3,K_eig1,K_eig2,K_eig3,symmetry_error,error_type,error_message
eps_0.02_coeffs_0.794_-0.314_0.383_63.466_56.288_-3741.464_m_-0.533_rho_0.387_,0.6130752563476562,0.16666666666666666,1e-05,True,25000,7500,7500,10000,4.567603054293086,0.1458712144596584,0.40480576954138403,0.14589750428960946,4.470724284012665,-0.03091407642998624,0.40472427658506815,-0.030829412904352472,4.734838080003323,2.800284413405071,0.089430032198599,0.24817640093259427,0.0894461498428356,2.7408904364807563,-0.018952655332064854,0.24812643961751038,-0.018900750219383634,2.902812069662682,4.177005505731752,4.523649683417017,5.072510229160306,2.5608187211920646,2.7733376892878807,3.109830509068563,2.1346778445579558e-05,,
