sample_name,porosity,nu,g,all_converged,total_iterations,iterations_x,iterations_y,iterations_z,K_star_xx,K_star_xy,K_star_xz,K_star_yx,K_star_yy,K_star_yz,K_star_zx,K_star_zy,K_star_zz,K_xx,K_xy,K_xz,K_yx,K_yy,K_yz,K_zx,K_zy,K_zz,K_star_eig1,K_star_eig2,K_star_eig3,K_eig1,K_eig2,K_eig3,symmetry_error,error_type,error_message
eps_0.02_coeffs_0.88_0.365_0.797_-5.453_112.664_58.606_m_-0.306_rho_0.529_,0.4705491065979004,0.16666666666666666,1e-05,True,47500,15000,17500,15000,1.448380527567129,-0.33743401243549803,-0.1635955523534438,-0.3374311963433448,1.3740361552571072,0.06008337626325006,-0.16359696428392037,0.06008939105868919,1.1779197189893928,0.6815341632605082,-0.1587792730872684,-0.07697974100330303,-0.1587779479776216,0.6465514852894457,0.028272179022057812,-0.07698040538592735,0.028275009278678064,0.5542690714145087,1.0333339721000425,1.1733282035171195,1.793674226196467,0.48623437738893466,0.5521085379111,0.8440118046644277,4.0355079819960995e-06,,
