sample_name,porosity,nu,g,all_converged,total_iterations,iterations_x,iterations_y,iterations_z,K_star_xx,K_star_xy,K_star_xz,K_star_yx,K_star_yy,K_star_yz,K_star_zx,K_star_zy,K_star_zz,K_xx,K_xy,K_xz,K_yx,K_yy,K_yz,K_zx,K_zy,K_zz,K_star_eig1,K_star_eig2,K_star_eig3,K_eig1,K_eig2,K_eig3,symmetry_error,error_type,error_message
eps_0.02_coeffs_0.619_0.489_0.728_44.213_117.283_-2207.674_m_-0.278_rho_0.675_,0.32507896423339844,0.16666666666666666,1e-05,True,87500,32500,25000,30000,0.6189335840397532,0.005858921797941175,-0.039217465276746834,0.005859011318087293,0.6293607903327223,0.05349708603828829,-0.039217435629946354,0.05349752960413283,0.5964765743699754,0.20120228842890803,0.001904612229599198,-0.01274877299202413,0.001904641330715576,0.2045919538504744,0.017390777318831756,-0.012748763354472937,0.01739092151275707,0.19390198698567723,0.5407098635839536,0.6278239522284104,0.6762371329300862,0.1757734024046539,0.2040923601113303,0.21983046674907541,5.996423864996015e-07,,
