sample_name,porosity,nu,g,all_converged,total_iterations,iterations_x,iterations_y,iterations_z,K_star_xx,K_star_xy,K_star_xz,K_star_yx,K_star_yy,K_star_yz,K_star_zx,K_star_zy,K_star_zz,K_xx,K_xy,K_xz,K_yx,K_yy,K_yz,K_zx,K_zy,K_zz,K_star_eig1,K_star_eig2,K_star_eig3,K_eig1,K_eig2,K_eig3,symmetry_error,error_type,error_message
eps_0.02_coeffs_0.213_-0.039_0.909_6.765_50.381_-368.659_m_-0.379_rho_0.616_,0.3835563659667969,0.16666666666666666,1e-05,True,45000,17500,15000,12500,1.5460749984171989,0.13995004758838084,0.06098163170561563,0.1399502351028145,1.504146401729538,0.009756222065054419,0.06097600644623879,0.009755669390537422,1.5124790788878526,0.593006907905022,0.05367873166987964,0.023389893047731532,0.053678803592234384,0.5769249277294154,0.0037420610808373512,0.02338773544368733,0.0037418490990080494,0.580120979099033,1.3753716588833018,1.5041764550128403,1.683152365138447,0.5275325553350045,0.5769364548575441,0.6455838045409221,3.0257354324472566e-06,,
