sample_name,porosity,nu,g,all_converged,total_iterations,iterations_x,iterations_y,iterations_z,K_star_xx,K_star_xy,K_star_xz,K_star_yx,K_star_yy,K_star_yz,K_star_zx,K_star_zy,K_star_zz,K_xx,K_xy,K_xz,K_yx,K_yy,K_yz,K_zx,K_zy,K_zz,K_star_eig1,K_star_eig2,K_star_eig3,K_eig1,K_eig2,K_eig3,symmetry_error,error_type,error_message
eps_0.02_coeffs_0.278_0.999_0.736_99.983_101.851_-2164.406_m_-0.247_rho_0.624_,0.3762960433959961,0.16666666666666666,1e-05,True,280000,70000,100000,110000,0.16666217812190964,4.1079641087923434e-14,-4.28444686593448e-12,-3.5328896348282447e-13,0.166661236435146,-4.9062434795963045e-12,-1.5268212605804648e-11,-6.724645653740246e-12,0.16666282012608283,0.06271431821103335,1.545810640551318e-14,-1.6122204037915207e-12,-1.329412391340594e-13,0.06271396385803006,-1.846200009309494e-12,-5.74536799329316e-12,-2.5304575527425362e-12,0.06271455979466356,0.16666123643514594,0.16666217812190928,0.1666628201260832,0.06271396385803013,0.06271431821103322,0.06271455979466375,5.457737037917355e-11,,
