sample_name,porosity,nu,g,all_converged,total_iterations,iterations_x,iterations_y,iterations_z,K_star_xx,K_star_xy,K_star_xz,K_star_yx,K_star_yy,K_star_yz,K_star_zx,K_star_zy,K_star_zz,K_xx,K_xy,K_xz,K_yx,K_yy,K_yz,K_zx,K_zy,K_zz,K_star_eig1,K_star_eig2,K_star_eig3,K_eig1,K_eig2,K_eig3,symmetry_error,error_type,error_message
eps_0.02_coeffs_0.971_0.878_0.41_94.092_80.421_-3437.223_m_-0.219_rho_0.373_,0.6267924308776855,0.16666666666666666,1e-05,True,45000,15000,15000,15000,2.7026382189145073,-0.17074621394268596,-0.0862896031751516,-0.17072199563234366,2.7423742903261066,-0.16516797161137334,-0.08624029724864768,-0.16517047994753245,2.5355925307063902,1.6939931790163625,-0.1070224345002975,-0.05408567013362412,-0.1070072546466863,1.7188994478099682,-0.10352603442942925,-0.054054765552094056,-0.10352760663554789,1.5892902060367609,2.364369068736958,2.7067903259735475,2.9094456452365005,1.481968636085647,1.6965956882931628,1.8236185084842818,1.6818048421463962e-05,,
