sample_name,porosity,nu,g,all_converged,total_iterations,iterations_x,iterations_y,iterations_z,K_star_xx,K_star_xy,K_star_xz,K_star_yx,K_star_yy,K_star_yz,K_star_zx,K_star_zy,K_star_zz,K_xx,K_xy,K_xz,K_yx,K_yy,K_yz,K_zx,K_zy,K_zz,K_star_eig1,K_star_eig2,K_star_eig3,K_eig1,K_eig2,K_eig3,symmetry_error,error_type,error_message
eps_0.02_coeffs_0.544_1.465_0.52_33.088_80.897_374.305_m_-0.535_rho_0.533_,0.46694231033325195,0.16666666666666666,1e-05,True,45000,15000,15000,15000,36.114666585621066,-9.325266308453493,18.949390485535833,-9.39427784909646,42.890103665878804,-12.823326315722227,19.160699482634218,-12.814094716482998,28.50669367332458,16.863465852404996,-4.35436139454211,8.848272172723044,-4.386585802769594,20.027204096178128,-5.987753616020524,8.946941284022367,-5.983442991743688,13.310981403784476,12.148476120865135,31.854329050330243,63.50865875362909,5.672637506905112,14.874134000876817,29.654879844585647,0.004368942299098114,,
