sample_name,porosity,nu,g,all_converged,total_iterations,iterations_x,iterations_y,iterations_z,K_star_xx,K_star_xy,K_star_xz,K_star_yx,K_star_yy,K_star_yz,K_star_zx,K_star_zy,K_star_zz,K_xx,K_xy,K_xz,K_yx,K_yy,K_yz,K_zx,K_zy,K_zz,K_star_eig1,K_star_eig2,K_star_eig3,K_eig1,K_eig2,K_eig3,symmetry_error,error_type,error_message
eps_0.02_coeffs_0.594_0.307_0.333_62.689_43.827_-3261.227_m_-0.293_rho_0.559_,0.44129467010498047,0.16666666666666666,1e-05,True,47500,15000,17500,15000,1.6797631175355845,-0.04682265345518483,-0.10556167332903706,-0.04681691462488665,1.698379007275167,0.06223833137719836,-0.10555414544908243,0.06223694536475983,1.6255804800667208,0.7412705108073793,-0.020662587409945615,-0.04658380380746712,-0.02066005489472239,0.7494856037287191,0.027465443912985204,-0.046580481794165955,0.02746483227308338,0.7173600016801394,1.5405269748872863,1.6511745242687865,1.812021105721399,0.6798263431707087,0.7286545169729423,0.799635256072587,4.672857971222476e-06,,
