sample_name,porosity,nu,g,all_converged,total_iterations,iterations_x,iterations_y,iterations_z,K_star_xx,K_star_xy,K_star_xz,K_star_yx,K_star_yy,K_star_yz,K_star_zx,K_star_zy,K_star_zz,K_xx,K_xy,K_xz,K_yx,K_yy,K_yz,K_zx,K_zy,K_zz,K_star_eig1,K_star_eig2,K_star_eig3,K_eig1,K_eig2,K_eig3,symmetry_error,error_type,error_message
eps_0.02_coeffs_0.45_-0.649_0.649_31.769_99.013_884.46_m_-0.292_rho_0.368_,0.6316080093383789,0.16666666666666666,1e-05,True,30000,10000,10000,10000,7.370841071922411,4.537913668810447,-0.6100443575134102,4.534448377351364,15.083463849035082,-8.784348344507793,-0.5973369009775531,-8.779484017243249,7.325805431557429,4.655482256586477,2.866182618906786,-0.38530890225715536,2.8639939130665373,9.526836575616452,-5.5482647712094515,-0.37728277093078866,-5.545192423149122,4.627037385426271,0.9107941387607292,6.886343862491682,21.982972351262514,0.575264872899725,4.349469938607931,13.884621406121536,0.0008612041130952774,,
