sample_name,porosity,nu,g,all_converged,total_iterations,iterations_x,iterations_y,iterations_z,K_star_xx,K_star_xy,K_star_xz,K_star_yx,K_star_yy,K_star_yz,K_star_zx,K_star_zy,K_star_zz,K_xx,K_xy,K_xz,K_yx,K_yy,K_yz,K_zx,K_zy,K_zz,K_star_eig1,K_star_eig2,K_star_eig3,K_eig1,K_eig2,K_eig3,symmetry_error,error_type,error_message
eps_0.02_coeffs_0.135_0.452_0.445_-26.29_38.814_196.179_m_-0.416_rho_0.571_,0.4285445213317871,0.16666666666666666,1e-05,True,52500,20000,15000,17500,0.9588980208024873,0.0005945414472401105,0.0027895421931058446,0.0005940874800600071,0.9764727743975161,0.002550151703799151,0.0027896020765969943,0.0025506598558383774,0.9665533909351318,0.41093049333079995,0.0002547874799194211,0.001195443023879368,0.00025459293477152336,0.41846205769770567,0.0010928535412280485,0.0011954686866214182,0.0010930713070004625,0.4142111602599118,0.957986499484953,0.966761427814186,0.9771762588359969,0.41053986586409347,0.4143003133246653,0.4187635320996586,5.773610807433754e-07,,
