sample_name,porosity,nu,g,all_converged,total_iterations,iterations_x,iterations_y,iterations_z,K_star_xx,K_star_xy,K_star_xz,K_star_yx,K_star_yy,K_star_yz,K_star_zx,K_star_zy,K_star_zz,K_xx,K_xy,K_xz,K_yx,K_yy,K_yz,K_zx,K_zy,K_zz,K_star_eig1,K_star_eig2,K_star_eig3,K_eig1,K_eig2,K_eig3,symmetry_error,error_type,error_message
eps_0.02_coeffs_0.688_-0.038_0.73_35.922_55.743_-307.852_m_-0.486_rho_0.549_,0.45084381103515625,0.16666666666666666,1e-05,True,22500,7500,7500,7500,14.85331125817017,-2.5467768087245832,-1.0940936762188709,-2.5497507356664038,7.994184486392671,0.5987811525729329,-1.0963906715808462,0.5940010738646446,8.77228774729796,6.696523454124831,-1.1481985623013442,-0.49326536261598003,-1.1495393388575348,3.6041285999633947,0.2699567768020044,-0.4943009487589031,0.2678017079001117,3.9549316394888185,7.117666529195451,8.59352476323174,15.908592199433615,3.208955903699851,3.8743374544803855,7.172290335396809,0.0004425206513949791,,
