sample_name,porosity,nu,g,all_converged,total_iterations,iterations_x,iterations_y,iterations_z,K_star_xx,K_star_xy,K_star_xz,K_star_yx,K_star_yy,K_star_yz,K_star_zx,K_star_zy,K_star_zz,K_xx,K_xy,K_xz,K_yx,K_yy,K_yz,K_zx,K_zy,K_zz,K_star_eig1,K_star_eig2,K_star_eig3,K_eig1,K_eig2,K_eig3,symmetry_error,error_type,error_message
eps_0.02_coeffs_0.496_-0.185_0.683_51.382_110.536_-2151.912_m_-0.228_rho_0.506_,0.49387121200561523,0.16666666666666666,1e-05,True,90000,30000,27500,32500,0.8115787712575108,-0.02146345724456089,0.021305915676780213,-0.02146544853175947,0.7428782671785632,0.025564559356578035,0.02130530017456901,0.02556482790477551,0.813469598056258,0.4008153913989748,-0.010600183643201989,0.010522378398180881,-0.010601167082624204,0.3668861901841083,0.012625599913822685,0.010522074419357843,0.012625732542046453,0.4017492163217648,0.7258944200344664,0.807979942612777,0.834052273845089,0.35849835701053484,0.39903803353439965,0.4119144073599134,2.170161277157251e-06,,
