sample_name,porosity,nu,g,all_converged,total_iterations,iterations_x,iterations_y,iterations_z,K_star_xx,K_star_xy,K_star_xz,K_star_yx,K_star_yy,K_star_yz,K_star_zx,K_star_zy,K_star_zz,K_xx,K_xy,K_xz,K_yx,K_yy,K_yz,K_zx,K_zy,K_zz,K_star_eig1,K_star_eig2,K_star_eig3,K_eig1,K_eig2,K_eig3,symmetry_error,error_type,error_message
eps_0.02_coeffs_0.412_1.307_0.648_12.995_109.9_-1032.855_m_-0.375_rho_0.532_,0.46755456924438477,0.16666666666666666,1e-05,True,55000,20000,17500,17500,1.1626102882624878,-0.051988925023407906,0.015554316833633303,-0.05199047899166798,0.9995717969947667,-0.00518091383786671,0.015557128139742056,-0.005176917266116457,1.1081047844558467,0.5435837525276574,-0.0243076594447981,0.007272491907040102,-0.024308386009758556,0.46735436097272376,-0.002422359937756042,0.007273806346056794,-0.0024204913223728978,0.5180994551738952,0.984400863224438,1.1044471240106595,1.181438882478003,0.46026112156870286,0.5163892993200038,0.55238714778557,3.829959014359265e-06,,
