sample_name,porosity,nu,g,all_converged,total_iterations,iterations_x,iterations_y,iterations_z,K_star_xx,K_star_xy,K_star_xz,K_star_yx,K_star_yy,K_star_yz,K_star_zx,K_star_zy,K_star_zz,K_xx,K_xy,K_xz,K_yx,K_yy,K_yz,K_zx,K_zy,K_zz,K_star_eig1,K_star_eig2,K_star_eig3,K_eig1,K_eig2,K_eig3,symmetry_error,error_type,error_message
eps_0.02_coeffs_0.654_0.44_0.896_46.465_61.246_-2117.92_m_-0.292_rho_0.338_,0.6622734069824219,0.16666666666666666,1e-05,True,30000,10000,10000,10000,4.992424613426915,-0.3988603045395464,0.2903982344839275,-0.3986234308219935,5.439319029005145,0.17391468768658705,0.2904475557135176,0.17389313757775024,4.6325947575222575,3.3063500578371436,-0.26415457279745175,0.1923230281333509,-0.2639976976335034,3.6023163450035565,0.11517907273847985,0.1923556922721081,0.11516480067447966,3.068044313233172,4.351390683930751,5.040086096571625,5.672861619451944,2.8818103333583887,3.337914990661225,3.7569853920542577,3.9271739527033046e-05,,
