sample_name,porosity,nu,g,all_converged,total_iterations,iterations_x,iterations_y,iterations_z,K_star_xx,K_star_xy,K_star_xz,K_star_yx,K_star_yy,K_star_yz,K_star_zx,K_star_zy,K_star_zz,K_xx,K_xy,K_xz,K_yx,K_yy,K_yz,K_zx,K_zy,K_zz,K_star_eig1,K_star_eig2,K_star_eig3,K_eig1,K_eig2,K_eig3,symmetry_error,error_type,error_message
eps_0.02_coeffs_0.389_1.079_0.508_88.453_92.508_-3998.979_m_-0.205_rho_0.365_,0.6352767944335938,0.16666666666666666,1e-05,True,337500,112500,115000,110000,0.3725970921040956,0.014214816649482261,0.002189213626585691,0.014214949870573467,0.37993247490398924,0.023536111395454272,0.0021894142100258415,0.02353597744644637,0.35992151570223563,0.23670228628716833,0.009030343154544368,0.0013907566150277004,0.00903042778681214,0.24136228475822807,0.014951945400736168,0.0013908840410325756,0.014951860306039809,0.22864978674299663,0.3429797492453364,0.36793980073159765,0.4015315327333864,0.2178870756562151,0.2337436171533046,0.2550836649788733,6.054482438297687e-07,,
