sample_name,porosity,nu,g,all_converged,total_iterations,iterations_x,iterations_y,iterations_z,K_star_xx,K_star_xy,K_star_xz,K_star_yx,K_star_yy,K_star_yz,K_star_zx,K_star_zy,K_star_zz,K_xx,K_xy,K_xz,K_yx,K_yy,K_yz,K_zx,K_zy,K_zz,K_star_eig1,K_star_eig2,K_star_eig3,K_eig1,K_eig2,K_eig3,symmetry_error,error_type,error_message
eps_0.02_coeffs_0.907_0.286_0.738_-17.329_66.473_-866.492_m_-0.425_rho_0.654_,0.3458847999572754,0.16666666666666666,1e-05,True,57500,20000,17500,20000,1.2373034601463992,-0.15481288868535337,0.08117655478146231,-0.15481442400820114,1.567031491824658,0.11603442982468792,0.08117846090228202,0.11602453934539991,1.3907042586158183,0.42796445979918196,-0.053547425033741394,0.028077736411806897,-0.053547956078577465,0.5420123740765227,0.040134545548068695,0.02807839571002532,0.040131124581618674,0.4810234642910633,1.1216637107561687,1.4190947940526615,1.6542807057780449,0.3879664282142326,0.49084331896131567,0.5721905509912194,5.878305057404599e-06,,
