sample_name,porosity,nu,g,all_converged,total_iterations,iterations_x,iterations_y,iterations_z,K_star_xx,K_star_xy,K_star_xz,K_star_yx,K_star_yy,K_star_yz,K_star_zx,K_star_zy,K_star_zz,K_xx,K_xy,K_xz,K_yx,K_yy,K_yz,K_zx,K_zy,K_zz,K_star_eig1,K_star_eig2,K_star_eig3,K_eig1,K_eig2,K_eig3,symmetry_error,error_type,error_message
eps_0.02_coeffs_0.095_0.629_0.681_51.786_57.471_-3002.835_m_-0.566_rho_0.463_,0.5373306274414062,0.16666666666666666,1e-05,True,65000,22500,20000,22500,1.8686812944186426,0.1349562564857577,0.0007625887815855562,0.13497891863040262,1.4655444927380055,0.007502214247437837,0.0007521550090156144,0.007487824646353241,1.7575119385723779,1.0040996924179884,0.07251612997463554,0.0004097623084891444,0.07252830703903676,0.7874819418262099,0.0040311694887756305,0.00040415592292755665,0.004023437515396213,0.944364992688858,1.4243796811641016,1.757601600013964,1.9097564445509598,0.7653628277946971,0.9444131705275229,1.0261706286108363,1.375757472991023e-05,,
