sample_name,porosity,nu,g,all_converged,total_iterations,iterations_x,iterations_y,iterations_z,K_star_xx,K_star_xy,K_star_xz,K_star_yx,K_star_yy,K_star_yz,K_star_zx,K_star_zy,K_star_zz,K_xx,K_xy,K_xz,K_yx,K_yy,K_yz,K_zx,K_zy,K_zz,K_star_eig1,K_star_eig2,K_star_eig3,K_eig1,K_eig2,K_eig3,symmetry_error,error_type,error_message
eps_0.02_coeffs_0.795_1.235_0.389_32.87_46.315_-1612.11_m_-0.493_rho_0.449_,0.5508666038513184,0.16666666666666666,1e-05,True,27500,10000,10000,7500,5.610561745891359,-0.028705775199663237,-0.30104844439689893,-0.029230401031577934,4.51354976236176,-0.17875633810422287,-0.30109194307929005,-0.18006407503593183,5.249342354495112,3.090671094657296,-0.015813052895157886,-0.16583753415964217,-0.016102051745477408,2.4863638289061476,-0.09847089688837127,-0.16586149613108297,-0.09919128549067273,2.8916873952736055,4.462981071362809,5.1261550238037055,5.784317767581718,2.458507225834348,2.8238276087781204,3.1863874842245803,0.00022338005346068753,,
