sample_name,porosity,nu,g,all_converged,total_iterations,iterations_x,iterations_y,iterations_z,K_star_xx,K_star_xy,K_star_xz,K_star_yx,K_star_yy,K_star_yz,K_star_zx,K_star_zy,K_star_zz,K_xx,K_xy,K_xz,K_yx,K_yy,K_yz,K_zx,K_zy,K_zz,K_star_eig1,K_star_eig2,K_star_eig3,K_eig1,K_eig2,K_eig3,symmetry_error,error_type,error_message
eps_0.02_coeffs_0.342_0.384_0.362_93.086_100.199_-698.97_m_-0.248_rho_0.639_,0.36124706268310547,0.16666666666666666,1e-05,True,135000,45000,27500,62500,0.16664729821725505,4.730822398371039e-12,-5.360262620519979e-13,1.0607698214511373e-12,0.1666476360290249,-1.631826772445165e-12,-1.7824607723632052e-12,-2.0894024772330487e-11,0.16664652263570998,0.060200846985058905,1.7089956954869822e-12,-1.936379126872888e-13,3.831999821821056e-13,0.06020096901856851,-5.894926283534682e-13,-6.439087183640673e-13,-7.54790507663243e-12,0.06020056680850388,0.16664652263570953,0.16664729821725505,0.16664763602902524,0.06020056680850373,0.060200846985058905,0.06020096901856864,9.626782341696378e-11,,
