sample_name,porosity,nu,g,all_converged,total_iterations,iterations_x,iterations_y,iterations_z,K_star_xx,K_star_xy,K_star_xz,K_star_yx,K_star_yy,K_star_yz,K_star_zx,K_star_zy,K_star_zz,K_xx,K_xy,K_xz,K_yx,K_yy,K_yz,K_zx,K_zy,K_zz,K_star_eig1,K_star_eig2,K_star_eig3,K_eig1,K_eig2,K_eig3,symmetry_error,error_type,error_message
eps_0.02_coeffs_0.49_1.407_0.862_-20.068_31.265_-811.414_m_-0.558_rho_0.375_,0.6250219345092773,0.16666666666666666,1e-05,True,25000,10000,7500,7500,5.774481444644943,0.16143762686518037,-0.09906194008879159,0.1620398104531064,6.571390965538036,-0.2852296019960218,-0.09886696083386623,-0.2850431149909128,6.3743870501823805,3.609177563319909,0.10090205784586193,-0.06191588543053865,0.10127843579691717,4.1072634936973715,-0.1782747576188648,-0.06179401911943603,-0.1781581991501707,3.9841317254158772,5.739423923606271,6.171705391761893,6.809130144997195,3.5872658437012186,3.857451243180355,4.255855695551584,8.612789310378201e-05,,
