sample_name,porosity,nu,g,all_converged,total_iterations,iterations_x,iterations_y,iterations_z,K_star_xx,K_star_xy,K_star_xz,K_star_yx,K_star_yy,K_star_yz,K_star_zx,K_star_zy,K_star_zz,K_xx,K_xy,K_xz,K_yx,K_yy,K_yz,K_zx,K_zy,K_zz,K_star_eig1,K_star_eig2,K_star_eig3,K_eig1,K_eig2,K_eig3,symmetry_error,error_type,error_message
eps_0.02_coeffs_0.517_-0.679_0.948_-23.827_122.89_-502.074_m_-0.414_rho_0.581_,0.4185938835144043,0.16666666666666666,1e-05,True,57500,20000,20000,17500,0.983852628936813,0.013550243035061235,-0.011698184848123058,0.013550423673507617,0.964878887021735,-0.015877983040491414,-0.01169901488638552,-0.015878460549362608,1.0184707371867547,0.4118346927525167,0.005672048854610291,-0.004896788625645193,0.005672124468759074,0.4038924004394842,-0.00664642658329515,-0.004897136074584942,-0.0066466264655879554,0.4263256211247819,0.9564017666643431,0.982800685964666,1.0279998005162934,0.40034392970806437,0.41139435585857004,0.4303144287501482,8.040940518429629e-07,,
