sample_name,porosity,nu,g,all_converged,total_iterations,iterations_x,iterations_y,iterations_z,K_star_xx,K_star_xy,K_star_xz,K_star_yx,K_star_yy,K_star_yz,K_star_zx,K_star_zy,K_star_zz,K_xx,K_xy,K_xz,K_yx,K_yy,K_yz,K_zx,K_zy,K_zz,K_star_eig1,K_star_eig2,K_star_eig3,K_eig1,K_eig2,K_eig3,symmetry_error,error_type,error_message
eps_0.02_coeffs_0.747_1.343_0.531_90.275_87.737_-2068.535_m_-0.611_rho_0.357_,0.6432590484619141,0.16666666666666666,1e-05,True,50000,17500,15000,17500,52.53518302040138,-5.102267839462958,-3.8769245444425855,-5.775526405429686,34.49067523787924,0.48063414197156457,-3.8517607290570406,0.4514020478414919,4.918167577834217,33.79373184047589,-3.2820799554107687,-2.4938667934167773,-3.715159619923359,22.1864389343271,0.30917226082293714,-2.4776799414762003,0.29036845176827747,3.163655796293875,4.608603895965645,32.815145083641006,54.520276856508175,2.964526156856734,21.10863900164259,35.07066141259756,0.014961045692062427,,
