sample_name,porosity,nu,g,all_converged,total_iterations,iterations_x,iterations_y,iterations_z,K_star_xx,K_star_xy,K_star_xz,K_star_yx,K_star_yy,K_star_yz,K_star_zx,K_star_zy,K_star_zz,K_xx,K_xy,K_xz,K_yx,K_yy,K_yz,K_zx,K_zy,K_zz,K_star_eig1,K_star_eig2,K_star_eig3,K_eig1,K_eig2,K_eig3,symmetry_error,error_type,error_message
eps_0.02_coeffs_0.23_-0.366_0.729_97.428_113.433_-1749.886_m_-0.264_rho_0.492_,0.5077419281005859,0.16666666666666666,1e-05,True,232500,82500,70000,80000,0.16664922825126743,-1.2200243340954797e-12,1.3663506311559062e-08,-7.22096939446459e-13,0.16665151481611562,-4.1733351431741376e-13,1.366494156077492e-08,-4.865527836673745e-13,0.1666486311191477,0.08461480046877316,-6.194575077232722e-13,6.9375350392455234e-09,-3.666388923100772e-13,0.08461596145361791,-2.1189772322051714e-13,6.938263775449688e-09,-2.4704324850198003e-13,0.08461449727975937,0.16664863080659897,0.16664922856381625,0.1666515148161157,0.08461449712106522,0.0846148006274673,0.08461596145361788,7.45084967299451e-12,,
