sample_name,porosity,nu,g,all_converged,total_iterations,iterations_x,iterations_y,iterations_z,K_star_xx,K_star_xy,K_star_xz,K_star_yx,K_star_yy,K_star_yz,K_star_zx,K_star_zy,K_star_zz,K_xx,K_xy,K_xz,K_yx,K_yy,K_yz,K_zx,K_zy,K_zz,K_star_eig1,K_star_eig2,K_star_eig3,K_eig1,K_eig2,K_eig3,symmetry_error,error_type,error_message
eps_0.02_coeffs_0.754_0.828_0.825_59.356_98.465_-4156.949_m_-0.25_rho_0.668_,0.33203840255737305,0.16666666666666666,1e-05,True,70000,25000,22500,22500,0.8555396705998646,0.011373956982783793,-0.017141497901111698,0.01137335964288465,0.834392925321647,0.04956813424389821,-0.017142363401181148,0.049568474001076085,0.8992815429397585,0.28407202555044014,0.0037765905073198092,-0.005691635580525691,0.0037763921675339138,0.27705049402897314,0.016458524112093382,-0.005691922959786165,0.01645863692452398,0.2985960069670471,0.8014175732064508,0.8603642431361289,0.9274323225186901,0.2661014107888768,0.28567396890840346,0.3079431468491803,1.0436497452689852e-06,,
