sample_name,porosity,nu,g,all_converged,total_iterations,iterations_x,iterations_y,iterations_z,K_star_xx,K_star_xy,K_star_xz,K_star_yx,K_star_yy,K_star_yz,K_star_zx,K_star_zy,K_star_zz,K_xx,K_xy,K_xz,K_yx,K_yy,K_yz,K_zx,K_zy,K_zz,K_star_eig1,K_star_eig2,K_star_eig3,K_eig1,K_eig2,K_eig3,symmetry_error,error_type,error_message
eps_0.02_coeffs_0.715_-0.274_0.887_94.753_108.414_-3723.435_m_-0.296_rho_0.428_,0.5721025466918945,0.16666666666666666,1e-05,True,47500,17500,15000,15000,2.0128820262606033,0.22658208110782743,0.016910849513631285,0.22656853753057227,1.9056718155956829,0.07193944636589292,0.01690308297663974,0.07194683627082143,1.74585152382792,1.1515749334140322,0.12962818563653747,0.009674740073471844,0.12962043732149847,1.0902396988612566,0.041156740473532294,0.009670296817880005,0.04116096825696171,0.9988061029278777,1.6864556727786737,1.778389026554434,2.1995606663510987,0.9648255852796717,1.017420891100711,1.2583742588227835,7.417743521501104e-06,,
