sample_name,porosity,nu,g,all_converged,total_iterations,iterations_x,iterations_y,iterations_z,K_star_xx,K_star_xy,K_star_xz,K_star_yx,K_star_yy,K_star_yz,K_star_zx,K_star_zy,K_star_zz,K_xx,K_xy,K_xz,K_yx,K_yy,K_yz,K_zx,K_zy,K_zz,K_star_eig1,K_star_eig2,K_star_eig3,K_eig1,K_eig2,K_eig3,symmetry_error,error_type,error_message
eps_0.02_coeffs_0.676_0.597_0.475_73.394_82.654_-1411.02_m_-0.415_rho_0.392_,0.6084213256835938,0.16666666666666666,1e-05,True,37500,10000,7500,20000,4.168318069856517,0.7990569194856557,0.15038731505037503,0.7989169311585231,5.520353520606939,-0.07316299577521068,0.1504380403578669,-0.07297315140915903,0.7261762686200653,2.536093605932981,0.4861632702501113,0.09149884958894544,0.48607809836653704,3.3587008072497677,-0.044513926880536854,0.09152971194777536,-0.04439842151967014,0.44182112803378565,0.7171025414478056,3.80685725234029,5.890888065295427,0.4363004789187482,2.3161731361570816,3.5841419261407026,4.8394714472943805e-05,,
