sample_name,porosity,nu,g,all_converged,total_iterations,iterations_x,iterations_y,iterations_z,K_star_xx,K_star_xy,K_star_xz,K_star_yx,K_star_yy,K_star_yz,K_star_zx,K_star_zy,K_star_zz,K_xx,K_xy,K_xz,K_yx,K_yy,K_yz,K_zx,K_zy,K_zz,K_star_eig1,K_star_eig2,K_star_eig3,K_eig1,K_eig2,K_eig3,symmetry_error,error_type,error_message
eps_0.02_coeffs_0.655_-0.327_0.364_-14.67_71.16_163.555_m_-0.291_rho_0.694_,0.30644941329956055,0.16666666666666666,1e-05,True,72500,22500,25000,25000,0.8121754276187831,-0.005871619098881896,0.012795443143733263,-0.005870948126130064,0.8281961575462785,-0.002086095700278779,0.012795828516519833,-0.002085455654876078,0.7564336602856785,0.2488906832900958,-0.0017993542279708516,0.003921156044304943,-0.0017991486087647124,0.25380022657700746,-0.0006392828034371677,0.003921274141569289,-0.0006390866618990248,0.23180865139458526,0.7536283508012541,0.8125347437122646,0.8306421509372214,0.23094896594895986,0.24900079549613227,0.2545497998165967,1.025383714061884e-06,,
