sample_name,porosity,nu,g,all_converged,total_iterations,iterations_x,iterations_y,iterations_z,K_star_xx,K_star_xy,K_star_xz,K_star_yx,K_star_yy,K_star_yz,K_star_zx,K_star_zy,K_star_zz,K_xx,K_xy,K_xz,K_yx,K_yy,K_yz,K_zx,K_zy,K_zz,K_star_eig1,K_star_eig2,K_star_eig3,K_eig1,K_eig2,K_eig3,symmetry_error,error_type,error_message
eps_0.02_coeffs_0.63_0.302_0.508_-34.466_66.018_129.111_m_-0.235_rho_0.319_,0.6807675361633301,0.16666666666666666,1e-05,True,30000,12500,10000,7500,2.7794228711745443,-0.009450856627367164,0.0002811978464610267,-0.009451811550247713,2.7731979448119195,-0.019858832456523055,0.00027617901064073454,-0.019855246571594865,2.8099575288134107,1.8921408599655034,-0.006433836380845623,0.00019143036510970755,-0.006434486461342241,1.887903132182821,-0.013519248442507572,0.00018801370461391897,-0.013516807288460043,1.912927863613905,2.7605822542893614,2.7829362406223472,2.8190598498881667,1.8793147796287806,1.8945326478281155,1.9191244283053344,1.8282012583131884e-06,,
