sample_name,porosity,nu,g,all_converged,total_iterations,iterations_x,iterations_y,iterations_z,K_star_xx,K_star_xy,K_star_xz,K_star_yx,K_star_yy,K_star_yz,K_star_zx,K_star_zy,K_star_zz,K_xx,K_xy,K_xz,K_yx,K_yy,K_yz,K_zx,K_zy,K_zz,K_star_eig1,K_star_eig2,K_star_eig3,K_eig1,K_eig2,K_eig3,symmetry_error,error_type,error_message
eps_0.02_coeffs_0.805_-0.323_0.501_85.699_143.561_-29.974_m_-0.481_rho_0.554_,0.4458446502685547,0.16666666666666666,1e-05,True,147500,50000,47500,50000,4.258980506572318,-2.9248354202078652,0.5711412050640229,-2.9248154726635605,4.212395729835555,0.10875519331834516,0.5710244857121209,0.1086149012497145,1.256556114868822,1.8988436744533268,-1.3040222250156568,0.25464025082573016,-1.3040133315097426,1.8780741009612865,0.04848792112990665,0.25458821212710186,0.04842537266163256,0.5602288215765038,0.7945797555911319,1.7543711766520744,7.178981419033491,0.354259133242002,0.7821770036956768,3.200710460053439,3.492972441540362e-05,,
