sample_name,porosity,nu,g,all_converged,total_iterations,iterations_x,iterations_y,iterations_z,K_star_xx,K_star_xy,K_star_xz,K_star_yx,K_star_yy,K_star_yz,K_star_zx,K_star_zy,K_star_zz,K_xx,K_xy,K_xz,K_yx,K_yy,K_yz,K_zx,K_zy,K_zz,K_star_eig1,K_star_eig2,K_star_eig3,K_eig1,K_eig2,K_eig3,symmetry_error,error_type,error_message
eps_0.02_coeffs_0.539_1.47_0.419_80.148_78.265_-2697.162_m_-0.351_rho_0.316_,0.6842455863952637,0.16666666666666666,1e-05,True,67500,22500,20000,25000,1.5629471462334878,0.13070237526093298,-0.26904245896373064,0.13069240033578872,1.6604346164067685,0.00900735523892451,-0.26903104595973965,0.008996314458511968,1.2386730388014524,1.0694396865793367,0.08943252340367089,-0.18409111509886153,0.0894256981051663,1.136145057774244,0.006163243067328352,-0.18408330580125318,0.00615568846206071,0.847556559786703,1.077481079338104,1.5813793329815518,1.8031943891220519,0.7372616729615026,1.0820518290093124,1.233827802169468,1.0086307147348902e-05,,
