sample_name,porosity,nu,g,all_converged,total_iterations,iterations_x,iterations_y,iterations_z,K_star_xx,K_star_xy,K_star_xz,K_star_yx,K_star_yy,K_star_yz,K_star_zx,K_star_zy,K_star_zz,K_xx,K_xy,K_xz,K_yx,K_yy,K_yz,K_zx,K_zy,K_zz,K_star_eig1,K_star_eig2,K_star_eig3,K_eig1,K_eig2,K_eig3,symmetry_error,error_type,error_message
eps_0.02_coeffs_0.769_1.138_0.312_41.672_19.292_-913.413_m_-0.42_rho_0.409_,0.5908708572387695,0.16666666666666666,1e-05,True,30000,10000,10000,10000,13.50376259778393,0.03210196588923427,-1.1196729677365709,0.025968621785522058,8.029250936601104,3.323436846607323,-1.114249771172779,3.3234976654054273,3.7220644937987384,7.978979782101424,0.018968116104021594,-0.6615821262735848,0.015344101815720804,4.744250383894687,1.9637219785337818,-0.6583777174709627,1.9637579145891542,2.1992594381488475,1.8309755249371298,9.76870286679159,13.655399636455055,1.081870078002805,5.772041837011973,8.06857768913018,0.0006855454766272788,,
