sample_name,porosity,nu,g,all_converged,total_iterations,iterations_x,iterations_y,iterations_z,K_star_xx,K_star_xy,K_star_xz,K_star_yx,K_star_yy,K_star_yz,K_star_zx,K_star_zy,K_star_zz,K_xx,K_xy,K_xz,K_yx,K_yy,K_yz,K_zx,K_zy,K_zz,K_star_eig1,K_star_eig2,K_star_eig3,K_eig1,K_eig2,K_eig3,symmetry_error,error_type,error_message
eps_0.02_coeffs_0.711_0.293_0.914_24.744_137.175_230.993_m_-0.319_rho_0.4_,0.5999479293823242,0.16666666666666666,1e-05,True,37500,10000,12500,15000,9.110210562982145,0.29459078438112946,0.45791568248059383,0.2950131997296035,3.0819972057418603,-0.0410668157342413,0.46302595694339393,-0.04098246601649825,2.712631969355747,5.465651963498116,0.17673913110457334,0.2747255655359261,0.17699255831822966,1.8490378419469382,-0.02463795106608352,0.2777914641184584,-0.024587345627579592,1.6274379331912767,2.6696463733402798,3.0776759466473993,9.157517418092075,1.6016488138685325,1.846445311500892,5.494033613266908,0.0007236230766031867,,
