sample_name,porosity,nu,g,all_converged,total_iterations,iterations_x,iterations_y,iterations_z,K_star_xx,K_star_xy,K_star_xz,K_star_yx,K_star_yy,K_star_yz,K_star_zx,K_star_zy,K_star_zz,K_xx,K_xy,K_xz,K_yx,K_yy,K_yz,K_zx,K_zy,K_zz,K_star_eig1,K_star_eig2,K_star_eig3,K_eig1,K_eig2,K_eig3,symmetry_error,error_type,error_message
eps_0.02_coeffs_0.696_0.918_0.278_56.631_60.159_-2183.216_m_-0.27_rho_0.606_,0.39417266845703125,0.16666666666666666,1e-05,True,70000,22500,22500,25000,1.2753097004096476,0.052850283070428675,0.13218951536106485,0.0528469815151834,1.4154339348030496,-0.05331562346238661,0.13219054223072174,-0.053318731215998824,1.307422919433526,0.5026922277196079,0.020832137106580332,0.052105494011912654,0.020830835723739245,0.5579253711059536,-0.021015561570619234,0.05210589877586547,-0.02101678656215347,0.5153503809549952,1.1379719500700138,1.42281517143587,1.4373794331403398,0.4485574401883488,0.560834852846025,0.5665756867461826,2.8330903687656075e-06,,
