sample_name,porosity,nu,g,all_converged,total_iterations,iterations_x,iterations_y,iterations_z,K_star_xx,K_star_xy,K_star_xz,K_star_yx,K_star_yy,K_star_yz,K_star_zx,K_star_zy,K_star_zz,K_xx,K_xy,K_xz,K_yx,K_yy,K_yz,K_zx,K_zy,K_zz,K_star_eig1,K_star_eig2,K_star_eig3,K_eig1,K_eig2,K_eig3,symmetry_error,error_type,error_message
eps_0.02_coeffs_0.463_-0.294_0.814_29.412_28.961_-1963.322_m_-0.228_rho_0.648_,0.35247182846069336,0.16666666666666666,1e-05,True,57500,22500,17500,17500,1.5437263631120752,-0.17710792260630395,-0.04649093587388932,-0.17710265011156598,1.69880439323981,-0.11315156215084891,-0.04649220181175711,-0.1131485843886088,1.5967257726414967,0.5441200538490895,-0.062425553315918925,-0.016386745174318613,-0.06242369491005808,0.5987806906822946,-0.039882738004493504,-0.01638719138175359,-0.039881688427192,0.5628008526332617,1.3787972813097098,1.62357937865011,1.8368798690335615,0.4859871988198664,0.572265992243881,0.6474484061008984,3.110398373192131e-06,,
