sample_name,porosity,nu,g,all_converged,total_iterations,iterations_x,iterations_y,iterations_z,K_star_xx,K_star_xy,K_star_xz,K_star_yx,K_star_yy,K_star_yz,K_star_zx,K_star_zy,K_star_zz,K_xx,K_xy,K_xz,K_yx,K_yy,K_yz,K_zx,K_zy,K_zz,K_star_eig1,K_star_eig2,K_star_eig3,K_eig1,K_eig2,K_eig3,symmetry_error,error_type,error_message
eps_0.02_coeffs_0.111_1.264_0.65_53.53_12.883_-3815.176_m_-0.448_rho_0.457_,0.5430750846862793,0.16666666666666666,1e-05,True,55000,17500,17500,20000,2.346288893437167,-0.003848908473332501,0.28902513781894273,-0.003845375418631257,2.247757237722088,0.043233870268553326,0.28901024517472035,0.04322094349773238,2.047619891705158,1.274211039501866,-0.002090246295104786,0.15696235119748586,-0.0020883275811237065,1.22070095223012,0.02347923775741021,0.1569542633734636,0.023472217550251907,1.1120113460930887,1.8676524858390597,2.2504006270628993,2.5236129099624516,1.0142755319115881,1.2221365111202402,1.3705112947932463,7.33483187683878e-06,,
