sample_name,porosity,nu,g,all_converged,total_iterations,iterations_x,iterations_y,iterations_z,K_star_xx,K_star_xy,K_star_xz,K_star_yx,K_star_yy,K_star_yz,K_star_zx,K_star_zy,K_star_zz,K_xx,K_xy,K_xz,K_yx,K_yy,K_yz,K_zx,K_zy,K_zz,K_star_eig1,K_star_eig2,K_star_eig3,K_eig1,K_eig2,K_eig3,symmetry_error,error_type,error_message
eps_0.02_coeffs_0.74_1.2_0.686_14.724_34.261_-992.384_m_-0.315_rho_0.313_,0.6867866516113281,0.16666666666666666,1e-05,True,22500,7500,7500,7500,7.978947897041308,0.21204957844516195,0.4972349224011218,0.21260080389195407,9.23616112184172,0.29623321091842403,0.4979379357506744,0.29684782997786163,7.439493158159749,5.479834909590248,0.14563281995594643,0.341494307420085,0.14601139423483175,6.343272170612403,0.20344901502273677,0.3419771276044623,0.2038711271885844,5.109344595777919,7.132258862451568,8.172322775118266,9.350020539472935,4.898340182568333,5.612642194610471,6.4214692988017665,0.00010708506496762222,,
