sample_name,porosity,nu,g,all_converged,total_iterations,iterations_x,iterations_y,iterations_z,K_star_xx,K_star_xy,K_star_xz,K_star_yx,K_star_yy,K_star_yz,K_star_zx,K_star_zy,K_star_zz,K_xx,K_xy,K_xz,K_yx,K_yy,K_yz,K_zx,K_zy,K_zz,K_star_eig1,K_star_eig2,K_star_eig3,K_eig1,K_eig2,K_eig3,symmetry_error,error_type,error_message
eps_0.02_coeffs_0.324_0.845_0.934_59.931_36.843_-2927.92_m_-0.26_rho_0.534_,0.46634578704833984,0.16666666666666666,1e-05,True,67500,22500,20000,25000,1.4366808441022823,0.24659494543240387,-0.12896554085537623,0.24660268707648425,1.7374217388065543,0.18877074370616329,-0.12895519098288755,0.18877327944586647,1.489598465662668,0.6699900589801521,0.1149985139098168,-0.060142536652315254,0.11500212419291851,0.8102393082186377,0.08803244104535116,-0.06013771003288367,0.0880336235768788,0.6946679688554563,1.1635344951162325,1.5946007727620906,1.9055657806931816,0.5426094098828723,0.7436353524016279,0.8886525737697459,6.789080056734446e-06,,
