sample_name,porosity,nu,g,all_converged,total_iterations,iterations_x,iterations_y,iterations_z,K_star_xx,K_star_xy,K_star_xz,K_star_yx,K_star_yy,K_star_yz,K_star_zx,K_star_zy,K_star_zz,K_xx,K_xy,K_xz,K_yx,K_yy,K_yz,K_zx,K_zy,K_zz,K_star_eig1,K_star_eig2,K_star_eig3,K_eig1,K_eig2,K_eig3,symmetry_error,error_type,error_message
eps_0.02_coeffs_0.738_0.6_0.472_-23.245_126.924_591.054_m_-0.517_rho_0.541_,0.4593830108642578,0.16666666666666666,1e-05,True,47500,12500,17500,17500,1.3647192585863128,-0.008020860036239067,0.02561610638911107,-0.008018596274912556,1.3933866631450993,0.06275636326492227,0.025612889813820428,0.06273810224815164,1.326336491759603,0.626928841993818,-0.0036846468331683023,0.011767604079648995,-0.0036836068996742516,0.6400981606136971,0.028829207107531098,0.011766126439607307,0.028820818306665563,0.6092964510036633,1.2806090932671856,1.372201187947106,1.4316321322767236,0.5882900610052268,0.6303659132306529,0.6576674793752986,1.1190870771597698e-05,,
