sample_name,porosity,nu,g,all_converged,total_iterations,iterations_x,iterations_y,iterations_z,K_star_xx,K_star_xy,K_star_xz,K_star_yx,K_star_yy,K_star_yz,K_star_zx,K_star_zy,K_star_zz,K_xx,K_xy,K_xz,K_yx,K_yy,K_yz,K_zx,K_zy,K_zz,K_star_eig1,K_star_eig2,K_star_eig3,K_eig1,K_eig2,K_eig3,symmetry_error,error_type,error_message
eps_0.02_coeffs_0.767_1.368_0.701_23.71_119.038_-2242.875_m_-0.423_rho_0.405_,0.5949831008911133,0.16666666666666666,1e-05,True,37500,12500,12500,12500,2.4743883555644954,0.08356128045090537,-0.07259947757935217,0.08356868303785363,2.6508006260585417,0.23902990837829463,-0.07258276769872368,0.23915276095282262,2.707821567836824,1.472219256602626,0.049717549757111644,-0.04319546229323781,0.04972195417124873,1.5771815763364156,0.14221875609263643,-0.04318552019664595,0.14229185129838157,1.6111080730913896,2.3442955153334197,2.568554271333374,2.9201607627930652,1.3948162151182089,1.5282463851650452,1.737446305747177,3.868149303639189e-05,,
