sample_name,porosity,nu,g,all_converged,total_iterations,iterations_x,iterations_y,iterations_z,K_star_xx,K_star_xy,K_star_xz,K_star_yx,K_star_yy,K_star_yz,K_star_zx,K_star_zy,K_star_zz,K_xx,K_xy,K_xz,K_yx,K_yy,K_yz,K_zx,K_zy,K_zz,K_star_eig1,K_star_eig2,K_star_eig3,K_eig1,K_eig2,K_eig3,symmetry_error,error_type,error_message
eps_0.02_coeffs_0.626_-0.326_0.402_81.255_82.733_-3879.784_m_-0.268_rho_0.478_,0.5224652290344238,0.16666666666666666,1e-05,True,70000,22500,25000,22500,1.2050580152517059,0.06445979415087011,0.030749361482936746,0.06446047898519214,1.1320907923611871,0.0034937500101687195,0.03074544769422871,0.003493382332202442,1.0543549240639076,0.6296009119382507,0.03367800111454616,0.01606547218984484,0.033678358916667074,0.59147807511875,0.0018253628992518207,0.016063427371331103,0.0018251708002989585,0.550863786884622,1.0469842732238908,1.0976871018457475,1.2468323566071624,0.5470128781053599,0.5735033430739711,0.6514265527622916,2.8738367296108192e-06,,
