sample_name,porosity,nu,g,all_converged,total_iterations,iterations_x,iterations_y,iterations_z,K_star_xx,K_star_xy,K_star_xz,K_star_yx,K_star_yy,K_star_yz,K_star_zx,K_star_zy,K_star_zz,K_xx,K_xy,K_xz,K_yx,K_yy,K_yz,K_zx,K_zy,K_zz,K_star_eig1,K_star_eig2,K_star_eig3,K_eig1,K_eig2,K_eig3,symmetry_error,error_type,error_message
eps_0.02_coeffs_0.77_0.021_0.497_111.339_114.093_-3641.504_m_-0.355_rho_0.692_,0.3076333999633789,0.16666666666666666,1e-05,True,110000,35000,40000,35000,0.5561458868906957,0.017546710692453518,0.04587266773344495,0.017546468048849594,0.5579207819910369,-0.024733167416610205,0.045873068576258356,-0.024733129293534797,0.6596174385077698,0.17108905005983346,0.00539795426849325,0.014111964740230055,0.0053978796232163955,0.1716350670741298,-0.0076087483842352584,0.014112088052867596,-0.0076087366563039535,0.20292035528328023,0.5207815864420202,0.5734367498015726,0.6794657711459097,0.16020981007548105,0.1764082970054072,0.2090263653363553,6.452246475471133e-07,,
