sample_name,porosity,nu,g,all_converged,total_iterations,iterations_x,iterations_y,iterations_z,K_star_xx,K_star_xy,K_star_xz,K_star_yx,K_star_yy,K_star_yz,K_star_zx,K_star_zy,K_star_zz,K_xx,K_xy,K_xz,K_yx,K_yy,K_yz,K_zx,K_zy,K_zz,K_star_eig1,K_star_eig2,K_star_eig3,K_eig1,K_eig2,K_eig3,symmetry_error,error_type,error_message
eps_0.02_coeffs_0.717_1.155_0.567_99.771_110.873_-2097.826_m_-0.519_rho_0.498_,0.5015244483947754,0.16666666666666666,1e-05,True,40000,12500,15000,12500,6.881991039694554,0.8804527837325805,1.4594261021689676,0.8803049750722934,4.816475062832488,3.1465310860483022,1.4644121641826304,3.1432946917260955,5.677052483369352,3.4514867600405976,0.4415685966991269,0.7319378708632286,0.4414944670423085,2.4155799990942546,1.5780622672873883,0.734438502864293,1.5764391364101555,2.847180615230004,2.0537089912245055,5.818081547336043,9.503728047335843,1.0299852689872604,2.9179101387435296,4.766351966634064,0.0007421276921468044,,
