sample_name,porosity,nu,g,all_converged,total_iterations,iterations_x,iterations_y,iterations_z,K_star_xx,K_star_xy,K_star_xz,K_star_yx,K_star_yy,K_star_yz,K_star_zx,K_star_zy,K_star_zz,K_xx,K_xy,K_xz,K_yx,K_yy,K_yz,K_zx,K_zy,K_zz,K_star_eig1,K_star_eig2,K_star_eig3,K_eig1,K_eig2,K_eig3,symmetry_error,error_type,error_message
eps_0.02_coeffs_0.571_1.287_0.829_70.617_56.941_-2034.608_m_-0.493_rho_0.371_,0.6293468475341797,0.16666666666666666,1e-05,True,30000,10000,10000,10000,7.083427825895725,-3.9891188820013856,2.6939604783013174,-3.9891568732145233,5.346066572475269,0.6083707008436587,2.6930610667825863,0.6101958799388217,4.623834906328667,4.457932971963363,-2.5105393928266433,1.695435534400605,-2.5105633024768657,3.364530144095168,0.38287618270811613,1.6948694925966556,0.38402485341784226,2.9099959218164453,0.7990590390797112,5.437092430359917,10.817177835260033,0.5028852872385055,3.4218169807989653,6.807756769837505,0.0002372070788312154,,
