sample_name,porosity,nu,g,all_converged,total_iterations,iterations_x,iterations_y,iterations_z,K_star_xx,K_star_xy,K_star_xz,K_star_yx,K_star_yy,K_star_yz,K_star_zx,K_star_zy,K_star_zz,K_xx,K_xy,K_xz,K_yx,K_yy,K_yz,K_zx,K_zy,K_zz,K_star_eig1,K_star_eig2,K_star_eig3,K_eig1,K_eig2,K_eig3,symmetry_error,error_type,error_message
eps_0.02_coeffs_0.646_0.755_0.421_52.908_47.588_-1677.931_m_-0.307_rho_0.662_,0.3378453254699707,0.16666666666666666,1e-05,True,87500,27500,32500,27500,1.245873851070319,-0.050271610106332215,-0.14415518930378485,-0.050274358956948956,1.378105377974299,-0.08631846803983642,-0.14415427496635977,-0.08631787623349035,1.0045688289303365,0.4209126567093777,-0.016984028478273277,-0.04870215684852243,-0.016984957164604558,0.46558645995364406,-0.0291622909289878,-0.04870184794389747,-0.029162090989980197,0.33938888296695685,0.9158205491190206,1.312320851284816,1.400406657571118,0.3094056914892028,0.4433614651233476,0.4731208430174283,1.9663608987519007e-06,,
