sample_name,porosity,nu,g,all_converged,total_iterations,iterations_x,iterations_y,iterations_z,K_star_xx,K_star_xy,K_star_xz,K_star_yx,K_star_yy,K_star_yz,K_star_zx,K_star_zy,K_star_zz,K_xx,K_xy,K_xz,K_yx,K_yy,K_yz,K_zx,K_zy,K_zz,K_star_eig1,K_star_eig2,K_star_eig3,K_eig1,K_eig2,K_eig3,symmetry_error,error_type,error_message
eps_0.02_coeffs_0.391_-0.472_0.771_59.571_129.517_-465.677_m_-0.327_rho_0.506_,0.49353599548339844,0.16666666666666666,1e-05,True,92500,32500,27500,32500,0.4002279637609726,0.18091482359985314,-0.10678386605572758,0.18092013013077762,1.4429628759855868,0.056165899924583804,-0.1068042607451051,0.05608172572668833,0.7162334803313944,0.19752690651506513,0.08928797756305694,-0.05270168163537939,0.08929059652707932,0.7121541194451342,0.027719893331500402,-0.0527117471487039,0.027678350334948042,0.35348700371389385,0.3351314407158815,0.7489447045733831,1.4753481747886883,0.1653994292114982,0.36963117033364434,0.7281374301289512,7.269111606324805e-05,,
