sample_name,porosity,nu,g,all_converged,total_iterations,iterations_x,iterations_y,iterations_z,K_star_xx,K_star_xy,K_star_xz,K_star_yx,K_star_yy,K_star_yz,K_star_zx,K_star_zy,K_star_zz,K_xx,K_xy,K_xz,K_yx,K_yy,K_yz,K_zx,K_zy,K_zz,K_star_eig1,K_star_eig2,K_star_eig3,K_eig1,K_eig2,K_eig3,symmetry_error,error_type,error_message
eps_0.02_coeffs_0.823_1.493_0.758_-35.721_44.796_687.334_m_-0.582_rho_0.519_,0.48110437393188477,0.16666666666666666,1e-05,True,30000,10000,10000,10000,14.762256494345316,-1.5494647147033176,-0.2682688952652619,-1.5565527803460737,14.088869411735406,-3.1285949588057065,-0.2869368081885285,-3.109613167010994,16.508421851215598,7.102186168533903,-0.745454251496886,-0.12906533890199218,-0.7488643508803323,6.778216697741044,-1.5051807189426702,-0.1380465534615553,-1.4960484958851696,7.9422739593325264,11.34008702469926,15.272089896574313,18.74737083602275,5.455765468351027,7.347469248322847,9.0194421089336,0.0014587658588247777,,
