sample_name,porosity,nu,g,all_converged,total_iterations,iterations_x,iterations_y,iterations_z,K_star_xx,K_star_xy,K_star_xz,K_star_yx,K_star_yy,K_star_yz,K_star_zx,K_star_zy,K_star_zz,K_xx,K_xy,K_xz,K_yx,K_yy,K_yz,K_zx,K_zy,K_zz,K_star_eig1,K_star_eig2,K_star_eig3,K_eig1,K_eig2,K_eig3,symmetry_error,error_type,error_message
eps_0.02_coeffs_0.306_-0.069_0.269_-20.123_41.032_886.515_m_-0.565_rho_0.378_,0.6223745346069336,0.16666666666666666,1e-05,True,52500,17500,17500,17500,57.24794626669331,-1.2415954558896232,-5.2655568011961655,-0.7935338607992516,38.74797451343642,10.159277347109697,-5.160481491771405,9.886247905873448,47.62740952778275,35.62966391493599,-0.7727373940293878,-3.2771484635908377,-0.49387526730977743,24.115752604761315,6.32287551085016,-3.2117522667889227,6.152948939426759,29.642086839387627,32.1603365136625,50.69103028887279,60.77196350537717,20.01577447049308,31.54880638478318,37.82292250380867,0.008854463465492433,,
