sample_name,porosity,nu,g,all_converged,total_iterations,iterations_x,iterations_y,iterations_z,K_star_xx,K_star_xy,K_star_xz,K_star_yx,K_star_yy,K_star_yz,K_star_zx,K_star_zy,K_star_zz,K_xx,K_xy,K_xz,K_yx,K_yy,K_yz,K_zx,K_zy,K_zz,K_star_eig1,K_star_eig2,K_star_eig3,K_eig1,K_eig2,K_eig3,symmetry_error,error_type,error_message
eps_0.02_coeffs_0.85_-0.323_0.64_40.594_101.799_-3589.128_m_-0.265_rho_0.348_,0.6521205902099609,0.16666666666666666,1e-05,True,35000,10000,12500,12500,2.4107418509349046,-0.03180796387148544,-0.04893327007814142,-0.03182210574661939,2.4389749441049102,0.003935649016991634,-0.048933545672443186,0.003945163749919635,2.3174153336003545,1.5720943986755236,-0.0207426281732502,-0.031910392964261,-0.020751850381209226,1.5905057800570006,0.002566517759819837,-0.03191057268497973,0.002572722513072535,1.5112342551090767,2.295880508250855,2.404635483202536,2.466616137186777,1.4971909520920927,1.5681123105458525,1.6085311712036559,5.823548491867568e-06,,
