sample_name,porosity,nu,g,all_converged,total_iterations,iterations_x,iterations_y,iterations_z,K_star_xx,K_star_xy,K_star_xz,K_star_yx,K_star_yy,K_star_yz,K_star_zx,K_star_zy,K_star_zz,K_xx,K_xy,K_xz,K_yx,K_yy,K_yz,K_zx,K_zy,K_zz,K_star_eig1,K_star_eig2,K_star_eig3,K_eig1,K_eig2,K_eig3,symmetry_error,error_type,error_message
eps_0.02_coeffs_0.121_0.575_0.742_76.325_96.675_-2310.133_m_-0.541_rho_0.479_,0.5210161209106445,0.16666666666666666,1e-05,True,92500,25000,40000,27500,1.0364968262645142,0.5435980950890512,0.03325117092287869,0.5435961291206454,0.7936996199008077,-0.053975441573755986,0.033222283410097524,-0.053991155799594445,0.9279234661550599,0.5400315557565315,0.28322337083771315,0.017324396089975068,0.2832223465364805,0.4135302971289718,-0.02812207519319748,0.01730934523012307,-0.028130262558186948,0.4834630848380691,0.3512483232176636,0.9346729418547974,1.4721986472479212,0.18300603883923539,0.486979670485327,0.7670392283990102,2.6190573716763518e-05,,
