sample_name,porosity,nu,g,all_converged,total_iterations,iterations_x,iterations_y,iterations_z,K_star_xx,K_star_xy,K_star_xz,K_star_yx,K_star_yy,K_star_yz,K_star_zx,K_star_zy,K_star_zz,K_xx,K_xy,K_xz,K_yx,K_yy,K_yz,K_zx,K_zy,K_zz,K_star_eig1,K_star_eig2,K_star_eig3,K_eig1,K_eig2,K_eig3,symmetry_error,error_type,error_message
eps_0.02_coeffs_0.998_0.846_0.356_-27.918_31.195_968.649_m_-0.494_rho_0.588_,0.4121861457824707,0.16666666666666666,1e-05,True,37500,12500,12500,12500,24.745482443622578,4.40958806911468,1.8483944641149535,4.44964567965819,13.47860852544719,-3.8327652812603037,1.6663528825714635,-3.7647001695682776,40.99016534307729,10.199745033964586,1.817571110696747,0.761882590049198,1.8340823027959314,5.555695698614827,-1.5798127489715519,0.6868475721806415,-1.5517572529209622,16.895578267749233,11.364856262002359,26.283592955234614,41.56580709491008,4.684436300006531,10.833732877533455,17.132849822788657,0.005558931949672491,,
