sample_name,porosity,nu,g,all_converged,total_iterations,iterations_x,iterations_y,iterations_z,K_star_xx,K_star_xy,K_star_xz,K_star_yx,K_star_yy,K_star_yz,K_star_zx,K_star_zy,K_star_zz,K_xx,K_xy,K_xz,K_yx,K_yy,K_yz,K_zx,K_zy,K_zz,K_star_eig1,K_star_eig2,K_star_eig3,K_eig1,K_eig2,K_eig3,symmetry_error,error_type,error_message
eps_0.02_coeffs_0.423_1.125_0.289_2.025_25.002_139.188_m_-0.452_rho_0.305_,0.6945157051086426,0.16666666666666666,1e-05,True,55000,17500,17500,20000,32.18883451357126,2.0590861353628584,-0.8127579351047979,2.0511768934635657,54.04593113312404,-4.17259360812834,-1.2435020148502651,-3.8334746247303366,56.83499596845036,22.355651098818353,1.4300676591809656,-0.5644731503819531,1.4245745664664033,37.535747969174786,-2.897931791881069,-0.8636316786477496,-2.6624083320106786,39.47279729987516,31.96575248229196,51.408391717608104,59.69561741524559,22.200717124567344,35.7039354222559,41.45954382104505,0.009118888690921376,,
