sample_name,porosity,nu,g,all_converged,total_iterations,iterations_x,iterations_y,iterations_z,K_star_xx,K_star_xy,K_star_xz,K_star_yx,K_star_yy,K_star_yz,K_star_zx,K_star_zy,K_star_zz,K_xx,K_xy,K_xz,K_yx,K_yy,K_yz,K_zx,K_zy,K_zz,K_star_eig1,K_star_eig2,K_star_eig3,K_eig1,K_eig2,K_eig3,symmetry_error,error_type,error_message
eps_0.02_coeffs_0.056_0.928_0.772_25.515_3.201_-1765.513_m_-0.354_rho_0.52_,0.4798927307128906,0.16666666666666666,1e-05,True,70000,20000,27500,22500,1.6430803442672854,-0.002060480358194401,-0.017978062171601045,-0.002060176867742027,1.5946542157031853,-0.01006785372705153,-0.01799790428276073,-0.0100612860651891,1.6324384995280894,0.7885023131911041,-0.0009888095456741862,-0.008627541348455746,-0.000988663902812251,0.7652629661166245,-0.004831489817492712,-0.008637063433363276,-0.004828338044307151,0.7833953692593887,1.591248496848958,1.6220781743500634,1.6568463882995392,0.7636285863956285,0.7784235245186322,0.7951085376528562,1.0511890746488321e-05,,
