sample_name,porosity,nu,g,all_converged,total_iterations,iterations_x,iterations_y,iterations_z,K_star_xx,K_star_xy,K_star_xz,K_star_yx,K_star_yy,K_star_yz,K_star_zx,K_star_zy,K_star_zz,K_xx,K_xy,K_xz,K_yx,K_yy,K_yz,K_zx,K_zy,K_zz,K_star_eig1,K_star_eig2,K_star_eig3,K_eig1,K_eig2,K_eig3,symmetry_error,error_type,error_message
eps_0.02_coeffs_0.681_-0.106_0.658_57.51_100.723_-3528.32_m_-0.558_rho_0.404_,0.595848560333252,0.16666666666666666,1e-05,True,32500,10000,10000,12500,3.6578145939543982,0.10890475207645404,0.23994099631724694,0.10877732137480903,3.6829350486958417,-0.06060452137140451,0.23995308423291872,-0.060673370579461205,3.430416807392692,2.179503559773687,0.06489073973820488,0.1429684972205577,0.06481481033808743,2.1944715465662923,-0.036111116808837176,0.14297569978770816,-0.03615214051033784,2.044008916027926,3.250483793894767,3.6842445481305552,3.836438108017609,1.9367960889787639,2.195251809919225,2.285936123469917,3.2974228398359944e-05,,
