sample_name,porosity,nu,g,all_converged,total_iterations,iterations_x,iterations_y,iterations_z,K_star_xx,K_star_xy,K_star_xz,K_star_yx,K_star_yy,K_star_yz,K_star_zx,K_star_zy,K_star_zz,K_xx,K_xy,K_xz,K_yx,K_yy,K_yz,K_zx,K_zy,K_zz,K_star_eig1,K_star_eig2,K_star_eig3,K_eig1,K_eig2,K_eig3,symmetry_error,error_type,error_message
eps_0.02_coeffs_0.96_0.884_0.948_57.994_61.348_-3563.379_m_-0.412_rho_0.388_,0.6116828918457031,0.16666666666666666,1e-05,True,25000,7500,7500,10000,5.327417395436491,0.15232994058273008,0.6916237291153944,0.15254319061577806,5.0923835166332285,-0.4404121020066731,0.6918645981295126,-0.4404660110880554,5.730180566967711,3.2586900785096966,0.09317761857032847,0.42305440269441363,0.09330805996722945,3.1149238758416047,-0.2693925481592866,0.4232017381495255,-0.26942552342208326,3.50505342000086,4.525287678498184,5.314528423031073,6.310165377508168,2.7680410536174995,3.2508061145958322,3.85982020613883,4.902469345508949e-05,,
