sample_name,porosity,nu,g,all_converged,total_iterations,iterations_x,iterations_y,iterations_z,K_star_xx,K_star_xy,K_star_xz,K_star_yx,K_star_yy,K_star_yz,K_star_zx,K_star_zy,K_star_zz,K_xx,K_xy,K_xz,K_yx,K_yy,K_yz,K_zx,K_zy,K_zz,K_star_eig1,K_star_eig2,K_star_eig3,K_eig1,K_eig2,K_eig3,symmetry_error,error_type,error_message
eps_0.02_coeffs_0.725_1.3_0.592_110.389_131.214_-3627.244_m_-0.361_rho_0.354_,0.6460461616516113,0.16666666666666666,1e-05,True,95000,40000,30000,25000,0.9318467075066031,-0.03718307278217972,-0.2095002376665182,-0.03718624823632527,0.9799234910651293,-0.04037414431663224,-0.20950795618747717,-0.04037377527301486,1.274650021724747,0.6020159886323327,-0.02402198144933971,-0.13534682440955442,-0.024024032939301943,0.6330758101148739,-0.02608356096572848,-0.13535181093039358,-0.026083322546515988,0.8234827539844157,0.8166245755350614,0.99477614927472,1.375019495486697,0.527577172534803,0.6426713129415037,0.8883260672553157,6.27320394381302e-06,,
