sample_name,porosity,nu,g,all_converged,total_iterations,iterations_x,iterations_y,iterations_z,K_star_xx,K_star_xy,K_star_xz,K_star_yx,K_star_yy,K_star_yz,K_star_zx,K_star_zy,K_star_zz,K_xx,K_xy,K_xz,K_yx,K_yy,K_yz,K_zx,K_zy,K_zz,K_star_eig1,K_star_eig2,K_star_eig3,K_eig1,K_eig2,K_eig3,symmetry_error,error_type,error_message
eps_0.02_coeffs_0.75_0.588_0.795_9.922_121.584_-3139.374_m_-0.339_rho_0.548_,0.4517173767089844,0.16666666666666666,1e-05,True,55000,17500,20000,17500,1.1375749006158453,0.009904560117652776,-0.004771876991952358,0.009904570484503893,1.111741281642727,0.014116306348504014,-0.004771321944401458,0.01411574766509664,1.1076036682590393,0.5138623499161733,0.004474061913802542,-0.0021555397567826788,0.004474066596689333,0.5021928553227368,0.006376580872566615,-0.0021552890321590375,0.006376328505563426,0.5003238234592214,1.093086930187972,1.1228977032600231,1.140935217069616,0.49376636061938783,0.5072324048291613,0.5153802632495827,5.746089478523799e-07,,
