sample_name,porosity,nu,g,all_converged,total_iterations,iterations_x,iterations_y,iterations_z,K_star_xx,K_star_xy,K_star_xz,K_star_yx,K_star_yy,K_star_yz,K_star_zx,K_star_zy,K_star_zz,K_xx,K_xy,K_xz,K_yx,K_yy,K_yz,K_zx,K_zy,K_zz,K_star_eig1,K_star_eig2,K_star_eig3,K_eig1,K_eig2,K_eig3,symmetry_error,error_type,error_message
eps_0.02_coeffs_0.837_-0.375_0.895_45.539_54.181_-3448.664_m_-0.285_rho_0.477_,0.5232057571411133,0.16666666666666666,1e-05,True,30000,10000,10000,10000,2.8724859921333254,-0.030123631260520808,-0.01039347772196497,-0.030114495874524375,2.787060512775117,-0.1075308613904382,-0.010380175903848684,-0.10752949498728963,2.8678075158223204,1.5029012083913584,-0.015760857301500498,-0.005437927380849975,-0.015756077614953456,1.4582061057846045,-0.05626076574982032,-0.0054309677930310905,-0.056260050839826416,1.5004534026507923,2.7068852983307714,2.8770652599649296,2.9434034624350627,1.4162579720073003,1.5052971076843447,1.5400056371351112,4.649019984994198e-06,,
