sample_name,porosity,nu,g,all_converged,total_iterations,iterations_x,iterations_y,iterations_z,K_star_xx,K_star_xy,K_star_xz,K_star_yx,K_star_yy,K_star_yz,K_star_zx,K_star_zy,K_star_zz,K_xx,K_xy,K_xz,K_yx,K_yy,K_yz,K_zx,K_zy,K_zz,K_star_eig1,K_star_eig2,K_star_eig3,K_eig1,K_eig2,K_eig3,symmetry_error,error_type,error_message
eps_0.02_coeffs_0.346_0.714_0.325_80.837_106.435_-2159.333_m_-0.387_rho_0.48_,0.5199437141418457,0.16666666666666666,1e-05,True,302500,87500,102500,112500,0.3601316971031727,0.013779552763534866,0.026050823834095797,0.013779524976975061,0.331050176771319,0.03262351667173039,0.026050999757031044,0.0326234285312975,0.29379572982964836,0.1872482121720298,0.0071645918430858525,0.013544962100754687,0.007164577395638744,0.17212745847779418,0.016962392426667923,0.013545053570779042,0.01696234659860388,0.15275724296664162,0.27182182822876916,0.3312013307565219,0.3819544447188491,0.141332050954093,0.1722060500422679,0.19859481262010464,4.896081182523158e-07,,
