sample_name,porosity,nu,g,all_converged,total_iterations,iterations_x,iterations_y,iterations_z,K_star_xx,K_star_xy,K_star_xz,K_star_yx,K_star_yy,K_star_yz,K_star_zx,K_star_zy,K_star_zz,K_xx,K_xy,K_xz,K_yx,K_yy,K_yz,K_zx,K_zy,K_zz,K_star_eig1,K_star_eig2,K_star_eig3,K_eig1,K_eig2,K_eig3,symmetry_error,error_type,error_message
eps_0.02_coeffs_0.987_0.841_0.423_63.904_88.646_-2887.832_m_-0.577_rho_0.455_,0.5452289581298828,0.16666666666666666,1e-05,True,25000,7500,10000,7500,6.586981652764252,1.0412980575616515,1.1245263271768084,1.040244192949563,4.297667118628882,-0.26333888875160755,1.124550747878425,-0.2632347287425854,5.384818805538124,3.5914131437573067,0.56774585502701,0.613124317756235,0.567171257522551,2.343212565479081,-0.1435799879491201,0.6131376326299341,-0.14352319689592216,2.9359591470617517,3.6134382614675964,5.200606520815834,7.455422794647829,1.9701511785666321,2.8355212749878924,4.064912402743615,0.00015314249323290742,,
