sample_name,porosity,nu,g,all_converged,total_iterations,iterations_x,iterations_y,iterations_z,K_star_xx,K_star_xy,K_star_xz,K_star_yx,K_star_yy,K_star_yz,K_star_zx,K_star_zy,K_star_zz,K_xx,K_xy,K_xz,K_yx,K_yy,K_yz,K_zx,K_zy,K_zz,K_star_eig1,K_star_eig2,K_star_eig3,K_eig1,K_eig2,K_eig3,symmetry_error,error_type,error_message
eps_0.02_coeffs_0.768_1.311_0.544_83.162_132.033_-1831.967_m_-0.385_rho_0.415_,0.5849580764770508,0.16666666666666666,1e-05,True,320000,117500,102500,100000,0.6612111598659067,-0.06936870592644802,0.11230206073469001,-0.06936414490738592,0.5279680183016031,-0.1805875840112799,0.11232094664260699,-0.18058541992124694,0.7395527350061438,0.3867808082203205,-0.040577784786437227,0.0656919974317732,-0.04057511678149989,0.3088391564271061,-0.10563616577887609,0.06570304489614084,-0.1056348998769331,0.432607345322536,0.42437247243067705,0.5919845856364793,0.9123748551064969,0.24824010518285913,0.3462861645179788,0.5337010402691247,2.3680873245047606e-05,,
