sample_name,porosity,nu,g,all_converged,total_iterations,iterations_x,iterations_y,iterations_z,K_star_xx,K_star_xy,K_star_xz,K_star_yx,K_star_yy,K_star_yz,K_star_zx,K_star_zy,K_star_zz,K_xx,K_xy,K_xz,K_yx,K_yy,K_yz,K_zx,K_zy,K_zz,K_star_eig1,K_star_eig2,K_star_eig3,K_eig1,K_eig2,K_eig3,symmetry_error,error_type,error_message
eps_0.02_coeffs_0.885_1.5_0.904_33.427_77.836_-2302.954_m_-0.342_rho_0.317_,0.6826376914978027,0.16666666666666666,1e-05,True,22500,7500,7500,7500,5.678365527308982,0.3294281846860962,-0.8550746337023097,0.32894523865430364,5.353805460657372,0.076906305132538,-0.8550983616934295,0.07695685996660376,5.382957914026083,3.8762663350429065,0.22488009550842852,-0.583706174008874,0.2245504183441676,3.654709400391479,0.05249914259730136,-0.5837223716299559,0.052533653232522064,3.674609963860593,4.5670155130313645,5.4105302519464775,6.437583137014599,3.1176169268503844,3.6934318809677684,4.394536891476829,7.184745962502357e-05,,
