sample_name,porosity,nu,g,all_converged,total_iterations,iterations_x,iterations_y,iterations_z,K_star_xx,K_star_xy,K_star_xz,K_star_yx,K_star_yy,K_star_yz,K_star_zx,K_star_zy,K_star_zz,K_xx,K_xy,K_xz,K_yx,K_yy,K_yz,K_zx,K_zy,K_zz,K_star_eig1,K_star_eig2,K_star_eig3,K_eig1,K_eig2,K_eig3,symmetry_error,error_type,error_message
eps_0.02_coeffs_0.59_-0.018_0.797_96.941_143.482_-2665.54_m_-0.207_rho_0.375_,0.6245355606079102,0.16666666666666666,1e-05,True,302500,102500,90000,110000,0.2918969166558866,0.006395504115315084,0.025188796894797676,0.006395382457856361,0.3223466710942337,0.023790914913768724,0.025189018079160613,0.0237908263241212,0.31730436693638847,0.18230000448340455,0.003994219748028502,0.015731299389731255,0.003994143768619317,0.20131695894193088,0.01485827238304564,0.015731437527231357,0.01485821705566046,0.19816786068795542,0.2750768414790276,0.30444901028912,0.3520221029183609,0.17179526940335776,0.19013923331743904,0.21985032139249394,6.998218648829258e-07,,
