sample_name,porosity,nu,g,all_converged,total_iterations,iterations_x,iterations_y,iterations_z,K_star_xx,K_star_xy,K_star_xz,K_star_yx,K_star_yy,K_star_yz,K_star_zx,K_star_zy,K_star_zz,K_xx,K_xy,K_xz,K_yx,K_yy,K_yz,K_zx,K_zy,K_zz,K_star_eig1,K_star_eig2,K_star_eig3,K_eig1,K_eig2,K_eig3,symmetry_error,error_type,error_message
eps_0.02_coeffs_0.513_0.352_0.843_-3.817_104.229_-1654.65_m_-0.434_rho_0.318_,0.6816544532775879,0.16666666666666666,1e-05,True,32500,10000,10000,12500,3.018008424725693,-0.014015405767025112,0.0021439656632212486,-0.014007000262559485,3.041781610637816,0.03080179179540843,0.0021449365395231484,0.0307997173118778,3.0286591023297174,2.0572388827435466,-0.009553663755585055,0.0014614437420090013,-0.009547934106034016,2.073443980789141,0.020996178546269225,0.001462105544163773,0.02099476446533232,2.0644989645627536,2.9978875566848684,3.0219888724635693,3.0685727085447887,2.0435234034397083,2.0599521726701084,2.0917062519856247,2.3479147470373535e-06,,
