sample_name,porosity,nu,g,all_converged,total_iterations,iterations_x,iterations_y,iterations_z,K_star_xx,K_star_xy,K_star_xz,K_star_yx,K_star_yy,K_star_yz,K_star_zx,K_star_zy,K_star_zz,K_xx,K_xy,K_xz,K_yx,K_yy,K_yz,K_zx,K_zy,K_zz,K_star_eig1,K_star_eig2,K_star_eig3,K_eig1,K_eig2,K_eig3,symmetry_error,error_type,error_message
eps_0.02_coeffs_0.897_-0.587_0.259_-22.3_104.338_854.167_m_-0.539_rho_0.31_,0.6896586418151855,0.16666666666666666,1e-05,True,27500,10000,7500,10000,3.604931457463456,-0.06359680797533514,0.037260597515754834,-0.0635930701244652,3.606918190207381,-0.012782056112951386,0.03721056529825315,-0.01276278640019269,3.647374131872035,2.4861721327910846,-0.04386008821205079,0.025697093075937757,-0.043857510370896524,2.4875423001969095,-0.008815255458463542,0.025662587924768544,-0.008801965934534212,2.5154430899787092,3.539197924833148,3.6239596288661806,3.6960662258435453,2.4408384339555513,2.499295075636914,2.549024013374238,1.2121213734964036e-05,,
