sample_name,porosity,nu,g,all_converged,total_iterations,iterations_x,iterations_y,iterations_z,K_star_xx,K_star_xy,K_star_xz,K_star_yx,K_star_yy,K_star_yz,K_star_zx,K_star_zy,K_star_zz,K_xx,K_xy,K_xz,K_yx,K_yy,K_yz,K_zx,K_zy,K_zz,K_star_eig1,K_star_eig2,K_star_eig3,K_eig1,K_eig2,K_eig3,symmetry_error,error_type,error_message
eps_0.02_coeffs_0.854_-0.013_0.637_2.316_147.667_-718.605_m_-0.553_rho_0.453_,0.54656982421875,0.16666666666666666,1e-05,True,30000,10000,10000,10000,2.501359820851388,0.10580012276237624,0.02027287758359014,0.10575743829282619,2.6322193437852626,-0.06791919877285299,0.02029093890235888,-0.06789214651734299,2.635992408678574,1.3671677975905872,0.05782715450055415,0.0110805431372711,0.05780382445753531,1.4386916640379044,-0.0371225845343566,0.01109041490909569,-0.03710779858781778,1.4407539074534077,2.429362815647973,2.6175280960575997,2.7226806616096506,1.3278164071122804,1.4306618713498416,1.4881350906197772,1.690046092802148e-05,,
