sample_name,porosity,nu,g,all_converged,total_iterations,iterations_x,iterations_y,iterations_z,K_star_xx,K_star_xy,K_star_xz,K_star_yx,K_star_yy,K_star_yz,K_star_zx,K_star_zy,K_star_zz,K_xx,K_xy,K_xz,K_yx,K_yy,K_yz,K_zx,K_zy,K_zz,K_star_eig1,K_star_eig2,K_star_eig3,K_eig1,K_eig2,K_eig3,symmetry_error,error_type,error_message
eps_0.02_coeffs_0.593_1.22_0.729_12.823_66.267_-113.441_m_-0.38_rho_0.548_,0.45206117630004883,0.16666666666666666,1e-05,True,150000,15000,110000,25000,14.448866533815895,1.02299651633232e-11,0.4386245356269289,6.939335322763627e-07,0.16666421865176362,-1.7464058384413e-08,0.44321553073240555,-3.5845998545872785e-11,2.0926529667225124,6.531771601479223,4.624570085240407e-12,0.19828512352957214,3.1370040887490044e-07,0.0753424227308448,-7.894822776230472e-09,0.2003605341773417,-1.620458426829709e-11,0.9460071617243659,0.16666421865172948,2.0767752947197673,14.464744205818675,0.0753424227308296,0.9388294826418987,6.538949280561705,0.00044427945896865665,,
