sample_name,porosity,nu,g,all_converged,total_iterations,iterations_x,iterations_y,iterations_z,K_star_xx,K_star_xy,K_star_xz,K_star_yx,K_star_yy,K_star_yz,K_star_zx,K_star_zy,K_star_zz,K_xx,K_xy,K_xz,K_yx,K_yy,K_yz,K_zx,K_zy,K_zz,K_star_eig1,K_star_eig2,K_star_eig3,K_eig1,K_eig2,K_eig3,symmetry_error,error_type,error_message
eps_0.02_coeffs_0.734_1.133_0.758_34.594_69.988_-108.713_m_-0.583_rho_0.46_,0.5399236679077148,0.16666666666666666,1e-05,True,37500,12500,12500,12500,40.48325169145129,16.934498301268633,-6.321085701544154,17.02567163051564,32.39360165960504,3.3396949966300826,-6.434961118975598,3.292202572680738,24.689355322002964,21.85786574207958,9.143336436997927,-3.4129037771367305,9.192563075340328,17.49007222479539,1.8031803722735575,-3.4743878102008376,1.7775380885369991,13.3303672837327,14.570298620906229,28.738823956120576,54.25708609603247,7.866849073910407,15.516771241742726,29.294684934954525,0.0034399856970683406,,
