sample_name,porosity,nu,g,all_converged,total_iterations,iterations_x,iterations_y,iterations_z,K_star_xx,K_star_xy,K_star_xz,K_star_yx,K_star_yy,K_star_yz,K_star_zx,K_star_zy,K_star_zz,K_xx,K_xy,K_xz,K_yx,K_yy,K_yz,K_zx,K_zy,K_zz,K_star_eig1,K_star_eig2,K_star_eig3,K_eig1,K_eig2,K_eig3,symmetry_error,error_type,error_message
eps_0.02_coeffs_0.48_1.348_0.325_98.851_55.568_-2968.982_m_-0.487_rho_0.36_,0.6400704383850098,0.16666666666666666,1e-05,True,47500,12500,17500,17500,6.468749271378794,-0.46219228052116945,-0.7169551497839353,-0.4639723975014273,2.236242649050399,0.45711078263208077,-0.717771978937695,0.45726319215528294,2.2709381207192063,4.140455181934137,-0.29583561561135235,-0.45890179702459377,-0.2969750158672826,1.4313528127129445,0.2925830990298309,-0.4594246252191264,0.2926806518601609,1.4535603584739727,1.7891650386195217,2.533973073679555,6.652791928849323,1.14519165061233,1.6219212561258838,4.25825544638284,0.00037849289495696717,,
