sample_name,porosity,nu,g,all_converged,total_iterations,iterations_x,iterations_y,iterations_z,K_star_xx,K_star_xy,K_star_xz,K_star_yx,K_star_yy,K_star_yz,K_star_zx,K_star_zy,K_star_zz,K_xx,K_xy,K_xz,K_yx,K_yy,K_yz,K_zx,K_zy,K_zz,K_star_eig1,K_star_eig2,K_star_eig3,K_eig1,K_eig2,K_eig3,symmetry_error,error_type,error_message
eps_0.02_coeffs_0.507_-0.592_0.537_13.203_49.296_-3021.97_m_-0.246_rho_0.603_,0.39672136306762695,0.16666666666666666,1e-05,True,62500,20000,20000,22500,0.9942417890323939,-0.00048676440318928745,-0.0033383932393032663,-0.0004864872860139892,0.9969270124711136,0.009140917201592259,-0.0033384954160054704,0.00914148359216995,0.9645775880628604,0.3944369577637273,-0.00019310983752605405,-0.0013244119163521423,-0.00019299989922254027,0.3955022432664773,0.003626397131903999,-0.0013244524520327145,0.0036266218311460097,0.38266853552078195,0.9618747848029253,0.9942031522934641,0.9996684524699777,0.3815962757273969,0.3944216297439946,0.39658983107959495,5.292897866445075e-07,,
