sample_name,porosity,nu,g,all_converged,total_iterations,iterations_x,iterations_y,iterations_z,K_star_xx,K_star_xy,K_star_xz,K_star_yx,K_star_yy,K_star_yz,K_star_zx,K_star_zy,K_star_zz,K_xx,K_xy,K_xz,K_yx,K_yy,K_yz,K_zx,K_zy,K_zz,K_star_eig1,K_star_eig2,K_star_eig3,K_eig1,K_eig2,K_eig3,symmetry_error,error_type,error_message
eps_0.02_coeffs_0.459_1.491_0.812_58.143_63.235_-3618.042_m_-0.392_rho_0.36_,0.640495777130127,0.16666666666666666,1e-05,True,37500,12500,12500,12500,2.9954370241752373,0.26297551109954315,-0.08955365968050102,0.2630021062682491,3.8581730614469625,0.16382844344170808,-0.08955807298941032,0.16383051140358482,3.479313868481279,1.9185647646434734,0.1684347043478942,-0.05735874085190942,0.16845173844114245,2.4711435532939934,0.10493142619821587,-0.057361567557628994,0.10493275071906519,2.2284858400725454,2.8917231728072954,3.4715699939486337,3.96963078734755,1.852136480812405,2.2235259211357605,2.5425317560618463,6.357778605061402e-06,,
