sample_name,porosity,nu,g,all_converged,total_iterations,iterations_x,iterations_y,iterations_z,K_star_xx,K_star_xy,K_star_xz,K_star_yx,K_star_yy,K_star_yz,K_star_zx,K_star_zy,K_star_zz,K_xx,K_xy,K_xz,K_yx,K_yy,K_yz,K_zx,K_zy,K_zz,K_star_eig1,K_star_eig2,K_star_eig3,K_eig1,K_eig2,K_eig3,symmetry_error,error_type,error_message
eps_0.02_coeffs_0.466_0.149_0.265_35.264_81.178_-1496.366_m_-0.536_rho_0.369_,0.6313357353210449,0.16666666666666666,1e-05,True,32500,10000,12500,10000,2.5456394302873027,-0.10028935783491397,-0.030969188191195287,-0.10028713404927148,2.384268992178224,0.05085560137414764,-0.030954072559378636,0.05089365836991559,2.6874143885049753,1.60715314158268,-0.0633162554735808,-0.019551955198984096,-0.06331485151823701,1.5052742173800058,0.03210695848874144,-0.01954241216045629,0.03213098523014871,1.6966607390791448,2.3331688103212676,2.572765963875916,2.7113880367733185,1.4730128464923045,1.6242790916125578,1.7117961599369675,1.3162399605625632e-05,,
