sample_name,porosity,nu,g,all_converged,total_iterations,iterations_x,iterations_y,iterations_z,K_star_xx,K_star_xy,K_star_xz,K_star_yx,K_star_yy,K_star_yz,K_star_zx,K_star_zy,K_star_zz,K_xx,K_xy,K_xz,K_yx,K_yy,K_yz,K_zx,K_zy,K_zz,K_star_eig1,K_star_eig2,K_star_eig3,K_eig1,K_eig2,K_eig3,symmetry_error,error_type,error_message
eps_0.02_coeffs_0.924_1.231_0.58_58.296_7.848_-3466.202_m_-0.34_rho_0.404_,0.5957508087158203,0.16666666666666666,1e-05,True,25000,10000,7500,7500,4.611057937380929,1.1788827896276255,-0.49098682719339676,1.1792005282431146,6.8275033160960215,-0.9940046570498423,-0.49113098424737034,-0.9940467976610262,4.467113852860055,2.747041495230191,0.7023203753018201,-0.29250579936928084,0.702509668338958,4.06749062207415,-0.5921790783047352,-0.29259168105076766,-0.5922041836079278,2.661286690467022,4.041801273091055,4.14874323088324,7.715130602362712,2.4079063771126283,2.471617134952975,4.59629529570576,5.1519150282000866e-05,,
