sample_name,porosity,nu,g,all_converged,total_iterations,iterations_x,iterations_y,iterations_z,K_star_xx,K_star_xy,K_star_xz,K_star_yx,K_star_yy,K_star_yz,K_star_zx,K_star_zy,K_star_zz,K_xx,K_xy,K_xz,K_yx,K_yy,K_yz,K_zx,K_zy,K_zz,K_star_eig1,K_star_eig2,K_star_eig3,K_eig1,K_eig2,K_eig3,symmetry_error,error_type,error_message
eps_0.02_coeffs_0.811_-0.271_0.29_10.228_79.638_-1280.985_m_-0.457_rho_0.431_,0.5688176155090332,0.16666666666666666,1e-05,True,32500,10000,12500,10000,2.5462744217964586,-0.012983016960048948,0.049547339956543944,-0.012986888322421519,2.541604795805921,-0.010811072414120097,0.04955103700223083,-0.010810999395981189,2.560674926928155,1.4483657450379037,-0.00738496874932838,0.02818339976889677,-0.007387170848441917,1.4457095795166472,-0.006149528431695281,0.028185502713608816,-0.006149486897691618,1.456557006029041,2.503191428227977,2.5376095209218623,2.6077531953806954,1.4238593793672887,1.443436996783794,1.4833359544325089,1.7142657693547466e-06,,
