sample_name,porosity,nu,g,all_converged,total_iterations,iterations_x,iterations_y,iterations_z,K_star_xx,K_star_xy,K_star_xz,K_star_yx,K_star_yy,K_star_yz,K_star_zx,K_star_zy,K_star_zz,K_xx,K_xy,K_xz,K_yx,K_yy,K_yz,K_zx,K_zy,K_zz,K_star_eig1,K_star_eig2,K_star_eig3,K_eig1,K_eig2,K_eig3,symmetry_error,error_type,error_message
eps_0.02_coeffs_0.397_1.354_0.667_35.588_31.392_-852.091_m_-0.377_rho_0.426_,0.5744967460632324,0.16666666666666666,1e-05,True,42500,17500,12500,12500,2.1046024408351363,-0.19389204325745302,1.0320410003288676,-0.19444919292379495,3.307327082539024,1.2635654096465994,1.0313728535790088,1.2635572961860362,3.8793191101787032,1.2090872540165225,-0.11139034793895826,0.5929041964927778,-0.11171042860934192,1.900048647085473,0.7259142162800266,0.5925203483590912,0.7259095551233338,2.228656205738579,1.3234376542637258,2.907192323837069,5.060618655452071,0.7603106259920672,1.6701725302244022,2.907308950624105,0.00020559213769441882,,
