sample_name,porosity,nu,g,all_converged,total_iterations,iterations_x,iterations_y,iterations_z,K_star_xx,K_star_xy,K_star_xz,K_star_yx,K_star_yy,K_star_yz,K_star_zx,K_star_zy,K_star_zz,K_xx,K_xy,K_xz,K_yx,K_yy,K_yz,K_zx,K_zy,K_zz,K_star_eig1,K_star_eig2,K_star_eig3,K_eig1,K_eig2,K_eig3,symmetry_error,error_type,error_message
eps_0.02_coeffs_0.778_0.242_0.875_74.49_54.481_-2930.317_m_-0.325_rho_0.496_,0.5037350654602051,0.16666666666666666,1e-05,True,40000,15000,12500,12500,2.7720176252102595,-0.28644799640360985,0.13674082313889777,-0.28662222707760027,3.3220139853518007,0.6262247950871026,0.13672371916226084,0.6260389036685177,3.410297253155183,1.3963624798921324,-0.14429390021931698,0.068881147494955,-0.14438166631928473,1.673414932370906,0.31545138814600515,0.06887253162216415,0.31535774812009576,1.7178863100568837,2.4491356456572104,3.0535788477572496,4.001614370302784,1.2337155047860564,1.5381947407628958,2.0157534767709695,6.451107908594026e-05,,
