sample_name,porosity,nu,g,all_converged,total_iterations,iterations_x,iterations_y,iterations_z,K_star_xx,K_star_xy,K_star_xz,K_star_yx,K_star_yy,K_star_yz,K_star_zx,K_star_zy,K_star_zz,K_xx,K_xy,K_xz,K_yx,K_yy,K_yz,K_zx,K_zy,K_zz,K_star_eig1,K_star_eig2,K_star_eig3,K_eig1,K_eig2,K_eig3,symmetry_error,error_type,error_message
eps_0.02_coeffs_0.99_1.09_0.26_70.047_113.906_-2875.662_m_-0.244_rho_0.567_,0.43323564529418945,0.16666666666666666,1e-05,True,60000,20000,20000,20000,1.2284959397447073,0.04478762739087335,0.08905843071323143,0.044784963888878544,1.1587754013812197,-0.015412160210891219,0.08906201913291863,-0.0154144197013007,1.2176711766067023,0.5322282311965899,0.01940359665388073,0.038583286698934675,0.019402442729875267,0.5020228087684261,-0.006677097174342888,0.03858484133025345,-0.006678076066128476,0.5275385579533396,1.1017465764697143,1.1875823421940812,1.3156135990688334,0.4773158890075209,0.5145030023604378,0.5699707065503973,3.393523127343778e-06,,
