sample_name,porosity,nu,g,all_converged,total_iterations,iterations_x,iterations_y,iterations_z,K_star_xx,K_star_xy,K_star_xz,K_star_yx,K_star_yy,K_star_yz,K_star_zx,K_star_zy,K_star_zz,K_xx,K_xy,K_xz,K_yx,K_yy,K_yz,K_zx,K_zy,K_zz,K_star_eig1,K_star_eig2,K_star_eig3,K_eig1,K_eig2,K_eig3,symmetry_error,error_type,error_message
eps_0.02_coeffs_0.747_-0.44_0.793_74.03_148.311_-3677.904_m_-0.286_rho_0.567_,0.43302059173583984,0.16666666666666666,1e-05,True,77500,25000,25000,27500,0.7450632055295422,0.014259633747267521,-0.00122801353806477,0.014260268205757308,0.7491204732684721,-0.021916952260735402,-0.0012280495126936533,-0.02191666327299983,0.7416870959601981,0.32262771013900404,0.006174715043178134,-0.000531755148912429,0.006174989776768813,0.32438459061614616,-0.009490491636989796,-0.0005317707266675155,-0.009490366499349536,0.32116578517552163,0.7200849232035539,0.7429740036655369,0.772811847889122,0.31181159954565957,0.32172304271159685,0.3346434436734154,7.644786565142709e-07,,
