sample_name,porosity,nu,g,all_converged,total_iterations,iterations_x,iterations_y,iterations_z,K_star_xx,K_star_xy,K_star_xz,K_star_yx,K_star_yy,K_star_yz,K_star_zx,K_star_zy,K_star_zz,K_xx,K_xy,K_xz,K_yx,K_yy,K_yz,K_zx,K_zy,K_zz,K_star_eig1,K_star_eig2,K_star_eig3,K_eig1,K_eig2,K_eig3,symmetry_error,error_type,error_message
eps_0.02_coeffs_0.484_0.323_0.858_63.989_138.771_-3655.15_m_-0.569_rho_0.304_,0.6958408355712891,0.16666666666666666,1e-05,True,40000,12500,12500,15000,2.495903666769433,0.06100778980534784,0.23219581131727904,0.06101413220360255,2.62659910736881,0.19085075957629608,0.23212635706532697,0.19091432203073816,2.3291691742256813,1.7367516929902866,0.04245171143451081,0.16157132736316882,0.0424561247342119,1.8276949175823147,0.13280175201298505,0.1615229982584565,0.132845981364395,1.6207310243800874,2.1329742601036084,2.5046837549400114,2.8140139333203047,1.484210591402547,1.7428612368792913,1.9581058066708505,3.0825526046667595e-05,,
