sample_name,porosity,nu,g,all_converged,total_iterations,iterations_x,iterations_y,iterations_z,K_star_xx,K_star_xy,K_star_xz,K_star_yx,K_star_yy,K_star_yz,K_star_zx,K_star_zy,K_star_zz,K_xx,K_xy,K_xz,K_yx,K_yy,K_yz,K_zx,K_zy,K_zz,K_star_eig1,K_star_eig2,K_star_eig3,K_eig1,K_eig2,K_eig3,symmetry_error,error_type,error_message
eps_0.02_coeffs_0.332_-0.613_0.919_60.52_77.699_-2212.762_m_-0.36_rho_0.453_,0.5470781326293945,0.16666666666666666,1e-05,True,72500,22500,22500,27500,1.535416838797195,-0.12318622992589681,-0.07254703909620719,-0.1231890922068921,1.4674756571286958,0.037941584068945086,-0.07256271750297985,0.0379475602345644,1.2691293548685278,0.8399929769768975,-0.06739249263351486,-0.03968889867654471,-0.06739405852485683,0.8028238421810605,0.020757010961439663,-0.0396974759900445,0.020760280390966963,0.6943129175266224,1.2503913855743065,1.3751006853047871,1.6465297799153236,0.684061784275873,0.7522875150939443,0.9007804373147636,9.69442433668061e-06,,
