sample_name,porosity,nu,g,all_converged,total_iterations,iterations_x,iterations_y,iterations_z,K_star_xx,K_star_xy,K_star_xz,K_star_yx,K_star_yy,K_star_yz,K_star_zx,K_star_zy,K_star_zz,K_xx,K_xy,K_xz,K_yx,K_yy,K_yz,K_zx,K_zy,K_zz,K_star_eig1,K_star_eig2,K_star_eig3,K_eig1,K_eig2,K_eig3,symmetry_error,error_type,error_message
eps_0.02_coeffs_0.713_-0.462_0.373_67.281_137.591_-510.756_m_-0.359_rho_0.353_,0.6470274925231934,0.16666666666666666,1e-05,True,65000,22500,20000,22500,1.2958967989809627,-0.06336056388214831,-0.022496980121808455,-0.06335982828887267,1.3028038794861365,0.07998428694578728,-0.02251057921748875,0.07998984543421862,1.3474274122812535,0.838480856413485,-0.04099602677352203,-0.01455616463755785,-0.040995550824449375,0.8429499273934035,0.05175203262378834,-0.014564963626336453,0.051755629118620285,0.8718225799253545,1.2193576703907996,1.2941947442494228,1.4325756761081299,0.7889579359618817,0.8373795802083993,0.9269158475619618,9.11023220165607e-06,,
