sample_name,porosity,nu,g,all_converged,total_iterations,iterations_x,iterations_y,iterations_z,K_star_xx,K_star_xy,K_star_xz,K_star_yx,K_star_yy,K_star_yz,K_star_zx,K_star_zy,K_star_zz,K_xx,K_xy,K_xz,K_yx,K_yy,K_yz,K_zx,K_zy,K_zz,K_star_eig1,K_star_eig2,K_star_eig3,K_eig1,K_eig2,K_eig3,symmetry_error,error_type,error_message
eps_0.02_coeffs_0.186_0.598_0.492_26.079_81.24_-272.743_m_-0.511_rho_0.342_,0.6575441360473633,0.16666666666666666,1e-05,True,35000,12500,10000,12500,27.533447513062136,-2.1249416499100837,1.6957302163374866,-2.0387509865380475,21.952571356248225,-0.45608712078469776,1.6348553559279149,-0.4590332548629766,41.52329482148699,18.104456957381863,-1.3972429213411848,1.115017460071041,-1.34056875605887,14.434784566462334,-0.2998974117987035,1.0749895525760254,-0.30183462498588504,27.303399019234618,21.286884021793004,27.98625878359091,41.73617088541346,13.997065763250298,18.402200353054216,27.443374426774295,0.002735258143948188,,
