sample_name,porosity,nu,g,all_converged,total_iterations,iterations_x,iterations_y,iterations_z,K_star_xx,K_star_xy,K_star_xz,K_star_yx,K_star_yy,K_star_yz,K_star_zx,K_star_zy,K_star_zz,K_xx,K_xy,K_xz,K_yx,K_yy,K_yz,K_zx,K_zy,K_zz,K_star_eig1,K_star_eig2,K_star_eig3,K_eig1,K_eig2,K_eig3,symmetry_error,error_type,error_message
eps_0.02_coeffs_0.441_0.173_0.397_46.308_47.8_-3640.94_m_-0.282_rho_0.582_,0.41811084747314453,0.16666666666666666,1e-05,True,52500,15000,20000,17500,1.065414907835721,0.023815462667876434,0.05362092437071142,0.023816281251596908,1.0850554807932007,0.03046084464427729,0.05361968821582222,0.03046188932833524,1.1351845618820504,0.4454615300257154,0.009957503279030852,0.02241949013093154,0.009957845537763946,0.45367346662982544,0.012736009568966573,0.02241897328116321,0.012736446362703385,0.47463297920693437,1.0352638471524829,1.0707095656288685,1.179681537729621,0.4328550444912326,0.44767528388268857,0.4932376474885541,1.3500117828767712e-06,,
