sample_name,porosity,nu,g,all_converged,total_iterations,iterations_x,iterations_y,iterations_z,K_star_xx,K_star_xy,K_star_xz,K_star_yx,K_star_yy,K_star_yz,K_star_zx,K_star_zy,K_star_zz,K_xx,K_xy,K_xz,K_yx,K_yy,K_yz,K_zx,K_zy,K_zz,K_star_eig1,K_star_eig2,K_star_eig3,K_eig1,K_eig2,K_eig3,symmetry_error,error_type,error_message
eps_0.02_coeffs_0.469_0.644_0.646_-1.241_126.853_-454.932_m_-0.297_rho_0.616_,0.3837423324584961,0.16666666666666666,1e-05,True,67500,25000,20000,22500,0.7160129187811439,-0.018418643311064332,-0.009016909695215855,-0.018418685628627047,0.7267719338145476,-0.0028019069328692994,-0.009017028219549078,-0.002802030105225246,0.7067769072897476,0.2747644675234919,-0.007068013144908904,-0.0034601699580097595,-0.007068029383949124,0.2788931570473663,-0.0010752103017508958,-0.0034602154408138438,-0.0010752575681980611,0.27122021893117,0.6952223521215819,0.7134460519448494,0.7408933558190076,0.26678624698041775,0.2737794520566218,0.2843121444649885,2.0059918194255434e-07,,
