sample_name,porosity,nu,g,all_converged,total_iterations,iterations_x,iterations_y,iterations_z,K_star_xx,K_star_xy,K_star_xz,K_star_yx,K_star_yy,K_star_yz,K_star_zx,K_star_zy,K_star_zz,K_xx,K_xy,K_xz,K_yx,K_yy,K_yz,K_zx,K_zy,K_zz,K_star_eig1,K_star_eig2,K_star_eig3,K_eig1,K_eig2,K_eig3,symmetry_error,error_type,error_message
eps_0.02_coeffs_0.523_0.938_0.859_11.292_6.459_417.748_m_-0.459_rho_0.628_,0.37174177169799805,0.16666666666666666,1e-05,True,22500,7500,7500,7500,14.064442463061306,1.5221987116164055,2.7488798170963658,1.5249216279936164,6.862048365042308,0.9139906414707227,2.743073602605193,0.9067679078826086,15.38695965066009,5.228340759162966,0.5658648459326926,1.0218734533922718,0.5668770676909425,2.5509100166981784,0.3397685003757162,1.0197150409304647,0.337083508595168,5.719975641581991,6.537412038053273,11.976411272454019,17.799627168256414,2.4302291333457444,4.452132345005931,6.6168649390914585,0.0006090362257064882,,
