sample_name,porosity,nu,g,all_converged,total_iterations,iterations_x,iterations_y,iterations_z,K_star_xx,K_star_xy,K_star_xz,K_star_yx,K_star_yy,K_star_yz,K_star_zx,K_star_zy,K_star_zz,K_xx,K_xy,K_xz,K_yx,K_yy,K_yz,K_zx,K_zy,K_zz,K_star_eig1,K_star_eig2,K_star_eig3,K_eig1,K_eig2,K_eig3,symmetry_error,error_type,error_message
eps_0.02_coeffs_0.424_0.08_0.692_53.905_36.161_-3780.543_m_-0.254_rho_0.663_,0.3368368148803711,0.16666666666666666,1e-05,True,80000,27500,27500,25000,0.9459941048987561,0.046447040784538415,-0.032963911343797496,0.04644772648321236,0.9339694253047157,-0.028430226882932796,-0.03296474298767366,-0.028429695283770224,0.9286457364099324,0.3186456411897047,0.01564507327848261,-0.011103458903043682,0.01564530424703991,0.3145952864152911,-0.009576347069573384,-0.011103739031318045,-0.00957616800740467,0.3128020720045583,0.8931356430648352,0.9053899599546789,1.0100836635938903,0.3008409652660912,0.30496867033580066,0.34023336400766224,1.0465224522138673e-06,,
