sample_name,porosity,nu,g,all_converged,total_iterations,iterations_x,iterations_y,iterations_z,K_star_xx,K_star_xy,K_star_xz,K_star_yx,K_star_yy,K_star_yz,K_star_zx,K_star_zy,K_star_zz,K_xx,K_xy,K_xz,K_yx,K_yy,K_yz,K_zx,K_zy,K_zz,K_star_eig1,K_star_eig2,K_star_eig3,K_eig1,K_eig2,K_eig3,symmetry_error,error_type,error_message
eps_0.02_coeffs_0.506_0.776_0.878_-0.006_18.521_-870.473_m_-0.338_rho_0.552_,0.447540283203125,0.16666666666666666,1e-05,True,37500,12500,12500,12500,2.7823225321725578,-0.007946499473415162,-0.035978466449781026,-0.00795163981271525,2.6662278451752472,-0.008526185903679208,-0.03597599674756104,-0.008523321788671252,2.9012059310058627,1.2452014140109424,-0.0035563786248057052,-0.01610181306414913,-0.0035586791337118263,1.1932443649137878,-0.003815811653975085,-0.01610070777291817,-0.003814529847133298,1.2984065239929496,2.6651538773268753,2.7732065118733034,2.9113959191534877,1.192763721038776,1.2411216277045287,1.3029669541743738,1.8709037284096689e-06,,
