sample_name,porosity,nu,g,all_converged,total_iterations,iterations_x,iterations_y,iterations_z,K_star_xx,K_star_xy,K_star_xz,K_star_yx,K_star_yy,K_star_yz,K_star_zx,K_star_zy,K_star_zz,K_xx,K_xy,K_xz,K_yx,K_yy,K_yz,K_zx,K_zy,K_zz,K_star_eig1,K_star_eig2,K_star_eig3,K_eig1,K_eig2,K_eig3,symmetry_error,error_type,error_message
eps_0.02_coeffs_0.928_-0.593_0.645_-1.359_55.089_-3114.551_m_-0.267_rho_0.58_,0.41989898681640625,0.16666666666666666,1e-05,True,45000,12500,17500,15000,1.4882207915989105,-0.01700599730816465,0.03219318477986264,-0.01700601171546498,1.4291180474108274,0.013815348734920047,0.03219431170707343,0.013815521641484965,1.4304601999776219,0.6249024025514927,-0.007140801039500868,0.013517885671457673,-0.00714080708911168,0.6000852201488472,0.005801050936308247,0.0135183588670517,0.0058011235395996705,0.6006487886517973,1.4016633057361763,1.442155949477007,1.5039797837741768,0.588557001936355,0.6055598220166475,0.6315195873991345,6.421056306174114e-07,,
