sample_name,porosity,nu,g,all_converged,total_iterations,iterations_x,iterations_y,iterations_z,K_star_xx,K_star_xy,K_star_xz,K_star_yx,K_star_yy,K_star_yz,K_star_zx,K_star_zy,K_star_zz,K_xx,K_xy,K_xz,K_yx,K_yy,K_yz,K_zx,K_zy,K_zz,K_star_eig1,K_star_eig2,K_star_eig3,K_eig1,K_eig2,K_eig3,symmetry_error,error_type,error_message
eps_0.02_coeffs_0.346_-0.041_0.558_7.421_49.423_-1337.926_m_-0.272_rho_0.608_,0.3920774459838867,0.16666666666666666,1e-05,True,52500,17500,17500,17500,1.101313237701315,-0.009714528475215086,-0.00716597248363066,-0.009714741564143141,1.1346766498680876,-0.02309148991694545,-0.007166645460194857,-0.023091763982443458,1.1300282636578032,0.43180008146617677,-0.0038088475135000725,-0.002809616189372719,-0.0038089310608627517,0.44488112289783266,-0.009053652390598644,-0.002809880048305216,-0.009053759845499136,0.4430585955045576,1.0927058154689138,1.1176394648032049,1.1556728709550872,0.428425305340792,0.4382012268908386,0.4531132676369365,5.509073576491813e-07,,
