sample_name,porosity,nu,g,all_converged,total_iterations,iterations_x,iterations_y,iterations_z,K_star_xx,K_star_xy,K_star_xz,K_star_yx,K_star_yy,K_star_yz,K_star_zx,K_star_zy,K_star_zz,K_xx,K_xy,K_xz,K_yx,K_yy,K_yz,K_zx,K_zy,K_zz,K_star_eig1,K_star_eig2,K_star_eig3,K_eig1,K_eig2,K_eig3,symmetry_error,error_type,error_message
eps_0.02_coeffs_0.633_1.009_0.857_-14.398_126.944_-1651.694_m_-0.323_rho_0.595_,0.40511655807495117,0.16666666666666666,1e-05,True,60000,15000,22500,22500,0.8236808366254222,-0.005113703593323645,-0.005632133450216848,-0.005113779143349534,0.8287762675869094,-0.008915707993142058,-0.005632039355263594,-0.008915401567104695,0.8238050944385498,0.33368674548598726,-0.002071645998742785,-0.002281670517970649,-0.0020716766053092356,0.33575098893901345,-0.003611900934983041,-0.0022816323985470543,-0.0036117767967214797,0.33373708438355537,0.812077907680004,0.828587816579951,0.8355964743909258,0.3289862068480313,0.3356746443157087,0.33851396764481595,3.257466679021912e-07,,
