sample_name,porosity,nu,g,all_converged,total_iterations,iterations_x,iterations_y,iterations_z,K_star_xx,K_star_xy,K_star_xz,K_star_yx,K_star_yy,K_star_yz,K_star_zx,K_star_zy,K_star_zz,K_xx,K_xy,K_xz,K_yx,K_yy,K_yz,K_zx,K_zy,K_zz,K_star_eig1,K_star_eig2,K_star_eig3,K_eig1,K_eig2,K_eig3,symmetry_error,error_type,error_message
eps_0.02_coeffs_0.304_1.473_0.815_79.534_93.305_-1853.26_m_-0.248_rho_0.438_,0.5622458457946777,0.16666666666666666,1e-05,True,112500,47500,37500,27500,0.16666431444191646,-1.608543689669331e-12,-2.287540106185709e-13,-9.049624480210162e-13,0.16666477531727472,3.6556870540219615e-13,-6.750944311253632e-14,1.5677608946984816e-13,0.16666346276176755,0.09370631843718544,-9.043970072958246e-13,-1.2861599217916309e-13,-5.088113769999983e-13,0.09370657756244105,2.0553948596492316e-13,-3.7956903941935665e-14,8.814670502435685e-14,0.09370583958355977,0.16666346276176752,0.16666431444191643,0.16666477531727483,0.09370583958355977,0.09370631843718544,0.09370657756244108,3.681209206741155e-12,,
