sample_name,porosity,nu,g,all_converged,total_iterations,iterations_x,iterations_y,iterations_z,K_star_xx,K_star_xy,K_star_xz,K_star_yx,K_star_yy,K_star_yz,K_star_zx,K_star_zy,K_star_zz,K_xx,K_xy,K_xz,K_yx,K_yy,K_yz,K_zx,K_zy,K_zz,K_star_eig1,K_star_eig2,K_star_eig3,K_eig1,K_eig2,K_eig3,symmetry_error,error_type,error_message
eps_0.02_coeffs_0.238_1.111_0.926_36.286_93.174_-2586.921_m_-0.308_rho_0.445_,0.5546622276306152,0.16666666666666666,1e-05,True,95000,32500,35000,27500,0.9762142925513384,0.023904402028569548,-0.03869600905481851,0.023903205492599396,0.9104113570365774,-0.006015673820167048,-0.03869345306047279,-0.006019417619932373,0.9512788901339054,0.5414691941513705,0.013258868879344183,-0.02146321458276009,0.013258205206037538,0.5049707913541194,-0.003336667041793028,-0.021461796869242485,-0.003338743586110666,0.5276384682996512,0.9014220419896931,0.9267663113562629,1.009716186375865,0.49998475784534147,0.514042266749873,0.5600514292099269,4.041862773651793e-06,,
