sample_name,porosity,nu,g,all_converged,total_iterations,iterations_x,iterations_y,iterations_z,K_star_xx,K_star_xy,K_star_xz,K_star_yx,K_star_yy,K_star_yz,K_star_zx,K_star_zy,K_star_zz,K_xx,K_xy,K_xz,K_yx,K_yy,K_yz,K_zx,K_zy,K_zz,K_star_eig1,K_star_eig2,K_star_eig3,K_eig1,K_eig2,K_eig3,symmetry_error,error_type,error_message
eps_0.02_coeffs_0.767_0.789_0.782_55.508_73.612_-1681.369_m_-0.405_rho_0.367_,0.6333651542663574,0.16666666666666666,1e-05,True,27500,7500,10000,10000,5.121456538445414,-0.11172119386750057,0.2808205956672088,-0.11153703921520501,6.212496145228864,1.0415106899923592,0.28015466215354135,1.0414341231048765,5.894898873299191,3.2437521105409246,-0.07076031118871112,0.17786197989593208,-0.07064367404895108,3.9347785794020305,0.659656578837071,0.17744020081331696,0.6596080840385687,3.7336235342717186,4.7676518422768135,5.3491155241437305,7.1120841905529275,3.019664544571936,3.387943379137861,4.5045463005048765,9.737680918441556e-05,,
