sample_name,porosity,nu,g,all_converged,total_iterations,iterations_x,iterations_y,iterations_z,K_star_xx,K_star_xy,K_star_xz,K_star_yx,K_star_yy,K_star_yz,K_star_zx,K_star_zy,K_star_zz,K_xx,K_xy,K_xz,K_yx,K_yy,K_yz,K_zx,K_zy,K_zz,K_star_eig1,K_star_eig2,K_star_eig3,K_eig1,K_eig2,K_eig3,symmetry_error,error_type,error_message
eps_0.02_coeffs_0.765_0.766_0.708_21.487_148.253_139.644_m_-0.286_rho_0.405_,0.5950794219970703,0.16666666666666666,1e-05,True,152500,45000,52500,55000,1.2811858500349704,-0.07584574344857198,0.06597888449139146,-0.07585133889519641,1.2094476778449765,-0.39386121095770305,0.06597923313512713,-0.3938481908348511,1.4812167150391742,0.7624073351096354,-0.04513424117231429,0.039262676447148696,-0.045137570907457375,0.7197174250676875,-0.2343787017637761,0.0392628839178614,-0.23437095375659506,0.881441586637911,0.9270943874301463,1.2636532901502318,1.7811025653387431,0.5516947922086595,0.7519740695072961,1.0598974850992784,8.450084096377518e-06,,
