sample_name,porosity,nu,g,all_converged,total_iterations,iterations_x,iterations_y,iterations_z,K_star_xx,K_star_xy,K_star_xz,K_star_yx,K_star_yy,K_star_yz,K_star_zx,K_star_zy,K_star_zz,K_xx,K_xy,K_xz,K_yx,K_yy,K_yz,K_zx,K_zy,K_zz,K_star_eig1,K_star_eig2,K_star_eig3,K_eig1,K_eig2,K_eig3,symmetry_error,error_type,error_message
eps_0.02_coeffs_0.545_0.667_0.633_6.519_19.662_-1447.059_m_-0.336_rho_0.63_,0.3701515197753906,0.16666666666666666,1e-05,True,47500,15000,15000,17500,1.845243213856118,0.0331145753826695,-0.06989891505071474,0.03311792016062819,1.7812653820336335,0.008564486709837388,-0.0699011889153384,0.008573354185521204,1.8147847754474449,0.6830195799640681,0.012257410404611853,-0.025873189636672986,0.012258648479256574,0.6593380882830412,0.003170157771742444,-0.0258740313111192,0.00317344008134338,0.6717453426971127,1.7393291421190473,1.7968980625306692,1.9050661666874784,0.6438153253449922,0.665124548727182,0.7051631368720479,4.384311193895198e-06,,
