sample_name,porosity,nu,g,all_converged,total_iterations,iterations_x,iterations_y,iterations_z,K_star_xx,K_star_xy,K_star_xz,K_star_yx,K_star_yy,K_star_yz,K_star_zx,K_star_zy,K_star_zz,K_xx,K_xy,K_xz,K_yx,K_yy,K_yz,K_zx,K_zy,K_zz,K_star_eig1,K_star_eig2,K_star_eig3,K_eig1,K_eig2,K_eig3,symmetry_error,error_type,error_message
eps_0.02_coeffs_0.696_-0.02_0.529_34.405_121.067_-1178.668_m_-0.323_rho_0.597_,0.40279340744018555,0.16666666666666666,1e-05,True,62500,22500,22500,17500,0.8207743826055401,-0.08569002338355218,-0.06728867606732361,-0.08568964339442528,0.9057495849824058,0.007866836186314603,-0.06728979371123898,0.007864320730621573,0.8240472342323459,0.33060251030930005,-0.03451537650229016,-0.027103435115296143,-0.03451522344517494,0.3648299616225971,0.003168709753259413,-0.02710388529489712,0.003167696544289553,0.3319207933681073,0.7335637541562255,0.8448724187817478,0.9721350288823187,0.2954746441112007,0.34030904041333165,0.3915695807754724,2.6511883819666346e-06,,
