sample_name,porosity,nu,g,all_converged,total_iterations,iterations_x,iterations_y,iterations_z,K_star_xx,K_star_xy,K_star_xz,K_star_yx,K_star_yy,K_star_yz,K_star_zx,K_star_zy,K_star_zz,K_xx,K_xy,K_xz,K_yx,K_yy,K_yz,K_zx,K_zy,K_zz,K_star_eig1,K_star_eig2,K_star_eig3,K_eig1,K_eig2,K_eig3,symmetry_error,error_type,error_message
eps_0.02_coeffs_0.72_0.926_0.937_45.609_33.994_-2170.012_m_-0.37_rho_0.593_,0.4068455696105957,0.16666666666666666,1e-05,True,40000,15000,15000,10000,3.526104166216496,0.31908308062129087,-0.10252511772930602,0.31909518507726164,2.662490589656188,0.07747186125550325,-0.10235528417843909,0.07755946037235681,3.624319304606959,1.4345798580106448,0.1298175376884727,-0.04171188992197289,0.12982246233275696,1.0832225005315226,0.03151908352128826,-0.04164279389423144,0.03155472283388193,1.4745382519334964,2.5469657446359504,3.560352512998014,3.7055958028456777,1.03622172915509,1.4485136461651924,1.5076052351553824,4.721391452746426e-05,,
