sample_name,porosity,nu,g,all_converged,total_iterations,iterations_x,iterations_y,iterations_z,K_star_xx,K_star_xy,K_star_xz,K_star_yx,K_star_yy,K_star_yz,K_star_zx,K_star_zy,K_star_zz,K_xx,K_xy,K_xz,K_yx,K_yy,K_yz,K_zx,K_zy,K_zz,K_star_eig1,K_star_eig2,K_star_eig3,K_eig1,K_eig2,K_eig3,symmetry_error,error_type,error_message
eps_0.02_coeffs_0.936_0.229_0.948_91.236_120.366_-2609.541_m_-0.31_rho_0.619_,0.3814277648925781,0.16666666666666666,1e-05,True,82500,32500,25000,25000,1.1264196794381915,-0.03473664742811612,-0.013758474598291727,-0.03473834281302696,1.2431824296617708,-0.00192099319098513,-0.01375862173441583,-0.0019169956737865462,1.0506454457267873,0.42964774065912376,-0.013249521788367854,-0.005247864214357725,-0.013250168455245027,0.474184295499614,-0.0007327201392113196,-0.005247920336160677,-0.0007311953751611441,0.400745344058135,1.047879330775632,1.1196162249741168,1.2527519990770006,0.39969027101487997,0.4270527142293433,0.4778343949726497,3.1029454012345818e-06,,
