sample_name,porosity,nu,g,all_converged,total_iterations,iterations_x,iterations_y,iterations_z,K_star_xx,K_star_xy,K_star_xz,K_star_yx,K_star_yy,K_star_yz,K_star_zx,K_star_zy,K_star_zz,K_xx,K_xy,K_xz,K_yx,K_yy,K_yz,K_zx,K_zy,K_zz,K_star_eig1,K_star_eig2,K_star_eig3,K_eig1,K_eig2,K_eig3,symmetry_error,error_type,error_message
eps_0.02_coeffs_0.776_0.864_0.889_16.615_146.028_-218.049_m_-0.39_rho_0.462_,0.5379743576049805,0.16666666666666666,1e-05,True,42500,10000,15000,17500,5.507261812172225,0.32319463779594276,-0.28951181120011826,0.32384431708042666,2.498610038151689,0.2850462271661581,-0.2897759672916728,0.28501733181680117,1.0834092284113537,2.9627656355657934,0.17387042764964664,-0.155749930649438,0.17421993844536612,1.3441881301800107,0.15334756094743723,-0.15589203985309952,0.15333201599042917,0.5828463836779055,1.0013145203305787,2.531255888372989,5.5567106700317,0.5386815358353821,1.3617507604812833,2.9893678531070433,0.00016042893490920323,,
