sample_name,porosity,nu,g,all_converged,total_iterations,iterations_x,iterations_y,iterations_z,K_star_xx,K_star_xy,K_star_xz,K_star_yx,K_star_yy,K_star_yz,K_star_zx,K_star_zy,K_star_zz,K_xx,K_xy,K_xz,K_yx,K_yy,K_yz,K_zx,K_zy,K_zz,K_star_eig1,K_star_eig2,K_star_eig3,K_eig1,K_eig2,K_eig3,symmetry_error,error_type,error_message
eps_0.02_coeffs_0.537_0.946_0.853_-18.107_76.341_-2757.034_m_-0.279_rho_0.677_,0.3233604431152344,0.16666666666666666,1e-05,True,72500,25000,25000,22500,0.6363574324629783,-0.002309758073134008,-0.0023847826199206086,-0.0023097251229643313,0.6536569503902538,0.002924765973040593,-0.002384742053823081,0.0029247603893849017,0.6519342173930147,0.2057728213409015,-0.0007468843940176027,-0.0007711443647110375,-0.0007468737392361354,0.21136680112354525,0.0009457536210507659,-0.0007711312472397655,0.0009457518155173872,0.2108097374181888,0.6358014833327603,0.6497648706773524,0.6563822462361342,0.20559304938380468,0.21010825650294168,0.2122480539958891,6.629043018324895e-08,,
