sample_name,porosity,nu,g,all_converged,total_iterations,iterations_x,iterations_y,iterations_z,K_star_xx,K_star_xy,K_star_xz,K_star_yx,K_star_yy,K_star_yz,K_star_zx,K_star_zy,K_star_zz,K_xx,K_xy,K_xz,K_yx,K_yy,K_yz,K_zx,K_zy,K_zz,K_star_eig1,K_star_eig2,K_star_eig3,K_eig1,K_eig2,K_eig3,symmetry_error,error_type,error_message
eps_0.02_coeffs_0.311_0.753_0.379_0.658_26.114_-534.161_m_-0.301_rho_0.588_,0.4121575355529785,0.16666666666666666,1e-05,True,52500,20000,15000,17500,1.266772862891198,0.03630633311168639,0.0011988394121076266,0.03630814996987542,1.4030378384676538,-0.017155155716119433,0.0011991975195186964,-0.017158217059137424,1.2969591216760803,0.5221099812746274,0.014963928780278165,0.0004941106976180609,0.014964677612071804,0.5782726177904062,-0.007070626701983378,0.0004942582942860708,-0.007071888457577155,0.5345514753029689,1.256962167040779,1.2954176174211294,1.4143900385730235,0.5180664290508588,0.5339161327082038,0.5829515126089398,2.2065011084225692e-06,,
