sample_name,porosity,nu,g,all_converged,total_iterations,iterations_x,iterations_y,iterations_z,K_star_xx,K_star_xy,K_star_xz,K_star_yx,K_star_yy,K_star_yz,K_star_zx,K_star_zy,K_star_zz,K_xx,K_xy,K_xz,K_yx,K_yy,K_yz,K_zx,K_zy,K_zz,K_star_eig1,K_star_eig2,K_star_eig3,K_eig1,K_eig2,K_eig3,symmetry_error,error_type,error_message
eps_0.02_coeffs_0.974_1.111_0.585_53.009_93.999_-3969.415_m_-0.447_rho_0.503_,0.4970836639404297,0.16666666666666666,1e-05,True,40000,12500,15000,12500,1.445362543540659,0.25336203737758634,0.11191913586229427,0.25335921750953,2.1011638731199747,0.11192080018094577,0.11191725651036633,0.11190972546896408,1.9141656799536875,0.7184661088654496,0.12594212984306272,0.05563317411947598,0.12594072813271745,1.0444542365897411,0.05563400142508923,0.055632239924333804,0.05562849636668028,0.9515004895804029,1.3498739583141757,1.8618884346215092,2.248929703678637,0.6710002930565812,0.9255143249299711,1.1179062170490415,5.091975927789172e-06,,
