sample_name,porosity,nu,g,all_converged,total_iterations,iterations_x,iterations_y,iterations_z,K_star_xx,K_star_xy,K_star_xz,K_star_yx,K_star_yy,K_star_yz,K_star_zx,K_star_zy,K_star_zz,K_xx,K_xy,K_xz,K_yx,K_yy,K_yz,K_zx,K_zy,K_zz,K_star_eig1,K_star_eig2,K_star_eig3,K_eig1,K_eig2,K_eig3,symmetry_error,error_type,error_message
eps_0.02_coeffs_0.799_0.529_0.575_62.31_146.512_-100.421_m_-0.265_rho_0.442_,0.5579729080200195,0.16666666666666666,1e-05,True,252500,45000,97500,110000,3.2893397454522515,0.023043669684201042,-0.023043664342586083,0.02304379347505973,0.18970748742612717,-0.023043664332735667,-0.02304308186154811,-0.02304366968493367,0.18970688970108157,1.8353624632358236,0.012857743385146421,-0.012857740404669988,0.01285781245709183,0.10585163843232746,-0.012857740399173723,-0.012857415396031364,-0.012857743385555207,0.10585130491794557,0.16666351887670522,0.2124057094670142,3.289684894235741,0.09299372828848461,0.1185166313913652,1.8355550469062472,2.5514965981273313e-07,,
