sample_name,porosity,nu,g,all_converged,total_iterations,iterations_x,iterations_y,iterations_z,K_star_xx,K_star_xy,K_star_xz,K_star_yx,K_star_yy,K_star_yz,K_star_zx,K_star_zy,K_star_zz,K_xx,K_xy,K_xz,K_yx,K_yy,K_yz,K_zx,K_zy,K_zz,K_star_eig1,K_star_eig2,K_star_eig3,K_eig1,K_eig2,K_eig3,symmetry_error,error_type,error_message
eps_0.02_coeffs_0.426_1.364_0.881_22.584_52.808_-1020.292_m_-0.306_rho_0.593_,0.4071993827819824,0.16666666666666666,1e-05,True,87500,25000,30000,32500,1.1770049780882903,0.0060249710313251695,0.13439091737141304,0.006036683340286879,1.20838709354846,0.03747848792484484,0.13439592626741942,0.03748174871217763,1.0342488626220552,0.47927570060887253,0.002453364485234933,0.05472389860514379,0.0024581337302150928,0.4920544786546466,0.0152612171505988,0.054725938224506006,0.015262544941188096,0.4211454985026682,0.950167694305609,1.2011934875295316,1.2682797524236649,0.3869076986606235,0.4891252467237624,0.5164427323818018,9.351520484878232e-06,,
