sample_name,porosity,nu,g,all_converged,total_iterations,iterations_x,iterations_y,iterations_z,K_star_xx,K_star_xy,K_star_xz,K_star_yx,K_star_yy,K_star_yz,K_star_zx,K_star_zy,K_star_zz,K_xx,K_xy,K_xz,K_yx,K_yy,K_yz,K_zx,K_zy,K_zz,K_star_eig1,K_star_eig2,K_star_eig3,K_eig1,K_eig2,K_eig3,symmetry_error,error_type,error_message
eps_0.02_coeffs_0.657_1.319_0.67_49.544_37.946_-2573.578_m_-0.201_rho_0.488_,0.512382984161377,0.16666666666666666,1e-05,True,42500,15000,15000,12500,2.915031871352864,-0.07377538555561271,0.6359833699595443,-0.07371530604889477,3.179779247478563,-0.0872801508369618,0.6360288901979319,-0.08730850577599779,3.022912645175472,1.4936127291693035,-0.03780125220864099,0.32586705697688034,-0.0377704684917019,1.6292647797974835,-0.044720864143897594,0.32589038077246507,-0.04473539273217656,1.54888900199417,2.330632849260084,3.151227840518181,3.6358630742286357,1.1941766142884143,1.6146355246971174,1.862954371975426,2.1303390107462714e-05,,
