sample_name,porosity,nu,g,all_converged,total_iterations,iterations_x,iterations_y,iterations_z,K_star_xx,K_star_xy,K_star_xz,K_star_yx,K_star_yy,K_star_yz,K_star_zx,K_star_zy,K_star_zz,K_xx,K_xy,K_xz,K_yx,K_yy,K_yz,K_zx,K_zy,K_zz,K_star_eig1,K_star_eig2,K_star_eig3,K_eig1,K_eig2,K_eig3,symmetry_error,error_type,error_message
eps_0.02_coeffs_0.487_0.664_0.452_-24.708_3.201_383.629_m_-0.427_rho_0.377_,0.6226058006286621,0.16666666666666666,1e-05,True,22500,7500,7500,7500,7.552576327232328,-0.049746188156326206,0.42921932944647656,-0.05018849998956045,6.9354399100176565,0.3227744847172283,0.42865772067339114,0.32274496646285256,8.17095370227253,4.7022778310255635,-0.030972265305293546,0.267234444255321,-0.031247651218351886,4.318045117888519,0.20096126647987378,0.2668847833755141,0.200942888243475,5.0872831717031195,6.819403159332005,7.401669373659313,8.4378974065312,4.245799963825532,4.608322286375805,5.253483870415868,7.704337070624985e-05,,
