sample_name,porosity,nu,g,all_converged,total_iterations,iterations_x,iterations_y,iterations_z,K_star_xx,K_star_xy,K_star_xz,K_star_yx,K_star_yy,K_star_yz,K_star_zx,K_star_zy,K_star_zz,K_xx,K_xy,K_xz,K_yx,K_yy,K_yz,K_zx,K_zy,K_zz,K_star_eig1,K_star_eig2,K_star_eig3,K_eig1,K_eig2,K_eig3,symmetry_error,error_type,error_message
eps_0.02_coeffs_0.859_0.007_0.459_87.77_142.919_-1135.414_m_-0.374_rho_0.495_,0.5050597190856934,0.16666666666666666,1e-05,True,62500,20000,20000,22500,1.6068301874083288,0.09158821758878359,-0.09734447508466189,0.09158206412146268,1.1883133060225153,0.09963145361473284,-0.09734830439562307,0.0996247987197793,1.0040301855415805,0.8115452030708625,0.0462575194469504,-0.04916477324080361,0.046254411578473896,0.6001691845255231,0.050319833974756256,-0.049166707271521955,0.05031647285538048,0.5070952034631873,0.9365823661459667,1.2272791473753695,1.635312165451089,0.4730300267462959,0.6198492614131333,0.8259303029001437,6.187499462029283e-06,,
