sample_name,porosity,nu,g,all_converged,total_iterations,iterations_x,iterations_y,iterations_z,K_star_xx,K_star_xy,K_star_xz,K_star_yx,K_star_yy,K_star_yz,K_star_zx,K_star_zy,K_star_zz,K_xx,K_xy,K_xz,K_yx,K_yy,K_yz,K_zx,K_zy,K_zz,K_star_eig1,K_star_eig2,K_star_eig3,K_eig1,K_eig2,K_eig3,symmetry_error,error_type,error_message
eps_0.02_coeffs_0.456_0.829_0.544_42.678_90.53_-2676.31_m_-0.593_rho_0.381_,0.6187729835510254,0.16666666666666666,1e-05,True,30000,10000,10000,10000,4.110491870247679,0.7766692739734408,0.3354499168553359,0.7755762399724605,4.413426611340913,0.23499591617539606,0.33549790401506513,0.2345762163609,4.185690518296321,2.5434613184153907,0.4805819638889547,0.20756734588451958,0.4799056239790454,2.7309091519829085,0.1454091241741565,0.2075970390425174,0.14514942526774496,2.589992210227452,3.4527509747512326,4.051155186980294,5.20570283815339,2.1364690221055302,2.506745381876009,3.2211482766442137,0.0002225807084233179,,
