sample_name,porosity,nu,g,all_converged,total_iterations,iterations_x,iterations_y,iterations_z,K_star_xx,K_star_xy,K_star_xz,K_star_yx,K_star_yy,K_star_yz,K_star_zx,K_star_zy,K_star_zz,K_xx,K_xy,K_xz,K_yx,K_yy,K_yz,K_zx,K_zy,K_zz,K_star_eig1,K_star_eig2,K_star_eig3,K_eig1,K_eig2,K_eig3,symmetry_error,error_type,error_message
eps_0.02_coeffs_0.508_-0.501_0.344_50.886_79.39_974.583_m_-0.512_rho_0.499_,0.5009403228759766,0.16666666666666666,1e-05,True,37500,12500,12500,12500,30.679485277008926,-1.0997746083209647,3.9382054329298217,-1.1097090907395508,27.562396280522666,-5.63415819063043,3.9413429780090117,-5.614476843712393,20.787368724663963,15.36859126033362,-0.5509214473831048,1.97280590112379,-0.555898030213477,13.80711569200064,-2.8223770231487353,1.9743776239687973,-2.81251784286898,10.413231200675144,16.98085781049499,28.17321869555998,33.87517377614059,8.506396394300408,14.113101269809313,16.969440488899675,0.0006669265908581073,,
