sample_name,porosity,nu,g,all_converged,total_iterations,iterations_x,iterations_y,iterations_z,K_star_xx,K_star_xy,K_star_xz,K_star_yx,K_star_yy,K_star_yz,K_star_zx,K_star_zy,K_star_zz,K_xx,K_xy,K_xz,K_yx,K_yy,K_yz,K_zx,K_zy,K_zz,K_star_eig1,K_star_eig2,K_star_eig3,K_eig1,K_eig2,K_eig3,symmetry_error,error_type,error_message
eps_0.02_coeffs_0.927_0.032_0.428_78.449_123.237_-2324.006_m_-0.28_rho_0.481_,0.5191149711608887,0.16666666666666666,1e-05,True,55000,17500,17500,20000,1.4269743554702423,0.053508505605762736,0.059178567429011564,0.05351088616943061,1.5224469460555443,-0.05445789310092726,0.05918263174177774,-0.05445977752020831,1.4027951827307206,0.7407637513872626,0.027777066344397774,0.030720480324254045,0.027778302130637568,0.7903250024956069,-0.028269907606570614,0.030722590169858448,-0.02827088583683135,0.7282119808278915,1.3251366816737982,1.4747759934085454,1.552303809174163,0.6878982902913294,0.7655782972870481,0.8058241471323833,2.849225466508538e-06,,
