sample_name,porosity,nu,g,all_converged,total_iterations,iterations_x,iterations_y,iterations_z,K_star_xx,K_star_xy,K_star_xz,K_star_yx,K_star_yy,K_star_yz,K_star_zx,K_star_zy,K_star_zz,K_xx,K_xy,K_xz,K_yx,K_yy,K_yz,K_zx,K_zy,K_zz,K_star_eig1,K_star_eig2,K_star_eig3,K_eig1,K_eig2,K_eig3,symmetry_error,error_type,error_message
eps_0.02_coeffs_0.26_0.67_0.617_94.524_119.809_-2558.436_m_-0.287_rho_0.47_,0.5296812057495117,0.16666666666666666,1e-05,True,225000,67500,77500,80000,0.1666604580571018,7.387351763845135e-12,-1.4635240959537355e-12,1.3908780696923125e-11,0.16665974024733526,-2.9111345555843157e-14,-2.50813406116152e-12,-5.459306357134753e-15,0.16665972571195845,0.08827691237445161,3.9129413895692736e-12,-7.752012077882387e-13,7.367219730051774e-12,0.08827653216410897,-1.5419732615009694e-14,-1.3285114736974535e-12,-2.89169197380311e-15,0.08827652446499305,0.16665972571195847,0.16665974024733501,0.16666045805710208,0.08827652446499305,0.08827653216410879,0.08827691237445176,3.2357122688125423e-11,,
