sample_name,porosity,nu,g,all_converged,total_iterations,iterations_x,iterations_y,iterations_z,K_star_xx,K_star_xy,K_star_xz,K_star_yx,K_star_yy,K_star_yz,K_star_zx,K_star_zy,K_star_zz,K_xx,K_xy,K_xz,K_yx,K_yy,K_yz,K_zx,K_zy,K_zz,K_star_eig1,K_star_eig2,K_star_eig3,K_eig1,K_eig2,K_eig3,symmetry_error,error_type,error_message
eps_0.02_coeffs_0.673_1.356_0.875_52.145_103.351_-3535.434_m_-0.325_rho_0.6_,0.40023231506347656,0.16666666666666666,1e-05,True,57500,20000,17500,20000,1.0803997976623818,0.008449949387397801,-0.04546405285146969,0.008449820336639198,1.1244230678074465,-0.018742194157266624,-0.045463788747780495,-0.01874316267903591,1.158115122251781,0.4324109122125267,0.0033819428054874274,-0.018196183124911967,0.003381891155203551,0.4500304475393508,-0.007501231756931985,-0.018196077422081024,-0.007501619390641897,0.4635150964888515,1.0594500182766202,1.117552143035285,1.185935826409704,0.42402613350889423,0.4472804814111616,0.47464984132067317,7.364420435773702e-07,,
