sample_name,porosity,nu,g,all_converged,total_iterations,iterations_x,iterations_y,iterations_z,K_star_xx,K_star_xy,K_star_xz,K_star_yx,K_star_yy,K_star_yz,K_star_zx,K_star_zy,K_star_zz,K_xx,K_xy,K_xz,K_yx,K_yy,K_yz,K_zx,K_zy,K_zz,K_star_eig1,K_star_eig2,K_star_eig3,K_eig1,K_eig2,K_eig3,symmetry_error,error_type,error_message
eps_0.02_coeffs_0.461_0.096_0.588_50.378_106.24_-128.951_m_-0.45_rho_0.528_,0.4720726013183594,0.16666666666666666,1e-05,True,30000,10000,10000,10000,17.308915237781857,0.8335661724689116,-1.850775915612559,0.8088638328807874,16.059552606720008,-0.7187804711652224,-1.8382491510020997,-0.7085053570099825,12.891644666364561,8.17106464229867,0.3935037514083873,-0.8737006009405891,0.38184245370037206,7.581274775063354,-0.33931656679980254,-0.8677870585848269,-0.33446596693169534,6.085792232922672,12.185401890015786,15.668759563609813,18.405951057240824,5.752394368329408,7.396792086625205,8.688945195330083,0.0015432401503032416,,
