sample_name,porosity,nu,g,all_converged,total_iterations,iterations_x,iterations_y,iterations_z,K_star_xx,K_star_xy,K_star_xz,K_star_yx,K_star_yy,K_star_yz,K_star_zx,K_star_zy,K_star_zz,K_xx,K_xy,K_xz,K_yx,K_yy,K_yz,K_zx,K_zy,K_zz,K_star_eig1,K_star_eig2,K_star_eig3,K_eig1,K_eig2,K_eig3,symmetry_error,error_type,error_message
eps_0.02_coeffs_0.917_-0.366_0.659_37.954_96.563_-1109.756_m_-0.326_rho_0.412_,0.5878000259399414,0.16666666666666666,1e-05,True,30000,10000,10000,10000,3.5340662452858362,-0.011267320963630785,0.3464224156168819,-0.011303905406269438,3.6502329542235388,-0.12255323893485878,0.3464164160433112,-0.1224910558846798,4.266203600953939,2.077324230652486,-0.006622931554695821,0.20362710488578034,-0.006644435891027819,2.1456070251794253,-0.07203679702493383,0.20362357833627986,-0.0720002458264256,2.5076745873057966,3.3912006860233217,3.637112541355621,4.422189573084375,1.9933478512120557,2.13789484615532,2.599363145770334,1.5385152486839795e-05,,
