sample_name,porosity,nu,g,all_converged,total_iterations,iterations_x,iterations_y,iterations_z,K_star_xx,K_star_xy,K_star_xz,K_star_yx,K_star_yy,K_star_yz,K_star_zx,K_star_zy,K_star_zz,K_xx,K_xy,K_xz,K_yx,K_yy,K_yz,K_zx,K_zy,K_zz,K_star_eig1,K_star_eig2,K_star_eig3,K_eig1,K_eig2,K_eig3,symmetry_error,error_type,error_message
eps_0.02_coeffs_0.612_1.451_0.698_-16.089_57.625_98.959_m_-0.328_rho_0.453_,0.5470108985900879,0.16666666666666666,1e-05,True,37500,12500,12500,12500,1.8847725498782364,-0.15786656998636414,0.3488265089042265,-0.15787086364720118,1.9579917853237447,-0.1331462156974484,0.3488114482718629,-0.13313919383058295,2.325288125227003,1.0309911261468254,-0.08635473430557605,0.19081190208774423,-0.08635708298484876,1.071042845921952,-0.0728324310925309,0.1908036637577017,-0.07282859005482707,1.2719579468612838,1.670069670416963,1.9198680672405146,2.5781147227715073,0.913546311122835,1.0501887566356494,1.4102568511715774,6.700545326018364e-06,,
