sample_name,porosity,nu,g,all_converged,total_iterations,iterations_x,iterations_y,iterations_z,K_star_xx,K_star_xy,K_star_xz,K_star_yx,K_star_yy,K_star_yz,K_star_zx,K_star_zy,K_star_zz,K_xx,K_xy,K_xz,K_yx,K_yy,K_yz,K_zx,K_zy,K_zz,K_star_eig1,K_star_eig2,K_star_eig3,K_eig1,K_eig2,K_eig3,symmetry_error,error_type,error_message
eps_0.02_coeffs_0.209_0.579_0.602_94.321_113.693_-1709.689_m_-0.261_rho_0.489_,0.5110259056091309,0.16666666666666666,1e-05,True,140000,55000,42500,42500,0.16665580886733042,-4.867051816231804e-13,-1.4258350115822488e-13,-1.4670614229558375e-13,0.16665675708679742,1.5841480882157154e-12,-3.854464325691504e-14,1.5872056512082875e-12,0.16665690432786964,0.08516543565144975,-2.4871895620364227e-13,-7.286386280430243e-14,-7.49706392250227e-14,0.0851659202161616,8.095407113994092e-13,-1.969731122674589e-14,8.111032052966454e-13,0.08516599546016386,0.16665580886733042,0.16665675708679742,0.16665690432786964,0.08516543565144975,0.08516592021616154,0.08516599546016389,1.7420554799210146e-12,,
