sample_name,porosity,nu,g,all_converged,total_iterations,iterations_x,iterations_y,iterations_z,K_star_xx,K_star_xy,K_star_xz,K_star_yx,K_star_yy,K_star_yz,K_star_zx,K_star_zy,K_star_zz,K_xx,K_xy,K_xz,K_yx,K_yy,K_yz,K_zx,K_zy,K_zz,K_star_eig1,K_star_eig2,K_star_eig3,K_eig1,K_eig2,K_eig3,symmetry_error,error_type,error_message
eps_0.02_coeffs_0.831_1.472_0.463_25.318_0.337_-873.404_m_-0.306_rho_0.498_,0.5020589828491211,0.16666666666666666,1e-05,True,25000,7500,10000,7500,4.998501824982318,0.7337783351173116,0.031918486911768275,0.7337214540215385,4.885373039222199,-1.3195222877057387,0.03275634782951108,-1.318723240283931,8.373438553101913,2.509542742020098,0.368400004565719,0.016024963073005365,0.36837144690063184,2.4527454189104168,-0.6624780176122884,0.01644561867313635,-0.6620768486764476,4.203960042919963,3.9593189139905576,5.471091409851774,8.826903093464097,1.9878116267333872,2.7468105883047462,4.431625988812345,0.00014749991128417203,,
