sample_name,porosity,nu,g,all_converged,total_iterations,iterations_x,iterations_y,iterations_z,K_star_xx,K_star_xy,K_star_xz,K_star_yx,K_star_yy,K_star_yz,K_star_zx,K_star_zy,K_star_zz,K_xx,K_xy,K_xz,K_yx,K_yy,K_yz,K_zx,K_zy,K_zz,K_star_eig1,K_star_eig2,K_star_eig3,K_eig1,K_eig2,K_eig3,symmetry_error,error_type,error_message
eps_0.02_coeffs_0.408_-0.201_0.942_68.908_69.592_-3183.65_m_-0.347_rho_0.587_,0.41282129287719727,0.16666666666666666,1e-05,True,70000,25000,20000,25000,1.2585765944042386,-0.15263467820282203,0.04542649606276773,-0.1526323135718122,1.1162493695370417,0.07051956005798693,0.045432600013555445,0.07052013976231236,1.1576562828119228,0.5195672168869377,-0.06301084519358395,0.018753024835512687,-0.0630098690235533,0.4608115079056379,0.029111975956269326,0.01875554467636853,0.029112215270558437,0.4779051633778283,0.9795055478038485,1.1971558024180384,1.3558208965313159,0.40436074662477217,0.49421140612965314,0.5597117354159786,4.518254955735407e-06,,
