sample_name,porosity,nu,g,all_converged,total_iterations,iterations_x,iterations_y,iterations_z,K_star_xx,K_star_xy,K_star_xz,K_star_yx,K_star_yy,K_star_yz,K_star_zx,K_star_zy,K_star_zz,K_xx,K_xy,K_xz,K_yx,K_yy,K_yz,K_zx,K_zy,K_zz,K_star_eig1,K_star_eig2,K_star_eig3,K_eig1,K_eig2,K_eig3,symmetry_error,error_type,error_message
eps_0.02_coeffs_0.91_0.898_0.622_-31.03_61.145_-390.286_m_-0.372_rho_0.377_,0.6225056648254395,0.16666666666666666,1e-05,True,27500,10000,7500,10000,3.778950280194902,-0.06967389219471255,-0.04045231718824684,-0.06969206876183906,3.506797879116618,0.03692566537217508,-0.04043453604587546,0.03694811745201925,3.695388664775987,2.352417956515008,-0.04337239258164553,-0.025181796604999154,-0.04338370759764887,2.183001545147931,0.022986435871627554,-0.0251707277431459,0.023000412418517666,2.300400377554769,3.486519368313508,3.6793180734961255,3.8152993822778756,2.1703780572987728,2.290396343445961,2.3750454784729773,7.561461383721571e-06,,
