sample_name,porosity,nu,g,all_converged,total_iterations,iterations_x,iterations_y,iterations_z,K_star_xx,K_star_xy,K_star_xz,K_star_yx,K_star_yy,K_star_yz,K_star_zx,K_star_zy,K_star_zz,K_xx,K_xy,K_xz,K_yx,K_yy,K_yz,K_zx,K_zy,K_zz,K_star_eig1,K_star_eig2,K_star_eig3,K_eig1,K_eig2,K_eig3,symmetry_error,error_type,error_message
eps_0.02_coeffs_0.967_1.047_0.947_-39.592_69.324_-311.818_m_-0.438_rho_0.643_,0.35678911209106445,0.16666666666666666,1e-05,True,50000,15000,17500,17500,1.2920523417632916,0.053164245161531114,-0.06601181450261819,0.05315844164616101,1.4512043680864621,0.0229123499407608,-0.06601192716935107,0.022919700770685433,1.5032649231358448,0.4609902077929054,0.018968423826174356,-0.023552296683909194,0.018966353195078448,0.5177739179522431,0.0081748769912838,-0.023552336882172783,0.008177499687365742,0.5363485571632803,1.256195121697824,1.4672015911034921,1.5231249201842825,0.4481967420836933,0.5234815529484124,0.5434343878763237,5.3849882139301426e-06,,
