sample_name,porosity,nu,g,all_converged,total_iterations,iterations_x,iterations_y,iterations_z,K_star_xx,K_star_xy,K_star_xz,K_star_yx,K_star_yy,K_star_yz,K_star_zx,K_star_zy,K_star_zz,K_xx,K_xy,K_xz,K_yx,K_yy,K_yz,K_zx,K_zy,K_zz,K_star_eig1,K_star_eig2,K_star_eig3,K_eig1,K_eig2,K_eig3,symmetry_error,error_type,error_message
eps_0.02_coeffs_0.701_0.341_0.504_51.083_130.491_-1254.824_m_-0.252_rho_0.335_,0.6649999618530273,0.16666666666666666,1e-05,True,50000,17500,17500,15000,1.8905407401744665,0.006339148742880306,-0.0907201163969436,0.0063384132164537865,1.5729898782638914,0.045993052967097686,-0.09071690084487886,0.045983804009672335,1.6937812414714097,1.2572095200976143,0.00421553367219607,-0.0603288739432697,0.004215044547150493,1.046038209040686,0.030585378468624226,-0.06032673560126931,0.03057922791228919,1.1263644609658607,1.553281991732007,1.677708390079216,1.9263214780985423,1.0329324652487797,1.1156760154031826,1.281003709452198,4.644990016520511e-06,,
