sample_name,porosity,nu,g,all_converged,total_iterations,iterations_x,iterations_y,iterations_z,K_star_xx,K_star_xy,K_star_xz,K_star_yx,K_star_yy,K_star_yz,K_star_zx,K_star_zy,K_star_zz,K_xx,K_xy,K_xz,K_yx,K_yy,K_yz,K_zx,K_zy,K_zz,K_star_eig1,K_star_eig2,K_star_eig3,K_eig1,K_eig2,K_eig3,symmetry_error,error_type,error_message
eps_0.02_coeffs_0.624_0.357_0.857_40.929_126.662_-2528.783_m_-0.406_rho_0.661_,0.33916807174682617,0.16666666666666666,1e-05,True,75000,22500,25000,27500,0.7709689754138405,0.003826361431036695,0.04607039435652447,0.0038265248365949114,0.6036898570052166,0.002758728667281766,0.04607043378148525,0.002758455439239242,0.6531980123172156,0.2614880607677385,0.0012977796283711422,0.015625606818518267,0.0012978350503192351,0.20475232473357655,0.0009356726825546482,0.015625620190206194,0.0009355800123263182,0.22154391030648965,0.6035237817897704,0.6373720531182369,0.7869610098282657,0.20469599732298885,0.21617625024142803,0.266912048243388,3.848286357919743e-07,,
