sample_name,porosity,nu,g,all_converged,total_iterations,iterations_x,iterations_y,iterations_z,K_star_xx,K_star_xy,K_star_xz,K_star_yx,K_star_yy,K_star_yz,K_star_zx,K_star_zy,K_star_zz,K_xx,K_xy,K_xz,K_yx,K_yy,K_yz,K_zx,K_zy,K_zz,K_star_eig1,K_star_eig2,K_star_eig3,K_eig1,K_eig2,K_eig3,symmetry_error,error_type,error_message
eps_0.02_coeffs_0.81_1.184_0.931_21.47_50.106_817.244_m_-0.442_rho_0.426_,0.5743579864501953,0.16666666666666666,1e-05,True,45000,15000,15000,15000,32.248917360460084,2.827752073785637,-0.8553028489713271,2.8426296991767264,43.40549193468744,-10.008694539913892,-0.8247450391815329,-9.862513327421478,62.556623672518754,18.5224232403526,1.6241419872798826,-0.49125002214028696,1.632687070242669,24.930290948487272,-5.7485736429400065,-0.47369890003909265,-5.664613296076016,35.92989641167049,31.47056663940707,39.91177374326018,66.82869258499905,18.075371287456534,22.923646002834683,38.383593310219155,0.002527395961231727,,
