sample_name,porosity,nu,g,all_converged,total_iterations,iterations_x,iterations_y,iterations_z,K_star_xx,K_star_xy,K_star_xz,K_star_yx,K_star_yy,K_star_yz,K_star_zx,K_star_zy,K_star_zz,K_xx,K_xy,K_xz,K_yx,K_yy,K_yz,K_zx,K_zy,K_zz,K_star_eig1,K_star_eig2,K_star_eig3,K_eig1,K_eig2,K_eig3,symmetry_error,error_type,error_message
eps_0.02_coeffs_0.85_0.891_0.874_-4.552_47.232_-2978.215_m_-0.255_rho_0.467_,0.5333833694458008,0.16666666666666666,1e-05,True,32500,12500,10000,10000,2.212931805087674,0.04386991431444406,7.593129172742423e-05,0.043865165426214055,2.2255048645197784,-0.0006423037788818315,7.44311175710766e-05,-0.0006431670152882781,2.240142331546338,1.1803410225514417,0.02339948271433674,4.0500488227945596e-05,0.0233969497363315,1.1870472833555799,-0.00034259415378776187,3.970032028167739e-05,-0.00034305458973086063,1.194854664838358,2.1749014870121677,2.240137655865787,2.263539858275834,1.1600562833552337,1.194852170908111,1.2073345164820357,1.8535542900856015e-06,,
