sample_name,porosity,nu,g,all_converged,total_iterations,iterations_x,iterations_y,iterations_z,K_star_xx,K_star_xy,K_star_xz,K_star_yx,K_star_yy,K_star_yz,K_star_zx,K_star_zy,K_star_zz,K_xx,K_xy,K_xz,K_yx,K_yy,K_yz,K_zx,K_zy,K_zz,K_star_eig1,K_star_eig2,K_star_eig3,K_eig1,K_eig2,K_eig3,symmetry_error,error_type,error_message
eps_0.02_coeffs_0.17_0.307_0.438_-23.198_28.797_-15.308_m_-0.397_rho_0.677_,0.3232555389404297,0.16666666666666666,1e-05,True,62500,20000,22500,20000,0.7603184412792237,-0.00438717537481724,0.009217409730240485,-0.0043873071472813425,0.7457337635602452,-0.00651379070032901,0.009217352175335442,-0.006513711023426445,0.7439285131214227,0.2457771475020629,-0.0014181787402127285,0.0029795787499836486,-0.0014182213363916295,0.24106256964574205,-0.002105618923380013,0.0029795601450418,-0.0021055931673799335,0.24047901244221803,0.7372722743981978,0.746057143514371,0.7666513000483229,0.23832734640642578,0.24116710400709535,0.24782427917650174,1.7894551857156655e-07,,
