sample_name,porosity,nu,g,all_converged,total_iterations,iterations_x,iterations_y,iterations_z,K_star_xx,K_star_xy,K_star_xz,K_star_yx,K_star_yy,K_star_yz,K_star_zx,K_star_zy,K_star_zz,K_xx,K_xy,K_xz,K_yx,K_yy,K_yz,K_zx,K_zy,K_zz,K_star_eig1,K_star_eig2,K_star_eig3,K_eig1,K_eig2,K_eig3,symmetry_error,error_type,error_message
eps_0.02_coeffs_0.769_0.877_0.559_1.245_46.472_616.249_m_-0.287_rho_0.497_,0.5025877952575684,0.16666666666666666,1e-05,True,312500,97500,107500,107500,0.16666481674113431,4.159585193216762e-09,7.846163906105889e-09,3.4036752635349704e-09,0.16666504970247614,-9.655541098378335e-09,6.485403002982887e-09,-9.651906356716048e-09,0.16666477752131217,0.08376370279293337,2.090556751444839e-09,3.943386218799269e-09,1.7106456464727637e-09,0.08376381987646053,-4.852757112652808e-09,3.259484396625982e-09,-4.850930335854428e-09,0.08376368308152943,0.16666477610593627,0.16666481777152212,0.16666505008746435,0.08376368237017873,0.0837637033107937,0.0837638200699509,7.62595858669387e-09,,
