sample_name,porosity,nu,g,all_converged,total_iterations,iterations_x,iterations_y,iterations_z,K_star_xx,K_star_xy,K_star_xz,K_star_yx,K_star_yy,K_star_yz,K_star_zx,K_star_zy,K_star_zz,K_xx,K_xy,K_xz,K_yx,K_yy,K_yz,K_zx,K_zy,K_zz,K_star_eig1,K_star_eig2,K_star_eig3,K_eig1,K_eig2,K_eig3,symmetry_error,error_type,error_message
eps_0.02_coeffs_0.549_1.006_0.636_80.147_148.495_-486.962_m_-0.279_rho_0.359_,0.6414093971252441,0.16666666666666666,1e-05,True,232500,80000,72500,80000,0.1666609728336888,-1.3560920032419608e-08,5.8538348339900004e-09,-1.3171261566812354e-08,0.16666055684604705,1.8555297549614416e-08,5.852089607038957e-09,2.495778114574343e-08,0.1666611145412204,0.10689791410956302,-8.698101542457907e-09,3.75470467174028e-09,-8.44817094094801e-09,0.10689764729118052,1.1901542214777702e-08,3.753585266773764e-09,1.6008155358275078e-08,0.10689800500210543,0.16666055530003615,0.16666097307123576,0.1666611158496843,0.10689764629955467,0.10689791426192788,0.10689800584136645,3.142476326677147e-08,,
