sample_name,porosity,nu,g,all_converged,total_iterations,iterations_x,iterations_y,iterations_z,K_star_xx,K_star_xy,K_star_xz,K_star_yx,K_star_yy,K_star_yz,K_star_zx,K_star_zy,K_star_zz,K_xx,K_xy,K_xz,K_yx,K_yy,K_yz,K_zx,K_zy,K_zz,K_star_eig1,K_star_eig2,K_star_eig3,K_eig1,K_eig2,K_eig3,symmetry_error,error_type,error_message
eps_0.02_coeffs_0.827_0.9_0.375_-39.05_109.129_-118.087_m_-0.267_rho_0.543_,0.4568486213684082,0.16666666666666666,1e-05,True,57500,20000,17500,20000,0.8922622226057061,-0.004386196619516839,-0.002095856704311076,-0.004386363747341971,0.8939410818017588,0.003271584064686723,-0.002095759268319558,0.0032711638776935065,0.8931195214981787,0.40762876629652856,-0.0020038278786770405,-0.0009574892459502507,-0.0020039042307935444,0.40839575080571694,0.0014946186696429826,-0.000957444732451854,0.0014944267077944147,0.40802042211365536,0.8885600048193415,0.8909624593002503,0.8998003617860516,0.4059374132048224,0.4070349712223259,0.4110725547887526,4.2289586986373845e-07,,
