sample_name,porosity,nu,g,all_converged,total_iterations,iterations_x,iterations_y,iterations_z,K_star_xx,K_star_xy,K_star_xz,K_star_yx,K_star_yy,K_star_yz,K_star_zx,K_star_zy,K_star_zz,K_xx,K_xy,K_xz,K_yx,K_yy,K_yz,K_zx,K_zy,K_zz,K_star_eig1,K_star_eig2,K_star_eig3,K_eig1,K_eig2,K_eig3,symmetry_error,error_type,error_message
eps_0.02_coeffs_0.425_0.676_0.794_6.565_90.568_911.918_m_-0.518_rho_0.387_,0.6131219863891602,0.16666666666666666,1e-05,True,50000,15000,17500,17500,58.405750265092934,0.18781473573284146,-3.046225722031817,0.4183567905414674,55.550372540232566,-24.261616888406902,-2.7821836723153694,-24.372974211670655,57.8224293904735,35.809849619082996,0.11515334384567494,-1.8677079656819013,0.2565037464361783,34.059154756525245,-14.875330739632835,-1.7058179796694877,-14.943606362871288,35.45220276573407,32.18666332014055,58.274339536404725,81.3175493392537,19.734350950083698,35.72927881207683,49.85757737918175,0.004950173983248847,,
