sample_name,porosity,nu,g,all_converged,total_iterations,iterations_x,iterations_y,iterations_z,K_star_xx,K_star_xy,K_star_xz,K_star_yx,K_star_yy,K_star_yz,K_star_zx,K_star_zy,K_star_zz,K_xx,K_xy,K_xz,K_yx,K_yy,K_yz,K_zx,K_zy,K_zz,K_star_eig1,K_star_eig2,K_star_eig3,K_eig1,K_eig2,K_eig3,symmetry_error,error_type,error_message
eps_0.02_coeffs_0.379_1.386_0.427_-37.877_5.178_-397.986_m_-0.426_rho_0.6_,0.39986085891723633,0.16666666666666666,1e-05,True,50000,17500,17500,15000,1.1490358754592842,0.026988667233476326,-0.007986492564587375,0.026988573222116185,1.1434477803123322,-0.032783288394680775,-0.007984497923593802,-0.03278492110278362,1.178872665409048,0.459454472087868,0.010791711661009316,-0.0031934857766120293,0.010791674069546103,0.4572200115626965,-0.01310875385562852,-0.003192688197751108,-0.013109406711692884,0.4713850365445137,1.112390663008019,1.152477940985355,1.2064877171872905,0.44480148596190044,0.460830819365572,0.48242721486760576,1.819071162432394e-06,,
