sample_name,porosity,nu,g,all_converged,total_iterations,iterations_x,iterations_y,iterations_z,K_star_xx,K_star_xy,K_star_xz,K_star_yx,K_star_yy,K_star_yz,K_star_zx,K_star_zy,K_star_zz,K_xx,K_xy,K_xz,K_yx,K_yy,K_yz,K_zx,K_zy,K_zz,K_star_eig1,K_star_eig2,K_star_eig3,K_eig1,K_eig2,K_eig3,symmetry_error,error_type,error_message
eps_0.02_coeffs_0.461_0.753_0.649_43.042_52.931_-1074.373_m_-0.5_rho_0.58_,0.4200773239135742,0.16666666666666666,1e-05,True,85000,25000,27500,32500,7.6627090264357465,0.2682736573152455,1.9283182116419209,0.2656319430361514,6.987933559074011,3.2644604672996085,1.9301649344559515,3.2683089578515228,7.589242176964245,3.218930301753518,0.11269568004149559,0.8100427540003473,0.11158595577658946,2.9354724291816687,1.3713258171248754,0.8108185203780754,1.3729424807370303,3.188068544231168,3.6694393852343663,7.259723168907455,11.310722208332177,1.5414482772123237,3.0496450811480162,4.75137791680601,0.0005096070499816717,,
