sample_name,porosity,nu,g,all_converged,total_iterations,iterations_x,iterations_y,iterations_z,K_star_xx,K_star_xy,K_star_xz,K_star_yx,K_star_yy,K_star_yz,K_star_zx,K_star_zy,K_star_zz,K_xx,K_xy,K_xz,K_yx,K_yy,K_yz,K_zx,K_zy,K_zz,K_star_eig1,K_star_eig2,K_star_eig3,K_eig1,K_eig2,K_eig3,symmetry_error,error_type,error_message
eps_0.02_coeffs_0.703_0.021_0.688_31.918_74.749_-2781.275_m_-0.429_rho_0.371_,0.6293830871582031,0.16666666666666666,1e-05,True,30000,10000,10000,10000,3.7309704119289373,-0.07669419424363479,0.07299913174637124,-0.0766905175872715,3.620964991781798,-0.1450622080965964,0.07303462501855196,-0.14504694509702518,3.6160061911143715,2.348209675955747,-0.04827002874016975,0.04594441889839952,-0.04826771471483741,2.2789741250194058,-0.09129970036182153,0.04596675776361797,-0.0912900940880321,2.2758531397467388,3.4734045607881567,3.6401359896537144,3.8544010443832346,2.186102085418233,2.291040026843935,2.425894828459722,8.659727167970921e-06,,
