sample_name,porosity,nu,g,all_converged,total_iterations,iterations_x,iterations_y,iterations_z,K_star_xx,K_star_xy,K_star_xz,K_star_yx,K_star_yy,K_star_yz,K_star_zx,K_star_zy,K_star_zz,K_xx,K_xy,K_xz,K_yx,K_yy,K_yz,K_zx,K_zy,K_zz,K_star_eig1,K_star_eig2,K_star_eig3,K_eig1,K_eig2,K_eig3,symmetry_error,error_type,error_message
eps_0.02_coeffs_0.611_0.999_0.782_36.37_136.465_-716.677_m_-0.255_rho_0.659_,0.34053611755371094,0.16666666666666666,1e-05,True,310000,115000,102500,92500,0.34610886663827667,0.020464305252960727,0.02728379890296074,0.020464468493787913,0.2801570022320847,0.02496109879126593,0.027283597506270667,0.024961028903391743,0.331064453673153,0.11786256969591384,0.006968835059277258,0.009291118950530447,0.006968890648674775,0.09540357784560044,0.008500155672252326,0.009291050367683523,0.008500131872906987,0.11273940371389593,0.2687662333429649,0.3114193792137413,0.37714470998680827,0.09152460963214795,0.10604954632843425,0.12843139529482794,6.803965396237913e-07,,
