sample_name,porosity,nu,g,all_converged,total_iterations,iterations_x,iterations_y,iterations_z,K_star_xx,K_star_xy,K_star_xz,K_star_yx,K_star_yy,K_star_yz,K_star_zx,K_star_zy,K_star_zz,K_xx,K_xy,K_xz,K_yx,K_yy,K_yz,K_zx,K_zy,K_zz,K_star_eig1,K_star_eig2,K_star_eig3,K_eig1,K_eig2,K_eig3,symmetry_error,error_type,error_message
eps_0.02_coeffs_0.532_1.107_0.938_25.587_37.562_-1288.193_m_-0.385_rho_0.549_,0.4506254196166992,0.16666666666666666,1e-05,True,37500,10000,12500,15000,4.21525402996902,-0.34510348731674806,-0.024328205254494653,-0.3449018330525897,3.8223628629822053,-0.6192774805077469,-0.02427165893005934,-0.6193370690260134,3.2505765325447165,1.8995006160457721,-0.15551240378329584,-0.01096290770132784,-0.15542153324589197,1.722453869058644,-0.2790621745129757,-0.010937426490151395,-0.2790890266140239,1.464792413974158,2.822506256343404,3.9582069307849603,4.507480238367581,1.271893066135505,1.7836686591146995,2.03118517382837,4.6448974417301153e-05,,
