sample_name,porosity,nu,g,all_converged,total_iterations,iterations_x,iterations_y,iterations_z,K_star_xx,K_star_xy,K_star_xz,K_star_yx,K_star_yy,K_star_yz,K_star_zx,K_star_zy,K_star_zz,K_xx,K_xy,K_xz,K_yx,K_yy,K_yz,K_zx,K_zy,K_zz,K_star_eig1,K_star_eig2,K_star_eig3,K_eig1,K_eig2,K_eig3,symmetry_error,error_type,error_message
eps_0.02_coeffs_0.89_1.006_0.823_13.444_12.995_-2195.261_m_-0.252_rho_0.538_,0.4624052047729492,0.16666666666666666,1e-05,True,35000,12500,10000,12500,3.162482034853259,0.22106671194537575,0.14326510940752255,0.22108747098496395,3.090321299462846,-0.13881620585616958,0.1432275841569917,-0.13881517941266833,3.179592708239777,1.4623481529170945,0.10222239820558406,0.06624653225240444,0.10223199729353573,1.4289806532923237,-0.06418933609472596,0.06622918038124856,-0.06418886146190858,1.4702602173481902,2.7987224316186725,3.2790542899508273,3.3546193209863837,1.294143819095278,1.51625177040633,1.5511934340560003,1.1105837410472706e-05,,
