sample_name,porosity,nu,g,all_converged,total_iterations,iterations_x,iterations_y,iterations_z,K_star_xx,K_star_xy,K_star_xz,K_star_yx,K_star_yy,K_star_yz,K_star_zx,K_star_zy,K_star_zz,K_xx,K_xy,K_xz,K_yx,K_yy,K_yz,K_zx,K_zy,K_zz,K_star_eig1,K_star_eig2,K_star_eig3,K_eig1,K_eig2,K_eig3,symmetry_error,error_type,error_message
eps_0.02_coeffs_0.761_0.478_0.256_24.8_45.34_-3762.348_m_-0.269_rho_0.575_,0.4251284599304199,0.16666666666666666,1e-05,True,45000,17500,15000,12500,1.2135305965887329,-0.011731086749603822,0.0042252493924720864,-0.011730439666456222,1.2137643737288297,0.0008041791591068714,0.004225450993777855,0.0008047044599232448,1.2543433429841102,0.5159063936062117,-0.004987218843169229,0.0017962737670436004,-0.004986943749707242,0.516005778921748,0.00034187944741924435,0.0017963594734962418,0.0003421027677463094,0.5332570536268093,1.2016735180702713,1.2251844340019944,1.2547803612294062,0.5108656120763845,0.5208607715579915,0.5334428425203933,5.704254764754813e-07,,
