sample_name,porosity,nu,g,all_converged,total_iterations,iterations_x,iterations_y,iterations_z,K_star_xx,K_star_xy,K_star_xz,K_star_yx,K_star_yy,K_star_yz,K_star_zx,K_star_zy,K_star_zz,K_xx,K_xy,K_xz,K_yx,K_yy,K_yz,K_zx,K_zy,K_zz,K_star_eig1,K_star_eig2,K_star_eig3,K_eig1,K_eig2,K_eig3,symmetry_error,error_type,error_message
eps_0.02_coeffs_0.686_0.127_0.298_98.2_112.577_-3375.425_m_-0.582_rho_0.579_,0.4206118583679199,0.16666666666666666,1e-05,True,62500,20000,17500,25000,0.8779315425831016,0.038802601067515693,0.06858230662213526,0.038803380696567705,0.8955570373846865,0.018776247607000723,0.06858621373469899,0.01877653759925205,0.9021138183089601,0.36926841764569296,0.016320834144516808,0.02884653143949481,0.016321162065741215,0.37668190976884175,0.007897512399156783,0.028848174817371095,0.007897634373336527,0.37943976957831177,0.8158578046997611,0.881029351745509,0.9787152418314777,0.3431594673987379,0.37057139291436253,0.41165923667974597,3.646837691022312e-06,,
