sample_name,porosity,nu,g,all_converged,total_iterations,iterations_x,iterations_y,iterations_z,K_star_xx,K_star_xy,K_star_xz,K_star_yx,K_star_yy,K_star_yz,K_star_zx,K_star_zy,K_star_zz,K_xx,K_xy,K_xz,K_yx,K_yy,K_yz,K_zx,K_zy,K_zz,K_star_eig1,K_star_eig2,K_star_eig3,K_eig1,K_eig2,K_eig3,symmetry_error,error_type,error_message
eps_0.02_coeffs_0.746_0.364_0.596_19.743_147.365_-1408.15_m_-0.259_rho_0.676_,0.3243412971496582,0.16666666666666666,1e-05,True,80000,27500,30000,22500,0.5717401815647231,-0.0004767918404890803,-0.012463338970543828,-0.00047682263257007966,0.5776533049161635,0.006054991068975381,-0.012463365697685339,0.006055006603295392,0.5865712694783508,0.18543895212128336,-0.00015464328401460124,-0.004042375528522071,-0.0001546532711580945,0.1873568222192955,0.0019638836575410707,-0.004042384197237818,0.001963888695962573,0.19024928641333003,0.5641215452156397,0.5764582837333366,0.5953849270102615,0.1829679137253101,0.1869692274987361,0.19310791952986275,6.155155823724384e-08,,
