sample_name,porosity,nu,g,all_converged,total_iterations,iterations_x,iterations_y,iterations_z,K_star_xx,K_star_xy,K_star_xz,K_star_yx,K_star_yy,K_star_yz,K_star_zx,K_star_zy,K_star_zz,K_xx,K_xy,K_xz,K_yx,K_yy,K_yz,K_zx,K_zy,K_zz,K_star_eig1,K_star_eig2,K_star_eig3,K_eig1,K_eig2,K_eig3,symmetry_error,error_type,error_message
eps_0.02_coeffs_0.343_0.085_0.499_68.868_53.167_-1949.405_m_-0.396_rho_0.52_,0.48030662536621094,0.16666666666666666,1e-05,True,82500,27500,22500,32500,1.4235604273594058,-0.03126475520179037,0.04564668099839552,-0.031273935033755786,1.4414029504171813,0.03784989919221589,0.04565767667312823,0.03782869556022049,0.9755587476030262,0.6837455048698773,-0.01501666906387262,0.021924403309507297,-0.01502107819798536,0.6923153869077762,0.01817955735146449,0.021929684604931787,0.01816937310653527,0.4685673299076966,0.967432821461414,1.4080694612362694,1.46501984268193,0.46466439374464363,0.6763050912076113,0.7036587367330949,1.607957897356042e-05,,
