sample_name,porosity,nu,g,all_converged,total_iterations,iterations_x,iterations_y,iterations_z,K_star_xx,K_star_xy,K_star_xz,K_star_yx,K_star_yy,K_star_yz,K_star_zx,K_star_zy,K_star_zz,K_xx,K_xy,K_xz,K_yx,K_yy,K_yz,K_zx,K_zy,K_zz,K_star_eig1,K_star_eig2,K_star_eig3,K_eig1,K_eig2,K_eig3,symmetry_error,error_type,error_message
eps_0.02_coeffs_0.528_0.635_0.911_16.576_80.306_-2792.283_m_-0.347_rho_0.685_,0.3150444030761719,0.16666666666666666,1e-05,True,60000,22500,17500,20000,0.7582423153241686,-0.016266002081967074,-0.008974145452569368,-0.016266241376092134,0.7427579314088797,0.015805911012677205,-0.00897405895853774,0.01580568969135393,0.7579575772287758,0.2388799976183972,-0.0051245129163490855,-0.002827254297223459,-0.005124588304623875,0.23400172913080272,0.004979563800063981,-0.002827227047762895,0.0049794940740198025,0.2387902924751011,0.7291820977603589,0.7491253648169294,0.7806503613845365,0.22972473872274296,0.23600775338796903,0.24593952711358905,3.655321309186302e-07,,
