sample_name,porosity,nu,g,all_converged,total_iterations,iterations_x,iterations_y,iterations_z,K_star_xx,K_star_xy,K_star_xz,K_star_yx,K_star_yy,K_star_yz,K_star_zx,K_star_zy,K_star_zz,K_xx,K_xy,K_xz,K_yx,K_yy,K_yz,K_zx,K_zy,K_zz,K_star_eig1,K_star_eig2,K_star_eig3,K_eig1,K_eig2,K_eig3,symmetry_error,error_type,error_message
eps_0.02_coeffs_0.916_0.068_0.606_33.808_63.801_378.438_m_-0.595_rho_0.434_,0.5662393569946289,0.16666666666666666,1e-05,True,70000,20000,22500,27500,52.48175299753933,-10.952188355600066,4.051956777016382,-11.664043956553897,74.32883200684844,-1.8211794164529118,4.929325086668859,-1.835947481379492,156.46272767534177,29.71723407127761,-6.201560092159044,2.294377399987785,-6.6046407499161655,42.08791004171965,-1.0312234617441502,2.791177867492868,-1.039585721332232,88.59535431251125,47.29264183577082,79.21469822678918,156.76597261716952,26.778955103664156,44.854479788460694,88.76706353338365,0.008788060318752433,,
