sample_name,porosity,nu,g,all_converged,total_iterations,iterations_x,iterations_y,iterations_z,K_star_xx,K_star_xy,K_star_xz,K_star_yx,K_star_yy,K_star_yz,K_star_zx,K_star_zy,K_star_zz,K_xx,K_xy,K_xz,K_yx,K_yy,K_yz,K_zx,K_zy,K_zz,K_star_eig1,K_star_eig2,K_star_eig3,K_eig1,K_eig2,K_eig3,symmetry_error,error_type,error_message
eps_0.02_coeffs_0.769_0.849_0.252_30.207_43.707_-1119.836_m_-0.255_rho_0.613_,0.386746883392334,0.16666666666666666,1e-05,True,70000,27500,22500,20000,1.376528692093592,0.15840600968006036,0.07120335124921802,0.1584166576312752,1.3561900591719844,0.02503365354572838,0.07120982712622902,0.025031790639167554,1.6844631298120718,0.5323681815673225,0.06126303055437923,0.02753767418272472,0.06126714861632608,0.5245022786724299,0.009681687488733902,0.027540178707975954,0.009680967015427451,0.6514608656441153,1.2056173361289002,1.499719288913563,1.711845256035185,0.4662687473116199,0.580011760950688,0.6620508176215598,6.91932638506878e-06,,
