sample_name,porosity,nu,g,all_converged,total_iterations,iterations_x,iterations_y,iterations_z,K_star_xx,K_star_xy,K_star_xz,K_star_yx,K_star_yy,K_star_yz,K_star_zx,K_star_zy,K_star_zz,K_xx,K_xy,K_xz,K_yx,K_yy,K_yz,K_zx,K_zy,K_zz,K_star_eig1,K_star_eig2,K_star_eig3,K_eig1,K_eig2,K_eig3,symmetry_error,error_type,error_message
eps_0.02_coeffs_0.915_0.498_0.745_-8.663_72.13_-2743.652_m_-0.423_rho_0.476_,0.5240130424499512,0.16666666666666666,1e-05,True,37500,12500,12500,12500,2.3605915721902195,0.011478330552850247,0.04029160556169165,0.011475084228152842,2.411419389062027,-0.04712542473507394,0.0402951984756849,-0.04712039239061308,2.3414209461823696,1.2369807717251105,0.006014794915245288,0.021113326815575418,0.0060130937987638204,1.2636152106851952,-0.02469433719217228,0.02111520954936828,-0.024691700178040687,1.2269351136650668,2.2926389503612645,2.3846691819602146,2.436123775113136,1.201372711618069,1.2495977532756082,1.2765606311816948,2.404065850625237e-06,,
