sample_name,porosity,nu,g,all_converged,total_iterations,iterations_x,iterations_y,iterations_z,K_star_xx,K_star_xy,K_star_xz,K_star_yx,K_star_yy,K_star_yz,K_star_zx,K_star_zy,K_star_zz,K_xx,K_xy,K_xz,K_yx,K_yy,K_yz,K_zx,K_zy,K_zz,K_star_eig1,K_star_eig2,K_star_eig3,K_eig1,K_eig2,K_eig3,symmetry_error,error_type,error_message
eps_0.02_coeffs_0.552_-0.576_0.78_88.73_95.816_-3750.758_m_-0.367_rho_0.663_,0.3370680809020996,0.16666666666666666,1e-05,True,115000,35000,37500,42500,0.5913302915630733,0.023005837512192456,-0.011014026424000617,0.023006049769784896,0.5786990767569076,0.004177965265526384,-0.011013886297928413,0.004178187343810208,0.5749623440255496,0.19931856655644412,0.007754533499780245,-0.003712476749742903,0.007754605045039585,0.19506098722226767,0.0014082587341266095,-0.003712429517716661,0.0014083335896275476,0.19380145389166478,0.5557472469779451,0.5791996354124863,0.6100448299550991,0.18732465800548107,0.19522970956768254,0.2056266400972129,4.7362173807692243e-07,,
