sample_name,porosity,nu,g,all_converged,total_iterations,iterations_x,iterations_y,iterations_z,K_star_xx,K_star_xy,K_star_xz,K_star_yx,K_star_yy,K_star_yz,K_star_zx,K_star_zy,K_star_zz,K_xx,K_xy,K_xz,K_yx,K_yy,K_yz,K_zx,K_zy,K_zz,K_star_eig1,K_star_eig2,K_star_eig3,K_eig1,K_eig2,K_eig3,symmetry_error,error_type,error_message
eps_0.02_coeffs_0.403_-0.337_0.85_65.61_98.948_-2763.993_m_-0.276_rho_0.449_,0.5506343841552734,0.16666666666666666,1e-05,True,95000,30000,35000,30000,0.9147453612925578,0.018641347680778814,-0.002573844063518789,0.01863860442748654,0.8291871809663723,-0.04181956509926287,-0.0025738809844823617,-0.041817385127235936,0.7253731561455901,0.5036902486742206,0.010264567000029977,-0.0014172470408273749,0.010263056470442802,0.4565789727408657,-0.023027290474073977,-0.0014172673707794142,-0.02302609010651945,0.399415401116994,0.7105535303901818,0.8394311768304106,0.9193209911839278,0.3912552056157531,0.46221966909474943,0.5062097478215777,3.457208402021454e-06,,
