sample_name,porosity,nu,g,all_converged,total_iterations,iterations_x,iterations_y,iterations_z,K_star_xx,K_star_xy,K_star_xz,K_star_yx,K_star_yy,K_star_yz,K_star_zx,K_star_zy,K_star_zz,K_xx,K_xy,K_xz,K_yx,K_yy,K_yz,K_zx,K_zy,K_zz,K_star_eig1,K_star_eig2,K_star_eig3,K_eig1,K_eig2,K_eig3,symmetry_error,error_type,error_message
eps_0.02_coeffs_0.301_0.536_0.711_-26.407_55.123_-399.161_m_-0.419_rho_0.464_,0.536034107208252,0.16666666666666666,1e-05,True,42500,15000,12500,15000,1.8330810946331235,0.026742027218573872,0.008842198422048562,0.02674557224723434,1.810249478957666,0.0102673420219451,0.008845595100471311,0.010265066955964512,1.8208715856840028,0.9825939880019916,0.01433463868504702,0.004739719936921015,0.01433653894132006,0.9703554632772757,0.00550364551413511,0.004741540672406827,0.005502426001173366,0.9760492747729985,1.792059684255917,1.8164804190068624,1.8556620560120123,0.9606051129140226,0.973695459663615,0.994698153474628,2.4254580835164745e-06,,
