sample_name,porosity,nu,g,all_converged,total_iterations,iterations_x,iterations_y,iterations_z,K_star_xx,K_star_xy,K_star_xz,K_star_yx,K_star_yy,K_star_yz,K_star_zx,K_star_zy,K_star_zz,K_xx,K_xy,K_xz,K_yx,K_yy,K_yz,K_zx,K_zy,K_zz,K_star_eig1,K_star_eig2,K_star_eig3,K_eig1,K_eig2,K_eig3,symmetry_error,error_type,error_message
eps_0.02_coeffs_0.794_-0.684_0.259_81.59_130.22_325.923_m_-0.389_rho_0.618_,0.38232851028442383,0.16666666666666666,1e-05,True,142500,50000,45000,47500,0.5793745445764551,-0.015978201078374943,-0.04890957182994247,-0.0159781369082286,0.5930518532877104,0.011830166479876463,-0.04890921900875839,0.011829909980715668,0.6582325739946976,0.22151140652463258,-0.0061089218153200665,-0.018699523736390923,-0.00610889728124361,0.22674063158890698,0.004523009926667894,-0.018699388842793218,0.004522911859725858,0.2516610794360745,0.5536381446868048,0.5920135752122772,0.6850072519597812,0.21167164709473835,0.22634366827906557,0.26189780217581016,5.875449017991321e-07,,
