sample_name,porosity,nu,g,all_converged,total_iterations,iterations_x,iterations_y,iterations_z,K_star_xx,K_star_xy,K_star_xz,K_star_yx,K_star_yy,K_star_yz,K_star_zx,K_star_zy,K_star_zz,K_xx,K_xy,K_xz,K_yx,K_yy,K_yz,K_zx,K_zy,K_zz,K_star_eig1,K_star_eig2,K_star_eig3,K_eig1,K_eig2,K_eig3,symmetry_error,error_type,error_message
eps_0.02_coeffs_0.516_1.002_0.677_-38.115_80.425_474.22_m_-0.415_rho_0.637_,0.36291933059692383,0.16666666666666666,1e-05,True,60000,20000,20000,20000,0.799901315820728,-0.020607324060262163,0.0058959197855456,-0.020607807184643123,0.8689174327795719,0.020622906523815192,0.005897406544319875,0.020623157158569008,0.8682347497313807,0.29029965008125713,-0.007478796253344227,0.002139743261823368,-0.00747897158852116,0.3153469330483598,0.007484451430585943,0.002140282835322487,0.0074845423907830225,0.31509917417350036,0.7924756670269687,0.854024680443714,0.8905531508609981,0.28760473859177815,0.30994206533988444,0.3231989533714547,1.526857719086463e-06,,
