sample_name,porosity,nu,g,all_converged,total_iterations,iterations_x,iterations_y,iterations_z,K_star_xx,K_star_xy,K_star_xz,K_star_yx,K_star_yy,K_star_yz,K_star_zx,K_star_zy,K_star_zz,K_xx,K_xy,K_xz,K_yx,K_yy,K_yz,K_zx,K_zy,K_zz,K_star_eig1,K_star_eig2,K_star_eig3,K_eig1,K_eig2,K_eig3,symmetry_error,error_type,error_message
eps_0.02_coeffs_0.278_1.415_0.558_-9.616_40.177_-3137.529_m_-0.464_rho_0.539_,0.46107053756713867,0.16666666666666666,1e-05,True,55000,17500,17500,20000,1.1826961642300877,0.0011582292751510586,-0.005198850117668692,0.001158060783202619,1.1313763650416417,-0.007952207461733807,-0.005198685797834393,-0.007952101816742512,1.156420409588631,0.5453063562201594,0.000534025394519896,-0.0023970366184844862,0.0005339477078466531,0.521644308820505,-0.0036665285692270176,-0.0023969608554501526,-0.00366647985943409,0.5331913799026408,1.129062561277524,1.1576061673875284,1.183824210195308,0.5205774820751584,0.5337380978884027,0.545826464979744,1.8204634079027666e-07,,
