sample_name,porosity,nu,g,all_converged,total_iterations,iterations_x,iterations_y,iterations_z,K_star_xx,K_star_xy,K_star_xz,K_star_yx,K_star_yy,K_star_yz,K_star_zx,K_star_zy,K_star_zz,K_xx,K_xy,K_xz,K_yx,K_yy,K_yz,K_zx,K_zy,K_zz,K_star_eig1,K_star_eig2,K_star_eig3,K_eig1,K_eig2,K_eig3,symmetry_error,error_type,error_message
eps_0.02_coeffs_0.385_-0.333_0.885_59.491_106.927_-416.949_m_-0.374_rho_0.449_,0.5512857437133789,0.16666666666666666,1e-05,True,42500,10000,15000,17500,3.89675199863585,-1.1701635634230019,-0.7492650010880297,-1.1706682746189607,2.299899089775522,1.1272793950286786,-0.7490447553912961,1.1273058757921284,2.3669378030133634,2.1482238236345603,-0.6450944903279472,-0.41305911336322015,-0.6453727304149719,1.267901580172622,0.6214530596611529,-0.41293769505049666,0.6214676581285254,1.3048590670575333,1.153664760989034,2.3453889851758167,5.064535145259884,0.6359989357577575,1.2929795109898183,2.792006024117141,0.00013680445990349457,,
