sample_name,porosity,nu,g,all_converged,total_iterations,iterations_x,iterations_y,iterations_z,K_star_xx,K_star_xy,K_star_xz,K_star_yx,K_star_yy,K_star_yz,K_star_zx,K_star_zy,K_star_zz,K_xx,K_xy,K_xz,K_yx,K_yy,K_yz,K_zx,K_zy,K_zz,K_star_eig1,K_star_eig2,K_star_eig3,K_eig1,K_eig2,K_eig3,symmetry_error,error_type,error_message
eps_0.02_coeffs_0.823_1.125_0.798_-0.64_84.794_-23.934_m_-0.224_rho_0.663_,0.33672046661376953,0.16666666666666666,1e-05,True,187500,60000,67500,60000,0.2983496620437718,-0.04862418178836444,0.029317241018979562,-0.04862426596227937,0.3372753889281608,-0.026550459218288983,0.029317187813500477,-0.02655038829175045,0.2879669392115537,0.10046043741743928,-0.01637275718049083,0.009871715075739142,-0.01637278552357074,0.1135675263372309,-0.008940083016792125,0.009871697160365399,-0.008940059134374975,0.09696436214065336,0.25957162838920556,0.2785747249056893,0.3854456368885913,0.0874030798309093,0.09380181135704617,0.12978743470736806,3.1911415974891885e-07,,
