sample_name,porosity,nu,g,all_converged,total_iterations,iterations_x,iterations_y,iterations_z,K_star_xx,K_star_xy,K_star_xz,K_star_yx,K_star_yy,K_star_yz,K_star_zx,K_star_zy,K_star_zz,K_xx,K_xy,K_xz,K_yx,K_yy,K_yz,K_zx,K_zy,K_zz,K_star_eig1,K_star_eig2,K_star_eig3,K_eig1,K_eig2,K_eig3,symmetry_error,error_type,error_message
eps_0.02_coeffs_0.268_-0.301_0.869_62.225_78.832_-3014.811_m_-0.212_rho_0.405_,0.5948171615600586,0.16666666666666666,1e-05,True,290000,85000,100000,105000,0.5766747858284106,-0.004192114346719101,-0.003028739981404742,-0.004190861217106789,0.5640467187265283,0.006107899284912096,-0.003031605052294913,0.006106013901238994,0.5743288231178593,0.3430160592497099,-0.002493541556650655,-0.0018015465188426334,-0.0024927961736515925,0.3355046682201783,0.003633083315746124,-0.001803250712177193,0.0036319618571812383,0.341620640369094,0.5607721832015631,0.5726824798648574,0.5815956646063777,0.33355691829379086,0.3406413671483898,0.3459430823968014,5.214644625563932e-06,,
