sample_name,porosity,nu,g,all_converged,total_iterations,iterations_x,iterations_y,iterations_z,K_star_xx,K_star_xy,K_star_xz,K_star_yx,K_star_yy,K_star_yz,K_star_zx,K_star_zy,K_star_zz,K_xx,K_xy,K_xz,K_yx,K_yy,K_yz,K_zx,K_zy,K_zz,K_star_eig1,K_star_eig2,K_star_eig3,K_eig1,K_eig2,K_eig3,symmetry_error,error_type,error_message
eps_0.02_coeffs_0.882_0.354_0.627_-2.585_107.439_436.403_m_-0.313_rho_0.54_,0.4602494239807129,0.16666666666666666,1e-05,True,42500,17500,12500,12500,2.578358403375004,-1.0849361150717742,-1.23217648094976,-1.084983292330355,4.924729392723214,2.1186642630043195,-1.2330159376155725,2.1191908523186918,3.950969395731902,1.1866879699691764,-0.4993412220176565,-0.5671085155997089,-0.4993629353237433,2.2666038662617454,0.9751140066562597,-0.5674948750466059,0.9753563690848739,1.8184313885510333,1.8360346013686828,2.4358464977205734,7.1821760927408675,0.8450338676885945,1.1210969474813304,3.3055924096120304,0.0001798078031603385,,
