sample_name,porosity,nu,g,all_converged,total_iterations,iterations_x,iterations_y,iterations_z,K_star_xx,K_star_xy,K_star_xz,K_star_yx,K_star_yy,K_star_yz,K_star_zx,K_star_zy,K_star_zz,K_xx,K_xy,K_xz,K_yx,K_yy,K_yz,K_zx,K_zy,K_zz,K_star_eig1,K_star_eig2,K_star_eig3,K_eig1,K_eig2,K_eig3,symmetry_error,error_type,error_message
eps_0.02_coeffs_0.172_-0.499_0.819_91.345_66.938_-3514.255_m_-0.563_rho_0.343_,0.6572294235229492,0.16666666666666666,1e-05,True,47500,17500,15000,15000,2.3356689311169974,-0.19584354028002335,-0.12133796722140147,-0.19605225469951792,3.0186335325536193,0.21871456761667804,-0.12145064204543789,0.219012316715114,2.8318542835096516,1.535070345138487,-0.12871413707893323,-0.07974688224836819,-0.12885131033653857,1.983934776427259,0.1437456491907804,-0.0798209354580152,0.14394133865909994,1.8611779582520427,2.275690747630981,2.687249625565662,3.2232163739836235,1.495650918182019,1.7661395222727818,2.118392639362988,0.00011277287830443608,,
