sample_name,porosity,nu,g,all_converged,total_iterations,iterations_x,iterations_y,iterations_z,K_star_xx,K_star_xy,K_star_xz,K_star_yx,K_star_yy,K_star_yz,K_star_zx,K_star_zy,K_star_zz,K_xx,K_xy,K_xz,K_yx,K_yy,K_yz,K_zx,K_zy,K_zz,K_star_eig1,K_star_eig2,K_star_eig3,K_eig1,K_eig2,K_eig3,symmetry_error,error_type,error_message
eps_0.02_coeffs_0.202_1.071_0.725_12.045_72.237_-302.077_m_-0.312_rho_0.691_,0.3092474937438965,0.16666666666666666,1e-05,True,105000,40000,32500,32500,0.1666544651022822,3.823855991602792e-12,-2.6591417630779063e-13,1.4032051406774403e-12,0.166653794893879,1.9375362283421438e-12,-1.2933073678927036e-13,1.9389538422431006e-12,0.1666513278092363,0.05153747565411043,1.1825178818407456e-12,-8.223329257415687e-14,4.339376729630501e-13,0.05153726839384145,5.991782226528099e-13,-3.999520621613341e-14,5.996166161987773e-13,0.051536505454098845,0.16665132780923633,0.16665379489387894,0.16665446510228224,0.05153650545409885,0.05153726839384143,0.05153747565411043,1.1878543251663245e-11,,
