sample_name,porosity,nu,g,all_converged,total_iterations,iterations_x,iterations_y,iterations_z,K_star_xx,K_star_xy,K_star_xz,K_star_yx,K_star_yy,K_star_yz,K_star_zx,K_star_zy,K_star_zz,K_xx,K_xy,K_xz,K_yx,K_yy,K_yz,K_zx,K_zy,K_zz,K_star_eig1,K_star_eig2,K_star_eig3,K_eig1,K_eig2,K_eig3,symmetry_error,error_type,error_message
eps_0.02_coeffs_0.947_0.572_0.382_69.782_140.174_-2284.86_m_-0.643_rho_0.437_,0.563014030456543,0.16666666666666666,1e-05,True,32500,10000,10000,12500,3.5764437255264387,-0.5165981675700397,0.2893980791738189,-0.5163604392243929,3.3326031138990473,0.11877326625544907,0.28946460937853874,0.11881308088571003,3.6126403250017844,2.0135879966096546,-0.29085201645007264,0.1629351789620335,-0.29071817205603623,1.8763023110683281,0.06687101534496849,0.16297263640073992,0.06689343154042285,2.03396718996909,2.8267606584408456,3.6463297264276813,4.0485967795587445,1.5915059114447712,2.0529347956495525,2.279416790552748,5.7610860847170314e-05,,
