sample_name,porosity,nu,g,all_converged,total_iterations,iterations_x,iterations_y,iterations_z,K_star_xx,K_star_xy,K_star_xz,K_star_yx,K_star_yy,K_star_yz,K_star_zx,K_star_zy,K_star_zz,K_xx,K_xy,K_xz,K_yx,K_yy,K_yz,K_zx,K_zy,K_zz,K_star_eig1,K_star_eig2,K_star_eig3,K_eig1,K_eig2,K_eig3,symmetry_error,error_type,error_message
eps_0.02_coeffs_0.528_-0.063_0.602_13.718_78.221_330.454_m_-0.611_rho_0.421_,0.5790987014770508,0.16666666666666666,1e-05,True,42500,15000,12500,15000,35.84675539190371,-1.7656826971791089,13.81983976049883,-1.8291048507713006,29.51248648642682,-2.7722037898143643,13.701638671357495,-2.798954413881104,28.983697705569227,20.75880949961691,-1.0225045571569187,8.003051259925789,-1.059232243947035,17.09064260164878,-1.6053796149112574,7.934601162690869,-1.6208708665720073,16.784421705298517,18.18391364854606,29.04880210333505,47.110223832018654,10.530280781643851,16.822123577505153,27.28146944741521,0.003319056966604201,,
