sample_name,porosity,nu,g,all_converged,total_iterations,iterations_x,iterations_y,iterations_z,K_star_xx,K_star_xy,K_star_xz,K_star_yx,K_star_yy,K_star_yz,K_star_zx,K_star_zy,K_star_zz,K_xx,K_xy,K_xz,K_yx,K_yy,K_yz,K_zx,K_zy,K_zz,K_star_eig1,K_star_eig2,K_star_eig3,K_eig1,K_eig2,K_eig3,symmetry_error,error_type,error_message
eps_0.02_coeffs_0.533_1.119_0.667_16.019_12.979_-159.894_m_-0.584_rho_0.364_,0.6359691619873047,0.16666666666666666,1e-05,True,45000,15000,15000,15000,31.05856009458079,-14.102787390604202,-4.906053097142348,-14.171095896494522,50.06516556731951,-18.659697645771324,-4.975926432657264,-18.5617049490736,35.82795967456618,19.752286435882887,-8.968937878487681,-3.12009847685484,-9.012379981735354,31.839901390603853,-11.86699227471767,-3.164535763487519,-11.804671941517944,22.7854774899488,13.720569045396017,37.859735026414846,65.37138126465564,8.725858797789453,24.07762395781046,41.574182560835645,0.0025487592196710785,,
