sample_name,porosity,nu,g,all_converged,total_iterations,iterations_x,iterations_y,iterations_z,K_star_xx,K_star_xy,K_star_xz,K_star_yx,K_star_yy,K_star_yz,K_star_zx,K_star_zy,K_star_zz,K_xx,K_xy,K_xz,K_yx,K_yy,K_yz,K_zx,K_zy,K_zz,K_star_eig1,K_star_eig2,K_star_eig3,K_eig1,K_eig2,K_eig3,symmetry_error,error_type,error_message
eps_0.02_coeffs_0.805_0.551_0.93_38.085_27.618_-3555.469_m_-0.263_rho_0.383_,0.6172394752502441,0.16666666666666666,1e-05,True,27500,10000,10000,7500,4.574229371618024,0.01263867166772202,-0.5389301556626651,0.01248054631505274,4.471799631109675,-0.6994766000369284,-0.5389068608400893,-0.6995157517380697,4.909030715081268,2.8233949370117633,0.007801087068044868,-0.3326489664777558,0.007703485858339521,2.760171257730371,-0.43174456955661855,-0.33263458799369305,-0.43176873553208617,3.030047542564093,3.809179219334872,4.525375509613097,5.620504988861001,2.351175782476391,2.793240404863894,3.4691975499659424,2.852095017078772e-05,,
