sample_name,porosity,nu,g,all_converged,total_iterations,iterations_x,iterations_y,iterations_z,K_star_xx,K_star_xy,K_star_xz,K_star_yx,K_star_yy,K_star_yz,K_star_zx,K_star_zy,K_star_zz,K_xx,K_xy,K_xz,K_yx,K_yy,K_yz,K_zx,K_zy,K_zz,K_star_eig1,K_star_eig2,K_star_eig3,K_eig1,K_eig2,K_eig3,symmetry_error,error_type,error_message
eps_0.02_coeffs_0.45_0.99_0.366_29.898_48.057_-3095.742_m_-0.317_rho_0.537_,0.4631190299987793,0.16666666666666666,1e-05,True,50000,17500,15000,17500,1.4319909058074825,0.01115967127360017,-0.0024584060047388614,0.011160090282274122,1.4371224244398986,0.00019960592665967428,-0.002457212751110565,0.00019949495186027003,1.3937234566747143,0.6631822392646346,0.005168256135334953,-0.001138534604257836,0.005168450186225595,0.6655587431960999,9.244130313663583e-05,-0.0011379819857949569,9.238990859518143e-05,0.6454598553417394,1.3935457489671825,1.4232469064377375,1.4460441315171753,0.6453775555206042,0.6591327267582082,0.6696905555236615,7.294145942918023e-07,,
