sample_name,porosity,nu,g,all_converged,total_iterations,iterations_x,iterations_y,iterations_z,K_star_xx,K_star_xy,K_star_xz,K_star_yx,K_star_yy,K_star_yz,K_star_zx,K_star_zy,K_star_zz,K_xx,K_xy,K_xz,K_yx,K_yy,K_yz,K_zx,K_zy,K_zz,K_star_eig1,K_star_eig2,K_star_eig3,K_eig1,K_eig2,K_eig3,symmetry_error,error_type,error_message
eps_0.02_coeffs_0.963_1.355_0.929_10.045_126.033_-4142.681_m_-0.305_rho_0.423_,0.5771775245666504,0.16666666666666666,1e-05,True,42500,15000,12500,15000,1.8556115257727128,-0.002765346559882405,-0.008220202455907821,-0.0027628633543771122,1.821489978817162,0.00428718978302994,-0.008222519002119727,0.004289444823121717,1.819843879541249,1.0710172670028395,-0.0015960958820018288,-0.004744516104937577,-0.0015946626315952938,1.05132307699665,0.002474469586316656,-0.004745853163345709,0.002475771144774626,1.0503729854913877,1.8156848948399793,1.8234856216311834,1.857774867659961,1.047972512996798,1.0524749171759658,1.072265899318113,1.8164384265847254e-06,,
