sample_name,porosity,nu,g,all_converged,total_iterations,iterations_x,iterations_y,iterations_z,K_star_xx,K_star_xy,K_star_xz,K_star_yx,K_star_yy,K_star_yz,K_star_zx,K_star_zy,K_star_zz,K_xx,K_xy,K_xz,K_yx,K_yy,K_yz,K_zx,K_zy,K_zz,K_star_eig1,K_star_eig2,K_star_eig3,K_eig1,K_eig2,K_eig3,symmetry_error,error_type,error_message
eps_0.02_coeffs_0.861_-0.387_0.796_53.142_69.178_-4171.627_m_-0.383_rho_0.598_,0.40154361724853516,0.16666666666666666,1e-05,True,47500,17500,15000,15000,1.403832216534392,0.026619012331218737,-0.0721956701787081,0.026623433542965716,1.596060152339563,-0.03940031952085773,-0.07219645185748197,-0.03939484019468916,1.5096182068596067,0.5636998662372487,0.010688694499060934,-0.028989710553240646,0.010690469808418437,0.6408877669166761,-0.015820946821153283,-0.028990024431363035,-0.01581874663270347,0.6061775554466539,1.367064234486648,1.5178514358557524,1.6245949053911621,0.5489359177268683,0.6094835559994017,0.6523457148743084,3.838367104195155e-06,,
