sample_name,porosity,nu,g,all_converged,total_iterations,iterations_x,iterations_y,iterations_z,K_star_xx,K_star_xy,K_star_xz,K_star_yx,K_star_yy,K_star_yz,K_star_zx,K_star_zy,K_star_zz,K_xx,K_xy,K_xz,K_yx,K_yy,K_yz,K_zx,K_zy,K_zz,K_star_eig1,K_star_eig2,K_star_eig3,K_eig1,K_eig2,K_eig3,symmetry_error,error_type,error_message
eps_0.02_coeffs_0.657_0.872_0.926_27.417_135.793_-1791.722_m_-0.369_rho_0.54_,0.45992469787597656,0.16666666666666666,1e-05,True,52500,17500,20000,15000,1.0832622203506308,0.030912086569860144,0.047581941251035785,0.03091017905622009,1.1586510973680877,-0.06513471304835762,0.04757953598116215,-0.06513758346686774,1.1239150262115827,0.49821904941522344,0.014217232076358959,0.0218841099542351,0.014216354763724364,0.5328922559006865,-0.029957063220004305,0.021883003711215158,-0.02995838339637035,0.5169162788686325,1.0217605972253525,1.1351747944934925,1.2088929522114562,0.46993293398044766,0.5220949243938433,0.5559997258102513,3.0514006241081435e-06,,
