sample_name,porosity,nu,g,all_converged,total_iterations,iterations_x,iterations_y,iterations_z,K_star_xx,K_star_xy,K_star_xz,K_star_yx,K_star_yy,K_star_yz,K_star_zx,K_star_zy,K_star_zz,K_xx,K_xy,K_xz,K_yx,K_yy,K_yz,K_zx,K_zy,K_zz,K_star_eig1,K_star_eig2,K_star_eig3,K_eig1,K_eig2,K_eig3,symmetry_error,error_type,error_message
eps_0.02_coeffs_0.753_-0.389_0.705_84.857_140.39_-248.715_m_-0.367_rho_0.337_,0.6630558967590332,0.16666666666666666,1e-05,True,40000,17500,10000,12500,1.606221991098811,-0.02864097695989699,0.36717930408876676,-0.028321424715055523,4.414797661289242,0.3662004641113794,0.3674618087514473,0.36586582065297085,3.3975909922907133,1.065014962702102,-0.01899056866219931,0.243460402743935,-0.018778687661934586,2.927257622315821,0.24281137712494483,0.24364771912638725,0.2425894898065352,2.252792742213732,1.5303304207628656,3.35295716696229,4.535323056953612,1.0146946094765505,2.223198021134809,3.0071726966202976,0.0001311909921333878,,
