sample_name,porosity,nu,g,all_converged,total_iterations,iterations_x,iterations_y,iterations_z,K_star_xx,K_star_xy,K_star_xz,K_star_yx,K_star_yy,K_star_yz,K_star_zx,K_star_zy,K_star_zz,K_xx,K_xy,K_xz,K_yx,K_yy,K_yz,K_zx,K_zy,K_zz,K_star_eig1,K_star_eig2,K_star_eig3,K_eig1,K_eig2,K_eig3,symmetry_error,error_type,error_message
eps_0.02_coeffs_0.753_0.438_0.506_-32.867_105.466_968.45_m_-0.494_rho_0.589_,0.4113426208496094,0.16666666666666666,1e-05,True,47500,17500,17500,12500,1.8520065361867175,-0.09973864991359768,-0.08976831791072465,-0.09963241323408695,2.1223641532158535,-0.03589411936445613,-0.08975976952547526,-0.03571160409419357,1.980600826690368,0.7618092224256513,-0.04102675765546094,-0.03692553515865841,-0.04098305798128063,0.8730188331810711,-0.014764781132464098,-0.036922018843465895,-0.014689704822849224,0.8147055349077189,1.77419334633128,2.0254280719780122,2.155350097783646,0.7298013409738473,0.8331448914698069,0.8865873580707871,8.666298402250682e-05,,
