sample_name,porosity,nu,g,all_converged,total_iterations,iterations_x,iterations_y,iterations_z,K_star_xx,K_star_xy,K_star_xz,K_star_yx,K_star_yy,K_star_yz,K_star_zx,K_star_zy,K_star_zz,K_xx,K_xy,K_xz,K_yx,K_yy,K_yz,K_zx,K_zy,K_zz,K_star_eig1,K_star_eig2,K_star_eig3,K_eig1,K_eig2,K_eig3,symmetry_error,error_type,error_message
eps_0.02_coeffs_0.876_0.358_0.552_57.98_90.561_-3510.13_m_-0.284_rho_0.61_,0.3900318145751953,0.16666666666666666,1e-05,True,52500,17500,15000,20000,1.1541805349641627,-0.024376037327725687,0.03328837836246148,-0.024375373296975325,1.117772326055728,-0.004637242713277183,0.03328748911623515,-0.004637233910942453,1.100683179055449,0.45016712839944206,-0.009507430071085544,0.012983526616976519,-0.009507171077967048,0.43596676861345246,-0.0018086721900851018,0.01298317978265726,-0.0018086687568945145,0.42930145759939137,1.0832803133722912,1.1098387962388532,1.179516930464195,0.42251378631818093,0.4328724395829905,0.4600491287111145,8.055430253161328e-07,,
