sample_name,porosity,nu,g,all_converged,total_iterations,iterations_x,iterations_y,iterations_z,K_star_xx,K_star_xy,K_star_xz,K_star_yx,K_star_yy,K_star_yz,K_star_zx,K_star_zy,K_star_zz,K_xx,K_xy,K_xz,K_yx,K_yy,K_yz,K_zx,K_zy,K_zz,K_star_eig1,K_star_eig2,K_star_eig3,K_eig1,K_eig2,K_eig3,symmetry_error,error_type,error_message
eps_0.02_coeffs_0.686_1.477_0.329_18.567_8.644_-1495.665_m_-0.439_rho_0.301_,0.6989650726318359,0.16666666666666666,1e-05,True,22500,7500,7500,7500,10.369576803864643,2.591540725137569,3.1309099391027795,2.593483762929171,10.912653067545616,0.14459397051873701,3.1329084581019577,0.1466149588533969,13.129429739993268,7.247972003874652,1.8113964511741416,2.1883966929887113,1.8127545667252751,7.627563343963049,0.10106613510575456,2.189793587966128,0.1024787353638782,9.177012811828982,7.087031923188811,11.591332978143724,15.733294710070984,4.953587782935811,8.101936896968027,10.997023479762849,0.00023423603555484962,,
