sample_name,porosity,nu,g,all_converged,total_iterations,iterations_x,iterations_y,iterations_z,K_star_xx,K_star_xy,K_star_xz,K_star_yx,K_star_yy,K_star_yz,K_star_zx,K_star_zy,K_star_zz,K_xx,K_xy,K_xz,K_yx,K_yy,K_yz,K_zx,K_zy,K_zz,K_star_eig1,K_star_eig2,K_star_eig3,K_eig1,K_eig2,K_eig3,symmetry_error,error_type,error_message
eps_0.02_coeffs_0.583_1.359_0.909_102.947_70.985_-3787.788_m_-0.475_rho_0.46_,0.5403728485107422,0.16666666666666666,1e-05,True,47500,17500,17500,12500,2.1947788812408002,-0.5899206450030973,-0.23646878173698252,-0.5900399481648726,2.5653758659517867,-0.8530631544513226,-0.23649069887089488,-0.8531033719027032,1.4107293798671305,1.1859989159073112,-0.318777099335618,-0.12778130917107822,-0.3188415675249829,1.386259464185079,-0.4609721667304204,-0.12779315259516164,-0.4609938991491828,0.7623198534765943,0.7817589124396122,2.1848551047989755,3.204270109821129,0.4224412903636532,1.1806363765634584,1.7315005666418721,4.5681354458789514e-05,,
