sample_name,porosity,nu,g,all_converged,total_iterations,iterations_x,iterations_y,iterations_z,K_star_xx,K_star_xy,K_star_xz,K_star_yx,K_star_yy,K_star_yz,K_star_zx,K_star_zy,K_star_zz,K_xx,K_xy,K_xz,K_yx,K_yy,K_yz,K_zx,K_zy,K_zz,K_star_eig1,K_star_eig2,K_star_eig3,K_eig1,K_eig2,K_eig3,symmetry_error,error_type,error_message
eps_0.02_coeffs_0.485_0.127_0.671_38.025_138.771_-1142.155_m_-0.209_rho_0.454_,0.5460648536682129,0.16666666666666666,1e-05,True,280000,107500,95000,77500,0.33118737670288734,-0.007700803499167945,-0.006586695831596331,-0.007700965170917889,0.3562501002426534,-0.0035164704269407213,-0.006586829258996317,-0.0035164027538206214,0.3901210218574255,0.18084978639602148,-0.004205138135900806,-0.0035967630954376784,-0.0042052264191612815,0.19453565885829072,-0.001920220909115983,-0.003596835955451327,-0.0019201839552035584,0.21303137871346872,0.3281503285406561,0.35835178099402815,0.39105638926828196,0.1791913611357294,0.1956833128502475,0.21354214998180407,4.994460527365788e-07,,
