sample_name,porosity,nu,g,all_converged,total_iterations,iterations_x,iterations_y,iterations_z,K_star_xx,K_star_xy,K_star_xz,K_star_yx,K_star_yy,K_star_yz,K_star_zx,K_star_zy,K_star_zz,K_xx,K_xy,K_xz,K_yx,K_yy,K_yz,K_zx,K_zy,K_zz,K_star_eig1,K_star_eig2,K_star_eig3,K_eig1,K_eig2,K_eig3,symmetry_error,error_type,error_message
eps_0.02_coeffs_0.723_0.828_0.533_72.426_135.502_-888.325_m_-0.318_rho_0.339_,0.6610960960388184,0.16666666666666666,1e-05,True,102500,35000,35000,32500,1.05887606008118,-0.16945634880902025,0.1264697299338921,-0.16945785317570264,0.4612583519189427,-0.08905301449740348,0.12643763471869943,-0.08905658568273639,1.3626752115947487,0.7000188295086334,-0.11202693064663555,0.08360864472637976,-0.11202792517757629,0.30493609571891245,-0.05887260022472173,0.08358742670491436,-0.05887496112140355,0.9008592625541592,0.41339517195255787,1.0394777393206995,1.4299367123216136,0.2732939342991321,0.6871946753841711,0.9453255780984017,2.518230080128796e-05,,
