sample_name,porosity,nu,g,all_converged,total_iterations,iterations_x,iterations_y,iterations_z,K_star_xx,K_star_xy,K_star_xz,K_star_yx,K_star_yy,K_star_yz,K_star_zx,K_star_zy,K_star_zz,K_xx,K_xy,K_xz,K_yx,K_yy,K_yz,K_zx,K_zy,K_zz,K_star_eig1,K_star_eig2,K_star_eig3,K_eig1,K_eig2,K_eig3,symmetry_error,error_type,error_message
eps_0.02_coeffs_0.319_0.137_0.756_61.22_28.839_-3817.875_m_-0.495_rho_0.331_,0.6685795783996582,0.16666666666666666,1e-05,True,25000,7500,10000,7500,4.7109195017515155,-0.2499835167121878,-0.5821091519981366,-0.24947583508724738,4.49899736909026,-0.4530685288694011,-0.5823770676793889,-0.45264159337996007,5.521275736264126,3.149624574355756,-0.16713387421029843,-0.3891862914254967,-0.16679444864353452,3.0079377642475373,-0.30291236601765753,-0.389365414378715,-0.3026269256681232,3.691412203979732,3.9990958526888387,4.842083240265792,5.890013514151269,2.6737138191705276,3.2373179713529545,3.937942752059545,0.00011750653602657959,,
