sample_name,porosity,nu,g,all_converged,total_iterations,iterations_x,iterations_y,iterations_z,K_star_xx,K_star_xy,K_star_xz,K_star_yx,K_star_yy,K_star_yz,K_star_zx,K_star_zy,K_star_zz,K_xx,K_xy,K_xz,K_yx,K_yy,K_yz,K_zx,K_zy,K_zz,K_star_eig1,K_star_eig2,K_star_eig3,K_eig1,K_eig2,K_eig3,symmetry_error,error_type,error_message
eps_0.02_coeffs_0.944_1.053_0.742_42.76_69.548_-2606.177_m_-0.393_rho_0.464_,0.5364408493041992,0.16666666666666666,1e-05,True,35000,10000,12500,12500,4.57935643124874,0.1919212585995473,0.15081712404267728,0.19215079683415728,3.4869375674843206,0.2890015113387273,0.1507513569522739,0.288966848890487,3.2630657751007686,2.4565538532457207,0.10295440296267201,0.08090446611107056,0.10307753664819397,1.8705357501720075,0.15503221619274404,0.08086918595723831,0.15501362183957104,1.7504417757305215,3.0649367976184507,3.6228218933464813,4.641601082868897,1.6441572987781343,1.9434296533446325,2.4899444270254825,5.140359313848419e-05,,
