sample_name,porosity,nu,g,all_converged,total_iterations,iterations_x,iterations_y,iterations_z,K_star_xx,K_star_xy,K_star_xz,K_star_yx,K_star_yy,K_star_yz,K_star_zx,K_star_zy,K_star_zz,K_xx,K_xy,K_xz,K_yx,K_yy,K_yz,K_zx,K_zy,K_zz,K_star_eig1,K_star_eig2,K_star_eig3,K_eig1,K_eig2,K_eig3,symmetry_error,error_type,error_message
eps_0.02_coeffs_0.613_0.186_0.947_-15.866_146.149_-1784.381_m_-0.393_rho_0.55_,0.4499039649963379,0.16666666666666666,1e-05,True,42500,12500,15000,15000,0.9878234500273604,0.0017920586904737286,0.004856792933683333,0.0017919353771596563,1.0103794675947815,-0.00045106508388287873,0.004856663471701967,-0.0004502578478099935,0.9998427992346246,0.4444256868836713,0.0008062543103502755,0.0021850903980303277,0.0008061988312013375,0.4545737286217811,-0.0002029359697103129,0.0021850321525715946,-0.00020257279100043376,0.44983323974869505,0.985967700683553,1.0015566171717616,1.0105213990014519,0.443590777895853,0.45060429323389495,0.4546375841243996,6.754838376849536e-07,,
