sample_name,porosity,nu,g,all_converged,total_iterations,iterations_x,iterations_y,iterations_z,K_star_xx,K_star_xy,K_star_xz,K_star_yx,K_star_yy,K_star_yz,K_star_zx,K_star_zy,K_star_zz,K_xx,K_xy,K_xz,K_yx,K_yy,K_yz,K_zx,K_zy,K_zz,K_star_eig1,K_star_eig2,K_star_eig3,K_eig1,K_eig2,K_eig3,symmetry_error,error_type,error_message
eps_0.02_coeffs_0.613_-0.244_0.382_0.678_74.178_-89.061_m_-0.28_rho_0.498_,0.5016722679138184,0.16666666666666666,1e-05,True,40000,15000,12500,12500,1.7808485830815426,0.01766608396485221,-0.0014355828178818713,0.017674809772805156,1.9177375654901112,0.0002523180982901145,-0.0014195025942365215,0.000253196607412788,1.9537218869533532,0.8934023474856274,0.008862584407803348,-0.0007201920880249085,0.008866961903668483,0.9620757537429488,0.0001265809926049035,-0.0007121250857601844,0.00012702171626885806,0.9801280899007534,1.778591436294784,1.919982715591046,1.9537338836391753,0.8922699995380997,0.963202083285892,0.9801341083053372,7.931121424372646e-06,,
