sample_name,porosity,nu,g,all_converged,total_iterations,iterations_x,iterations_y,iterations_z,K_star_xx,K_star_xy,K_star_xz,K_star_yx,K_star_yy,K_star_yz,K_star_zx,K_star_zy,K_star_zz,K_xx,K_xy,K_xz,K_yx,K_yy,K_yz,K_zx,K_zy,K_zz,K_star_eig1,K_star_eig2,K_star_eig3,K_eig1,K_eig2,K_eig3,symmetry_error,error_type,error_message
eps_0.02_coeffs_0.162_1.156_0.663_44.842_52.562_-2720.556_m_-0.414_rho_0.607_,0.3925786018371582,0.16666666666666666,1e-05,True,117500,37500,35000,45000,0.7067875104360869,0.05467260977460485,-0.03755481418302665,0.054672451753317426,0.678966286966258,-0.017412263965822725,-0.03755602521608612,-0.017412499921239735,0.7222368744228832,0.27746965264296486,0.02146329670410292,-0.014743216444226881,0.021463234668326843,0.2665476356317803,-0.006835682242522217,-0.014743691869892146,-0.006835774873569922,0.2835347423561747,0.6352717986110783,0.69420102713336,0.7785178460807899,0.2493941144853138,0.2725284686259335,0.30562944751967247,1.4403638068825257e-06,,
