sample_name,porosity,nu,g,all_converged,total_iterations,iterations_x,iterations_y,iterations_z,K_star_xx,K_star_xy,K_star_xz,K_star_yx,K_star_yy,K_star_yz,K_star_zx,K_star_zy,K_star_zz,K_xx,K_xy,K_xz,K_yx,K_yy,K_yz,K_zx,K_zy,K_zz,K_star_eig1,K_star_eig2,K_star_eig3,K_eig1,K_eig2,K_eig3,symmetry_error,error_type,error_message
eps_0.02_coeffs_0.622_-0.071_0.666_56.883_110.753_-1481.084_m_-0.634_rho_0.437_,0.5629782676696777,0.16666666666666666,1e-05,True,40000,15000,12500,12500,9.972129573741913,-0.3537838768613163,-2.0861002531666006,-0.35755473961452144,7.753589474305676,-1.7344542846555884,-2.088158867972963,-1.7346448364166844,6.089672603305831,5.614092232402784,-0.19917263412484643,-1.174429106713009,-0.201295547905266,4.365102370466457,-0.9764600685276532,-1.175588062110494,-0.9765673450280166,3.4283533328846136,4.303972150380092,8.579232007235456,10.93218749373787,2.4230427853195238,4.8299211733696685,6.154583977064663,0.000418060466720862,,
