sample_name,porosity,nu,g,all_converged,total_iterations,iterations_x,iterations_y,iterations_z,K_star_xx,K_star_xy,K_star_xz,K_star_yx,K_star_yy,K_star_yz,K_star_zx,K_star_zy,K_star_zz,K_xx,K_xy,K_xz,K_yx,K_yy,K_yz,K_zx,K_zy,K_zz,K_star_eig1,K_star_eig2,K_star_eig3,K_eig1,K_eig2,K_eig3,symmetry_error,error_type,error_message
eps_0.02_coeffs_0.845_0.944_0.379_-9.624_65.969_-1094.595_m_-0.294_rho_0.608_,0.3918318748474121,0.16666666666666666,1e-05,True,55000,20000,15000,20000,1.0298930705274112,0.0048306173709199585,0.005564464863688978,0.004830863354159475,1.0549503333459898,-0.006327915867358284,0.005564248089338802,-0.006327998691909949,1.114147594694666,0.40354493271711356,0.001892789861118044,0.002180334700061802,0.0018928862451919647,0.41336316698586156,-0.0024794791381836843,0.0021802497609617532,-0.002479511591483047,0.4365585408859456,1.0284751895224726,1.0554012928649528,1.1151145161806408,0.40298936174463795,0.4135398672996574,0.43693741154462534,2.5878981688449184e-07,,
