sample_name,porosity,nu,g,all_converged,total_iterations,iterations_x,iterations_y,iterations_z,K_star_xx,K_star_xy,K_star_xz,K_star_yx,K_star_yy,K_star_yz,K_star_zx,K_star_zy,K_star_zz,K_xx,K_xy,K_xz,K_yx,K_yy,K_yz,K_zx,K_zy,K_zz,K_star_eig1,K_star_eig2,K_star_eig3,K_eig1,K_eig2,K_eig3,symmetry_error,error_type,error_message
eps_0.02_coeffs_0.68_-0.184_0.434_49.626_69.461_-1369.407_m_-0.385_rho_0.313_,0.6869940757751465,0.16666666666666666,1e-05,True,27500,7500,10000,10000,5.047541788631157,-0.6241824475188675,-0.37573514411397085,-0.6244602520704549,5.209372492274455,-0.8009130682476122,-0.37516703336733476,-0.8008046881344877,6.337423423532701,3.467631306017091,-0.42880964364829327,-0.2581278180668189,-0.42900049372945714,3.5788080406985605,-0.5502225330970052,-0.2577375293494957,-0.5501480766013568,4.353772347645612,4.182337727417753,5.657669314927779,6.754330662092777,2.8732412416268853,3.8867853020502166,4.640185150684161,9.303555455932125e-05,,
