sample_name,porosity,nu,g,all_converged,total_iterations,iterations_x,iterations_y,iterations_z,K_star_xx,K_star_xy,K_star_xz,K_star_yx,K_star_yy,K_star_yz,K_star_zx,K_star_zy,K_star_zz,K_xx,K_xy,K_xz,K_yx,K_yy,K_yz,K_zx,K_zy,K_zz,K_star_eig1,K_star_eig2,K_star_eig3,K_eig1,K_eig2,K_eig3,symmetry_error,error_type,error_message
eps_0.02_coeffs_0.648_0.562_0.254_48.924_131.254_-400.236_m_-0.562_rho_0.474_,0.5264797210693359,0.16666666666666666,1e-05,True,47500,15000,17500,15000,1.584920567461157,-0.24735575158477624,-0.0525693192474735,-0.24734473371149138,1.2971384020352759,-0.19407323812463664,-0.05254177032610511,-0.19408870249088708,1.6705018614412457,0.8344285382740037,-0.13022778709924895,-0.027676680534214723,-0.13022198641239516,0.6829170640918562,-0.10217562427488151,-0.02766217658577693,-0.10218376595011155,0.8794853540573935,1.0893553259054647,1.6828818336506604,1.7803236713815531,0.5735234881281045,0.8860031583730522,0.9373043099220963,1.7648567362240635e-05,,
