sample_name,porosity,nu,g,all_converged,total_iterations,iterations_x,iterations_y,iterations_z,K_star_xx,K_star_xy,K_star_xz,K_star_yx,K_star_yy,K_star_yz,K_star_zx,K_star_zy,K_star_zz,K_xx,K_xy,K_xz,K_yx,K_yy,K_yz,K_zx,K_zy,K_zz,K_star_eig1,K_star_eig2,K_star_eig3,K_eig1,K_eig2,K_eig3,symmetry_error,error_type,error_message
eps_0.02_coeffs_0.642_0.405_0.928_-6.465_107.828_-3861.7_m_-0.373_rho_0.456_,0.543665885925293,0.16666666666666666,1e-05,True,47500,15000,15000,17500,1.5142071084877884,0.010210881048765611,-0.010310006639450676,0.010211061753734678,1.5125876439053016,0.018545104091110265,-0.010309564164653619,0.018544614113097293,1.4834241046132328,0.8232227491103897,0.00555130769145494,-0.005605198893532604,0.005551405934582039,0.8223423014634273,0.010082340445270238,-0.005604958335080063,0.01008207406093973,0.8064870800374877,1.4700964964113477,1.5153261619329421,1.5247961986620326,0.7992413141171446,0.8238311402930469,0.8289796762011128,3.716942230974338e-07,,
