sample_name,porosity,nu,g,all_converged,total_iterations,iterations_x,iterations_y,iterations_z,K_star_xx,K_star_xy,K_star_xz,K_star_yx,K_star_yy,K_star_yz,K_star_zx,K_star_zy,K_star_zz,K_xx,K_xy,K_xz,K_yx,K_yy,K_yz,K_zx,K_zy,K_zz,K_star_eig1,K_star_eig2,K_star_eig3,K_eig1,K_eig2,K_eig3,symmetry_error,error_type,error_message
eps_0.02_coeffs_0.448_-0.029_0.451_81.248_63.766_-2781.407_m_-0.209_rho_0.337_,0.6628303527832031,0.16666666666666666,1e-05,True,72500,25000,25000,22500,1.3649190554782105,0.004185267780909323,0.10531042219111085,0.004179929969379358,1.3951234184606502,0.05282281461285407,0.1052916174399292,0.052820427557938955,1.3536168444930774,0.9047097790631387,0.0027741225197123,0.06980294429268206,0.002770584456212803,0.9247301476343811,0.0350125648448398,0.06979047993282234,0.035010982632388304,0.8972183305686326,1.245032821958443,1.3852020747540734,1.483424421719423,0.8252455446053816,0.9181539798852671,0.9832587327755041,1.169643936353656e-05,,
