sample_name,porosity,nu,g,all_converged,total_iterations,iterations_x,iterations_y,iterations_z,K_star_xx,K_star_xy,K_star_xz,K_star_yx,K_star_yy,K_star_yz,K_star_zx,K_star_zy,K_star_zz,K_xx,K_xy,K_xz,K_yx,K_yy,K_yz,K_zx,K_zy,K_zz,K_star_eig1,K_star_eig2,K_star_eig3,K_eig1,K_eig2,K_eig3,symmetry_error,error_type,error_message
eps_0.02_coeffs_0.667_-0.078_0.906_-37.836_83.049_513.283_m_-0.393_rho_0.329_,0.6705126762390137,0.16666666666666666,1e-05,True,25000,7500,10000,7500,4.523935256054427,0.014379597647788863,-0.12076588135886386,0.014334776802322735,4.541497857839291,0.05578506405674513,-0.12081961613041883,0.05573504639074148,4.487150778225974,3.0333559356690816,0.009641702502059136,-0.08097505430829502,0.009611649557014348,3.0451318827935707,0.03740459259485299,-0.08101108415377743,0.03737105511576165,3.0086914769962707,4.367773289677281,4.549293756331175,4.635516846111241,2.9286473576667915,3.0503591315550507,3.10817280623708,1.554108044823948e-05,,
