sample_name,porosity,nu,g,all_converged,total_iterations,iterations_x,iterations_y,iterations_z,K_star_xx,K_star_xy,K_star_xz,K_star_yx,K_star_yy,K_star_yz,K_star_zx,K_star_zy,K_star_zz,K_xx,K_xy,K_xz,K_yx,K_yy,K_yz,K_zx,K_zy,K_zz,K_star_eig1,K_star_eig2,K_star_eig3,K_eig1,K_eig2,K_eig3,symmetry_error,error_type,error_message
eps_0.02_coeffs_0.918_0.857_0.39_55.138_103.234_-4198.552_m_-0.402_rho_0.414_,0.5864787101745605,0.16666666666666666,1e-05,True,35000,12500,12500,10000,2.077463188960722,-0.008904742850270549,0.013676628646414085,-0.0089008055287872,2.131455957024039,-0.011573301024075304,0.013677595754101194,-0.01157223700048856,2.15296935140745,1.2183879314968136,-0.005222442101262811,0.008021051528085379,-0.005220132946037714,1.250053540469342,-0.006787494657061605,0.008021618716154314,-0.006786870629880856,1.2626706882588015,2.074232088943783,2.1265399953935824,2.161116413054846,1.2164929601264343,1.2471704336330445,1.2674487664654788,1.613664232253016e-06,,
