sample_name,porosity,nu,g,all_converged,total_iterations,iterations_x,iterations_y,iterations_z,K_star_xx,K_star_xy,K_star_xz,K_star_yx,K_star_yy,K_star_yz,K_star_zx,K_star_zy,K_star_zz,K_xx,K_xy,K_xz,K_yx,K_yy,K_yz,K_zx,K_zy,K_zz,K_star_eig1,K_star_eig2,K_star_eig3,K_eig1,K_eig2,K_eig3,symmetry_error,error_type,error_message
eps_0.02_coeffs_0.903_0.99_0.636_-11.859_42.526_-819.564_m_-0.312_rho_0.64_,0.36033201217651367,0.16666666666666666,1e-05,True,52500,15000,20000,17500,1.3632516297197397,0.06330673809258919,0.0500964153023382,0.06330972976825806,1.2793173611230433,-0.02575400544226065,0.05009222764847771,-0.025753742647963068,1.2000666822803947,0.49122320283982535,0.02281144432123421,0.018051342128721816,0.022812522317747753,0.4609789989458138,-0.009279992602614664,0.018049833182979966,-0.009279897909416628,0.43242244237208755,1.1678473264838742,1.2721429376280042,1.4026454090112992,0.42081277706689646,0.4583938244916399,0.5054180425991904,3.2757214182620057e-06,,
