sample_name,porosity,nu,g,all_converged,total_iterations,iterations_x,iterations_y,iterations_z,K_star_xx,K_star_xy,K_star_xz,K_star_yx,K_star_yy,K_star_yz,K_star_zx,K_star_zy,K_star_zz,K_xx,K_xy,K_xz,K_yx,K_yy,K_yz,K_zx,K_zy,K_zz,K_star_eig1,K_star_eig2,K_star_eig3,K_eig1,K_eig2,K_eig3,symmetry_error,error_type,error_message
eps_0.02_coeffs_0.585_-0.642_0.697_94.07_94.494_-1312.484_m_-0.393_rho_0.423_,0.5770158767700195,0.16666666666666666,1e-05,True,27500,7500,10000,10000,7.485736001804861,0.7823372022751415,-1.0921296627851467,0.7798836483056028,5.418949939088657,-0.3656753942173953,-1.0854374985154391,-0.3659586939526533,7.202370796629246,4.319388522350333,0.4514209867005949,-0.6301761549185172,0.4500052471056589,3.1268201502760853,-0.21100050820757288,-0.6263146698849429,-0.21116397665270148,4.155882300039808,5.1576893617626025,6.297294060237895,8.652073315522268,2.9760686491848483,3.633638653446804,4.992383670034569,0.000849170206324845,,
