sample_name,porosity,nu,g,all_converged,total_iterations,iterations_x,iterations_y,iterations_z,K_star_xx,K_star_xy,K_star_xz,K_star_yx,K_star_yy,K_star_yz,K_star_zx,K_star_zy,K_star_zz,K_xx,K_xy,K_xz,K_yx,K_yy,K_yz,K_zx,K_zy,K_zz,K_star_eig1,K_star_eig2,K_star_eig3,K_eig1,K_eig2,K_eig3,symmetry_error,error_type,error_message
eps_0.02_coeffs_0.392_0.948_0.676_25.745_85.861_47.073_m_-0.322_rho_0.65_,0.3504295349121094,0.16666666666666666,1e-05,True,177500,97500,42500,37500,0.16665249358965695,1.93076337037555e-12,-3.5103704120066824e-12,3.986231952305313e-13,0.16665224602260645,8.853207515917616e-13,-5.567854414797015e-13,5.532856299687197e-13,0.16665317612925507,0.05839995582056677,6.765965099060407e-13,-1.2301374708487315e-12,1.3968934090981406e-13,0.058399869065760404,3.102425392283401e-13,-1.9511406330356528e-13,1.9388762598349189e-13,0.0584001950026007,0.16665224602260661,0.16665249358965695,0.16665317612925507,0.05839986906576037,0.05839995582056677,0.05840019500260069,1.638285505655109e-11,,
