sample_name,porosity,nu,g,all_converged,total_iterations,iterations_x,iterations_y,iterations_z,K_star_xx,K_star_xy,K_star_xz,K_star_yx,K_star_yy,K_star_yz,K_star_zx,K_star_zy,K_star_zz,K_xx,K_xy,K_xz,K_yx,K_yy,K_yz,K_zx,K_zy,K_zz,K_star_eig1,K_star_eig2,K_star_eig3,K_eig1,K_eig2,K_eig3,symmetry_error,error_type,error_message
eps_0.02_coeffs_0.134_0.199_0.56_30.098_13.736_-2730.883_m_-0.351_rho_0.316_,0.6835637092590332,0.16666666666666666,1e-05,True,30000,10000,10000,10000,2.8745164066096196,-0.15033030199314784,0.042830037453877895,-0.15034702124805302,3.0934118713491356,-0.2500620138797192,0.04275584679625505,-0.25000860919736606,3.316965322725671,1.964915097228019,-0.10276033884446677,0.02927705926967609,-0.1027717675203658,2.1145440930453425,-0.17093331775240472,0.02922634522855905,-0.1708968122496436,2.2673571194859456,2.7831634780805614,2.999939297040875,3.501790825562991,1.9024695505510207,2.0506496334371973,2.3936971257710904,2.4400968848197334e-05,,
