sample_name,porosity,nu,g,all_converged,total_iterations,iterations_x,iterations_y,iterations_z,K_star_xx,K_star_xy,K_star_xz,K_star_yx,K_star_yy,K_star_yz,K_star_zx,K_star_zy,K_star_zz,K_xx,K_xy,K_xz,K_yx,K_yy,K_yz,K_zx,K_zy,K_zz,K_star_eig1,K_star_eig2,K_star_eig3,K_eig1,K_eig2,K_eig3,symmetry_error,error_type,error_message
eps_0.02_coeffs_0.59_1.188_0.495_19.494_40.676_-3045.478_m_-0.443_rho_0.673_,0.32741785049438477,0.16666666666666666,1e-05,True,55000,20000,20000,15000,0.9737790205446518,0.03792525058846417,-0.012248469763188155,0.037924874735667205,1.0187846193102705,0.007372140970706615,-0.012247851377492937,0.0073717829598914245,1.0113133194707176,0.31883263376325727,0.012417404027135839,-0.004010367641708532,0.012417280966220955,0.33356827017130886,0.002413770550170347,-0.004010165171193427,0.0024136533310387836,0.3311220332374434,0.9489104867878395,1.0145817574006835,1.0403847151371168,0.31069023189565464,0.33219217815894714,0.3406405271174075,6.578734502740406e-07,,
