sample_name,porosity,nu,g,all_converged,total_iterations,iterations_x,iterations_y,iterations_z,K_star_xx,K_star_xy,K_star_xz,K_star_yx,K_star_yy,K_star_yz,K_star_zx,K_star_zy,K_star_zz,K_xx,K_xy,K_xz,K_yx,K_yy,K_yz,K_zx,K_zy,K_zz,K_star_eig1,K_star_eig2,K_star_eig3,K_eig1,K_eig2,K_eig3,symmetry_error,error_type,error_message
eps_0.02_coeffs_0.731_1.3_0.883_34.456_66.946_181.908_m_-0.508_rho_0.437_,0.563316822052002,0.16666666666666666,1e-05,True,42500,15000,15000,12500,26.640400813466734,25.08289886887149,-1.2041931983208058,25.06347560873096,29.586482903701807,-2.3585587360830753,-1.257552610472803,-2.4266315991181138,47.72331002213061,15.006985924433648,14.129618878664441,-0.6783422856147124,14.11867742948819,16.666563525009188,-1.3286158118333045,-0.7084005400947385,-1.3669624007061834,26.88334333946907,2.9941069830363785,46.67998989394436,54.276096862318404,1.6866308305677646,26.29562356047631,30.574638397867837,0.0017495946258933588,,
