sample_name,porosity,nu,g,all_converged,total_iterations,iterations_x,iterations_y,iterations_z,K_star_xx,K_star_xy,K_star_xz,K_star_yx,K_star_yy,K_star_yz,K_star_zx,K_star_zy,K_star_zz,K_xx,K_xy,K_xz,K_yx,K_yy,K_yz,K_zx,K_zy,K_zz,K_star_eig1,K_star_eig2,K_star_eig3,K_eig1,K_eig2,K_eig3,symmetry_error,error_type,error_message
eps_0.02_coeffs_0.599_1.241_0.377_86.726_69.468_-3772.893_m_-0.21_rho_0.307_,0.6926183700561523,0.16666666666666666,1e-05,True,60000,20000,20000,20000,2.2126384381133866,0.07678391418648932,-0.09268886262792742,0.07675762887235406,1.8402032785351754,0.03537207132630704,-0.09270150728566713,0.035372627866665306,1.5860521313761178,1.5325140285296845,0.0531819494903777,-0.0641980089557137,0.053163743798944924,1.274558595351021,0.024499346387536747,-0.0642067668779473,0.024499731857612558,1.0985288420578132,1.5647223977289981,1.8353945080301186,2.2387769422655626,1.0837554767054134,1.2712279525618342,1.550618036671271,1.2537525671151182e-05,,
