sample_name,porosity,nu,g,all_converged,total_iterations,iterations_x,iterations_y,iterations_z,K_star_xx,K_star_xy,K_star_xz,K_star_yx,K_star_yy,K_star_yz,K_star_zx,K_star_zy,K_star_zz,K_xx,K_xy,K_xz,K_yx,K_yy,K_yz,K_zx,K_zy,K_zz,K_star_eig1,K_star_eig2,K_star_eig3,K_eig1,K_eig2,K_eig3,symmetry_error,error_type,error_message
eps_0.02_coeffs_0.822_0.962_0.588_13.012_117.106_-1720.827_m_-0.441_rho_0.428_,0.5722970962524414,0.16666666666666666,1e-05,True,32500,10000,12500,10000,2.1963428042041047,-0.12577463282053053,0.004465306516588144,-0.12577090277643446,2.2719204937084387,0.09598924339073445,0.004447916224910642,0.09598908745804685,2.3725942680344625,1.2569606092209535,-0.07198045714540664,0.002555481953320499,-0.07197832245200156,1.3002135014657525,0.05493436526398618,0.002545529539890481,0.05493427602416186,1.3578288101813096,2.0887713081081767,2.3028155958966194,2.4492706619422093,1.1953977543657237,1.3178946787364711,1.4017104877658217,6.3553938920408715e-06,,
