sample_name,porosity,nu,g,all_converged,total_iterations,iterations_x,iterations_y,iterations_z,K_star_xx,K_star_xy,K_star_xz,K_star_yx,K_star_yy,K_star_yz,K_star_zx,K_star_zy,K_star_zz,K_xx,K_xy,K_xz,K_yx,K_yy,K_yz,K_zx,K_zy,K_zz,K_star_eig1,K_star_eig2,K_star_eig3,K_eig1,K_eig2,K_eig3,symmetry_error,error_type,error_message
eps_0.02_coeffs_0.74_1.279_0.348_-0.491_105.287_509.472_m_-0.468_rho_0.54_,0.45951318740844727,0.16666666666666666,1e-05,True,172500,57500,65000,50000,3.847915609768372,-0.11925975334560955,0.3676324577922191,-0.11939052152600298,2.5467431398417415,-0.5211190083196124,0.3672884190788,-0.5212746184584899,3.2316697684791835,1.7681679667233836,-0.05480142938938628,0.16893196247490405,-0.05486151909277046,1.1702620576992755,-0.23946105653207425,0.16877387214910894,-0.2395325614429829,1.4849948759653884,2.262232319771889,3.2666221794011507,4.09747401891626,1.0395255839167865,1.5010559697157506,1.88284334675551,9.900918505100432e-05,,
