sample_name,porosity,nu,g,all_converged,total_iterations,iterations_x,iterations_y,iterations_z,K_star_xx,K_star_xy,K_star_xz,K_star_yx,K_star_yy,K_star_yz,K_star_zx,K_star_zy,K_star_zz,K_xx,K_xy,K_xz,K_yx,K_yy,K_yz,K_zx,K_zy,K_zz,K_star_eig1,K_star_eig2,K_star_eig3,K_eig1,K_eig2,K_eig3,symmetry_error,error_type,error_message
eps_0.02_coeffs_0.872_-0.244_0.368_95.691_115.874_-1587.36_m_-0.246_rho_0.484_,0.5156126022338867,0.16666666666666666,1e-05,True,70000,25000,25000,20000,1.193703151671448,-0.004613906757666084,-0.037377243767173364,-0.004611243591696556,1.2393802480207037,-0.07837279109060614,-0.03737686125178859,-0.07837457832608236,1.4674392297654575,0.6154883883281073,-0.0023789884697847244,-0.01927217792312258,-0.0023776153078489955,0.639040074839235,-0.04040999875856021,-0.01927198069336964,-0.0404109202796949,0.7566301598794579,1.182517593362441,1.222315474911854,1.4956895611833136,0.6097209735009614,0.6302412627700501,0.7711963867757888,2.016889593529947e-06,,
