sample_name,porosity,nu,g,all_converged,total_iterations,iterations_x,iterations_y,iterations_z,K_star_xx,K_star_xy,K_star_xz,K_star_yx,K_star_yy,K_star_yz,K_star_zx,K_star_zy,K_star_zz,K_xx,K_xy,K_xz,K_yx,K_yy,K_yz,K_zx,K_zy,K_zz,K_star_eig1,K_star_eig2,K_star_eig3,K_eig1,K_eig2,K_eig3,symmetry_error,error_type,error_message
eps_0.02_coeffs_0.904_0.735_0.595_-6.579_83.515_-3425.852_m_-0.355_rho_0.498_,0.5021352767944336,0.16666666666666666,1e-05,True,47500,15000,15000,17500,1.4874384314641693,-0.0019722413601110213,0.0024594259269983256,-0.0019713538513406645,1.4899482826535968,0.010387652808167593,0.002459522811830938,0.010388031963919818,1.492169513222102,0.7468953084979388,-0.000990331961264778,0.0012349645186087107,-0.0009898863118027173,0.7481555933196549,0.0052160069180737095,0.0012350131679009517,0.005216197305552301,0.7492709515459954,1.479405595098873,1.4886253003794856,1.50152533186151,0.7428617379862059,0.7474912772492498,0.7539688381281334,5.315643899452725e-07,,
