sample_name,porosity,nu,g,all_converged,total_iterations,iterations_x,iterations_y,iterations_z,K_star_xx,K_star_xy,K_star_xz,K_star_yx,K_star_yy,K_star_yz,K_star_zx,K_star_zy,K_star_zz,K_xx,K_xy,K_xz,K_yx,K_yy,K_yz,K_zx,K_zy,K_zz,K_star_eig1,K_star_eig2,K_star_eig3,K_eig1,K_eig2,K_eig3,symmetry_error,error_type,error_message
eps_0.02_coeffs_0.618_0.682_0.777_60.332_46.911_-2615.915_m_-0.2_rho_0.345_,0.6546926498413086,0.16666666666666666,1e-05,True,35000,12500,10000,12500,3.9911840758149624,-0.1981736825579788,-0.27920903264526825,-0.1982753343890663,4.281256071473662,0.5713851121627241,-0.27925366296808346,0.5712474464957875,3.485313371468199,2.6129988785997322,-0.12974285336269345,-0.1827961014421591,-0.12980940406934935,2.8029068820822824,0.3740816331616872,-0.18282532058646628,0.3739915044614083,2.2818090466938603,3.1555705614688963,3.890634103609851,4.711548853678073,2.065928852649298,2.547169550855298,3.0846164038712787,3.63685225387306e-05,,
