sample_name,porosity,nu,g,all_converged,total_iterations,iterations_x,iterations_y,iterations_z,K_star_xx,K_star_xy,K_star_xz,K_star_yx,K_star_yy,K_star_yz,K_star_zx,K_star_zy,K_star_zz,K_xx,K_xy,K_xz,K_yx,K_yy,K_yz,K_zx,K_zy,K_zz,K_star_eig1,K_star_eig2,K_star_eig3,K_eig1,K_eig2,K_eig3,symmetry_error,error_type,error_message
eps_0.02_coeffs_0.508_0.359_0.755_27.732_64.372_-450.024_m_-0.277_rho_0.683_,0.31696271896362305,0.16666666666666666,1e-05,True,120000,42500,37500,40000,0.8392873391855332,0.05255375293264547,-0.009545195731609396,0.052554674084842386,0.8226543645256627,0.0153450272918097,-0.009545756972994075,0.015343932550157167,0.91617074852939,0.26602279701999115,0.016657580421273785,-0.0030254711921308833,0.0166578723921787,0.2607507641473455,0.004863801572983004,-0.003025649084726166,0.004863454580692254,0.2903919714888132,0.775491952801286,0.8839712285085222,0.9186492709307779,0.24580203789430516,0.2801859240736753,0.29117757068816935,1.4565341048306676e-06,,
