sample_name,porosity,nu,g,all_converged,total_iterations,iterations_x,iterations_y,iterations_z,K_star_xx,K_star_xy,K_star_xz,K_star_yx,K_star_yy,K_star_yz,K_star_zx,K_star_zy,K_star_zz,K_xx,K_xy,K_xz,K_yx,K_yy,K_yz,K_zx,K_zy,K_zz,K_star_eig1,K_star_eig2,K_star_eig3,K_eig1,K_eig2,K_eig3,symmetry_error,error_type,error_message
eps_0.02_coeffs_0.69_0.068_0.904_-4.955_36.964_-1423.684_m_-0.251_rho_0.52_,0.4802250862121582,0.16666666666666666,1e-05,True,30000,10000,10000,10000,2.752162253880483,-0.027407024167371983,0.017411587137051262,-0.027409976858104125,2.7373636336066047,0.011344396765596083,0.017412528122884654,0.011347710328911109,2.677775497236114,1.3216573556396025,-0.013161540543594913,0.008361480933980947,-0.013162958499756315,1.3145506869427583,0.005447863914783307,0.008361932818983913,0.005449455171011935,1.2859349690170176,2.6691774117325444,2.7244324475487334,2.773691525441924,1.2818059526648062,1.3083408070032911,1.3319962519312802,1.3605160712724878e-06,,
