sample_name,porosity,nu,g,all_converged,total_iterations,iterations_x,iterations_y,iterations_z,K_star_xx,K_star_xy,K_star_xz,K_star_yx,K_star_yy,K_star_yz,K_star_zx,K_star_zy,K_star_zz,K_xx,K_xy,K_xz,K_yx,K_yy,K_yz,K_zx,K_zy,K_zz,K_star_eig1,K_star_eig2,K_star_eig3,K_eig1,K_eig2,K_eig3,symmetry_error,error_type,error_message
eps_0.02_coeffs_0.399_0.082_0.365_96.748_126.15_146.96_m_-0.325_rho_0.481_,0.5188531875610352,0.16666666666666666,1e-05,True,140000,100000,22500,17500,0.1666561922327763,1.1384227379852877e-11,5.219490298365266e-12,7.982931737296013e-13,0.5673771105112599,0.4007207841640981,-1.2162534720358624e-13,0.4007207835360519,0.567377453766972,0.08647009656676062,5.906742663956277e-12,2.708149178750717e-12,4.141969577978188e-13,0.2943854223379369,0.20791525618549989,-6.310569908479835e-14,0.2079152558596361,0.2943856004372573,0.1666561922327763,0.16665649860302736,0.9680980656752045,0.08647009656676062,0.08647025552794185,0.5023007672472521,8.915820175448047e-10,,
