sample_name,porosity,nu,g,all_converged,total_iterations,iterations_x,iterations_y,iterations_z,K_star_xx,K_star_xy,K_star_xz,K_star_yx,K_star_yy,K_star_yz,K_star_zx,K_star_zy,K_star_zz,K_xx,K_xy,K_xz,K_yx,K_yy,K_yz,K_zx,K_zy,K_zz,K_star_eig1,K_star_eig2,K_star_eig3,K_eig1,K_eig2,K_eig3,symmetry_error,error_type,error_message
eps_0.02_coeffs_0.732_-0.51_0.51_111.339_99.542_-1647.626_m_-0.425_rho_0.622_,0.37756824493408203,0.16666666666666666,1e-05,True,62500,22500,20000,20000,1.9531118798327032,0.25154430042610965,0.043327868274583396,0.2515495983061218,1.611360547012785,0.1693839740425052,0.043298454204112255,0.16943605632427497,1.693650001467641,0.7374330246283395,0.09497514003505768,0.016359227181169545,0.09497714034631574,0.6083985736916396,0.06395400979918879,0.01634812136220539,0.06397367441490877,0.6394684585867426,1.413556444105874,1.7237702741185512,2.1207957100887027,0.5337140257163169,0.6508409170684829,0.8007451141219218,2.7599696151642572e-05,,
