sample_name,porosity,nu,g,all_converged,total_iterations,iterations_x,iterations_y,iterations_z,K_star_xx,K_star_xy,K_star_xz,K_star_yx,K_star_yy,K_star_yz,K_star_zx,K_star_zy,K_star_zz,K_xx,K_xy,K_xz,K_yx,K_yy,K_yz,K_zx,K_zy,K_zz,K_star_eig1,K_star_eig2,K_star_eig3,K_eig1,K_eig2,K_eig3,symmetry_error,error_type,error_message
eps_0.02_coeffs_0.525_1.117_0.545_46.176_102.499_-1285.489_m_-0.576_rho_0.389_,0.6107192039489746,0.16666666666666666,1e-05,True,57500,17500,20000,20000,12.489146413932811,-1.6591237625569297,2.866763053123027,-1.7137792978405604,22.411582343095418,0.8816093154333935,2.8509535136784594,0.9066959450009835,14.224300916542234,7.627361555919237,-1.0132587435215956,1.750787249713627,-1.0466379285214198,13.687183727812128,0.5384157393154825,1.7411320603692408,0.5537366257547639,8.687053732481344,10.078459920421388,16.324064296955164,22.72250545619391,6.155109019631396,9.969419552648336,13.87707044393298,0.0029572860919010943,,
