sample_name,porosity,nu,g,all_converged,total_iterations,iterations_x,iterations_y,iterations_z,K_star_xx,K_star_xy,K_star_xz,K_star_yx,K_star_yy,K_star_yz,K_star_zx,K_star_zy,K_star_zz,K_xx,K_xy,K_xz,K_yx,K_yy,K_yz,K_zx,K_zy,K_zz,K_star_eig1,K_star_eig2,K_star_eig3,K_eig1,K_eig2,K_eig3,symmetry_error,error_type,error_message
eps_0.02_coeffs_0.949_0.92_0.809_70.623_118.984_-3597.776_m_-0.285_rho_0.495_,0.5050845146179199,0.16666666666666666,1e-05,True,50000,17500,15000,17500,1.8341087378704048,0.004649657295080349,-0.07644584972490803,0.0046392416337360355,1.73247733398398,0.05003649473656393,-0.07645112011671935,0.05004247049969837,1.8701119855400212,0.9263799216237592,0.0023484698980253283,-0.03861161490285962,0.0023432091087708115,0.8750474733218465,0.025272658657199496,-0.03861427689614949,0.02527567692262173,0.9445646044976361,1.708133569214494,1.7912218499179478,1.9373426382619643,0.8627518147092781,0.9047184186388193,0.9785217660951446,5.900347085186782e-06,,
