sample_name,porosity,nu,g,all_converged,total_iterations,iterations_x,iterations_y,iterations_z,K_star_xx,K_star_xy,K_star_xz,K_star_yx,K_star_yy,K_star_yz,K_star_zx,K_star_zy,K_star_zz,K_xx,K_xy,K_xz,K_yx,K_yy,K_yz,K_zx,K_zy,K_zz,K_star_eig1,K_star_eig2,K_star_eig3,K_eig1,K_eig2,K_eig3,symmetry_error,error_type,error_message
eps_0.02_coeffs_0.361_1.069_0.434_-10.46_109.668_179.492_m_-0.421_rho_0.544_,0.45613908767700195,0.16666666666666666,1e-05,True,62500,17500,22500,22500,0.8686127252995988,-0.0060216561423315626,-0.0039573327329664445,-0.006021822608486337,0.8397332318322648,-0.031089874624058853,-0.003957814819905374,-0.031091074872753404,0.8835787326782012,0.3962082160627933,-0.0027467127390677338,-0.0018050941424496507,-0.002746788670787702,0.38303515026002966,-0.01418130704701058,-0.0018053140411461552,-0.014181854527355098,0.4030347970146363,0.8224987966739381,0.86970893008003,0.899716963056097,0.37517385073028203,0.3967082379112463,0.4103960746959311,1.231616333899747e-06,,
