sample_name,porosity,nu,g,all_converged,total_iterations,iterations_x,iterations_y,iterations_z,K_star_xx,K_star_xy,K_star_xz,K_star_yx,K_star_yy,K_star_yz,K_star_zx,K_star_zy,K_star_zz,K_xx,K_xy,K_xz,K_yx,K_yy,K_yz,K_zx,K_zy,K_zz,K_star_eig1,K_star_eig2,K_star_eig3,K_eig1,K_eig2,K_eig3,symmetry_error,error_type,error_message
eps_0.02_coeffs_0.804_1.058_0.47_40.83_37.633_-707.791_m_-0.369_rho_0.377_,0.6225547790527344,0.16666666666666666,1e-05,True,25000,7500,10000,7500,11.767217805695756,0.7619467830776268,1.9097988778789614,0.7643437144044148,3.4434110037827037,-0.9613035232860343,1.911830038129498,-0.9613071145603928,10.440489122445747,7.325737681090323,0.4743536111888337,1.188954418453097,0.47584583224138677,2.1437119766476953,-0.5984641025419521,1.1902189269740904,-0.5984663383069669,6.499776398826689,3.187731242773338,9.335426004754122,13.127960684396744,1.9845373195242542,5.811814073752853,8.1728746632876,0.00027058163111313874,,
