sample_name,porosity,nu,g,all_converged,total_iterations,iterations_x,iterations_y,iterations_z,K_star_xx,K_star_xy,K_star_xz,K_star_yx,K_star_yy,K_star_yz,K_star_zx,K_star_zy,K_star_zz,K_xx,K_xy,K_xz,K_yx,K_yy,K_yz,K_zx,K_zy,K_zz,K_star_eig1,K_star_eig2,K_star_eig3,K_eig1,K_eig2,K_eig3,symmetry_error,error_type,error_message
eps_0.02_coeffs_0.424_0.356_0.85_9.859_59.506_-2099.328_m_-0.515_rho_0.461_,0.5393319129943848,0.16666666666666666,1e-05,True,30000,12500,10000,7500,3.0818690711604178,-0.03771905066263009,0.1512801709912855,-0.037789800748749464,2.9917843756417075,-0.056310217781235065,0.1513418848574658,-0.056338535021179734,3.0877080070716842,1.662150341747176,-0.0203430877502084,0.08159022401884763,-0.020381245529499683,1.613564790581553,-0.030369897477083928,0.08162350827635294,-0.03038516986827401,1.6652994662220508,2.93011779494651,2.9780439793515776,3.25319967957572,1.58030603564739,1.6061541563650978,1.7545544065382934,2.6190429691688608e-05,,
