sample_name,porosity,nu,g,all_converged,total_iterations,iterations_x,iterations_y,iterations_z,K_star_xx,K_star_xy,K_star_xz,K_star_yx,K_star_yy,K_star_yz,K_star_zx,K_star_zy,K_star_zz,K_xx,K_xy,K_xz,K_yx,K_yy,K_yz,K_zx,K_zy,K_zz,K_star_eig1,K_star_eig2,K_star_eig3,K_eig1,K_eig2,K_eig3,symmetry_error,error_type,error_message
eps_0.02_coeffs_0.108_0.143_0.761_5.185_23.536_-1937.071_m_-0.299_rho_0.668_,0.3317279815673828,0.16666666666666666,1e-05,True,65000,20000,25000,20000,0.8046576914482996,-0.04305011603526311,0.06341288614851484,-0.04305032331885707,0.8221692555185682,-0.051085128154687305,0.0634124332537353,-0.05108488359238877,0.8387189934700903,0.2669274718368143,-0.014280928098619453,0.021035828727409077,-0.014280996860387687,0.27273654763993244,-0.0169463664508655,0.021035678489537996,-0.016946285322707838,0.27822655880605995,0.7557386566625144,0.7807662395266601,0.9290410442477833,0.2506996591671012,0.25900200871413476,0.3081889104015708,5.488939746702265e-07,,
