sample_name,porosity,nu,g,all_converged,total_iterations,iterations_x,iterations_y,iterations_z,K_star_xx,K_star_xy,K_star_xz,K_star_yx,K_star_yy,K_star_yz,K_star_zx,K_star_zy,K_star_zz,K_xx,K_xy,K_xz,K_yx,K_yy,K_yz,K_zx,K_zy,K_zz,K_star_eig1,K_star_eig2,K_star_eig3,K_eig1,K_eig2,K_eig3,symmetry_error,error_type,error_message
eps_0.02_coeffs_0.535_0.385_0.95_16.84_39.511_-1171.705_m_-0.241_rho_0.581_,0.4190845489501953,0.16666666666666666,1e-05,True,37500,12500,12500,12500,2.2083994872238066,0.03645810811667761,0.050458331203897915,0.036471212745931514,2.443536644754723,0.2802836631129887,0.05045161410336676,0.2802695443729688,2.490281196446796,0.9255061030050317,0.01527902979565529,0.021146306973365125,0.015284521743295323,1.0240484526103066,0.11746255253381536,0.02114349194031877,0.11745663558802238,1.0436383719720583,2.182818741381262,2.2042557412748662,2.7551428457691984,0.9147856076717994,0.9237695231030559,1.1546377968125416,6.953707261851894e-06,,
