sample_name,porosity,nu,g,all_converged,total_iterations,iterations_x,iterations_y,iterations_z,K_star_xx,K_star_xy,K_star_xz,K_star_yx,K_star_yy,K_star_yz,K_star_zx,K_star_zy,K_star_zz,K_xx,K_xy,K_xz,K_yx,K_yy,K_yz,K_zx,K_zy,K_zz,K_star_eig1,K_star_eig2,K_star_eig3,K_eig1,K_eig2,K_eig3,symmetry_error,error_type,error_message
eps_0.02_coeffs_0.914_1.174_0.741_28.771_92.366_-1329.307_m_-0.274_rho_0.657_,0.34295225143432617,0.16666666666666666,1e-05,True,110000,32500,40000,37500,0.8326440928212254,-0.09708560576069526,-0.03611506919529834,-0.09708498990409611,0.5890566931116229,-0.05899695672171157,-0.0361161329654103,-0.05899784850728768,0.7205769451116286,0.2855571662765313,-0.033295727077495826,-0.012385744291234044,-0.03329551586808859,0.20201831912509,-0.020233139135484485,-0.01238610911358895,-0.020233444975355612,0.2471234856577019,0.5309118719048311,0.7431571028529451,0.8682087562867005,0.1820774217829744,0.25486740159282867,0.29775414768352015,1.7042916123102428e-06,,
