sample_name,porosity,nu,g,all_converged,total_iterations,iterations_x,iterations_y,iterations_z,K_star_xx,K_star_xy,K_star_xz,K_star_yx,K_star_yy,K_star_yz,K_star_zx,K_star_zy,K_star_zz,K_xx,K_xy,K_xz,K_yx,K_yy,K_yz,K_zx,K_zy,K_zz,K_star_eig1,K_star_eig2,K_star_eig3,K_eig1,K_eig2,K_eig3,symmetry_error,error_type,error_message
eps_0.02_coeffs_0.991_1.085_0.545_-11.517_116.774_539.87_m_-0.259_rho_0.48_,0.5200915336608887,0.16666666666666666,1e-05,True,42500,12500,15000,15000,1.0935789013887904,-0.0568081667615983,-0.06069104153898969,-0.056806118417700946,1.1017905264187304,0.018356963608944607,-0.06069219517592723,0.018357844426838955,1.095945182620865,0.5687611280024858,-0.02954544657550318,-0.031564896873489845,-0.02954438124918414,0.5730319246581553,0.009547301356733123,-0.03156549687029398,0.00954775946266267,0.5699918108375485,1.021212776789248,1.0807771010836125,1.1893247325555254,0.5311241192744147,0.5621030200481454,0.6185577241756295,1.864610847253627e-06,,
