sample_name,porosity,nu,g,all_converged,total_iterations,iterations_x,iterations_y,iterations_z,K_star_xx,K_star_xy,K_star_xz,K_star_yx,K_star_yy,K_star_yz,K_star_zx,K_star_zy,K_star_zz,K_xx,K_xy,K_xz,K_yx,K_yy,K_yz,K_zx,K_zy,K_zz,K_star_eig1,K_star_eig2,K_star_eig3,K_eig1,K_eig2,K_eig3,symmetry_error,error_type,error_message
eps_0.02_coeffs_0.46_1.374_0.649_-12.637_94.591_-6.986_m_-0.589_rho_0.462_,0.5379753112792969,0.16666666666666666,1e-05,True,25000,7500,7500,10000,6.041842241151308,0.5458814249864485,-0.16861874168002258,0.5451958712721876,6.0518985295109475,-0.49639258195376834,-0.1670822380562279,-0.49621087088874266,4.977829115233212,3.2503619603837794,0.2936707295286708,-0.0907127200428335,0.2933019185558426,3.255771995244371,-0.2670469537933124,-0.08988611902754079,-0.2669491977265423,2.6779491677627343,4.781894835793854,5.5676451735716475,6.722029876529962,2.572541362791062,2.995255645344882,3.6162861152549417,0.00024046812378244103,,
