sample_name,porosity,nu,g,all_converged,total_iterations,iterations_x,iterations_y,iterations_z,K_star_xx,K_star_xy,K_star_xz,K_star_yx,K_star_yy,K_star_yz,K_star_zx,K_star_zy,K_star_zz,K_xx,K_xy,K_xz,K_yx,K_yy,K_yz,K_zx,K_zy,K_zz,K_star_eig1,K_star_eig2,K_star_eig3,K_eig1,K_eig2,K_eig3,symmetry_error,error_type,error_message
eps_0.02_coeffs_0.655_-0.003_0.712_-27.705_73.186_802.831_m_-0.327_rho_0.593_,0.4071769714355469,0.16666666666666666,1e-05,True,47500,15000,17500,15000,1.1463598077737505,-0.04813681076080898,-0.19492767369114594,-0.04813843891533918,1.2987939711138254,0.232160821661009,-0.1949575500512872,0.2321558661554795,1.5509735253091654,0.4667713147047514,-0.019600200820152243,-0.07937005982253734,-0.01960086376718288,0.5288389956768746,0.09453054024991775,-0.07938222478837717,0.09452852248218432,0.6315207028120995,1.0556918941078592,1.1896788553457593,1.750756554743124,0.4298534282118942,0.4844098333005944,0.7128677516812372,1.8132777745902164e-05,,
