sample_name,porosity,nu,g,all_converged,total_iterations,iterations_x,iterations_y,iterations_z,K_star_xx,K_star_xy,K_star_xz,K_star_yx,K_star_yy,K_star_yz,K_star_zx,K_star_zy,K_star_zz,K_xx,K_xy,K_xz,K_yx,K_yy,K_yz,K_zx,K_zy,K_zz,K_star_eig1,K_star_eig2,K_star_eig3,K_eig1,K_eig2,K_eig3,symmetry_error,error_type,error_message
eps_0.02_coeffs_0.489_-0.196_0.34_68.977_35.906_-2608.782_m_-0.361_rho_0.532_,0.46764564514160156,0.16666666666666666,1e-05,True,47500,15000,15000,17500,2.2647425245678203,0.2276455636666859,0.20831939623401172,0.22767524582311172,1.6868382644524464,0.1370691953825999,0.20830503743592302,0.13707436464294015,1.8585797463783384,1.0590969789811377,0.10645745648453085,0.09741965844736333,0.1064713372157218,0.7888425684294038,0.06409981230373617,0.09741294361796768,0.06410222968582288,0.8691567245422123,1.5884329915911584,1.7775303156949358,2.444197228112511,0.7428237711168515,0.8312543112419131,1.1430181895939895,1.3824619405662427e-05,,
