sample_name,porosity,nu,g,all_converged,total_iterations,iterations_x,iterations_y,iterations_z,K_star_xx,K_star_xy,K_star_xz,K_star_yx,K_star_yy,K_star_yz,K_star_zx,K_star_zy,K_star_zz,K_xx,K_xy,K_xz,K_yx,K_yy,K_yz,K_zx,K_zy,K_zz,K_star_eig1,K_star_eig2,K_star_eig3,K_eig1,K_eig2,K_eig3,symmetry_error,error_type,error_message
eps_0.02_coeffs_0.753_0.583_0.588_49.128_54.166_-2965.68_m_-0.216_rho_0.362_,0.6376562118530273,0.16666666666666666,1e-05,True,32500,10000,12500,10000,3.5326584134487518,0.15124790466802351,0.09283909484636557,0.15126749486515081,3.338352717912186,0.12497596497680145,0.09286761754751299,0.12497125607099731,3.584273948274425,2.2526215816904567,0.09644416594131969,0.059199425531597384,0.09645665775220934,2.1287213479331424,0.07969170039978384,0.05921761320916286,0.07968869773674679,2.285534548100163,3.2410746504595958,3.468250520778023,3.745959908397741,2.066691383944942,2.2115514888366037,2.3886346049422174,8.16711931090841e-06,,
