sample_name,porosity,nu,g,all_converged,total_iterations,iterations_x,iterations_y,iterations_z,K_star_xx,K_star_xy,K_star_xz,K_star_yx,K_star_yy,K_star_yz,K_star_zx,K_star_zy,K_star_zz,K_xx,K_xy,K_xz,K_yx,K_yy,K_yz,K_zx,K_zy,K_zz,K_star_eig1,K_star_eig2,K_star_eig3,K_eig1,K_eig2,K_eig3,symmetry_error,error_type,error_message
eps_0.02_coeffs_0.395_0.335_0.912_37.518_16.819_-2411.176_m_-0.446_rho_0.535_,0.46538639068603516,0.16666666666666666,1e-05,True,32500,12500,10000,10000,3.531252241823878,-0.4087903081779433,-0.5260109067310265,-0.408843938331943,2.848503788793176,0.8788029252595947,-0.5258592299122723,0.8787038103282278,4.846074650572364,1.6433967354243848,-0.19024544607036503,-0.2447983173450411,-0.19027040481416688,1.3256548971219524,0.40898292151089227,-0.24472772901781034,0.4089367947707203,2.2552971906249613,2.4742549976548625,3.355301965554709,5.396273717979848,1.151484602995481,1.5615118714112652,2.511352348764553,3.9188424205876045e-05,,
