sample_name,porosity,nu,g,all_converged,total_iterations,iterations_x,iterations_y,iterations_z,K_star_xx,K_star_xy,K_star_xz,K_star_yx,K_star_yy,K_star_yz,K_star_zx,K_star_zy,K_star_zz,K_xx,K_xy,K_xz,K_yx,K_yy,K_yz,K_zx,K_zy,K_zz,K_star_eig1,K_star_eig2,K_star_eig3,K_eig1,K_eig2,K_eig3,symmetry_error,error_type,error_message
eps_0.02_coeffs_0.697_1.269_0.796_-17.775_62.761_-225.853_m_-0.601_rho_0.627_,0.3727684020996094,0.16666666666666666,1e-05,True,50000,15000,12500,22500,2.9699245340253153,0.2765414697770367,0.23852522394596556,0.27635852500121616,3.714261264466965,0.7348522101227384,0.23851150268332647,0.7346982419758282,3.268339068290394,1.1070940229050437,0.10308592180306339,0.08891466659078906,0.1030177257713083,1.384559236535825,0.27392968414681956,0.0889095517376403,0.27387228968672167,1.2183335320063362,2.7191012467358515,2.878607794201996,4.354815825844824,1.0135950268927794,1.0730540277161589,1.6233377368382667,5.754582281457535e-05,,
