sample_name,porosity,nu,g,all_converged,total_iterations,iterations_x,iterations_y,iterations_z,K_star_xx,K_star_xy,K_star_xz,K_star_yx,K_star_yy,K_star_yz,K_star_zx,K_star_zy,K_star_zz,K_xx,K_xy,K_xz,K_yx,K_yy,K_yz,K_zx,K_zy,K_zz,K_star_eig1,K_star_eig2,K_star_eig3,K_eig1,K_eig2,K_eig3,symmetry_error,error_type,error_message
eps_0.02_coeffs_0.804_0.391_0.792_61.854_91.369_-1397.843_m_-0.618_rho_0.314_,0.6858735084533691,0.16666666666666666,1e-05,True,42500,15000,12500,15000,30.04652998256525,7.969412782806849,5.0395345589306535,8.14406667580218,24.910277071397662,6.808859553100816,5.113983231056908,6.680148356887096,23.44948935784407,20.608118935991378,5.466009105656862,3.4564832489057693,5.585799584010608,17.08529913150503,4.6700163902514955,3.5075456208566984,4.581736790527161,16.083383537304453,17.052074681197922,21.33749194781005,40.016729782799,11.695566288002087,14.634820463839993,27.44641485295879,0.006697894704218102,,
