sample_name,porosity,nu,g,all_converged,total_iterations,iterations_x,iterations_y,iterations_z,K_star_xx,K_star_xy,K_star_xz,K_star_yx,K_star_yy,K_star_yz,K_star_zx,K_star_zy,K_star_zz,K_xx,K_xy,K_xz,K_yx,K_yy,K_yz,K_zx,K_zy,K_zz,K_star_eig1,K_star_eig2,K_star_eig3,K_eig1,K_eig2,K_eig3,symmetry_error,error_type,error_message
eps_0.02_coeffs_0.125_0.179_0.461_83.335_108.439_-1874.074_m_-0.532_rho_0.468_,0.5320253372192383,0.16666666666666666,1e-05,True,50000,15000,17500,17500,2.9146289637164933,-0.4627695911770845,-0.016967995190682924,-0.46315452144818076,2.356753992914648,-0.17290094331936356,-0.017030618600070418,-0.17287808535858987,2.086041705208013,1.5506564572902264,-0.2462051478007974,-0.009027403363257497,-0.2464099404580833,1.253852837823202,-0.0919876826750088,-0.009060720603754695,-0.09197552166072004,1.109827041666688,1.9295372369178725,2.246929554286871,3.180957870634413,1.0265626991483079,1.1954234538273454,1.6923501838044637,0.00012711561945976887,,
