sample_name,porosity,nu,g,all_converged,total_iterations,iterations_x,iterations_y,iterations_z,K_star_xx,K_star_xy,K_star_xz,K_star_yx,K_star_yy,K_star_yz,K_star_zx,K_star_zy,K_star_zz,K_xx,K_xy,K_xz,K_yx,K_yy,K_yz,K_zx,K_zy,K_zz,K_star_eig1,K_star_eig2,K_star_eig3,K_eig1,K_eig2,K_eig3,symmetry_error,error_type,error_message
eps_0.02_coeffs_0.809_1.104_0.744_-13.496_122.031_562.041_m_-0.581_rho_0.473_,0.5270180702209473,0.16666666666666666,1e-05,True,72500,25000,25000,22500,16.534340881440844,1.1784552879292718,-2.9609564060006037,1.189171877891055,13.419922365146313,-3.8164899174124955,-2.9714426470381454,-3.816958893881159,11.941430524711134,8.71389642371227,0.6210672316861556,-1.5604775310987897,0.6267150682471637,7.0725415873943405,-2.0113591512924356,-1.5660039696142667,-2.01160631036593,6.293349670810775,8.460765563914311,13.963349516612395,19.47157869077159,4.4589763400859646,7.358937516065657,10.261873825765761,0.0008349229416486704,,
