sample_name,porosity,nu,g,all_converged,total_iterations,iterations_x,iterations_y,iterations_z,K_star_xx,K_star_xy,K_star_xz,K_star_yx,K_star_yy,K_star_yz,K_star_zx,K_star_zy,K_star_zz,K_xx,K_xy,K_xz,K_yx,K_yy,K_yz,K_zx,K_zy,K_zz,K_star_eig1,K_star_eig2,K_star_eig3,K_eig1,K_eig2,K_eig3,symmetry_error,error_type,error_message
eps_0.02_coeffs_0.338_0.925_0.724_-5.227_120.144_560.41_m_-0.356_rho_0.475_,0.5247015953063965,0.16666666666666666,1e-05,True,320000,120000,95000,105000,0.7293502669266262,-0.056075980114558055,-0.06380037360343317,-0.056072668073472796,0.8286824024055996,0.026154394859993567,-0.06379647386496355,0.02615913979873267,0.7593621529206029,0.38269124859354686,-0.029423156224478376,-0.03347615781086549,-0.02942141839123722,0.43481097854455536,0.01372325270731204,-0.0334741116118692,0.01372574238423808,0.3984385330527402,0.6730556460018806,0.7666514880408217,0.8776876882101264,0.35315337118716394,0.4022632588190419,0.4605241301846362,7.33285863877927e-06,,
