sample_name,porosity,nu,g,all_converged,total_iterations,iterations_x,iterations_y,iterations_z,K_star_xx,K_star_xy,K_star_xz,K_star_yx,K_star_yy,K_star_yz,K_star_zx,K_star_zy,K_star_zz,K_xx,K_xy,K_xz,K_yx,K_yy,K_yz,K_zx,K_zy,K_zz,K_star_eig1,K_star_eig2,K_star_eig3,K_eig1,K_eig2,K_eig3,symmetry_error,error_type,error_message
eps_0.02_coeffs_0.389_1.424_0.393_62.333_89.277_-408.301_m_-0.2_rho_0.585_,0.4149351119995117,0.16666666666666666,1e-05,True,37500,12500,12500,12500,0.1666482515153933,-2.7468835030992045e-14,3.69280347614348e-13,-2.755568764439149e-14,0.16664898612892842,-3.563026829275873e-14,3.6942597140469397e-13,-3.5468931364321976e-14,0.1666476736092399,0.06914821090706252,-1.1397784140080796e-14,1.5322738239657812e-13,-1.1433822338949144e-14,0.06914851572401198,-1.4784249364628496e-14,1.5328780682033512e-13,-1.4717305008157934e-14,0.06914797111350804,0.1666476736092399,0.1666482515153933,0.16664898612892842,0.06914797111350801,0.06914821090706252,0.06914851572401193,1.1467310979597866e-15,,
