sample_name,porosity,nu,g,all_converged,total_iterations,iterations_x,iterations_y,iterations_z,K_star_xx,K_star_xy,K_star_xz,K_star_yx,K_star_yy,K_star_yz,K_star_zx,K_star_zy,K_star_zz,K_xx,K_xy,K_xz,K_yx,K_yy,K_yz,K_zx,K_zy,K_zz,K_star_eig1,K_star_eig2,K_star_eig3,K_eig1,K_eig2,K_eig3,symmetry_error,error_type,error_message
eps_0.02_coeffs_0.289_0.308_0.554_19.389_80.639_-439.769_m_-0.465_rho_0.501_,0.49907970428466797,0.16666666666666666,1e-05,True,142500,55000,42500,45000,2.6370546088001126,0.4987302605689903,0.8084165442395865,0.49860969033197367,3.3352232364195937,0.2752764787555304,0.8083753143766531,0.2750332390915206,5.189484015391016,1.316100434342481,0.24890615096258706,0.40346428983792604,0.24884597680435128,1.664542226555644,0.1373849036138348,0.40344371285012554,0.1372635076342505,2.5899661477913596,2.2466143073755567,3.414318604560601,5.500828948674563,1.1212396041666968,1.7040171194977458,2.7453520850250417,5.666623284177282e-05,,
