sample_name,porosity,nu,g,all_converged,total_iterations,iterations_x,iterations_y,iterations_z,K_star_xx,K_star_xy,K_star_xz,K_star_yx,K_star_yy,K_star_yz,K_star_zx,K_star_zy,K_star_zz,K_xx,K_xy,K_xz,K_yx,K_yy,K_yz,K_zx,K_zy,K_zz,K_star_eig1,K_star_eig2,K_star_eig3,K_eig1,K_eig2,K_eig3,symmetry_error,error_type,error_message
eps_0.02_coeffs_0.849_-0.191_0.72_31.156_92.906_-2536.937_m_-0.245_rho_0.515_,0.4850583076477051,0.16666666666666666,1e-05,True,42500,15000,12500,15000,1.695459595804865,-0.028641406406163673,-0.002771908477002164,-0.028637939247107037,1.6782920864723736,0.04436283308680236,-0.0027705444972606014,0.0443607109154265,1.656767099128503,0.82239676222617,-0.01389275212002389,-0.0013445372348089974,-0.013891070345719533,0.8140695192028254,0.02151856073954197,-0.0013438756251038892,0.021517531362685857,0.8036286452696694,1.6184770856976587,1.6811833154510274,1.7308583802570556,0.7850557561550963,0.8154719338382334,0.8395672367053356,2.0870570189045673e-06,,
