sample_name,porosity,nu,g,all_converged,total_iterations,iterations_x,iterations_y,iterations_z,K_star_xx,K_star_xy,K_star_xz,K_star_yx,K_star_yy,K_star_yz,K_star_zx,K_star_zy,K_star_zz,K_xx,K_xy,K_xz,K_yx,K_yy,K_yz,K_zx,K_zy,K_zz,K_star_eig1,K_star_eig2,K_star_eig3,K_eig1,K_eig2,K_eig3,symmetry_error,error_type,error_message
eps_0.02_coeffs_0.825_1.393_0.587_102.113_144.402_-2946.343_m_-0.604_rho_0.416_,0.5836906433105469,0.16666666666666666,1e-05,True,312500,77500,112500,122500,2.209457121557905,-1.416488978730754,1.1039966160309553,-1.415920985599224,9.567373735848369,-3.1252604711721697,1.1036185456858207,-3.1258061134009343,4.063512721136467,1.2896394486492029,-0.8267913632376533,0.6443924950237752,-0.8264598309613147,5.584386530669764,-1.8241852949315065,0.6441718189008069,-1.8245037811950315,2.3718343543007356,1.694823121474051,2.8304073038404436,11.315113153228246,0.9892523980707782,1.6520822600094986,6.604525675539422,0.00010482935036068095,,
