sample_name,porosity,nu,g,all_converged,total_iterations,iterations_x,iterations_y,iterations_z,K_star_xx,K_star_xy,K_star_xz,K_star_yx,K_star_yy,K_star_yz,K_star_zx,K_star_zy,K_star_zz,K_xx,K_xy,K_xz,K_yx,K_yy,K_yz,K_zx,K_zy,K_zz,K_star_eig1,K_star_eig2,K_star_eig3,K_eig1,K_eig2,K_eig3,symmetry_error,error_type,error_message
eps_0.02_coeffs_0.792_0.696_0.633_-33.165_55.816_-905.257_m_-0.307_rho_0.681_,0.31870269775390625,0.16666666666666666,1e-05,True,67500,20000,22500,25000,0.79108946455612,-0.009582724337453429,-0.007271972015058558,-0.009582596715084924,0.8491927248723945,0.018962887782069945,-0.00727195135030299,0.018962879086787832,0.7978260154301747,0.2521223465187286,-0.0030540400981784216,-0.002317597099190072,-0.0030539994245852853,0.2706400123298228,0.006043523493350279,-0.0023175905132767245,0.006043520722140413,0.2542693034558463,0.7863143003647237,0.7944005887718439,0.8573933157221212,0.25060048880871283,0.25317761073887807,0.27325356275680673,1.3008216620362863e-07,,
