sample_name,porosity,nu,g,all_converged,total_iterations,iterations_x,iterations_y,iterations_z,K_star_xx,K_star_xy,K_star_xz,K_star_yx,K_star_yy,K_star_yz,K_star_zx,K_star_zy,K_star_zz,K_xx,K_xy,K_xz,K_yx,K_yy,K_yz,K_zx,K_zy,K_zz,K_star_eig1,K_star_eig2,K_star_eig3,K_eig1,K_eig2,K_eig3,symmetry_error,error_type,error_message
eps_0.02_coeffs_0.907_0.04_0.644_119.384_71.855_-3278.001_m_-0.368_rho_0.516_,0.48427581787109375,0.16666666666666666,1e-05,True,42500,12500,15000,15000,1.9951122502135399,0.13203397888315777,-0.46273840469601496,0.13218169586035275,3.9026438121588587,-0.10649701915291845,-0.4627216258361329,-0.10670024829826731,2.3066233026554,0.9661846167168002,0.06394086311041595,-0.2240930193945278,0.06401239887036049,1.8899560239927944,-0.05157393105111312,-0.2240848937984355,-0.05167235001169218,1.1170418864139673,1.6617169040432034,2.6182500483398914,3.924412412644706,0.8047293127757441,1.2679551835508316,1.9004980307969865,7.119528862841037e-05,,
