sample_name,porosity,nu,g,all_converged,total_iterations,iterations_x,iterations_y,iterations_z,K_star_xx,K_star_xy,K_star_xz,K_star_yx,K_star_yy,K_star_yz,K_star_zx,K_star_zy,K_star_zz,K_xx,K_xy,K_xz,K_yx,K_yy,K_yz,K_zx,K_zy,K_zz,K_star_eig1,K_star_eig2,K_star_eig3,K_eig1,K_eig2,K_eig3,symmetry_error,error_type,error_message
eps_0.02_coeffs_0.634_0.552_0.919_-12.215_42.537_150.909_m_-0.639_rho_0.445_,0.5547456741333008,0.16666666666666666,1e-05,True,30000,10000,10000,10000,22.112173764319135,0.06496347802612434,1.3889902681404764,0.05408767508514608,25.247015997878144,-0.9837478192925372,1.3855828990300154,-0.956295191748487,21.028725410868383,12.266632741439906,0.03603820841164622,0.7705363426641828,0.030004903777412297,14.005672909597141,-0.5457298471906031,0.7686461193899792,-0.5305006208169486,11.665594454216253,19.95369760379619,22.961102051026987,25.473115518242484,11.069227428669947,12.737572036140483,14.131100640442877,0.001059457526241057,,
