sample_name,porosity,nu,g,all_converged,total_iterations,iterations_x,iterations_y,iterations_z,K_star_xx,K_star_xy,K_star_xz,K_star_yx,K_star_yy,K_star_yz,K_star_zx,K_star_zy,K_star_zz,K_xx,K_xy,K_xz,K_yx,K_yy,K_yz,K_zx,K_zy,K_zz,K_star_eig1,K_star_eig2,K_star_eig3,K_eig1,K_eig2,K_eig3,symmetry_error,error_type,error_message
eps_0.02_coeffs_0.908_0.457_0.519_69.698_96.129_-2660.32_m_-0.546_rho_0.505_,0.49501895904541016,0.16666666666666666,1e-05,True,32500,12500,10000,10000,3.45544597455467,-0.12772840128141397,-1.05631417481178,-0.1275056517539265,3.9228934654894125,0.58727983838073,-1.0562867283603983,0.5876443689513132,3.587438683710934,1.7105112693617055,-0.06322798024285997,-0.5228955432402387,-0.06311771500363528,1.9419066397326106,0.29071465426358567,-0.5228819567264463,0.29089510380717604,1.775850162849823,2.395005472243199,3.698682100355959,4.872090551155858,1.1855731157778895,1.8309177631580984,2.4117771930081524,9.215820467655695e-05,,
