sample_name,porosity,nu,g,all_converged,total_iterations,iterations_x,iterations_y,iterations_z,K_star_xx,K_star_xy,K_star_xz,K_star_yx,K_star_yy,K_star_yz,K_star_zx,K_star_zy,K_star_zz,K_xx,K_xy,K_xz,K_yx,K_yy,K_yz,K_zx,K_zy,K_zz,K_star_eig1,K_star_eig2,K_star_eig3,K_eig1,K_eig2,K_eig3,symmetry_error,error_type,error_message
eps_0.02_coeffs_0.63_-0.557_0.787_72.999_136.332_-260.974_m_-0.228_rho_0.685_,0.3153553009033203,0.16666666666666666,1e-05,True,165000,47500,67500,50000,0.640022062377041,-0.06188370390661148,-0.044811342282797845,-0.06188527673254756,0.4867711989308513,0.2224240352268154,-0.044814008314557445,0.22243136405740319,0.6885800312542008,0.2018343500656754,-0.01951535406648144,-0.014131494329473394,-0.019515850065477784,0.1535058779099086,0.07014259855708309,-0.014132335076721162,0.07014490974265837,0.21714736295218617,0.34076310865586834,0.6190101311833784,0.8556000527228464,0.10746145266692209,0.1952081261815381,0.2698180120793099,1.0139221529279666e-05,,
