sample_name,porosity,nu,g,all_converged,total_iterations,iterations_x,iterations_y,iterations_z,K_star_xx,K_star_xy,K_star_xz,K_star_yx,K_star_yy,K_star_yz,K_star_zx,K_star_zy,K_star_zz,K_xx,K_xy,K_xz,K_yx,K_yy,K_yz,K_zx,K_zy,K_zz,K_star_eig1,K_star_eig2,K_star_eig3,K_eig1,K_eig2,K_eig3,symmetry_error,error_type,error_message
eps_0.02_coeffs_0.852_0.79_0.747_29.925_126.236_-1972.785_m_-0.314_rho_0.343_,0.656822681427002,0.16666666666666666,1e-05,True,27500,10000,7500,10000,3.017461548524545,-0.18802946107891408,0.136735910179235,-0.1880369497729859,3.246531066793399,-0.04067025577972657,0.136795728671184,-0.040634335959342974,2.968539632440526,1.9819371854047652,-0.12350201481312645,0.08981124717128683,-0.1235069335572471,2.1323952406273055,-0.02671314645556203,0.0898505373135677,-0.0266895535028213,1.949804161301913,2.8291146943536645,3.0243083699135878,3.379109183491216,1.858226699609907,1.9864343329887686,2.219475554735308,1.8567515209789037e-05,,
