sample_name,porosity,nu,g,all_converged,total_iterations,iterations_x,iterations_y,iterations_z,K_star_xx,K_star_xy,K_star_xz,K_star_yx,K_star_yy,K_star_yz,K_star_zx,K_star_zy,K_star_zz,K_xx,K_xy,K_xz,K_yx,K_yy,K_yz,K_zx,K_zy,K_zz,K_star_eig1,K_star_eig2,K_star_eig3,K_eig1,K_eig2,K_eig3,symmetry_error,error_type,error_message
eps_0.02_coeffs_0.609_0.78_0.816_-13.906_118.824_-1498.374_m_-0.382_rho_0.561_,0.43926382064819336,0.16666666666666666,1e-05,True,60000,20000,22500,17500,1.0078720999053608,-0.0011137470821825789,0.017671283114211137,-0.0011137197461547831,0.9944075854177149,-0.0011108185162702802,0.01767172555666035,-0.0011110617353045952,1.0228192467685544,0.44272174932914643,-0.0004892287985552971,0.007762355336504288,-0.0004892167908272861,0.43680727525213014,-0.0004879423855036406,0.007762549685464947,-0.00048804922282590817,0.4492874901680625,0.9942954630740856,0.996211581883364,1.03459188713418,0.4367580239630877,0.43759970563206707,0.4544587851541844,4.093475964839408e-07,,
