sample_name,porosity,nu,g,all_converged,total_iterations,iterations_x,iterations_y,iterations_z,K_star_xx,K_star_xy,K_star_xz,K_star_yx,K_star_yy,K_star_yz,K_star_zx,K_star_zy,K_star_zz,K_xx,K_xy,K_xz,K_yx,K_yy,K_yz,K_zx,K_zy,K_zz,K_star_eig1,K_star_eig2,K_star_eig3,K_eig1,K_eig2,K_eig3,symmetry_error,error_type,error_message
eps_0.02_coeffs_0.415_0.95_0.861_34.442_36.809_-827.312_m_-0.46_rho_0.427_,0.5728163719177246,0.16666666666666666,1e-05,True,30000,10000,10000,10000,10.796189984642602,1.3420983181104285,-0.5162857038506299,1.3408355596502946,5.363366667285395,-0.6896829318774919,-0.5144231792051323,-0.6883194733520229,7.44243979258684,6.18423437753745,0.7687758893368959,-0.2957369037527066,0.7680525606171535,3.072224235618878,-0.3950616748116441,-0.29467001914266533,-0.3942806634458247,4.263151360205697,4.92532245391444,7.451810675135202,11.224863315465196,2.8213053385761735,4.2685191551487165,6.429785479637133,0.00025937824123851294,,
