sample_name,porosity,nu,g,all_converged,total_iterations,iterations_x,iterations_y,iterations_z,K_star_xx,K_star_xy,K_star_xz,K_star_yx,K_star_yy,K_star_yz,K_star_zx,K_star_zy,K_star_zz,K_xx,K_xy,K_xz,K_yx,K_yy,K_yz,K_zx,K_zy,K_zz,K_star_eig1,K_star_eig2,K_star_eig3,K_eig1,K_eig2,K_eig3,symmetry_error,error_type,error_message
eps_0.02_coeffs_0.12_0.012_0.849_84.054_25.985_-3388.568_m_-0.431_rho_0.64_,0.360107421875,0.16666666666666666,1e-05,True,125000,42500,45000,37500,0.7346072157291305,0.046866780867570075,-0.08081814152507022,0.04686555309822049,0.6543744048249284,-0.05228370163047896,-0.08081754051634792,-0.05228359163955819,0.5584326605739399,0.2645375105469891,0.016877075629801234,-0.029103212585321916,0.0168766335009461,0.23564507986249253,-0.018827749000233512,-0.029102996157620405,-0.018827709391686605,0.20109574569007846,0.5185846370984352,0.6340518467782815,0.794777797251282,0.18674617668949997,0.22832677587840947,0.2862053835316506,1.699293476581168e-06,,
