sample_name,porosity,nu,g,all_converged,total_iterations,iterations_x,iterations_y,iterations_z,K_star_xx,K_star_xy,K_star_xz,K_star_yx,K_star_yy,K_star_yz,K_star_zx,K_star_zy,K_star_zz,K_xx,K_xy,K_xz,K_yx,K_yy,K_yz,K_zx,K_zy,K_zz,K_star_eig1,K_star_eig2,K_star_eig3,K_eig1,K_eig2,K_eig3,symmetry_error,error_type,error_message
eps_0.02_coeffs_0.821_0.609_0.699_-13.759_121.893_420.321_m_-0.417_rho_0.325_,0.6747455596923828,0.16666666666666666,1e-05,True,22500,7500,7500,7500,5.806749756511731,0.3245018724083402,0.2956054026593855,0.32446366281196043,5.549916515857142,0.12383264045069636,0.2971442160310575,0.12316326949465711,4.462944910467673,3.9180786144511157,0.21895619751939172,0.19945843286549927,0.21893041576389682,3.7447815257380266,0.08355552428909072,0.2004967403552302,0.0831038692087162,3.0113522614897814,4.397509496437476,5.3335715773838075,6.088530109015267,2.9672000064262734,3.598803739141221,4.10820865611143,0.00025769536982853347,,
