sample_name,porosity,nu,g,all_converged,total_iterations,iterations_x,iterations_y,iterations_z,K_star_xx,K_star_xy,K_star_xz,K_star_yx,K_star_yy,K_star_yz,K_star_zx,K_star_zy,K_star_zz,K_xx,K_xy,K_xz,K_yx,K_yy,K_yz,K_zx,K_zy,K_zz,K_star_eig1,K_star_eig2,K_star_eig3,K_eig1,K_eig2,K_eig3,symmetry_error,error_type,error_message
eps_0.02_coeffs_0.652_-0.49_0.522_75.601_145.391_-3038.832_m_-0.343_rho_0.558_,0.44184446334838867,0.16666666666666666,1e-05,True,125000,42500,45000,37500,0.48962171704001844,-0.0063503215019842145,-0.008082605115026098,-0.0063504839534748074,0.477720934657773,-0.02703294608612146,-0.008082752978950522,-0.027032838403646783,0.5080411087197829,0.21633664480926357,-0.002805854396133949,-0.0035712543195056475,-0.00280592617442563,0.21107835000415437,-0.01194435755614826,-0.0035713196523619833,-0.011944309977243025,0.22447515104121288,0.4588893297756192,0.4921930507459427,0.5243013798960123,0.20275770965101023,0.2174727743706473,0.23165966183297335,4.0556679151587573e-07,,
