sample_name,porosity,nu,g,all_converged,total_iterations,iterations_x,iterations_y,iterations_z,K_star_xx,K_star_xy,K_star_xz,K_star_yx,K_star_yy,K_star_yz,K_star_zx,K_star_zy,K_star_zz,K_xx,K_xy,K_xz,K_yx,K_yy,K_yz,K_zx,K_zy,K_zz,K_star_eig1,K_star_eig2,K_star_eig3,K_eig1,K_eig2,K_eig3,symmetry_error,error_type,error_message
eps_0.02_coeffs_0.333_-0.694_0.323_44.586_42.008_777.494_m_-0.591_rho_0.485_,0.5152392387390137,0.16666666666666666,1e-05,True,27500,10000,7500,10000,19.198992379368562,-0.33251487233106886,2.907229269187872,-0.32860036729241565,10.917228480528438,-1.0381211860129729,2.904400377589976,-1.017196591600253,27.67843067085925,9.892074218101982,-0.17132470968926022,1.4979185954961383,-0.16930780309310453,5.624984491447352,-0.5348807696001662,1.496461039542763,-0.5240995975040338,14.261013548344087,10.852749301123607,18.299594042401655,28.642308187231006,5.591762288136288,9.428668903640018,14.757641066117126,0.0008511606453590898,,
