sample_name,porosity,nu,g,all_converged,total_iterations,iterations_x,iterations_y,iterations_z,K_star_xx,K_star_xy,K_star_xz,K_star_yx,K_star_yy,K_star_yz,K_star_zx,K_star_zy,K_star_zz,K_xx,K_xy,K_xz,K_yx,K_yy,K_yz,K_zx,K_zy,K_zz,K_star_eig1,K_star_eig2,K_star_eig3,K_eig1,K_eig2,K_eig3,symmetry_error,error_type,error_message
eps_0.02_coeffs_0.981_0.737_0.39_-18.561_47.005_364.321_m_-0.297_rho_0.536_,0.4643397331237793,0.16666666666666666,1e-05,True,112500,27500,45000,40000,1.6921082309998348,-0.015765799722876145,-0.1103615685757105,-0.015767402822762105,0.3697843606385317,-0.08698196711004257,-0.11036206893811495,-0.08698200758384357,0.4473679233633176,0.7857130843990136,-0.0073206872358032625,-0.05124526129956708,-0.00732143161877648,0.17170557133224318,-0.04038918339445852,-0.05124549363771243,-0.04038920218805247,0.20773070214266223,0.30934521703922596,0.49804851587816734,1.7018667820842908,0.14364127552311182,0.23126371494556255,0.7902443674052446,1.3198029419969222e-06,,
