sample_name,porosity,nu,g,all_converged,total_iterations,iterations_x,iterations_y,iterations_z,K_star_xx,K_star_xy,K_star_xz,K_star_yx,K_star_yy,K_star_yz,K_star_zx,K_star_zy,K_star_zz,K_xx,K_xy,K_xz,K_yx,K_yy,K_yz,K_zx,K_zy,K_zz,K_star_eig1,K_star_eig2,K_star_eig3,K_eig1,K_eig2,K_eig3,symmetry_error,error_type,error_message
eps_0.02_coeffs_0.585_0.654_0.698_-17.72_90.143_-479.665_m_-0.501_rho_0.651_,0.34899330139160156,0.16666666666666666,1e-05,True,65000,25000,22500,17500,1.077966758649181,0.07602416513409949,0.00032890280934225186,0.07602503215457525,0.9065117774326326,0.055660670167118426,0.0003228105680825623,0.055660875244538055,0.8706782444211599,0.37620317789138147,0.02653192437568967,0.00011478487726932496,0.02653222696002788,0.31636653795658315,0.019425201039291688,0.00011265872587923178,0.019425272609937403,0.3038608749703844,0.8213700852905553,0.9251882540432639,1.1085984411691536,0.28665265772985227,0.3228845031872903,0.38689342990120623,5.241591492621626e-06,,
