sample_name,porosity,nu,g,all_converged,total_iterations,iterations_x,iterations_y,iterations_z,K_star_xx,K_star_xy,K_star_xz,K_star_yx,K_star_yy,K_star_yz,K_star_zx,K_star_zy,K_star_zz,K_xx,K_xy,K_xz,K_yx,K_yy,K_yz,K_zx,K_zy,K_zz,K_star_eig1,K_star_eig2,K_star_eig3,K_eig1,K_eig2,K_eig3,symmetry_error,error_type,error_message
eps_0.02_coeffs_0.734_0.702_0.508_21.036_37.586_856.009_m_-0.475_rho_0.508_,0.4915122985839844,0.16666666666666666,1e-05,True,57500,17500,20000,20000,28.67940733742089,-3.7279045865812215,-2.521214511006138,-3.652991654917663,90.50362090513856,2.6248618317578885,-2.6976115200960353,2.42726603437585,71.064392603791,14.096281422442129,-1.8323109522523142,-1.239207939527923,-1.7954903250166936,44.483642741258194,1.2901518723926875,-1.3259092389290386,1.1930311078309066,34.92902295616402,28.311802780542187,70.88174252652308,91.0538755392852,13.91559926172073,34.83924819684951,44.754099661294106,0.0032763830139306226,,
