sample_name,porosity,nu,g,all_converged,total_iterations,iterations_x,iterations_y,iterations_z,K_star_xx,K_star_xy,K_star_xz,K_star_yx,K_star_yy,K_star_yz,K_star_zx,K_star_zy,K_star_zz,K_xx,K_xy,K_xz,K_yx,K_yy,K_yz,K_zx,K_zy,K_zz,K_star_eig1,K_star_eig2,K_star_eig3,K_eig1,K_eig2,K_eig3,symmetry_error,error_type,error_message
eps_0.02_coeffs_0.151_0.866_0.522_82.785_22.238_-3716.717_m_-0.274_rho_0.518_,0.4821453094482422,0.16666666666666666,1e-05,True,162500,47500,55000,60000,0.5360144680974476,-0.017197845040190358,0.07143659403925638,-0.01719877127241481,0.6964144065908321,-0.07606111228672965,0.07143655088108297,-0.07606294111996718,0.6427941979241271,0.2584368615895788,-0.008291860318745497,0.03444281873898572,-0.008292306897267978,0.3357729395699507,-0.03667250852046276,0.03444279793047485,-0.03667339028383,0.30992020746966287,0.4981218717050948,0.6126270933739083,0.7644741075334036,0.24016712397619053,0.2953752795111401,0.36858760514186206,2.6385122298771026e-06,,
