sample_name,porosity,nu,g,all_converged,total_iterations,iterations_x,iterations_y,iterations_z,K_star_xx,K_star_xy,K_star_xz,K_star_yx,K_star_yy,K_star_yz,K_star_zx,K_star_zy,K_star_zz,K_xx,K_xy,K_xz,K_yx,K_yy,K_yz,K_zx,K_zy,K_zz,K_star_eig1,K_star_eig2,K_star_eig3,K_eig1,K_eig2,K_eig3,symmetry_error,error_type,error_message
eps_0.02_coeffs_0.877_0.374_0.806_-26.726_148.044_502.792_m_-0.441_rho_0.627_,0.3734602928161621,0.16666666666666666,1e-05,True,72500,27500,27500,17500,0.892567126342385,0.04242080580270336,0.058487188856322654,0.04242085892318037,0.6650499937685166,0.045994097513072915,0.0584960291927742,0.045995341970461685,0.8188849193214233,0.33333838036190744,0.015842486556575146,0.021842642676276433,0.015842506394964043,0.248369765410177,0.017176969125047323,0.02184594419091622,0.01717743388046813,0.30582100175251803,0.6494068117158708,0.7891981592557306,0.9378970684607233,0.24252765806021942,0.2947341756456214,0.35026731381876175,9.101771223102658e-06,,
