sample_name,porosity,nu,g,all_converged,total_iterations,iterations_x,iterations_y,iterations_z,K_star_xx,K_star_xy,K_star_xz,K_star_yx,K_star_yy,K_star_yz,K_star_zx,K_star_zy,K_star_zz,K_xx,K_xy,K_xz,K_yx,K_yy,K_yz,K_zx,K_zy,K_zz,K_star_eig1,K_star_eig2,K_star_eig3,K_eig1,K_eig2,K_eig3,symmetry_error,error_type,error_message
eps_0.02_coeffs_0.765_0.06_0.455_111.219_107.423_-3980.195_m_-0.456_rho_0.301_,0.6986980438232422,0.16666666666666666,1e-05,True,32500,10000,12500,10000,3.4107642154190487,-0.5543772476902646,0.06967316157670911,-0.5543585322525658,3.6593372697189595,0.26757484639147344,0.0695608889744684,0.267444414774871,3.3056425912550265,2.3830942852556047,-0.3873422985013009,0.048680501700627335,-0.3873292220615914,2.556771792042121,0.186954021750027,0.048602057053066805,0.1868628894346542,2.30964601208868,2.8530707160063713,3.3849245371315675,4.137748823255096,1.993434928163029,2.3650401525831195,2.891037008640258,4.0401573784475026e-05,,
