sample_name,porosity,nu,g,all_converged,total_iterations,iterations_x,iterations_y,iterations_z,K_star_xx,K_star_xy,K_star_xz,K_star_yx,K_star_yy,K_star_yz,K_star_zx,K_star_zy,K_star_zz,K_xx,K_xy,K_xz,K_yx,K_yy,K_yz,K_zx,K_zy,K_zz,K_star_eig1,K_star_eig2,K_star_eig3,K_eig1,K_eig2,K_eig3,symmetry_error,error_type,error_message
eps_0.02_coeffs_0.364_1.192_0.784_2.266_91.797_-301.889_m_-0.505_rho_0.458_,0.5418596267700195,0.16666666666666666,1e-05,True,40000,15000,12500,12500,3.3740729990311533,0.029880303445059698,-0.2809759350814506,0.02992488796681333,3.3110921378150184,0.6554198902228437,-0.28120891815648646,0.6557448064596729,3.238564952523665,1.8282739359498212,0.016190930072514976,-0.15224951531459205,0.01621508862483212,1.794147149997592,0.3551455770937973,-0.15237575943667472,0.3553216360846171,1.7548475964449393,2.5547358945614063,3.385967451787336,3.9830267430210946,1.3843082383230167,1.8347190596809202,2.1582413843884165,9.77784767313029e-05,,
