sample_name,porosity,nu,g,all_converged,total_iterations,iterations_x,iterations_y,iterations_z,K_star_xx,K_star_xy,K_star_xz,K_star_yx,K_star_yy,K_star_yz,K_star_zx,K_star_zy,K_star_zz,K_xx,K_xy,K_xz,K_yx,K_yy,K_yz,K_zx,K_zy,K_zz,K_star_eig1,K_star_eig2,K_star_eig3,K_eig1,K_eig2,K_eig3,symmetry_error,error_type,error_message
eps_0.02_coeffs_0.573_0.506_0.418_25.36_41.173_-2821.252_m_-0.422_rho_0.666_,0.3338813781738281,0.16666666666666666,1e-05,True,57500,17500,20000,20000,0.9633323501358272,-0.015891102668437587,0.05176976981633961,-0.015889876544726338,0.9801826088778562,0.004450904238902816,0.051769579195439126,0.004450541575736005,1.157968713976272,0.3216387327027827,-0.005305743259639739,0.017284962094021316,-0.005305333879765215,0.327264720314157,0.0014860740414046059,0.017284898449252354,0.001485952954926658,0.3866241901045731,0.9430851526757946,0.9875156075194236,1.1708829127947376,0.3148785705106694,0.32971307200675026,0.3909360006040932,1.016387875139878e-06,,
