sample_name,porosity,nu,g,all_converged,total_iterations,iterations_x,iterations_y,iterations_z,K_star_xx,K_star_xy,K_star_xz,K_star_yx,K_star_yy,K_star_yz,K_star_zx,K_star_zy,K_star_zz,K_xx,K_xy,K_xz,K_yx,K_yy,K_yz,K_zx,K_zy,K_zz,K_star_eig1,K_star_eig2,K_star_eig3,K_eig1,K_eig2,K_eig3,symmetry_error,error_type,error_message
eps_0.02_coeffs_0.614_1.233_0.25_59.619_25.208_-2963.668_m_-0.374_rho_0.547_,0.4533042907714844,0.16666666666666666,1e-05,True,42500,15000,12500,15000,2.3091046519527674,-0.5048284475970162,-0.07379765447827598,-0.5048360553508145,2.3177956931261012,0.23553403821921326,-0.07382103760095192,0.23555933589950329,2.2082149398839044,1.0467270465705845,-0.22884090139923488,-0.03345279342387395,-0.22884435002667483,1.0506667328257284,0.10676859014750416,-0.03346339309371459,0.1067800576945262,1.0009933071950692,1.7753345012529969,2.1697200247091146,2.8900607590006584,0.8047667469726373,0.9835433969734527,1.3100769426452914,1.2391282337659729e-05,,
