sample_name,porosity,nu,g,all_converged,total_iterations,iterations_x,iterations_y,iterations_z,K_star_xx,K_star_xy,K_star_xz,K_star_yx,K_star_yy,K_star_yz,K_star_zx,K_star_zy,K_star_zz,K_xx,K_xy,K_xz,K_yx,K_yy,K_yz,K_zx,K_zy,K_zz,K_star_eig1,K_star_eig2,K_star_eig3,K_eig1,K_eig2,K_eig3,symmetry_error,error_type,error_message
eps_0.02_coeffs_0.555_0.97_0.767_7.375_73.002_543.432_m_-0.428_rho_0.556_,0.44402027130126953,0.16666666666666666,1e-05,True,47500,15000,17500,15000,16.85036627603643,-7.792536610445015,-14.632172652678033,-7.834553739308289,42.625200152056124,-3.2166150048969846,-14.68072587655606,-3.3374395360052165,48.53607805835909,7.481904205411458,-3.4600442198948707,-6.496981270969117,-3.4787006768520423,18.926452935786877,-1.4282422671460935,-6.51853988660799,-1.4818908082286193,21.551002547372196,8.94286194961562,44.7703760061845,54.29840653065152,3.970811989078125,19.878954500525882,24.109593198966515,0.0027284045949117694,,
