sample_name,porosity,nu,g,all_converged,total_iterations,iterations_x,iterations_y,iterations_z,K_star_xx,K_star_xy,K_star_xz,K_star_yx,K_star_yy,K_star_yz,K_star_zx,K_star_zy,K_star_zz,K_xx,K_xy,K_xz,K_yx,K_yy,K_yz,K_zx,K_zy,K_zz,K_star_eig1,K_star_eig2,K_star_eig3,K_eig1,K_eig2,K_eig3,symmetry_error,error_type,error_message
eps_0.02_coeffs_0.106_1.324_0.582_98.397_96.873_114.017_m_-0.21_rho_0.446_,0.5541787147521973,0.16666666666666666,1e-05,True,67500,27500,22500,17500,2.2955746308779195,-0.061479200669783414,0.5116743300873763,-0.06102921557183124,4.068462465785626,-0.021098414775084225,0.5115422949249167,-0.02148702187490051,2.488262494768752,1.272158598557675,-0.034070464411173,0.2835590226195137,-0.03382109224793222,2.254655300306634,-0.011692292383364946,0.28348585154287975,-0.011907650166484714,1.378942111317043,1.8708784724223486,2.9097988455690467,4.0716222734409016,1.0368010273045714,1.6125485844248815,2.2564063984518983,0.00016121151697718757,,
