sample_name,porosity,nu,g,all_converged,total_iterations,iterations_x,iterations_y,iterations_z,K_star_xx,K_star_xy,K_star_xz,K_star_yx,K_star_yy,K_star_yz,K_star_zx,K_star_zy,K_star_zz,K_xx,K_xy,K_xz,K_yx,K_yy,K_yz,K_zx,K_zy,K_zz,K_star_eig1,K_star_eig2,K_star_eig3,K_eig1,K_eig2,K_eig3,symmetry_error,error_type,error_message
eps_0.02_coeffs_0.593_0.725_0.338_-36.019_47.984_-893.911_m_-0.316_rho_0.547_,0.4533958435058594,0.16666666666666666,1e-05,True,50000,15000,20000,15000,1.071899501349767,-0.008469804858380447,-0.012655642368436495,-0.00846991968605492,1.0804064415933632,0.010214803978725161,-0.01265619973422738,0.010215237011017186,1.07657400353672,0.4859947785679876,-0.003840174318095429,-0.005738015646745757,-0.0038402263804857544,0.4898517899153869,0.004631349666181103,-0.0057382683540786565,0.0046315460012224105,0.48811417843001115,1.06136650080718,1.070070461539052,1.0974429841336177,0.4812191599023337,0.48516549952020277,0.4975760874908492,5.424283599635862e-07,,
