sample_name,porosity,nu,g,all_converged,total_iterations,iterations_x,iterations_y,iterations_z,K_star_xx,K_star_xy,K_star_xz,K_star_yx,K_star_yy,K_star_yz,K_star_zx,K_star_zy,K_star_zz,K_xx,K_xy,K_xz,K_yx,K_yy,K_yz,K_zx,K_zy,K_zz,K_star_eig1,K_star_eig2,K_star_eig3,K_eig1,K_eig2,K_eig3,symmetry_error,error_type,error_message
eps_0.02_coeffs_0.751_0.019_0.779_12.492_112.337_-362.945_m_-0.3_rho_0.323_,0.6767721176147461,0.16666666666666666,1e-05,True,30000,10000,10000,10000,4.838136340673229,-0.2707458434253807,-0.03267714815413358,-0.2707945283053725,3.7338181914694126,-0.3054218038698863,-0.032689163843951145,-0.30545496031319785,3.948526710432259,3.27431577658628,-0.1832332377903854,-0.022114982753883773,-0.18326618635971323,2.5269440442292157,-0.20670096097073862,-0.02212311463772621,-0.20672340032709113,2.6722527832776275,3.4744446942527967,4.143497423467334,4.902539124854771,2.351407293264784,2.8042035256112317,3.3179017852171078,1.1647782478886283e-05,,
