sample_name,porosity,nu,g,all_converged,total_iterations,iterations_x,iterations_y,iterations_z,K_star_xx,K_star_xy,K_star_xz,K_star_yx,K_star_yy,K_star_yz,K_star_zx,K_star_zy,K_star_zz,K_xx,K_xy,K_xz,K_yx,K_yy,K_yz,K_zx,K_zy,K_zz,K_star_eig1,K_star_eig2,K_star_eig3,K_eig1,K_eig2,K_eig3,symmetry_error,error_type,error_message
eps_0.02_coeffs_0.817_0.738_0.505_6.618_89.454_-2859.002_m_-0.559_rho_0.489_,0.5109243392944336,0.16666666666666666,1e-05,True,37500,12500,12500,12500,2.3091742230800874,-0.09395968047336332,0.026203057905794844,-0.09396142372704727,2.2447839395301545,-0.0839255614538338,0.026211211188158536,-0.08391855528373977,2.208177000404054,1.1798133142429306,-0.04800628766616925,0.013387780048012015,-0.048007178336905945,1.1469147511632,-0.042879612035714415,0.013391945758416766,-0.04287603241288814,1.1282113749766056,2.1296424360281248,2.229266319732613,2.4032264072535585,1.0880861545610574,1.1389864215207184,1.2278668643009596,3.9399528168095995e-06,,
