sample_name,porosity,nu,g,all_converged,total_iterations,iterations_x,iterations_y,iterations_z,K_star_xx,K_star_xy,K_star_xz,K_star_yx,K_star_yy,K_star_yz,K_star_zx,K_star_zy,K_star_zz,K_xx,K_xy,K_xz,K_yx,K_yy,K_yz,K_zx,K_zy,K_zz,K_star_eig1,K_star_eig2,K_star_eig3,K_eig1,K_eig2,K_eig3,symmetry_error,error_type,error_message
eps_0.02_coeffs_0.911_-0.105_0.683_41.946_118.178_-244.864_m_-0.527_rho_0.438_,0.5619988441467285,0.16666666666666666,1e-05,True,30000,10000,10000,10000,13.83603301963326,4.795628140311109,-3.2363622454970855,4.7868873742558025,11.440037461445362,0.2712622763052656,-3.227849131303798,0.26617436129388644,18.058599856366463,7.7758345646098626,2.6951374718123686,-1.8188318412094728,2.690225171392329,6.429287830327568,0.15244908574416977,-1.8140474808727562,0.14958968338865788,10.14891224618623,7.234249407076252,15.675654240215014,20.42476669015381,4.065639805046015,8.809699564244603,11.478695271833047,0.0006989899472436093,,
