sample_name,porosity,nu,g,all_converged,total_iterations,iterations_x,iterations_y,iterations_z,K_star_xx,K_star_xy,K_star_xz,K_star_yx,K_star_yy,K_star_yz,K_star_zx,K_star_zy,K_star_zz,K_xx,K_xy,K_xz,K_yx,K_yy,K_yz,K_zx,K_zy,K_zz,K_star_eig1,K_star_eig2,K_star_eig3,K_eig1,K_eig2,K_eig3,symmetry_error,error_type,error_message
eps_0.02_coeffs_0.771_-0.082_0.591_12.737_65.686_-1925.732_m_-0.552_rho_0.527_,0.4731755256652832,0.16666666666666666,1e-05,True,35000,10000,12500,12500,4.092474236769805,-0.36331835945376,-0.7059710974946174,-0.36334274949019957,3.570183317868441,-0.05687308174347651,-0.7058879482362709,-0.05701973985611654,3.634830031793958,1.936458648255181,-0.1719133557183812,-0.3340482451615125,-0.17192489648669448,1.6893233681538244,-0.02691095035017412,-0.3340089009674857,-0.026980345379715644,1.7199126109980643,2.995004619388774,3.6326022629310093,4.669880704112426,1.417162885149234,1.7188584852952769,2.2096732569625592,3.632843627805776e-05,,
