sample_name,porosity,nu,g,all_converged,total_iterations,iterations_x,iterations_y,iterations_z,K_star_xx,K_star_xy,K_star_xz,K_star_yx,K_star_yy,K_star_yz,K_star_zx,K_star_zy,K_star_zz,K_xx,K_xy,K_xz,K_yx,K_yy,K_yz,K_zx,K_zy,K_zz,K_star_eig1,K_star_eig2,K_star_eig3,K_eig1,K_eig2,K_eig3,symmetry_error,error_type,error_message
eps_0.02_coeffs_0.87_0.525_0.333_2.992_42.884_-2555.948_m_-0.36_rho_0.349_,0.6512331962585449,0.16666666666666666,1e-05,True,25000,10000,7500,7500,3.709405012066597,-0.0012220051022089735,-0.04848906093858406,-0.0012105478931158844,3.680037730514688,-0.0965872900374423,-0.048493316875188965,-0.09660856353782762,3.6419735846309087,2.415687682225596,-0.0007958102885557997,-0.03157768613860946,-0.0007883489736579048,2.396562733595122,-0.06290084960903466,-0.03158045774580774,-0.0629147036186862,2.371774098208377,3.5529362651136465,3.703748675365473,3.7747313867330705,2.3137900400328575,2.412004087996609,2.458230385999627,5.446086679660278e-06,,
