sample_name,porosity,nu,g,all_converged,total_iterations,iterations_x,iterations_y,iterations_z,K_star_xx,K_star_xy,K_star_xz,K_star_yx,K_star_yy,K_star_yz,K_star_zx,K_star_zy,K_star_zz,K_xx,K_xy,K_xz,K_yx,K_yy,K_yz,K_zx,K_zy,K_zz,K_star_eig1,K_star_eig2,K_star_eig3,K_eig1,K_eig2,K_eig3,symmetry_error,error_type,error_message
eps_0.02_coeffs_0.589_1.284_0.937_73.432_103.523_-2517.902_m_-0.423_rho_0.349_,0.6514229774475098,0.16666666666666666,1e-05,True,72500,22500,25000,25000,2.065159420347968,0.27367887883802333,-0.492215119773661,0.2737029766832,3.6952536597253833,0.35970133646871005,-0.49212390834748015,0.35962568366841136,3.2467107997476274,1.3452922985068467,0.17828071011716143,-0.32064023886764087,0.17829640800721647,2.4071731414421165,0.23431771559429562,-0.3205808216488209,0.2342684336218728,2.114982016082585,1.8090443661978044,3.3032712804625426,3.894808233160633,1.178453067363217,2.1518268128357576,2.5371675758325734,3.156522278587038e-05,,
