sample_name,porosity,nu,g,all_converged,total_iterations,iterations_x,iterations_y,iterations_z,K_star_xx,K_star_xy,K_star_xz,K_star_yx,K_star_yy,K_star_yz,K_star_zx,K_star_zy,K_star_zz,K_xx,K_xy,K_xz,K_yx,K_yy,K_yz,K_zx,K_zy,K_zz,K_star_eig1,K_star_eig2,K_star_eig3,K_eig1,K_eig2,K_eig3,symmetry_error,error_type,error_message
eps_0.02_coeffs_0.712_-0.344_0.534_104.662_117.372_-2502.975_m_-0.219_rho_0.7_,0.30004024505615234,0.16666666666666666,1e-05,True,317500,105000,107500,105000,0.3341422999388011,-0.026679198877250124,0.024311665197019966,-0.02667916275480387,0.3505958142206388,-0.008647296591813286,0.024311624654270968,-0.008647257346249571,0.309651081055481,0.10025613755726424,-0.008004833369031952,0.007294477983437001,-0.008004822530844327,0.10519285401442173,-0.0025945369884808893,0.007294465818980656,-0.002594525213232335,0.09290778624178901,0.29366556342373584,0.323331813153847,0.3773918186373383,0.08811148761421073,0.09701255645313028,0.11323273374613395,1.6414240495189266e-07,,
