sample_name,porosity,nu,g,all_converged,total_iterations,iterations_x,iterations_y,iterations_z,K_star_xx,K_star_xy,K_star_xz,K_star_yx,K_star_yy,K_star_yz,K_star_zx,K_star_zy,K_star_zz,K_xx,K_xy,K_xz,K_yx,K_yy,K_yz,K_zx,K_zy,K_zz,K_star_eig1,K_star_eig2,K_star_eig3,K_eig1,K_eig2,K_eig3,symmetry_error,error_type,error_message
eps_0.02_coeffs_0.848_0.261_0.733_64.412_52.513_-2994.303_m_-0.209_rho_0.405_,0.5954880714416504,0.16666666666666666,1e-05,True,32500,10000,10000,12500,3.6842408891120053,0.18570842724555017,-0.492200608253142,0.18566774758043816,3.3998110022441894,0.65379461479617,-0.49212697616805606,0.6538459103712805,3.767818042092773,2.1939215017837794,0.11058715319091472,-0.2930995909710708,0.11056292893559028,2.0245468969924967,0.38932689428390793,-0.29305574394272677,0.389357440187004,2.2436906994288806,2.693851534581587,3.7598836088312813,4.398134790036097,1.6041564550781198,2.2389658390680123,2.6190368040590237,2.183126852571567e-05,,
