sample_name,porosity,nu,g,all_converged,total_iterations,iterations_x,iterations_y,iterations_z,K_star_xx,K_star_xy,K_star_xz,K_star_yx,K_star_yy,K_star_yz,K_star_zx,K_star_zy,K_star_zz,K_xx,K_xy,K_xz,K_yx,K_yy,K_yz,K_zx,K_zy,K_zz,K_star_eig1,K_star_eig2,K_star_eig3,K_eig1,K_eig2,K_eig3,symmetry_error,error_type,error_message
eps_0.02_coeffs_0.706_1.444_0.683_46.003_108.286_-1447.929_m_-0.39_rho_0.361_,0.6388468742370605,0.16666666666666666,1e-05,True,50000,17500,15000,17500,2.243939326434959,-0.058137500884666085,0.7427619262088164,-0.05842745134950105,2.8445940032716304,-1.3822918476068171,0.7427246377479341,-1.3822175195674087,2.8146788843755837,1.4335336246705888,-0.03714096071612327,0.4745111348608006,-0.03732619466426667,1.8172599874635678,-0.8830728261269863,0.4744873132441208,-0.8830253418913421,1.7981488072643983,1.195825232959933,2.339781321473359,4.367605659648881,0.763949212210258,1.4947619836215145,2.790231223566783,8.369066916167397e-05,,
