sample_name,porosity,nu,g,all_converged,total_iterations,iterations_x,iterations_y,iterations_z,K_star_xx,K_star_xy,K_star_xz,K_star_yx,K_star_yy,K_star_yz,K_star_zx,K_star_zy,K_star_zz,K_xx,K_xy,K_xz,K_yx,K_yy,K_yz,K_zx,K_zy,K_zz,K_star_eig1,K_star_eig2,K_star_eig3,K_eig1,K_eig2,K_eig3,symmetry_error,error_type,error_message
eps_0.02_coeffs_0.225_0.938_0.888_28.586_77.879_-1386.48_m_-0.393_rho_0.603_,0.3971672058105469,0.16666666666666666,1e-05,True,207500,55000,80000,72500,0.6051755842772197,-0.08864933392718065,0.09011245288288598,-0.08864922190434096,0.4370469237485167,0.005127200812125314,0.09011167287131436,0.005127764319707426,0.47948145121975444,0.24035589583214848,-0.03520860825282445,0.03578971112023038,-0.035208563761026226,0.17358070551329352,0.002036356020181378,0.035789401325213986,0.002036579826913218,0.1904343082189359,0.3778641093903004,0.46657748001320876,0.677262369841982,0.1500752325026364,0.18530927403097236,0.2689864030307691,1.513733875791541e-06,,
