sample_name,porosity,nu,g,all_converged,total_iterations,iterations_x,iterations_y,iterations_z,K_star_xx,K_star_xy,K_star_xz,K_star_yx,K_star_yy,K_star_yz,K_star_zx,K_star_zy,K_star_zz,K_xx,K_xy,K_xz,K_yx,K_yy,K_yz,K_zx,K_zy,K_zz,K_star_eig1,K_star_eig2,K_star_eig3,K_eig1,K_eig2,K_eig3,symmetry_error,error_type,error_message
eps_0.02_coeffs_0.459_-0.104_0.684_35.05_132.858_-1206.499_m_-0.339_rho_0.47_,0.5295486450195312,0.16666666666666666,1e-05,True,140000,50000,42500,47500,0.6190652217019315,-0.004916596577586918,-0.05811392288532978,-0.004918165231280558,0.5287136494003155,0.06255507799840478,-0.05811354306777207,0.06255945134368603,0.6645110487235399,0.3278251493309735,-0.0026035770557688172,-0.030774149120695912,-0.0026044077342067887,0.2799795966432686,0.03312595679314634,-0.030773947988822874,0.03312827269221423,0.3518909254520583,0.501568478921751,0.5904814742820168,0.7202399666220186,0.2656049083975206,0.31268866461517736,0.3814020984136025,6.232233036504334e-06,,
