sample_name,porosity,nu,g,all_converged,total_iterations,iterations_x,iterations_y,iterations_z,K_star_xx,K_star_xy,K_star_xz,K_star_yx,K_star_yy,K_star_yz,K_star_zx,K_star_zy,K_star_zz,K_xx,K_xy,K_xz,K_yx,K_yy,K_yz,K_zx,K_zy,K_zz,K_star_eig1,K_star_eig2,K_star_eig3,K_eig1,K_eig2,K_eig3,symmetry_error,error_type,error_message
eps_0.02_coeffs_0.791_1.162_0.819_-9.395_111.602_-969.912_m_-0.502_rho_0.464_,0.5359115600585938,0.16666666666666666,1e-05,True,32500,12500,10000,10000,2.3603857647549,0.05316391230732438,-0.0019979178414599084,0.05322824311448122,2.4662744866057262,0.10595739789997273,-0.0019838875508966305,0.10585866509160144,2.6602047813584604,1.2649580175298951,0.028491155183436482,-0.0010707072672856777,0.028525630806659732,1.3217050076495822,0.056783794408323554,-0.0010631882723818361,0.05673088235496033,1.4256344944531427,2.3315408990950175,2.447392476565819,2.707931657058251,1.249499720574427,1.3115859201920534,1.4512118788661401,3.8749688180257054e-05,,
