sample_name,porosity,nu,g,all_converged,total_iterations,iterations_x,iterations_y,iterations_z,K_star_xx,K_star_xy,K_star_xz,K_star_yx,K_star_yy,K_star_yz,K_star_zx,K_star_zy,K_star_zz,K_xx,K_xy,K_xz,K_yx,K_yy,K_yz,K_zx,K_zy,K_zz,K_star_eig1,K_star_eig2,K_star_eig3,K_eig1,K_eig2,K_eig3,symmetry_error,error_type,error_message
eps_0.02_coeffs_0.837_1.071_0.774_-17.043_128.393_-2926.583_m_-0.35_rho_0.366_,0.6344780921936035,0.16666666666666666,1e-05,True,35000,12500,10000,12500,1.8551334000722388,0.0122358028813724,0.007626201440860829,0.012234672559440699,1.86321982283271,-0.002614182350549998,0.007625674027273989,-0.0026129258577845447,1.871753570444476,1.177041500442467,0.007763348868630156,0.004838657740881489,0.0077626317041273665,1.1821721585282017,-0.0016586414304231528,0.004838323108515114,-0.0016578442132904729,1.1875866344321768,1.8441236435618333,1.87055151966688,1.8754316301207106,1.1700560511362286,1.1868239595480878,1.1899202827185282,7.757690637004736e-07,,
