sample_name,porosity,nu,g,all_converged,total_iterations,iterations_x,iterations_y,iterations_z,K_star_xx,K_star_xy,K_star_xz,K_star_yx,K_star_yy,K_star_yz,K_star_zx,K_star_zy,K_star_zz,K_xx,K_xy,K_xz,K_yx,K_yy,K_yz,K_zx,K_zy,K_zz,K_star_eig1,K_star_eig2,K_star_eig3,K_eig1,K_eig2,K_eig3,symmetry_error,error_type,error_message
eps_0.02_coeffs_0.398_0.717_0.527_43.55_110.445_251.414_m_-0.273_rho_0.452_,0.5476927757263184,0.16666666666666666,1e-05,True,80000,40000,25000,15000,0.16664868052155637,-3.847852576019557e-08,3.712358757663157e-07,7.827463810092345e-10,12.402954833529806,-9.52151183546505,9.857331454784215e-09,-9.521377487300397,9.733399275163135,0.09127227840597965,-2.1074410579458153e-08,2.0332320724764412e-07,4.28704538104678e-10,6.7930087599840965,-5.214863246276845,5.398789225725114e-09,-5.214789664757633,5.330912466266633,0.16664868052155632,1.453695218310149,20.682658890382797,0.09127227840597962,0.7961783691763606,11.32774285707437,9.163398045611832e-06,,
