sample_name,porosity,nu,g,all_converged,total_iterations,iterations_x,iterations_y,iterations_z,K_star_xx,K_star_xy,K_star_xz,K_star_yx,K_star_yy,K_star_yz,K_star_zx,K_star_zy,K_star_zz,K_xx,K_xy,K_xz,K_yx,K_yy,K_yz,K_zx,K_zy,K_zz,K_star_eig1,K_star_eig2,K_star_eig3,K_eig1,K_eig2,K_eig3,symmetry_error,error_type,error_message
eps_0.02_coeffs_0.344_1.38_0.566_51.502_44.043_-4092.45_m_-0.378_rho_0.481_,0.5193619728088379,0.16666666666666666,1e-05,True,50000,15000,15000,20000,2.047138686154761,-0.05079627466582053,0.1576899463928717,-0.05079901919595868,1.9398842292878513,0.004482346699577927,0.1577041204151698,0.004470029075114089,1.88785008565698,1.063205986654629,-0.026381653421780143,0.08189816165072174,-0.026383078826367125,1.0075021003436906,0.0023279604247059753,0.08190552309890511,0.002321563118964118,0.9804775448541427,1.7846708102850606,1.9380475817681784,2.152154609046353,0.9268901528439961,1.0065482154645184,1.1177472635439474,7.889368405782877e-06,,
