sample_name,porosity,nu,g,all_converged,total_iterations,iterations_x,iterations_y,iterations_z,K_star_xx,K_star_xy,K_star_xz,K_star_yx,K_star_yy,K_star_yz,K_star_zx,K_star_zy,K_star_zz,K_xx,K_xy,K_xz,K_yx,K_yy,K_yz,K_zx,K_zy,K_zz,K_star_eig1,K_star_eig2,K_star_eig3,K_eig1,K_eig2,K_eig3,symmetry_error,error_type,error_message
eps_0.02_coeffs_0.366_-0.224_0.377_102.956_106.558_5.471_m_-0.478_rho_0.3_,0.6995196342468262,0.16666666666666666,1e-05,True,25000,7500,7500,10000,10.112556387834823,0.6452750107233762,-2.4655363186868224,0.6476010583032253,8.100107755767779,-0.4166952077128669,-2.474876008400741,-0.42084575753166276,14.401394822059254,7.073931745718621,0.451382539489833,-1.7246910638700723,0.45300965544212973,5.666184414674556,-0.2914864792917099,-1.7312243602027315,-0.29438987038287723,10.074058438571026,7.887743670768697,9.137719692327241,15.588595602565919,5.517631567608836,6.392014337026774,10.904528694328599,0.0007519016125559343,,
