sample_name,porosity,nu,g,all_converged,total_iterations,iterations_x,iterations_y,iterations_z,K_star_xx,K_star_xy,K_star_xz,K_star_yx,K_star_yy,K_star_yz,K_star_zx,K_star_zy,K_star_zz,K_xx,K_xy,K_xz,K_yx,K_yy,K_yz,K_zx,K_zy,K_zz,K_star_eig1,K_star_eig2,K_star_eig3,K_eig1,K_eig2,K_eig3,symmetry_error,error_type,error_message
eps_0.02_coeffs_0.899_0.617_0.6_53.403_109.212_-1045.57_m_-0.62_rho_0.418_,0.582097053527832,0.16666666666666666,1e-05,True,30000,10000,10000,10000,26.13261087196344,-1.1617030975125413,-1.3205462794397642,-1.161687955335185,13.652484152336509,0.4509361957034705,-1.3011019789676033,0.46469339774193047,10.849099536837263,15.211715789559308,-0.6762239501362061,-0.7686860983090279,-0.676215135919383,7.947070798410503,0.26248863084804,-0.7573676282962731,0.27049665761941466,6.315228873823139,10.69261922595371,13.586178843456251,26.35539649172725,6.224142145922702,7.908474673478055,15.341398642392193,0.0010686608846970393,,
