sample_name,porosity,nu,g,all_converged,total_iterations,iterations_x,iterations_y,iterations_z,K_star_xx,K_star_xy,K_star_xz,K_star_yx,K_star_yy,K_star_yz,K_star_zx,K_star_zy,K_star_zz,K_xx,K_xy,K_xz,K_yx,K_yy,K_yz,K_zx,K_zy,K_zz,K_star_eig1,K_star_eig2,K_star_eig3,K_eig1,K_eig2,K_eig3,symmetry_error,error_type,error_message
eps_0.02_coeffs_0.681_0.117_0.483_57.652_117.886_-696.589_m_-0.541_rho_0.518_,0.4822673797607422,0.16666666666666666,1e-05,True,32500,10000,10000,12500,5.502530451201012,1.1524045045069964,0.7044550264391098,1.1520872058508376,4.497586016906686,0.06542556802536431,0.7055711380473021,0.06557825892836829,2.576614861044477,2.653690942754406,0.5557671008130656,0.33973567976007385,0.5556140780215583,2.1690390236221404,0.03155261726095064,0.3402739439808773,0.03162625510265567,1.2426172976885086,2.393604626175352,3.8214137944114452,6.361712908565376,1.1543574312487779,1.8429432176123628,3.0680466152039134,0.00021225828351118984,,
