sample_name,porosity,nu,g,all_converged,total_iterations,iterations_x,iterations_y,iterations_z,K_star_xx,K_star_xy,K_star_xz,K_star_yx,K_star_yy,K_star_yz,K_star_zx,K_star_zy,K_star_zz,K_xx,K_xy,K_xz,K_yx,K_yy,K_yz,K_zx,K_zy,K_zz,K_star_eig1,K_star_eig2,K_star_eig3,K_eig1,K_eig2,K_eig3,symmetry_error,error_type,error_message
eps_0.02_coeffs_0.787_0.603_0.5_97.915_53.501_-3683.998_m_-0.203_rho_0.559_,0.44147777557373047,0.16666666666666666,1e-05,True,77500,27500,27500,22500,1.096029630152353,0.037812744161704444,0.1316711803709505,0.03781079872470383,1.4210211790161007,-0.16824948880460658,0.13167815655913062,-0.1682435827975642,1.5179377164668537,0.48387272308255935,0.01669348618084784,0.058129899817334664,0.016692627313648293,0.627349269155188,-0.07427841005887498,0.05813297964937441,-0.07427580268802339,0.6701357665252545,1.038118186159499,1.3394364883881027,1.6574338510877051,0.4583061076083316,0.5913314414158686,0.7317202097388016,5.575443738815493e-06,,
