sample_name,porosity,nu,g,all_converged,total_iterations,iterations_x,iterations_y,iterations_z,K_star_xx,K_star_xy,K_star_xz,K_star_yx,K_star_yy,K_star_yz,K_star_zx,K_star_zy,K_star_zz,K_xx,K_xy,K_xz,K_yx,K_yy,K_yz,K_zx,K_zy,K_zz,K_star_eig1,K_star_eig2,K_star_eig3,K_eig1,K_eig2,K_eig3,symmetry_error,error_type,error_message
eps_0.02_coeffs_0.181_0.208_0.736_29.805_109.004_-578.042_m_-0.617_rho_0.318_,0.6816916465759277,0.16666666666666666,1e-05,True,30000,10000,10000,10000,19.415108600547644,1.4476078327349737,5.391348692569047,1.4600687516878428,23.580409971608063,-1.9048432765597694,5.362167274565918,-1.9219125854140835,21.80792561325036,13.235117350357779,0.9868221670933144,3.675237367502369,0.9953166714521449,16.074568500480925,-1.2985157496671145,3.6553446386143955,-1.310151754925925,14.866280719701988,14.5111148348316,24.029715011767966,26.262614338806493,9.892105765408724,16.38085599312239,17.903004812009573,0.0013254286507485239,,
