sample_name,porosity,nu,g,all_converged,total_iterations,iterations_x,iterations_y,iterations_z,K_star_xx,K_star_xy,K_star_xz,K_star_yx,K_star_yy,K_star_yz,K_star_zx,K_star_zy,K_star_zz,K_xx,K_xy,K_xz,K_yx,K_yy,K_yz,K_zx,K_zy,K_zz,K_star_eig1,K_star_eig2,K_star_eig3,K_eig1,K_eig2,K_eig3,symmetry_error,error_type,error_message
eps_0.02_coeffs_0.615_0.105_0.292_109.982_104.859_-2469.48_m_-0.485_rho_0.415_,0.585385799407959,0.16666666666666666,1e-05,True,57500,20000,17500,20000,1.769018077472831,0.08556220323973888,-0.00604605347689305,0.085563267902061,1.6563224070673666,0.08204777994137524,-0.006024760735043301,0.08204986152054193,1.4286365283232654,1.035558061448564,0.050086898742600805,-0.0035392738478343083,0.050087521980805336,0.9695876163384453,0.04802960525063025,-0.0035268093791250054,0.04803082377751477,0.8363035361959259,1.399199607022206,1.6365390935240858,1.8182383123171726,0.819071580487996,0.9580067455249729,1.0643708879699663,1.0749391685342268e-05,,
