sample_name,porosity,nu,g,all_converged,total_iterations,iterations_x,iterations_y,iterations_z,K_star_xx,K_star_xy,K_star_xz,K_star_yx,K_star_yy,K_star_yz,K_star_zx,K_star_zy,K_star_zz,K_xx,K_xy,K_xz,K_yx,K_yy,K_yz,K_zx,K_zy,K_zz,K_star_eig1,K_star_eig2,K_star_eig3,K_eig1,K_eig2,K_eig3,symmetry_error,error_type,error_message
eps_0.02_coeffs_0.434_-0.453_0.443_-8.94_35.583_-1676.936_m_-0.276_rho_0.668_,0.33248281478881836,0.16666666666666666,1e-05,True,67500,22500,22500,22500,0.8376523623740555,0.011634771859914133,-0.0013153059271600169,0.011634785286392165,0.819623198477952,-0.0155187898150571,-0.0013152008039904676,-0.015518751707743004,0.8175849290837648,0.27850501525662924,0.0038683616974099864,-0.0004373166169705789,0.003868366161483195,0.27251062809616383,-0.00515973091982623,-0.00043728166532326765,-0.005159718249799176,0.2718329385506866,0.8015859574123874,0.8271302821099543,0.8461442504134307,0.2665135554156604,0.2750066043929869,0.2813284220948322,1.1143844332097874e-07,,
