sample_name,porosity,nu,g,all_converged,total_iterations,iterations_x,iterations_y,iterations_z,K_star_xx,K_star_xy,K_star_xz,K_star_yx,K_star_yy,K_star_yz,K_star_zx,K_star_zy,K_star_zz,K_xx,K_xy,K_xz,K_yx,K_yy,K_yz,K_zx,K_zy,K_zz,K_star_eig1,K_star_eig2,K_star_eig3,K_eig1,K_eig2,K_eig3,symmetry_error,error_type,error_message
eps_0.02_coeffs_0.224_-0.42_0.892_-8.717_55.327_342.32_m_-0.32_rho_0.352_,0.6481800079345703,0.16666666666666666,1e-05,True,25000,10000,7500,7500,5.678480023566491,0.056233368518717436,-0.09092607205967111,0.05622606562036181,5.75121315837831,-0.05599764484704939,-0.09097888208425949,-0.056034313391397333,5.530068568199748,3.6806772267316274,0.03644934525264988,-0.058936462109096935,0.03644461165993579,3.727821390631058,-0.03629655388127772,-0.05897069251125365,-0.036320321698644124,3.5844798884144304,5.483988169649793,5.661770421035151,5.814003159459607,3.5546114953166925,3.66984639643028,3.7685206140301446,9.342737684820526e-06,,
