sample_name,porosity,nu,g,all_converged,total_iterations,iterations_x,iterations_y,iterations_z,K_star_xx,K_star_xy,K_star_xz,K_star_yx,K_star_yy,K_star_yz,K_star_zx,K_star_zy,K_star_zz,K_xx,K_xy,K_xz,K_yx,K_yy,K_yz,K_zx,K_zy,K_zz,K_star_eig1,K_star_eig2,K_star_eig3,K_eig1,K_eig2,K_eig3,symmetry_error,error_type,error_message
eps_0.02_coeffs_0.976_1.352_0.784_-6.519_142.015_-1422.886_m_-0.603_rho_0.327_,0.6725683212280273,0.16666666666666666,1e-05,True,22500,7500,7500,7500,6.865255717900992,-0.3653343936655412,0.748952368440084,-0.3660961582409424,6.751945060308479,-0.40889878156248693,0.7499981213497797,-0.40871819473375437,6.488130627326032,4.617353512989786,-0.2457123398344923,0.5037216371215023,-0.24622467855614086,4.541144354235546,-0.2750123670676677,0.5044249774003957,-0.27489091008743116,4.363711123928817,5.889368319897834,6.470791203537647,7.745171882100021,3.961002564007214,4.352049176780404,5.20915725036653,0.0001581012448246918,,
