sample_name,porosity,nu,g,all_converged,total_iterations,iterations_x,iterations_y,iterations_z,K_star_xx,K_star_xy,K_star_xz,K_star_yx,K_star_yy,K_star_yz,K_star_zx,K_star_zy,K_star_zz,K_xx,K_xy,K_xz,K_yx,K_yy,K_yz,K_zx,K_zy,K_zz,K_star_eig1,K_star_eig2,K_star_eig3,K_eig1,K_eig2,K_eig3,symmetry_error,error_type,error_message
eps_0.02_coeffs_0.793_1.322_0.819_25.066_79.239_-2983.743_m_-0.646_rho_0.371_,0.628842830657959,0.16666666666666666,1e-05,True,22500,7500,7500,7500,8.868131261712957,1.6077140925423923,1.685818257733437,1.6078777671625193,10.365392767124488,-0.8206286803597371,1.6820201218109663,-0.8171187990667079,12.798760253465305,5.576660765261913,1.0109994808430498,1.0601147251679632,1.0111024064544774,6.518202928560098,-0.5160464622765225,1.057726294623253,-0.5138392985889406,8.048408626701699,7.223048289410294,11.371140148850118,13.438095844042339,4.542162132291898,7.150659959011272,8.45045022922054,0.0003845518031383313,,
