sample_name,porosity,nu,g,all_converged,total_iterations,iterations_x,iterations_y,iterations_z,K_star_xx,K_star_xy,K_star_xz,K_star_yx,K_star_yy,K_star_yz,K_star_zx,K_star_zy,K_star_zz,K_xx,K_xy,K_xz,K_yx,K_yy,K_yz,K_zx,K_zy,K_zz,K_star_eig1,K_star_eig2,K_star_eig3,K_eig1,K_eig2,K_eig3,symmetry_error,error_type,error_message
eps_0.02_coeffs_0.882_-0.149_0.945_-9.029_138.135_-1074.109_m_-0.53_rho_0.546_,0.45384883880615234,0.16666666666666666,1e-05,True,40000,12500,15000,12500,1.8863796009056875,0.08457092072090591,-0.19877167286726857,0.08456553448808689,2.139058399519058,0.08141135817492554,-0.19878777813348308,0.08142782364900224,1.9377531363492262,0.8561311914186593,0.03838241416595032,-0.09021229291836622,0.03837996963043986,0.9708091707602713,0.036948450373321715,-0.09021960227473634,0.036955923209611816,0.8794470108250761,1.6815592232379755,2.112045211373,2.1695867021629955,0.7631737008503308,0.9585492666877304,0.9846644054659452,9.658450652852688e-06,,
