sample_name,porosity,nu,g,all_converged,total_iterations,iterations_x,iterations_y,iterations_z,K_star_xx,K_star_xy,K_star_xz,K_star_yx,K_star_yy,K_star_yz,K_star_zx,K_star_zy,K_star_zz,K_xx,K_xy,K_xz,K_yx,K_yy,K_yz,K_zx,K_zy,K_zz,K_star_eig1,K_star_eig2,K_star_eig3,K_eig1,K_eig2,K_eig3,symmetry_error,error_type,error_message
eps_0.02_coeffs_0.968_1.466_0.773_100.297_118.659_-1361.205_m_-0.26_rho_0.367_,0.6331882476806641,0.16666666666666666,1e-05,True,92500,10000,72500,10000,1.7660582348097238,-4.760223859008661e-14,0.10898808310995566,-4.5304373071732595e-10,0.16666628073801137,7.577892876214355e-11,0.10893586674005934,-1.7189422817589148e-13,6.415956918069391,1.1182473190011757,-3.0141178038533824e-14,0.0690099733624674,-2.8686196597561424e-10,0.10553113024795503,4.798232711401955e-11,0.06897691057071251,-1.0884140512511296e-13,4.062508518146991,0.16666628073801168,1.7635075304229304,6.418507622456184,0.1055311302479545,1.1166322429601496,4.064123594188017,1.1090429788511984e-05,,
