sample_name,porosity,nu,g,all_converged,total_iterations,iterations_x,iterations_y,iterations_z,K_star_xx,K_star_xy,K_star_xz,K_star_yx,K_star_yy,K_star_yz,K_star_zx,K_star_zy,K_star_zz,K_xx,K_xy,K_xz,K_yx,K_yy,K_yz,K_zx,K_zy,K_zz,K_star_eig1,K_star_eig2,K_star_eig3,K_eig1,K_eig2,K_eig3,symmetry_error,error_type,error_message
eps_0.02_coeffs_0.414_0.713_0.788_11.832_44.534_-555.154_m_-0.649_rho_0.326_,0.6735219955444336,0.16666666666666666,1e-05,True,37500,12500,12500,12500,27.28308033539058,-0.6232118321052498,2.958543270014426,-0.619554730713004,21.488923189376127,2.888678599953119,3.0615190436841537,2.87629419353703,31.11351029589375,18.375754712091357,-0.41974687680643036,1.9926439671246703,-0.4172837385788167,14.473262428609663,1.945588575126925,2.0620004156994374,1.937247405003928,20.95563354288264,20.375112721736475,26.26512118990405,33.24527990901992,13.72308657978673,17.690136837040566,22.391427266756367,0.0031222727316829184,,
