sample_name,porosity,nu,g,all_converged,total_iterations,iterations_x,iterations_y,iterations_z,K_star_xx,K_star_xy,K_star_xz,K_star_yx,K_star_yy,K_star_yz,K_star_zx,K_star_zy,K_star_zz,K_xx,K_xy,K_xz,K_yx,K_yy,K_yz,K_zx,K_zy,K_zz,K_star_eig1,K_star_eig2,K_star_eig3,K_eig1,K_eig2,K_eig3,symmetry_error,error_type,error_message
eps_0.02_coeffs_0.797_0.967_0.632_21.894_135.886_986.019_m_-0.435_rho_0.414_,0.5862827301025391,0.16666666666666666,1e-05,True,55000,17500,20000,17500,38.57818167406683,-8.838132318584517,0.7089688292941742,-7.888653065995085,91.2870029119451,-0.3120895635886424,0.948514046612873,-0.3477387244803865,30.937056694560138,22.617721674263645,-5.181644344747214,0.4156561807961894,-4.624981056363364,53.5199932900936,-0.18297272137725926,0.5560974047888022,-0.20387320875073564,18.13786206022375,30.813948959940177,37.54218944728815,92.44610287334369,18.065686121474016,22.010337323182842,54.199553579924135,0.013260601013981632,,
