sample_name,porosity,nu,g,all_converged,total_iterations,iterations_x,iterations_y,iterations_z,K_star_xx,K_star_xy,K_star_xz,K_star_yx,K_star_yy,K_star_yz,K_star_zx,K_star_zy,K_star_zz,K_xx,K_xy,K_xz,K_yx,K_yy,K_yz,K_zx,K_zy,K_zz,K_star_eig1,K_star_eig2,K_star_eig3,K_eig1,K_eig2,K_eig3,symmetry_error,error_type,error_message
eps_0.02_coeffs_0.333_0.376_0.324_76.646_96.505_-268.887_m_-0.412_rho_0.569_,0.43105030059814453,0.16666666666666666,1e-05,True,22500,7500,7500,7500,8.509416101034253,-0.9361033121159654,0.5383330388027453,-0.932869825051267,7.626974988450886,-2.0993773561257245,0.5426090341402143,-2.0935890551129015,7.375636511955057,3.6679863682655056,-0.4035076140785056,0.23204861819783595,-0.40211381850728717,3.2876098614262843,-0.9049372404269315,0.23389178727340826,-0.9024421915354016,3.1792703355808776,5.383066844465694,7.887731104479633,10.241229652494873,2.320372581446841,3.400008863623281,4.414485120202544,0.000796750855021267,,
