sample_name,porosity,nu,g,all_converged,total_iterations,iterations_x,iterations_y,iterations_z,K_star_xx,K_star_xy,K_star_xz,K_star_yx,K_star_yy,K_star_yz,K_star_zx,K_star_zy,K_star_zz,K_xx,K_xy,K_xz,K_yx,K_yy,K_yz,K_zx,K_zy,K_zz,K_star_eig1,K_star_eig2,K_star_eig3,K_eig1,K_eig2,K_eig3,symmetry_error,error_type,error_message
eps_0.02_coeffs_0.843_1.09_0.267_-27.864_22.725_-40.193_m_-0.261_rho_0.645_,0.3550562858581543,0.16666666666666666,1e-05,True,67500,22500,22500,22500,0.702643974285252,0.052891791968651264,0.03993809134174397,0.052890509173538776,0.7210458418783392,0.04335628612763346,0.039937111099673926,0.04335627852879904,0.684515739315773,0.24947815979033408,0.01877956320877147,0.014180270376063323,0.018779107744303317,0.2560118585507891,0.015393921921080956,0.014179922334954692,0.015393919223067029,0.24304161601290694,0.6525595361137493,0.6591384611185717,0.7965075582470433,0.2316953651938679,0.23403125387101945,0.28280501528914265,1.8675114977497601e-06,,
