sample_name,porosity,nu,g,all_converged,total_iterations,iterations_x,iterations_y,iterations_z,K_star_xx,K_star_xy,K_star_xz,K_star_yx,K_star_yy,K_star_yz,K_star_zx,K_star_zy,K_star_zz,K_xx,K_xy,K_xz,K_yx,K_yy,K_yz,K_zx,K_zy,K_zz,K_star_eig1,K_star_eig2,K_star_eig3,K_eig1,K_eig2,K_eig3,symmetry_error,error_type,error_message
eps_0.02_coeffs_0.716_0.828_0.527_19.637_114.484_643.32_m_-0.271_rho_0.506_,0.49425697326660156,0.16666666666666666,1e-05,True,212500,72500,80000,60000,0.16665893382708466,-5.13961184785208e-13,-2.647713148115336e-13,-6.971437739286787e-13,0.166658236737266,1.108511580561329e-12,-1.3170826183669287e-13,5.046746849299088e-13,0.16665853044134799,0.0823723402012137,-2.540288995684534e-13,-1.308650686665671e-13,-3.445681716336447e-13,0.08237199565970985,5.47889578639219e-13,-6.509772684960886e-14,2.4943898225773253e-13,0.08237214082500044,0.1666582367372661,0.16665853044134796,0.16665893382708466,0.08237199565970983,0.08237214082500043,0.0823723402012137,3.159447008936589e-12,,
