sample_name,porosity,nu,g,all_converged,total_iterations,iterations_x,iterations_y,iterations_z,K_star_xx,K_star_xy,K_star_xz,K_star_yx,K_star_yy,K_star_yz,K_star_zx,K_star_zy,K_star_zz,K_xx,K_xy,K_xz,K_yx,K_yy,K_yz,K_zx,K_zy,K_zz,K_star_eig1,K_star_eig2,K_star_eig3,K_eig1,K_eig2,K_eig3,symmetry_error,error_type,error_message
eps_0.02_coeffs_0.487_-0.195_0.577_26.904_31.784_-4180.291_m_-0.391_rho_0.692_,0.3076620101928711,0.16666666666666666,1e-05,True,67500,20000,25000,22500,0.74228643898591,-0.048286446046361446,0.028714687365737592,-0.048286419397206744,0.7596078995468941,-0.013689403867648626,0.02871465665982713,-0.013689599102685504,0.7721807220306853,0.22837333795731302,-0.014855905055693175,0.008834418437002665,-0.01485589685676067,0.23370249333298193,-0.004211709512262841,0.008834408989960529,-0.004211769578666746,0.23757067317214328,0.6991809729597418,0.7562726203390387,0.818621467264709,0.21511142362940164,0.2326763546273387,0.251858726205698,2.1436308221544482e-07,,
