sample_name,porosity,nu,g,all_converged,total_iterations,iterations_x,iterations_y,iterations_z,K_star_xx,K_star_xy,K_star_xz,K_star_yx,K_star_yy,K_star_yz,K_star_zx,K_star_zy,K_star_zz,K_xx,K_xy,K_xz,K_yx,K_yy,K_yz,K_zx,K_zy,K_zz,K_star_eig1,K_star_eig2,K_star_eig3,K_eig1,K_eig2,K_eig3,symmetry_error,error_type,error_message
eps_0.02_coeffs_0.606_1.144_0.583_-2.473_30.921_-1826.15_m_-0.378_rho_0.543_,0.4574728012084961,0.16666666666666666,1e-05,True,40000,12500,15000,12500,1.9809445589691788,0.016716330930111815,-0.020592784348667455,0.01671051662401014,1.9130248880792393,0.009304611365127259,-0.020587030131328645,0.009303418513155056,1.8562820210856301,0.9062282564303591,0.007647266736526477,-0.009420638740667377,0.0076446068496270605,0.8751568543311793,0.0042566066253611765,-0.009418006342742629,0.004256060928028025,0.8491985360190119,1.8506600563847877,1.9122556081357311,1.9873358036135287,0.8466266400790222,0.8748049296805094,0.9091520770210186,3.5199942103658265e-06,,
