sample_name,porosity,nu,g,all_converged,total_iterations,iterations_x,iterations_y,iterations_z,K_star_xx,K_star_xy,K_star_xz,K_star_yx,K_star_yy,K_star_yz,K_star_zx,K_star_zy,K_star_zz,K_xx,K_xy,K_xz,K_yx,K_yy,K_yz,K_zx,K_zy,K_zz,K_star_eig1,K_star_eig2,K_star_eig3,K_eig1,K_eig2,K_eig3,symmetry_error,error_type,error_message
eps_0.02_coeffs_0.176_0.329_0.913_-5.974_85.785_-1511.033_m_-0.393_rho_0.563_,0.4365577697753906,0.16666666666666666,1e-05,True,62500,20000,22500,20000,0.8997494904719299,0.005189512235568179,0.002318075421232917,0.005190104535401005,0.9261572716803121,0.0108652612400247,0.0023180607870293317,0.010865478479269847,0.9110461139900706,0.39279263091696975,0.0022655218877817456,0.0010119738360645915,0.0022657804608758026,0.4043211529860176,0.004743314214972178,0.0010119674473893117,0.004743409052452547,0.3977242596860415,0.8987578953994464,0.9053852772528529,0.9328097034900127,0.3923597423836061,0.3952529774249793,0.40722532378044346,5.646983371925427e-07,,
