sample_name,porosity,nu,g,all_converged,total_iterations,iterations_x,iterations_y,iterations_z,K_star_xx,K_star_xy,K_star_xz,K_star_yx,K_star_yy,K_star_yz,K_star_zx,K_star_zy,K_star_zz,K_xx,K_xy,K_xz,K_yx,K_yy,K_yz,K_zx,K_zy,K_zz,K_star_eig1,K_star_eig2,K_star_eig3,K_eig1,K_eig2,K_eig3,symmetry_error,error_type,error_message
eps_0.02_coeffs_0.611_-0.295_0.939_-6.813_58.117_-1214.017_m_-0.423_rho_0.657_,0.3427009582519531,0.16666666666666666,1e-05,True,50000,15000,15000,20000,1.461476667622058,-0.03553009922534017,0.013238560116386213,-0.03553600224057447,1.5099067477775028,0.0255745364222628,0.013231330388609854,0.025565025938791782,1.5535299127414754,0.5008494544569505,-0.012176199051311055,0.004536867237761644,-0.012178222020288423,0.5174464893344403,0.008764418138758938,0.004534389603124784,0.008761158886959981,0.5323961897695768,1.437734321704954,1.5217556958004543,1.5654233106356281,0.49271292976000963,0.5215071351761835,0.5364720686247747,7.208995913781073e-06,,
