sample_name,porosity,nu,g,all_converged,total_iterations,iterations_x,iterations_y,iterations_z,K_star_xx,K_star_xy,K_star_xz,K_star_yx,K_star_yy,K_star_yz,K_star_zx,K_star_zy,K_star_zz,K_xx,K_xy,K_xz,K_yx,K_yy,K_yz,K_zx,K_zy,K_zz,K_star_eig1,K_star_eig2,K_star_eig3,K_eig1,K_eig2,K_eig3,symmetry_error,error_type,error_message
eps_0.02_coeffs_0.55_-0.173_0.743_102.844_145.923_-2869.682_m_-0.639_rho_0.374_,0.6264467239379883,0.16666666666666666,1e-05,True,25000,7500,10000,7500,6.590723712706744,-0.38558620466685883,1.5661024532590466,-0.3859110043557838,5.108213561196342,-0.5293395492554626,1.5661865951984626,-0.5289817621565543,5.406375399096014,4.128737278205555,-0.24154921470923638,0.9810797511953762,-0.24175268441029948,3.200023650587053,-0.3316030264818959,0.9811324616376691,-0.3313788919259176,3.386806157142632,4.260818640568076,5.0296469739387835,7.814847058492238,2.6691758786777844,3.150805869388566,4.895585337868887,6.784896503964969e-05,,
