sample_name,porosity,nu,g,all_converged,total_iterations,iterations_x,iterations_y,iterations_z,K_star_xx,K_star_xy,K_star_xz,K_star_yx,K_star_yy,K_star_yz,K_star_zx,K_star_zy,K_star_zz,K_xx,K_xy,K_xz,K_yx,K_yy,K_yz,K_zx,K_zy,K_zz,K_star_eig1,K_star_eig2,K_star_eig3,K_eig1,K_eig2,K_eig3,symmetry_error,error_type,error_message
eps_0.02_coeffs_0.758_0.063_0.836_61.564_104.5_-2879.359_m_-0.543_rho_0.502_,0.49843549728393555,0.16666666666666666,1e-05,True,35000,12500,10000,12500,3.2674968500712738,-0.14090657723742098,0.2991096060285591,-0.14080673305287095,3.7518628855566822,0.041835259843271466,0.29935371777697206,0.04169562171623117,3.2985120069623854,1.6286364173389682,-0.0702328398959112,0.14908684522324692,-0.0701830740101341,1.8700616431035864,0.020852178543983673,0.14920851918395997,0.020782577944692543,1.644095472487329,2.961401189653985,3.5624312357248478,3.7940393172115106,1.476067474622422,1.7756421845183394,1.8910838737891222,7.04813884313505e-05,,
