sample_name,porosity,nu,g,all_converged,total_iterations,iterations_x,iterations_y,iterations_z,K_star_xx,K_star_xy,K_star_xz,K_star_yx,K_star_yy,K_star_yz,K_star_zx,K_star_zy,K_star_zz,K_xx,K_xy,K_xz,K_yx,K_yy,K_yz,K_zx,K_zy,K_zz,K_star_eig1,K_star_eig2,K_star_eig3,K_eig1,K_eig2,K_eig3,symmetry_error,error_type,error_message
eps_0.02_coeffs_0.746_0.06_0.715_15.346_55.405_832.405_m_-0.635_rho_0.447_,0.5530271530151367,0.16666666666666666,1e-05,True,62500,17500,22500,22500,89.94679891687375,0.70712999397117,-4.842370990482557,0.9577988810271207,110.08735539014992,-16.431982668862716,-4.691529715155425,-16.758746107454833,111.2987643380329,49.74302212782367,0.391062087377487,-2.677962642709656,0.5296887883355123,60.88129673438018,-9.087332593755216,-2.59454332165832,-9.26804164790925,61.55123877596496,88.34698580676854,95.09050968153615,127.89542315675187,48.858282038185905,52.58763384793822,70.72964175204463,0.003404394795435332,,
