sample_name,porosity,nu,g,all_converged,total_iterations,iterations_x,iterations_y,iterations_z,K_star_xx,K_star_xy,K_star_xz,K_star_yx,K_star_yy,K_star_yz,K_star_zx,K_star_zy,K_star_zz,K_xx,K_xy,K_xz,K_yx,K_yy,K_yz,K_zx,K_zy,K_zz,K_star_eig1,K_star_eig2,K_star_eig3,K_eig1,K_eig2,K_eig3,symmetry_error,error_type,error_message
eps_0.02_coeffs_0.255_1.204_0.819_-29.045_78.807_-447.081_m_-0.426_rho_0.603_,0.39723825454711914,0.16666666666666666,1e-05,True,60000,22500,22500,15000,0.8331203190582249,0.0003346937887403759,0.004143168630022225,0.0003347367871737874,0.8287614974928376,-0.002949426227192228,0.004142963197365303,-0.0029494166062830848,0.8526291372720732,0.3309472613704283,0.00013295317644698915,0.0016458250748844076,0.0001329702570696258,0.3292157706999114,-0.0011716249264053355,0.0016457434691743448,-0.0011716211046121803,0.3386969102659744,0.8282377269385749,0.832481760005125,0.8537914668794359,0.32900770899915294,0.33069360128674957,0.33915863205041163,2.0465356576205088e-07,,
