sample_name,porosity,nu,g,all_converged,total_iterations,iterations_x,iterations_y,iterations_z,K_star_xx,K_star_xy,K_star_xz,K_star_yx,K_star_yy,K_star_yz,K_star_zx,K_star_zy,K_star_zz,K_xx,K_xy,K_xz,K_yx,K_yy,K_yz,K_zx,K_zy,K_zz,K_star_eig1,K_star_eig2,K_star_eig3,K_eig1,K_eig2,K_eig3,symmetry_error,error_type,error_message
eps_0.02_coeffs_0.706_0.803_0.464_9.244_50.623_-2913.446_m_-0.249_rho_0.402_,0.5983991622924805,0.16666666666666666,1e-05,True,35000,12500,10000,12500,2.320856347146361,-0.010245988234405826,-0.013422100325595474,-0.01024680688541514,2.288775362048801,-0.01579189868652632,-0.013419945434730598,-0.0157913751088079,2.308951724568314,1.3887984939335687,-0.006131190776327057,-0.008031773591041961,-0.0061316806564052405,1.3696012593256712,-0.009449858945025072,-0.008030484106153587,-0.009449545636556976,1.3816747777554572,2.2748237464418457,2.314174869455972,2.3295848178656575,1.3612526242338432,1.3848003032807639,1.3940216035000905,8.368742105182144e-07,,
