sample_name,porosity,nu,g,all_converged,total_iterations,iterations_x,iterations_y,iterations_z,K_star_xx,K_star_xy,K_star_xz,K_star_yx,K_star_yy,K_star_yz,K_star_zx,K_star_zy,K_star_zz,K_xx,K_xy,K_xz,K_yx,K_yy,K_yz,K_zx,K_zy,K_zz,K_star_eig1,K_star_eig2,K_star_eig3,K_eig1,K_eig2,K_eig3,symmetry_error,error_type,error_message
eps_0.02_coeffs_0.592_1.399_0.849_41.899_90.685_-1899.53_m_-0.231_rho_0.557_,0.44304513931274414,0.16666666666666666,1e-05,True,65000,22500,20000,22500,1.292301893193153,-0.011159645775325265,0.02286853565910839,-0.011164327006419237,1.3080656472701284,0.0166171938998933,0.02286739165636098,0.01662067110389333,1.0911567592162796,0.5725480723038834,-0.004944226817209858,0.010131793566968134,-0.004946300813892042,0.5795321269250089,0.00736216698636511,0.010131286722111534,0.007363707544695722,0.483431698399019,1.0871589430171105,1.2904229155448224,1.3139424411176277,0.4816604853641113,0.5717156003899133,0.5821358118738866,3.9296995504484185e-06,,
