sample_name,porosity,nu,g,all_converged,total_iterations,iterations_x,iterations_y,iterations_z,K_star_xx,K_star_xy,K_star_xz,K_star_yx,K_star_yy,K_star_yz,K_star_zx,K_star_zy,K_star_zz,K_xx,K_xy,K_xz,K_yx,K_yy,K_yz,K_zx,K_zy,K_zz,K_star_eig1,K_star_eig2,K_star_eig3,K_eig1,K_eig2,K_eig3,symmetry_error,error_type,error_message
eps_0.02_coeffs_0.404_1.15_0.807_89.702_105.764_-1309.103_m_-0.219_rho_0.366_,0.6338224411010742,0.16666666666666666,1e-05,True,125000,37500,42500,45000,0.16666339133518768,-5.025323969209423e-10,-5.967208352186092e-10,-1.0228821710419974e-09,0.16666412460949676,8.042977758835141e-09,-1.7329839697681998e-09,8.426186514484265e-09,0.16666412417717674,0.10563499753825227,-3.1851631054880565e-10,-3.7821505643413075e-10,-6.483256746086053e-10,0.10563546230396485,5.097819796826536e-09,-1.0984041301075106e-09,5.340706105783369e-09,0.10563546202995072,0.16666339132971766,0.1666641159647613,0.1666641328273822,0.10563499753478524,0.10563545682473753,0.10563546751264502,6.403931083670867e-09,,
