sample_name,porosity,nu,g,all_converged,total_iterations,iterations_x,iterations_y,iterations_z,K_star_xx,K_star_xy,K_star_xz,K_star_yx,K_star_yy,K_star_yz,K_star_zx,K_star_zy,K_star_zz,K_xx,K_xy,K_xz,K_yx,K_yy,K_yz,K_zx,K_zy,K_zz,K_star_eig1,K_star_eig2,K_star_eig3,K_eig1,K_eig2,K_eig3,symmetry_error,error_type,error_message
eps_0.02_coeffs_0.63_0.787_0.713_43.766_135.565_569.289_m_-0.57_rho_0.451_,0.5485830307006836,0.16666666666666666,1e-05,True,55000,17500,17500,20000,61.4103723396025,-16.216486598074365,4.618987466951093,-15.97634127912416,52.75538486064152,-10.58908031464622,5.392105457698613,-9.988221051697018,89.07586367577683,33.68868817451657,-8.896089365288653,2.533898143388504,-8.764349718410367,28.940708912631685,-5.8089897713415715,2.958017553842002,-5.479368575848319,48.86550725753859,40.05781181987268,68.59318192047404,94.59062713567407,21.975035811383446,37.629055623336995,51.890812909966414,0.011538230264187644,,
