sample_name,porosity,nu,g,all_converged,total_iterations,iterations_x,iterations_y,iterations_z,K_star_xx,K_star_xy,K_star_xz,K_star_yx,K_star_yy,K_star_yz,K_star_zx,K_star_zy,K_star_zz,K_xx,K_xy,K_xz,K_yx,K_yy,K_yz,K_zx,K_zy,K_zz,K_star_eig1,K_star_eig2,K_star_eig3,K_eig1,K_eig2,K_eig3,symmetry_error,error_type,error_message
eps_0.02_coeffs_0.927_0.705_0.835_21.012_5.711_-4005.872_m_-0.305_rho_0.63_,0.369842529296875,0.16666666666666666,1e-05,True,47500,15000,15000,17500,1.8018174464070755,-0.21661306225261753,0.13598294044399234,-0.21661497585887873,1.6989265233667943,0.15768426885564588,0.13597965845567445,0.15768500569821936,1.730734960526394,0.6663887217104293,-0.0801127228222495,0.05029227463503245,-0.08011343055522922,0.6283352824915216,0.05831834882390052,0.05029106081617183,0.058318621339621596,0.6400993953436087,1.3977249404711403,1.8601969204253517,1.9735570694037725,0.5169381272451704,0.6879799340403696,0.7299053382600194,1.7937743555656093e-06,,
