sample_name,porosity,nu,g,all_converged,total_iterations,iterations_x,iterations_y,iterations_z,K_star_xx,K_star_xy,K_star_xz,K_star_yx,K_star_yy,K_star_yz,K_star_zx,K_star_zy,K_star_zz,K_xx,K_xy,K_xz,K_yx,K_yy,K_yz,K_zx,K_zy,K_zz,K_star_eig1,K_star_eig2,K_star_eig3,K_eig1,K_eig2,K_eig3,symmetry_error,error_type,error_message
eps_0.02_coeffs_0.846_1.362_0.478_41.11_48.789_-1989.169_m_-0.278_rho_0.541_,0.45906925201416016,0.16666666666666666,1e-05,True,42500,15000,12500,15000,2.6411565208186136,-0.057840486246733686,-0.17295053420545856,-0.05784850077548422,2.491257756141932,0.07595278937643168,-0.1729205656524853,0.07595182624328288,2.5386455918424957,1.2124737484645225,-0.02655278875742335,-0.07939627237314928,-0.026556467981142105,1.1436598346865516,0.034867590207427544,-0.07938251473195189,0.03486714806261333,1.1654141329761794,2.3995520732899207,2.473611450463959,2.7978963450491627,1.1015605754542306,1.1355589583381513,1.284428182334872,9.887889282635464e-06,,
