sample_name,porosity,nu,g,all_converged,total_iterations,iterations_x,iterations_y,iterations_z,K_star_xx,K_star_xy,K_star_xz,K_star_yx,K_star_yy,K_star_yz,K_star_zx,K_star_zy,K_star_zz,K_xx,K_xy,K_xz,K_yx,K_yy,K_yz,K_zx,K_zy,K_zz,K_star_eig1,K_star_eig2,K_star_eig3,K_eig1,K_eig2,K_eig3,symmetry_error,error_type,error_message
eps_0.02_coeffs_0.421_0.772_0.782_103.555_81.249_-2157.51_m_-0.359_rho_0.571_,0.4288215637207031,0.16666666666666666,1e-05,True,105000,12500,80000,12500,12.107801105157579,-2.5800840840193395e-12,1.9831202552708844,-1.0956871584312656e-08,0.16666627161023048,-7.667845857140507e-09,1.9618487845073789,8.713302863780537e-13,13.751474090086477,5.192086203132931,-1.1063956914400712e-12,0.8504047289114606,-4.698542806271891e-09,0.07147009121139847,-3.2881376508283075e-09,0.8412830635560149,3.736452159218451e-13,5.896928622775616,0.16666627161023193,10.8026054225905,15.056669772653555,0.07147009121139862,4.632390149573005,6.45662467633554,0.0016230878049430385,,
