sample_name,porosity,nu,g,all_converged,total_iterations,iterations_x,iterations_y,iterations_z,K_star_xx,K_star_xy,K_star_xz,K_star_yx,K_star_yy,K_star_yz,K_star_zx,K_star_zy,K_star_zz,K_xx,K_xy,K_xz,K_yx,K_yy,K_yz,K_zx,K_zy,K_zz,K_star_eig1,K_star_eig2,K_star_eig3,K_eig1,K_eig2,K_eig3,symmetry_error,error_type,error_message
eps_0.02_coeffs_0.543_0.711_0.818_70.577_139.311_-1523.681_m_-0.522_rho_0.411_,0.589287281036377,0.16666666666666666,1e-05,True,32500,10000,10000,12500,15.043138627803204,0.5226042620156768,0.5520159627912284,0.5261404753718728,4.629066854134002,-0.5013563709207677,0.5552883478172663,-0.5014229697855875,1.8326272746591885,8.864730260231445,0.3079640446212405,0.3252959858019208,0.3100478901750778,2.7278502202082406,-0.29544293265016447,0.32722436067641886,-0.2954821785141343,1.0799439438370189,1.714835082991328,4.699167478491508,15.090830195113558,1.0105305034817496,2.7691596265348286,8.892834294260126,0.00042862809658752944,,
