sample_name,porosity,nu,g,all_converged,total_iterations,iterations_x,iterations_y,iterations_z,K_star_xx,K_star_xy,K_star_xz,K_star_yx,K_star_yy,K_star_yz,K_star_zx,K_star_zy,K_star_zz,K_xx,K_xy,K_xz,K_yx,K_yy,K_yz,K_zx,K_zy,K_zz,K_star_eig1,K_star_eig2,K_star_eig3,K_eig1,K_eig2,K_eig3,symmetry_error,error_type,error_message
eps_0.02_coeffs_0.438_0.829_0.883_16.417_120.232_-865.91_m_-0.243_rho_0.527_,0.4726877212524414,0.16666666666666666,1e-05,True,67500,22500,20000,25000,1.0160739708358342,0.012921837735053418,-0.07017528362208458,0.012923138659944548,0.8899217719687812,-0.03208141460311672,-0.07017374363944073,-0.03208102588286163,0.876789435659894,0.48028568989831005,0.006107994033376208,-0.03317099490356693,0.006108608964598517,0.420655094484858,-0.015164490763302039,-0.033170266972680246,-0.015164307020010457,0.4144476003602894,0.8357406476446404,0.8979767018159178,1.049067829003952,0.3950443422931846,0.42446256091914875,0.49588148153112377,1.7987967870683796e-06,,
