sample_name,porosity,nu,g,all_converged,total_iterations,iterations_x,iterations_y,iterations_z,K_star_xx,K_star_xy,K_star_xz,K_star_yx,K_star_yy,K_star_yz,K_star_zx,K_star_zy,K_star_zz,K_xx,K_xy,K_xz,K_yx,K_yy,K_yz,K_zx,K_zy,K_zz,K_star_eig1,K_star_eig2,K_star_eig3,K_eig1,K_eig2,K_eig3,symmetry_error,error_type,error_message
eps_0.02_coeffs_0.889_0.056_0.541_24.119_97.733_-3663.018_m_-0.284_rho_0.398_,0.6016359329223633,0.16666666666666666,1e-05,True,32500,12500,10000,10000,2.027938514606674,0.02497359570577994,-0.009904097258729825,0.02497346024495137,2.006272442312202,-0.0253204173470191,-0.00990292320481922,-0.02532032968017755,2.007244691649524,1.2200806801445778,0.01502501255087284,-0.005958660794009739,0.01502493105277087,1.20704559252693,-0.015233672912557426,-0.005957954440989931,-0.015233620169035424,1.2076305326640226,1.9783416826894094,2.007710158891944,2.0554038069870457,1.1902414439040407,1.2079105744826608,1.2366047869488284,4.804312885278895e-07,,
