sample_name,porosity,nu,g,all_converged,total_iterations,iterations_x,iterations_y,iterations_z,K_star_xx,K_star_xy,K_star_xz,K_star_yx,K_star_yy,K_star_yz,K_star_zx,K_star_zy,K_star_zz,K_xx,K_xy,K_xz,K_yx,K_yy,K_yz,K_zx,K_zy,K_zz,K_star_eig1,K_star_eig2,K_star_eig3,K_eig1,K_eig2,K_eig3,symmetry_error,error_type,error_message
eps_0.02_coeffs_0.83_-0.34_0.717_8.082_84.627_-2915.413_m_-0.412_rho_0.632_,0.36794281005859375,0.16666666666666666,1e-05,True,50000,17500,15000,17500,1.0662571982335038,0.004717726195210595,-0.007206871978026109,0.004720450915684926,1.108983345149216,-0.018908134430906595,-0.007206144333188789,-0.01890816070544712,1.1351473468811788,0.39232166976323846,0.0017358534333528242,-0.0026517167273274623,0.0017368559746607736,0.40804244832238185,-0.006957112115473422,-0.0026514489956412945,-0.006957121783001696,0.4176693046420182,1.0653146448126891,1.099093073610669,1.1459801718405405,0.3919748640089535,0.40440339402024644,0.4216551646984388,2.0859389233250845e-06,,
