sample_name,porosity,nu,g,all_converged,total_iterations,iterations_x,iterations_y,iterations_z,K_star_xx,K_star_xy,K_star_xz,K_star_yx,K_star_yy,K_star_yz,K_star_zx,K_star_zy,K_star_zz,K_xx,K_xy,K_xz,K_yx,K_yy,K_yz,K_zx,K_zy,K_zz,K_star_eig1,K_star_eig2,K_star_eig3,K_eig1,K_eig2,K_eig3,symmetry_error,error_type,error_message
eps_0.02_coeffs_0.063_0.911_0.671_25.76_11.363_-1053.4_m_-0.27_rho_0.474_,0.5260038375854492,0.16666666666666666,1e-05,True,292500,110000,72500,110000,0.24767255393154805,-0.03162534980618738,-0.036558884940508005,-0.031626137152633585,0.3536046653905111,0.021314161069465067,-0.036558780093480465,0.02131407312245122,0.20537901806795705,0.1302767138325834,-0.016635055363036805,-0.019230113776552097,-0.01663546951028902,0.1859974109835275,0.011211330517453008,-0.019230058626613252,0.011211284256986219,0.10803015166327672,0.18424504625764884,0.25421215182938395,0.36819903930298337,0.09691360138763194,0.13371656742311083,0.1936741076686449,2.3356373975620218e-06,,
