sample_name,porosity,nu,g,all_converged,total_iterations,iterations_x,iterations_y,iterations_z,K_star_xx,K_star_xy,K_star_xz,K_star_yx,K_star_yy,K_star_yz,K_star_zx,K_star_zy,K_star_zz,K_xx,K_xy,K_xz,K_yx,K_yy,K_yz,K_zx,K_zy,K_zz,K_star_eig1,K_star_eig2,K_star_eig3,K_eig1,K_eig2,K_eig3,symmetry_error,error_type,error_message
eps_0.02_coeffs_0.136_0.18_0.535_94.472_119.52_353.014_m_-0.278_rho_0.674_,0.3259859085083008,0.16666666666666666,1e-05,True,107500,62500,15000,30000,0.16662114792899851,-2.58217845297111e-08,1.0213447902565948e-08,2.9177743845856116e-08,6.241738779241127,0.10677416541188837,1.1779177498751923e-08,0.10664415893439254,0.5380856780163776,0.05431614628433056,-8.417537889223459e-09,3.3294400935201596e-09,9.511533335813888e-09,2.0347188866224113,0.03480687331701002,3.8398458784111796e-09,0.034764493037331576,0.17540834860347387,0.16662114792899804,0.5360923934933075,6.243732063764193,0.0543161462843304,0.1747585659373054,2.0353686692885806,2.9328321169105682e-05,,
