sample_name,porosity,nu,g,all_converged,total_iterations,iterations_x,iterations_y,iterations_z,K_star_xx,K_star_xy,K_star_xz,K_star_yx,K_star_yy,K_star_yz,K_star_zx,K_star_zy,K_star_zz,K_xx,K_xy,K_xz,K_yx,K_yy,K_yz,K_zx,K_zy,K_zz,K_star_eig1,K_star_eig2,K_star_eig3,K_eig1,K_eig2,K_eig3,symmetry_error,error_type,error_message
eps_0.02_coeffs_0.726_0.358_0.549_-18.386_67.463_-1399.783_m_-0.338_rho_0.658_,0.3417220115661621,0.16666666666666666,1e-05,True,60000,20000,20000,20000,0.8278919377390717,-0.009888197474307258,0.008352379954185953,-0.009887831097022374,0.8351413521856986,0.0042280792666461245,0.008352571327941496,0.004227690883743663,0.8429198352055371,0.2829088983236034,-0.0033790147316837198,0.0028541920793093128,-0.003378889532500937,0.28538618281098155,0.0014448277520594972,0.002854257475934018,0.0014446950330728103,0.28804426167545405,0.817585088089716,0.841723041719973,0.846644995320618,0.2793868209285156,0.28763529099813784,0.28931723088338546,5.54340169120474e-07,,
