sample_name,porosity,nu,g,all_converged,total_iterations,iterations_x,iterations_y,iterations_z,K_star_xx,K_star_xy,K_star_xz,K_star_yx,K_star_yy,K_star_yz,K_star_zx,K_star_zy,K_star_zz,K_xx,K_xy,K_xz,K_yx,K_yy,K_yz,K_zx,K_zy,K_zz,K_star_eig1,K_star_eig2,K_star_eig3,K_eig1,K_eig2,K_eig3,symmetry_error,error_type,error_message
eps_0.02_coeffs_0.739_1.451_0.521_81.776_121.188_-2745.463_m_-0.493_rho_0.478_,0.5216803550720215,0.16666666666666666,1e-05,True,47500,17500,12500,17500,2.569759031120057,-0.29261725092527535,-0.7872130338665646,-0.2925623275768779,4.335576415162392,-0.2639108245359653,-0.7871717087856821,-0.2641178457358365,2.419234360503159,1.3405928038042454,-0.15265267136289645,-0.4106735750248327,-0.15262401893100272,2.261785043703799,-0.13767709265127234,-0.41065201654196454,-0.13778509154432858,1.262067040189723,1.6465054943247328,3.2839449617635488,4.394119350697326,0.8589495709073615,1.7131695736897838,2.292325743100621,5.386125345733932e-05,,
