sample_name,porosity,nu,g,all_converged,total_iterations,iterations_x,iterations_y,iterations_z,K_star_xx,K_star_xy,K_star_xz,K_star_yx,K_star_yy,K_star_yz,K_star_zx,K_star_zy,K_star_zz,K_xx,K_xy,K_xz,K_yx,K_yy,K_yz,K_zx,K_zy,K_zz,K_star_eig1,K_star_eig2,K_star_eig3,K_eig1,K_eig2,K_eig3,symmetry_error,error_type,error_message
eps_0.02_coeffs_0.193_1.282_0.722_72.922_49.773_-3468.532_m_-0.55_rho_0.318_,0.681734561920166,0.16666666666666666,1e-05,True,45000,12500,20000,12500,5.507170927095584,-0.44214378878448385,1.2171163488358836,-0.4423643410852977,4.202106661044443,0.3081691082998233,1.2168357238402452,0.3083493153295563,3.987642754554902,3.754428759402982,-0.3014247021527125,0.8297502808795031,-0.3015750602788883,2.8647213437089447,0.21008953204410824,0.8295589691210377,0.21021238540457818,2.71851388637061,3.0971244454261386,4.388629666144406,6.211166231124385,2.1114167770148264,2.991880522878801,4.23436668958891,6.885978492541272e-05,,
