sample_name,porosity,nu,g,all_converged,total_iterations,iterations_x,iterations_y,iterations_z,K_star_xx,K_star_xy,K_star_xz,K_star_yx,K_star_yy,K_star_yz,K_star_zx,K_star_zy,K_star_zz,K_xx,K_xy,K_xz,K_yx,K_yy,K_yz,K_zx,K_zy,K_zz,K_star_eig1,K_star_eig2,K_star_eig3,K_eig1,K_eig2,K_eig3,symmetry_error,error_type,error_message
eps_0.02_coeffs_0.703_0.492_0.718_82.526_146.818_-2657.536_m_-0.249_rho_0.546_,0.45354747772216797,0.16666666666666666,1e-05,True,102500,32500,37500,32500,0.6863453741330566,0.014770616022178057,0.01485611416957366,0.014770752908536402,0.584957428445541,0.03371148412455677,0.014857309443972575,0.03371171596918514,0.7308059863139184,0.31129021328432555,0.0066991756412614996,0.0067379531103626935,0.006699237725724062,0.2653059662463207,0.01528975859496363,0.006738495224051507,0.015289863747510051,0.3314552117969389,0.5763740766135773,0.6819923388359207,0.7437423734430177,0.2614130086725317,0.30931590510487383,0.3373224775501796,1.4910322512027026e-06,,
