sample_name,porosity,nu,g,all_converged,total_iterations,iterations_x,iterations_y,iterations_z,K_star_xx,K_star_xy,K_star_xz,K_star_yx,K_star_yy,K_star_yz,K_star_zx,K_star_zy,K_star_zz,K_xx,K_xy,K_xz,K_yx,K_yy,K_yz,K_zx,K_zy,K_zz,K_star_eig1,K_star_eig2,K_star_eig3,K_eig1,K_eig2,K_eig3,symmetry_error,error_type,error_message
eps_0.02_coeffs_0.821_1.364_0.796_1.388_116.758_-214.936_m_-0.629_rho_0.322_,0.6775507926940918,0.16666666666666666,1e-05,True,30000,10000,10000,10000,24.712210937275845,-4.65283545383663,-0.6117061762893767,-4.663208832270731,26.540763509238314,-0.8086471789417831,-0.5981725224333854,-0.820188719289765,24.208562614825553,16.743778109774855,-3.152532350022183,-0.41446200464073907,-3.1595608408031235,17.982715354390844,-0.5478995371018462,-0.4052922667425647,-0.5557195169135322,16.402530789659608,20.60576673463336,24.46674668484659,30.38902364185976,13.961453585120381,16.577463610963346,20.590107057741577,0.0006600012507139274,,
