sample_name,porosity,nu,g,all_converged,total_iterations,iterations_x,iterations_y,iterations_z,K_star_xx,K_star_xy,K_star_xz,K_star_yx,K_star_yy,K_star_yz,K_star_zx,K_star_zy,K_star_zz,K_xx,K_xy,K_xz,K_yx,K_yy,K_yz,K_zx,K_zy,K_zz,K_star_eig1,K_star_eig2,K_star_eig3,K_eig1,K_eig2,K_eig3,symmetry_error,error_type,error_message
eps_0.02_coeffs_0.72_1.152_0.258_66.58_118.039_-153.479_m_-0.44_rho_0.43_,0.5703959465026855,0.16666666666666666,1e-05,True,40000,12500,12500,15000,2.3143982989549152,-1.0271619660804174,0.5579623592493782,-1.0272023127306935,2.511895836691296,-0.4477650514648844,0.5581471574148398,-0.4478775490766672,2.993484608902102,1.3201234083165942,-0.585889021853999,0.31825946801692057,-0.5859120354197715,1.4327752032856869,-0.2554033703411364,0.31836487614142095,-0.2554675385228886,1.707471486835936,1.3721283757765093,2.4846666611628665,3.962983707608937,0.7826564636242339,1.4172437919376606,2.2604698428763212,6.38492893364422e-05,,
