sample_name,porosity,nu,g,all_converged,total_iterations,iterations_x,iterations_y,iterations_z,K_star_xx,K_star_xy,K_star_xz,K_star_yx,K_star_yy,K_star_yz,K_star_zx,K_star_zy,K_star_zz,K_xx,K_xy,K_xz,K_yx,K_yy,K_yz,K_zx,K_zy,K_zz,K_star_eig1,K_star_eig2,K_star_eig3,K_eig1,K_eig2,K_eig3,symmetry_error,error_type,error_message
eps_0.02_coeffs_0.42_0.728_0.336_64.916_125.367_-744.334_m_-0.582_rho_0.417_,0.5832247734069824,0.16666666666666666,1e-05,True,35000,10000,10000,15000,8.506532409743178,0.5027219458189869,0.7342518716915732,0.5097510011609674,7.867035135588403,-0.3246469244557052,0.7359219955309052,-0.3284044619453288,3.4927794688151876,4.961220437151617,0.29319989293699594,0.4282338814909705,0.2972994121460876,4.588249784338315,-0.1893421289529524,0.4292079390887265,-0.19153361790390636,2.037075514260298,3.351671264060615,7.679220427013817,8.835455323072331,1.954777713516447,4.478711593487406,5.153056428746377,0.0009458365203568718,,
