sample_name,porosity,nu,g,all_converged,total_iterations,iterations_x,iterations_y,iterations_z,K_star_xx,K_star_xy,K_star_xz,K_star_yx,K_star_yy,K_star_yz,K_star_zx,K_star_zy,K_star_zz,K_xx,K_xy,K_xz,K_yx,K_yy,K_yz,K_zx,K_zy,K_zz,K_star_eig1,K_star_eig2,K_star_eig3,K_eig1,K_eig2,K_eig3,symmetry_error,error_type,error_message
eps_0.02_coeffs_0.398_-0.03_0.757_43.916_111.852_-1431.807_m_-0.274_rho_0.574_,0.42553138732910156,0.16666666666666666,1e-05,True,182500,57500,55000,70000,0.4592093410048899,0.03308052124441826,0.016815159126182273,0.0330800772513479,0.45156515818522236,0.03370029592385528,0.016814696557805115,0.033700518837153394,0.5349242892328995,0.19540798795229328,0.01407680009870712,0.007155377991123946,0.014076611165719925,0.19215514823204288,0.014340533677879404,0.00715518115376068,0.014340628534484404,0.2276270749133093,0.4200745488025688,0.47074883316685345,0.5548754064535896,0.17875490553360351,0.20031840406104692,0.23611690150299514,1.1425579125421969e-06,,
