sample_name,porosity,nu,g,all_converged,total_iterations,iterations_x,iterations_y,iterations_z,K_star_xx,K_star_xy,K_star_xz,K_star_yx,K_star_yy,K_star_yz,K_star_zx,K_star_zy,K_star_zz,K_xx,K_xy,K_xz,K_yx,K_yy,K_yz,K_zx,K_zy,K_zz,K_star_eig1,K_star_eig2,K_star_eig3,K_eig1,K_eig2,K_eig3,symmetry_error,error_type,error_message
eps_0.02_coeffs_0.88_0.017_0.331_9.322_50.642_-1957.671_m_-0.26_rho_0.411_,0.5885586738586426,0.16666666666666666,1e-05,True,35000,12500,12500,10000,3.0230573460624117,0.06216807507320431,0.02797404488577349,0.06218192810800678,2.984693156366784,-0.04741884491192062,0.02796914868815701,-0.04741121802686793,3.051966967762648,1.7792466225971206,0.03658955982142966,0.01646436676043299,0.03659771314522192,1.7566670459862006,-0.02790877247726864,0.016461485060856883,-0.027904283607916358,1.7962616312067667,2.9166163038221304,3.065716552667702,3.07738461370201,1.7165998239320495,1.8043540686645922,1.8112214071934458,4.474529064114369e-06,,
