sample_name,porosity,nu,g,all_converged,total_iterations,iterations_x,iterations_y,iterations_z,K_star_xx,K_star_xy,K_star_xz,K_star_yx,K_star_yy,K_star_yz,K_star_zx,K_star_zy,K_star_zz,K_xx,K_xy,K_xz,K_yx,K_yy,K_yz,K_zx,K_zy,K_zz,K_star_eig1,K_star_eig2,K_star_eig3,K_eig1,K_eig2,K_eig3,symmetry_error,error_type,error_message
eps_0.02_coeffs_0.862_0.608_0.716_71.544_87.523_-1780.487_m_-0.447_rho_0.359_,0.6410093307495117,0.16666666666666666,1e-05,True,22500,7500,7500,7500,6.81315591600031,-2.3437631504945204,0.13877555464796734,-2.344101715300766,4.9320482900663185,-0.8298658148172554,0.13930126061118112,-0.8298245859703877,7.362793418307848,4.367296514007435,-1.5023740485338597,0.08895642540928583,-1.5025910717337265,3.1614889736396843,-0.5319517305679071,0.08929340783693653,-0.5319253024923688,4.719619281516423,3.254985010343759,7.18265081808892,8.670361795941796,2.0864757630801476,4.604146193910612,5.5577828121727855,7.56158778925472e-05,,
