sample_name,porosity,nu,g,all_converged,total_iterations,iterations_x,iterations_y,iterations_z,K_star_xx,K_star_xy,K_star_xz,K_star_yx,K_star_yy,K_star_yz,K_star_zx,K_star_zy,K_star_zz,K_xx,K_xy,K_xz,K_yx,K_yy,K_yz,K_zx,K_zy,K_zz,K_star_eig1,K_star_eig2,K_star_eig3,K_eig1,K_eig2,K_eig3,symmetry_error,error_type,error_message
eps_0.02_coeffs_0.883_-0.476_0.761_24.618_88.207_-3299.424_m_-0.253_rho_0.389_,0.6105847358703613,0.16666666666666666,1e-05,True,35000,10000,12500,12500,2.457390464160491,0.031249583762029555,-0.03648459720099562,0.03125357401247736,2.549198781305217,-0.04283971040130823,-0.0364939345350124,-0.04284338916403819,2.4372361599436125,1.500445107489778,0.01908051884739755,-0.022276938145306433,0.019082955233413277,1.556501864564293,-0.02615727326014556,-0.022282639378930803,-0.02615951945651536,1.4881391969728643,2.4073395336422614,2.4581924609354218,2.5782934108316367,1.4698847732992384,1.5009347944787679,1.5742666012489286,3.5524202423430755e-06,,
