sample_name,porosity,nu,g,all_converged,total_iterations,iterations_x,iterations_y,iterations_z,K_star_xx,K_star_xy,K_star_xz,K_star_yx,K_star_yy,K_star_yz,K_star_zx,K_star_zy,K_star_zz,K_xx,K_xy,K_xz,K_yx,K_yy,K_yz,K_zx,K_zy,K_zz,K_star_eig1,K_star_eig2,K_star_eig3,K_eig1,K_eig2,K_eig3,symmetry_error,error_type,error_message
eps_0.02_coeffs_0.644_-0.377_0.709_102.962_105.23_-3794.47_m_-0.408_rho_0.487_,0.5127096176147461,0.16666666666666666,1e-05,True,55000,20000,17500,17500,1.6111550033737463,0.1474516671315634,-0.1360492408733193,0.14746500492644118,1.7197471670840043,-0.006402350852844111,-0.13602682875738195,-0.00641297575193268,1.6869589112869814,0.8260546656978384,0.0755998878716807,-0.06975375426493602,0.0756067262873923,0.8817309124296827,-0.0032825468575971477,-0.06974226335754385,-0.003287994345546043,0.8649200583377366,1.4539688755487175,1.6951344784184665,1.8687577277775484,0.7454638262063252,0.8691117502355041,0.9581300600234289,1.3676779994713997e-05,,
