sample_name,porosity,nu,g,all_converged,total_iterations,iterations_x,iterations_y,iterations_z,K_star_xx,K_star_xy,K_star_xz,K_star_yx,K_star_yy,K_star_yz,K_star_zx,K_star_zy,K_star_zz,K_xx,K_xy,K_xz,K_yx,K_yy,K_yz,K_zx,K_zy,K_zz,K_star_eig1,K_star_eig2,K_star_eig3,K_eig1,K_eig2,K_eig3,symmetry_error,error_type,error_message
eps_0.02_coeffs_0.089_1.023_0.921_11.654_58.366_-208.255_m_-0.34_rho_0.602_,0.39833831787109375,0.16666666666666666,1e-05,True,45000,17500,12500,15000,0.16666046302977247,-7.922842223040111e-13,8.842021921964937e-14,-9.161050151315888e-14,0.16666009951145577,-1.3837686434353847e-13,3.1284635015501015e-14,-4.040573591730008e-13,0.16666045869303553,0.06638724849889717,-3.1559716438838747e-13,3.522116138974848e-14,-3.6491973072079e-14,0.06638710369562238,-5.512080737488164e-14,1.2461868887285792e-14,-1.609515287764095e-13,0.06638724677140867,0.16666009951145572,0.16666045869303553,0.16666046302977247,0.06638710369562237,0.06638724677140868,0.06638724849889717,3.681859776215976e-12,,
